asof,year,n_per_sector,pick,ticker,name,sector,score,mcap,ret,basket_ret,pool_ret,basket_pctile,basket_p,days_held,partial_window,excess_vs_pool
2019-01-01,2019,1,1,IMMR,IMMERSION CORP,Technology,97.3,0.241435826472,-17.0834396529727,22.2488371715,24.7101681859,45.4,0.546,,,-41.7936078388727
2019-01-01,2019,1,2,MA,MASTERCARD INC,Financials,96.7,22.008260615695,59.15986972134843,22.2488371715,24.7101681859,45.4,0.546,,,34.449701535448426
2019-01-01,2019,1,3,HEES,H&E EQUIPMENT SERVICES INC,Industrials,95.0,0.598444348487,70.36484146414284,22.2488371715,24.7101681859,45.4,0.546,,,45.65467327824284
2019-01-01,2019,1,4,SRLP,SPRAGUE RESOURCES LP,Energy,92.6,0.196830772866,34.98498498498499,22.2488371715,24.7101681859,45.4,0.546,,,10.274816799084991
2019-01-01,2019,1,5,MNST,MONSTER BEVERAGE CORP,Consumer Staples,92.4,6.804215633705,29.110117838277127,22.2488371715,24.7101681859,45.4,0.546,,,4.399949652377128
2019-01-01,2019,1,6,MPT,MEDICAL PROPERTIES TRUST INC,Real Estate,91.7,3.34286138284,38.52620087336245,22.2488371715,24.7101681859,45.4,0.546,,,13.81603268746245
2019-01-01,2019,1,7,LGND,LIGAND PHARMACEUTICALS INC,Healthcare,90.6,2.8841306182,-23.146647015475295,22.2488371715,24.7101681859,45.4,0.546,,,-47.8568152013753
2019-01-01,2019,1,8,LYB,LYONDELLBASELL INDUSTRIES NV,Materials,89.8,16.79192977592,40.35139828184975,22.2488371715,24.7101681859,45.4,0.546,,,15.641230095949748
2019-01-01,2019,1,9,DCH,DAUCH CORP,Consumer Disc,89.3,1.2398877710999998,-3.063063063063065,22.2488371715,24.7101681859,45.4,0.546,,,-27.773231248963064
2019-01-01,2019,1,10,CMCSA,COMCAST CORP,Communication Svcs,87.5,53.208719895350995,34.0428831763018,22.2488371715,24.7101681859,45.4,0.546,,,9.3327149904018
2019-01-01,2019,1,11,WM,WASTE MANAGEMENT INC,Utilities,85.7,33.503628422741,30.45187890510672,22.2488371715,24.7101681859,45.4,0.546,,,5.741710719206722
2019-01-01,2019,1,12,CULP,CULP INC,Unclassified,76.3,0.210389522952,-26.7129794561216,22.2488371715,24.7101681859,45.4,0.546,,,-51.423147642021604
2019-01-01,2019,3,1,IMMR,IMMERSION CORP,Technology,97.3,0.241435826472,-17.0834396529727,22.3575272745,24.7101681859,39.75,0.6025,,,-41.7936078388727
2019-01-01,2019,3,2,MA,MASTERCARD INC,Financials,96.7,22.008260615695,59.15986972134843,22.3575272745,24.7101681859,39.75,0.6025,,,34.449701535448426
2019-01-01,2019,3,3,LRCX,LAM RESEARCH CORP,Technology,95.3,1.927060084908,119.31067804799488,22.3575272745,24.7101681859,39.75,0.6025,,,94.60050986209488
2019-01-01,2019,3,4,HEES,H&E EQUIPMENT SERVICES INC,Industrials,95.0,0.598444348487,70.36484146414284,22.3575272745,24.7101681859,39.75,0.6025,,,45.65467327824284
2019-01-01,2019,3,5,APH,AMPHENOL CORP,Technology,93.7,2.83850163996,34.89384288747346,22.3575272745,24.7101681859,39.75,0.6025,,,10.183674701573462
2019-01-01,2019,3,6,SRLP,SPRAGUE RESOURCES LP,Energy,92.6,0.196830772866,34.98498498498499,22.3575272745,24.7101681859,39.75,0.6025,,,10.274816799084991
2019-01-01,2019,3,7,MNST,MONSTER BEVERAGE CORP,Consumer Staples,92.4,6.804215633705,29.110117838277127,22.3575272745,24.7101681859,39.75,0.6025,,,4.399949652377128
2019-01-01,2019,3,8,MPT,MEDICAL PROPERTIES TRUST INC,Real Estate,91.7,3.34286138284,38.52620087336245,22.3575272745,24.7101681859,39.75,0.6025,,,13.81603268746245
2019-01-01,2019,3,9,JHG,JANUS HENDERSON GROUP PLC,Financials,90.7,2.844022053612,25.939377007962005,22.3575272745,24.7101681859,39.75,0.6025,,,1.2292088220620059
2019-01-01,2019,3,10,LGND,LIGAND PHARMACEUTICALS INC,Healthcare,90.6,2.8841306182,-23.146647015475295,22.3575272745,24.7101681859,39.75,0.6025,,,-47.8568152013753
2019-01-01,2019,3,11,CVI,CVR ENERGY INC,Energy,90.4,1.923049828271,25.369857284750896,22.3575272745,24.7101681859,39.75,0.6025,,,0.6596890988508974
2019-01-01,2019,3,12,SBRA,SABRA HEALTH CARE REIT INC,Real Estate,90.1,1.58851912725,41.077441077441065,22.3575272745,24.7101681859,39.75,0.6025,,,16.367272891541067
2019-01-01,2019,3,13,LYB,LYONDELLBASELL INDUSTRIES NV,Materials,89.8,16.79192977592,40.35139828184975,22.3575272745,24.7101681859,39.75,0.6025,,,15.641230095949748
2019-01-01,2019,3,14,DCH,DAUCH CORP,Consumer Disc,89.3,1.2398877710999998,-3.063063063063065,22.3575272745,24.7101681859,39.75,0.6025,,,-27.773231248963064
2019-01-01,2019,3,15,SUPN,SUPERNUS PHARMACEUTICALS INC,Healthcare,89.3,1.73597797186,-28.597230583985557,22.3575272745,24.7101681859,39.75,0.6025,,,-53.30739876988555
2019-01-01,2019,3,16,DECK,DECKERS OUTDOOR CORP,Consumer Disc,89.1,0.621031106925,31.97186400937868,22.3575272745,24.7101681859,39.75,0.6025,,,7.261695823478682
2019-01-01,2019,3,17,UTHR,UNITED THERAPEUTICS CORP,Healthcare,88.4,4.7466436841999995,-19.118457300275495,22.3575272745,24.7101681859,39.75,0.6025,,,-43.8286254861755
2019-01-01,2019,3,18,TTEK,TETRA TECH INC,Industrials,87.7,0.5435443835910001,67.76657500763822,22.3575272745,24.7101681859,39.75,0.6025,,,43.05640682173822
2019-01-01,2019,3,19,ALEX,ALEXANDER & BALDWIN INC,Real Estate,87.6,1.000384516901,17.495860033119737,22.3575272745,24.7101681859,39.75,0.6025,,,-7.214308152780262
2019-01-01,2019,3,20,LPX,LOUISIANA-PACIFIC CORP,Materials,87.6,2.782486839701,36.399614389365254,22.3575272745,24.7101681859,39.75,0.6025,,,11.689446203465256
2019-01-01,2019,3,21,CMCSA,COMCAST CORP,Communication Svcs,87.5,53.208719895350995,34.0428831763018,22.3575272745,24.7101681859,39.75,0.6025,,,9.3327149904018
2019-01-01,2019,3,22,AAWW,ATLAS AIR WORLDWIDE HOLDINGS INC,Industrials,87.3,1.07965446167,-34.652761317847826,22.3575272745,24.7101681859,39.75,0.6025,,,-59.36292950374782
2019-01-01,2019,3,23,WLKP,WESTLAKE CHEMICAL PARTNERS LP,Materials,86.7,0.411315217105,18.48686789494316,22.3575272745,24.7101681859,39.75,0.6025,,,-6.223300290956839
2019-01-01,2019,3,24,BKE,BUCKLE INC,Consumer Disc,86.5,0.4297896048,55.531478102189766,22.3575272745,24.7101681859,39.75,0.6025,,,30.821309916289767
2019-01-01,2019,3,25,WM,WASTE MANAGEMENT INC,Utilities,85.7,33.503628422741,30.45187890510672,22.3575272745,24.7101681859,39.75,0.6025,,,5.741710719206722
2019-01-01,2019,3,26,SM,SM ENERGY CO,Energy,85.1,1.543757110266,-26.69620804881593,22.3575272745,24.7101681859,39.75,0.6025,,,-51.40637623471593
2019-01-01,2019,3,27,UGI,UGI CORP,Utilities,83.7,6.7904472195,-13.256528417818746,22.3575272745,24.7101681859,39.75,0.6025,,,-37.966696603718745
2019-01-01,2019,3,28,CME,CME GROUP INC,Financials,83.2,9.491978883107,9.673591754488186,22.3575272745,24.7101681859,39.75,0.6025,,,-15.036576431411813
2019-01-01,2019,3,29,AWK,AMERICAN WATER WORKS COMPANY INC,Utilities,82.2,14.083816351296,37.77954452195323,22.3575272745,24.7101681859,39.75,0.6025,,,13.069376336053228
2019-01-01,2019,3,30,RRD,RR DONNELLEY & SONS CO,Communication Svcs,81.6,0.2652672,3.795116772823781,22.3575272745,24.7101681859,39.75,0.6025,,,-20.915051413076217
2019-01-01,2019,3,31,OMC,OMNICOM GROUP INC,Communication Svcs,81.0,12.4665504889,14.357877327964342,22.3575272745,24.7101681859,39.75,0.6025,,,-10.352290857935657
2019-01-01,2019,3,32,CAH,CARDINAL HEALTH INC,Consumer Staples,76.8,10.835232202642,17.9915857783155,22.3575272745,24.7101681859,39.75,0.6025,,,-6.718582407584499
2019-01-01,2019,3,33,CULP,CULP INC,Unclassified,76.3,0.210389522952,-26.7129794561216,22.3575272745,24.7101681859,39.75,0.6025,,,-51.423147642021604
2019-01-01,2019,3,34,JBSS,SANFILIPPO JOHN B & SON INC,Consumer Staples,76.2,0.32040491454,73.47983676779964,22.3575272745,24.7101681859,39.75,0.6025,,,48.76966858189964
2019-01-01,2019,3,35,VVV,VALVOLINE INC,Unclassified,68.7,3.374897164032,13.024085637823358,22.3575272745,24.7101681859,39.75,0.6025,,,-11.68608254807664
2019-01-01,2019,3,36,NVRI1,ENVIRI CORP,Unclassified,62.2,1.59502092654,15.861027190332331,22.3575272745,24.7101681859,39.75,0.6025,,,-8.849140995567668
2019-01-01,2019,5,1,IMMR,IMMERSION CORP,Technology,97.3,0.241435826472,-17.0834396529727,21.2510949649,24.7101681859,30.6,0.694,,,-41.7936078388727
2019-01-01,2019,5,2,MA,MASTERCARD INC,Financials,96.7,22.008260615695,59.15986972134843,21.2510949649,24.7101681859,30.6,0.694,,,34.449701535448426
2019-01-01,2019,5,3,LRCX,LAM RESEARCH CORP,Technology,95.3,1.927060084908,119.31067804799488,21.2510949649,24.7101681859,30.6,0.694,,,94.60050986209488
2019-01-01,2019,5,4,HEES,H&E EQUIPMENT SERVICES INC,Industrials,95.0,0.598444348487,70.36484146414284,21.2510949649,24.7101681859,30.6,0.694,,,45.65467327824284
2019-01-01,2019,5,5,APH,AMPHENOL CORP,Technology,93.7,2.83850163996,34.89384288747346,21.2510949649,24.7101681859,30.6,0.694,,,10.183674701573462
2019-01-01,2019,5,6,SRLP,SPRAGUE RESOURCES LP,Energy,92.6,0.196830772866,34.98498498498499,21.2510949649,24.7101681859,30.6,0.694,,,10.274816799084991
2019-01-01,2019,5,7,MNST,MONSTER BEVERAGE CORP,Consumer Staples,92.4,6.804215633705,29.110117838277127,21.2510949649,24.7101681859,30.6,0.694,,,4.399949652377128
2019-01-01,2019,5,8,MPT,MEDICAL PROPERTIES TRUST INC,Real Estate,91.7,3.34286138284,38.52620087336245,21.2510949649,24.7101681859,30.6,0.694,,,13.81603268746245
2019-01-01,2019,5,9,MU,MICRON TECHNOLOGY INC,Technology,91.4,34.680704083224,69.49185415050425,21.2510949649,24.7101681859,30.6,0.694,,,44.78168596460425
2019-01-01,2019,5,10,JHG,JANUS HENDERSON GROUP PLC,Financials,90.7,2.844022053612,25.939377007962005,21.2510949649,24.7101681859,30.6,0.694,,,1.2292088220620059
2019-01-01,2019,5,11,LGND,LIGAND PHARMACEUTICALS INC,Healthcare,90.6,2.8841306182,-23.146647015475295,21.2510949649,24.7101681859,30.6,0.694,,,-47.8568152013753
2019-01-01,2019,5,12,CVI,CVR ENERGY INC,Energy,90.4,1.923049828271,25.369857284750896,21.2510949649,24.7101681859,30.6,0.694,,,0.6596890988508974
2019-01-01,2019,5,13,FTNT,FORTINET INC,Technology,90.4,2.39983470763,51.58313218798807,21.2510949649,24.7101681859,30.6,0.694,,,26.87296400208807
2019-01-01,2019,5,14,SBRA,SABRA HEALTH CARE REIT INC,Real Estate,90.1,1.58851912725,41.077441077441065,21.2510949649,24.7101681859,30.6,0.694,,,16.367272891541067
2019-01-01,2019,5,15,LYB,LYONDELLBASELL INDUSTRIES NV,Materials,89.8,16.79192977592,40.35139828184975,21.2510949649,24.7101681859,30.6,0.694,,,15.641230095949748
2019-01-01,2019,5,16,SUPN,SUPERNUS PHARMACEUTICALS INC,Healthcare,89.3,1.73597797186,-28.597230583985557,21.2510949649,24.7101681859,30.6,0.694,,,-53.30739876988555
2019-01-01,2019,5,17,DCH,DAUCH CORP,Consumer Disc,89.3,1.2398877710999998,-3.063063063063065,21.2510949649,24.7101681859,30.6,0.694,,,-27.773231248963064
2019-01-01,2019,5,18,DECK,DECKERS OUTDOOR CORP,Consumer Disc,89.1,0.621031106925,31.97186400937868,21.2510949649,24.7101681859,30.6,0.694,,,7.261695823478682
2019-01-01,2019,5,19,UTHR,UNITED THERAPEUTICS CORP,Healthcare,88.4,4.7466436841999995,-19.118457300275495,21.2510949649,24.7101681859,30.6,0.694,,,-43.8286254861755
2019-01-01,2019,5,20,TTEK,TETRA TECH INC,Industrials,87.7,0.5435443835910001,67.76657500763822,21.2510949649,24.7101681859,30.6,0.694,,,43.05640682173822
2019-01-01,2019,5,21,LPX,LOUISIANA-PACIFIC CORP,Materials,87.6,2.782486839701,36.399614389365254,21.2510949649,24.7101681859,30.6,0.694,,,11.689446203465256
2019-01-01,2019,5,22,ALEX,ALEXANDER & BALDWIN INC,Real Estate,87.6,1.000384516901,17.495860033119737,21.2510949649,24.7101681859,30.6,0.694,,,-7.214308152780262
2019-01-01,2019,5,23,CMCSA,COMCAST CORP,Communication Svcs,87.5,53.208719895350995,34.0428831763018,21.2510949649,24.7101681859,30.6,0.694,,,9.3327149904018
2019-01-01,2019,5,24,AAWW,ATLAS AIR WORLDWIDE HOLDINGS INC,Industrials,87.3,1.07965446167,-34.652761317847826,21.2510949649,24.7101681859,30.6,0.694,,,-59.36292950374782
2019-01-01,2019,5,25,MAN,MANPOWERGROUP INC,Industrials,87.2,3.096645082836,53.54219080707641,21.2510949649,24.7101681859,30.6,0.694,,,28.83202262117641
2019-01-01,2019,5,26,ABBV,ABBVIE INC,Healthcare,87.1,99.950662280169,1.495929086339487,21.2510949649,24.7101681859,30.6,0.694,,,-23.214239099560512
2019-01-01,2019,5,27,ESIO,ELECTRO SCIENTIFIC INDUSTRIES INC,Industrials,87.0,1.02752436836,,21.2510949649,24.7101681859,30.6,0.694,,,
2019-01-01,2019,5,28,WLKP,WESTLAKE CHEMICAL PARTNERS LP,Materials,86.7,0.411315217105,18.48686789494316,21.2510949649,24.7101681859,30.6,0.694,,,-6.223300290956839
2019-01-01,2019,5,29,BKE,BUCKLE INC,Consumer Disc,86.5,0.4297896048,55.531478102189766,21.2510949649,24.7101681859,30.6,0.694,,,30.821309916289767
2019-01-01,2019,5,30,CORT,CORCEPT THERAPEUTICS INC,Healthcare,85.9,1.54270322128,-9.431137724550895,21.2510949649,24.7101681859,30.6,0.694,,,-34.141305910450896
2019-01-01,2019,5,31,WM,WASTE MANAGEMENT INC,Utilities,85.7,33.503628422741,30.45187890510672,21.2510949649,24.7101681859,30.6,0.694,,,5.741710719206722
2019-01-01,2019,5,32,RFP,RESOLUTE FOREST PRODUCTS INC,Materials,85.5,0.6624964384900001,-47.03395608891313,21.2510949649,24.7101681859,30.6,0.694,,,-71.74412427481313
2019-01-01,2019,5,33,PMT,PENNYMAC MORTGAGE INVESTMENT TRUST,Real Estate,85.4,0.48425922258,30.358716173694145,21.2510949649,24.7101681859,30.6,0.694,,,5.648547987794146
2019-01-01,2019,5,34,AIV,APARTMENT INVESTMENT & MANAGEMENT CO,Real Estate,85.4,0.33385690767,21.35198135198135,21.2510949649,24.7101681859,30.6,0.694,,,-3.358186833918648
2019-01-01,2019,5,35,PENN,PENN ENTERTAINMENT INC,Consumer Disc,85.2,2.23805691711,35.740839086564,21.2510949649,24.7101681859,30.6,0.694,,,11.030670900664003
2019-01-01,2019,5,36,SM,SM ENERGY CO,Energy,85.1,1.543757110266,-26.69620804881593,21.2510949649,24.7101681859,30.6,0.694,,,-51.40637623471593
2019-01-01,2019,5,37,RYAM,RAYONIER ADVANCED MATERIALS INC,Materials,84.8,0.535323041736,-63.37275848912629,21.2510949649,24.7101681859,30.6,0.694,,,-88.08292667502629
2019-01-01,2019,5,38,NBL,NOBLE ENERGY INC,Energy,83.7,8.722266021,35.29347048792564,21.2510949649,24.7101681859,30.6,0.694,,,10.58330230202564
2019-01-01,2019,5,39,UGI,UGI CORP,Utilities,83.7,6.7904472195,-13.256528417818746,21.2510949649,24.7101681859,30.6,0.694,,,-37.966696603718745
2019-01-01,2019,5,40,CME,CME GROUP INC,Financials,83.2,9.491978883107,9.673591754488186,21.2510949649,24.7101681859,30.6,0.694,,,-15.036576431411813
2019-01-01,2019,5,41,AMZN,AMAZON COM INC,Consumer Disc,82.3,36.72105499417201,23.02693777546969,21.2510949649,24.7101681859,30.6,0.694,,,-1.6832304104303084
2019-01-01,2019,5,42,AWK,AMERICAN WATER WORKS COMPANY INC,Utilities,82.2,14.083816351296,37.77954452195323,21.2510949649,24.7101681859,30.6,0.694,,,13.069376336053228
2019-01-01,2019,5,43,RRD,RR DONNELLEY & SONS CO,Communication Svcs,81.6,0.2652672,3.795116772823781,21.2510949649,24.7101681859,30.6,0.694,,,-20.915051413076217
2019-01-01,2019,5,44,OMC,OMNICOM GROUP INC,Communication Svcs,81.0,12.4665504889,14.357877327964342,21.2510949649,24.7101681859,30.6,0.694,,,-10.352290857935657
2019-01-01,2019,5,45,CRTO,CRITEO SA,Communication Svcs,80.8,1.5304500992,-23.723591549295776,21.2510949649,24.7101681859,30.6,0.694,,,-48.43375973519578
2019-01-01,2019,5,46,CAPL,CROSSAMERICA PARTNERS LP,Energy,79.8,0.212382400758,43.75608173856633,21.2510949649,24.7101681859,30.6,0.694,,,19.04591355266633
2019-01-01,2019,5,47,EBF,ENNIS INC,Communication Svcs,78.7,0.3098544495479999,17.59259259259258,21.2510949649,24.7101681859,30.6,0.694,,,-7.117575593307418
2019-01-01,2019,5,48,AVA,AVISTA CORP,Utilities,78.6,1.976420544,17.23943100239298,21.2510949649,24.7101681859,30.6,0.694,,,-7.470737183507019
2019-01-01,2019,5,49,CAH,CARDINAL HEALTH INC,Consumer Staples,76.8,10.835232202642,17.9915857783155,21.2510949649,24.7101681859,30.6,0.694,,,-6.718582407584499
2019-01-01,2019,5,50,CULP,CULP INC,Unclassified,76.3,0.210389522952,-26.7129794561216,21.2510949649,24.7101681859,30.6,0.694,,,-51.423147642021604
2019-01-01,2019,5,51,JBSS,SANFILIPPO JOHN B & SON INC,Consumer Staples,76.2,0.32040491454,73.47983676779964,21.2510949649,24.7101681859,30.6,0.694,,,48.76966858189964
2019-01-01,2019,5,52,IBKR,INTERACTIVE BROKERS GROUP INC,Financials,75.7,0.550447339134,-14.017185821697096,21.2510949649,24.7101681859,30.6,0.694,,,-38.72735400759709
2019-01-01,2019,5,53,PM,PHILIP MORRIS INTERNATIONAL INC,Consumer Staples,75.2,70.751046306213,34.96803111198999,21.2510949649,24.7101681859,30.6,0.694,,,10.257862926089988
2019-01-01,2019,5,54,ENVA,ENOVA INTERNATIONAL INC,Financials,74.5,0.6669873161000001,23.638232271325776,21.2510949649,24.7101681859,30.6,0.694,,,-1.0719359145742224
2019-01-01,2019,5,55,VGR,VECTOR GROUP LTD,Consumer Staples,73.4,0.570422470816,66.15612648221342,21.2510949649,24.7101681859,30.6,0.694,,,41.44595829631342
2019-01-01,2019,5,56,SO,SOUTHERN CO,Utilities,72.3,33.484153332096,51.61627335299903,21.2510949649,24.7101681859,30.6,0.694,,,26.90610516709903
2019-01-01,2019,5,57,VVV,VALVOLINE INC,Unclassified,68.7,3.374897164032,13.024085637823358,21.2510949649,24.7101681859,30.6,0.694,,,-11.68608254807664
2019-01-01,2019,5,58,NVRI1,ENVIRI CORP,Unclassified,62.2,1.59502092654,15.861027190332331,21.2510949649,24.7101681859,30.6,0.694,,,-8.849140995567668
2019-01-01,2019,5,59,NPO,ENPRO INC,Unclassified,59.9,1.145495027259,13.066463889341517,21.2510949649,24.7101681859,30.6,0.694,,,-11.643704296558482
2019-01-01,2019,5,60,MHK,MOHAWK INDUSTRIES INC,Unclassified,59.0,8.678308607199998,16.603967168262646,21.2510949649,24.7101681859,30.6,0.694,,,-8.106201017637353
2019-01-01,2019,10,1,IMMR,IMMERSION CORP,Technology,97.3,0.241435826472,-17.0834396529727,20.1562182244,24.7101681859,14.1,0.859,,,-41.7936078388727
2019-01-01,2019,10,2,MA,MASTERCARD INC,Financials,96.7,22.008260615695,59.15986972134843,20.1562182244,24.7101681859,14.1,0.859,,,34.449701535448426
2019-01-01,2019,10,3,LRCX,LAM RESEARCH CORP,Technology,95.3,1.927060084908,119.31067804799488,20.1562182244,24.7101681859,14.1,0.859,,,94.60050986209488
2019-01-01,2019,10,4,HEES,H&E EQUIPMENT SERVICES INC,Industrials,95.0,0.598444348487,70.36484146414284,20.1562182244,24.7101681859,14.1,0.859,,,45.65467327824284
2019-01-01,2019,10,5,APH,AMPHENOL CORP,Technology,93.7,2.83850163996,34.89384288747346,20.1562182244,24.7101681859,14.1,0.859,,,10.183674701573462
2019-01-01,2019,10,6,SRLP,SPRAGUE RESOURCES LP,Energy,92.6,0.196830772866,34.98498498498499,20.1562182244,24.7101681859,14.1,0.859,,,10.274816799084991
2019-01-01,2019,10,7,MNST,MONSTER BEVERAGE CORP,Consumer Staples,92.4,6.804215633705,29.110117838277127,20.1562182244,24.7101681859,14.1,0.859,,,4.399949652377128
2019-01-01,2019,10,8,MPT,MEDICAL PROPERTIES TRUST INC,Real Estate,91.7,3.34286138284,38.52620087336245,20.1562182244,24.7101681859,14.1,0.859,,,13.81603268746245
2019-01-01,2019,10,9,MU,MICRON TECHNOLOGY INC,Technology,91.4,34.680704083224,69.49185415050425,20.1562182244,24.7101681859,14.1,0.859,,,44.78168596460425
2019-01-01,2019,10,10,JHG,JANUS HENDERSON GROUP PLC,Financials,90.7,2.844022053612,25.939377007962005,20.1562182244,24.7101681859,14.1,0.859,,,1.2292088220620059
2019-01-01,2019,10,11,LGND,LIGAND PHARMACEUTICALS INC,Healthcare,90.6,2.8841306182,-23.146647015475295,20.1562182244,24.7101681859,14.1,0.859,,,-47.8568152013753
2019-01-01,2019,10,12,CVI,CVR ENERGY INC,Energy,90.4,1.923049828271,25.369857284750896,20.1562182244,24.7101681859,14.1,0.859,,,0.6596890988508974
2019-01-01,2019,10,13,FTNT,FORTINET INC,Technology,90.4,2.39983470763,51.58313218798807,20.1562182244,24.7101681859,14.1,0.859,,,26.87296400208807
2019-01-01,2019,10,14,SBRA,SABRA HEALTH CARE REIT INC,Real Estate,90.1,1.58851912725,41.077441077441065,20.1562182244,24.7101681859,14.1,0.859,,,16.367272891541067
2019-01-01,2019,10,15,LYB,LYONDELLBASELL INDUSTRIES NV,Materials,89.8,16.79192977592,40.35139828184975,20.1562182244,24.7101681859,14.1,0.859,,,15.641230095949748
2019-01-01,2019,10,16,SUPN,SUPERNUS PHARMACEUTICALS INC,Healthcare,89.3,1.73597797186,-28.597230583985557,20.1562182244,24.7101681859,14.1,0.859,,,-53.30739876988555
2019-01-01,2019,10,17,DCH,DAUCH CORP,Consumer Disc,89.3,1.2398877710999998,-3.063063063063065,20.1562182244,24.7101681859,14.1,0.859,,,-27.773231248963064
2019-01-01,2019,10,18,DECK,DECKERS OUTDOOR CORP,Consumer Disc,89.1,0.621031106925,31.97186400937868,20.1562182244,24.7101681859,14.1,0.859,,,7.261695823478682
2019-01-01,2019,10,19,ONTO,ONTO INNOVATION INC,Technology,88.5,0.6618113094599999,33.69923161361142,20.1562182244,24.7101681859,14.1,0.859,,,8.989063427711418
2019-01-01,2019,10,20,UTHR,UNITED THERAPEUTICS CORP,Healthcare,88.4,4.7466436841999995,-19.118457300275495,20.1562182244,24.7101681859,14.1,0.859,,,-43.8286254861755
2019-01-01,2019,10,21,UIS,UNISYS CORP,Technology,88.3,0.59341612126,1.9776440240756532,20.1562182244,24.7101681859,14.1,0.859,,,-22.732524161824344
2019-01-01,2019,10,22,HPQ,HP INC,Technology,88.0,24.305975056522,3.854020196855412,20.1562182244,24.7101681859,14.1,0.859,,,-20.856147989044587
2019-01-01,2019,10,23,TTEK,TETRA TECH INC,Industrials,87.7,0.5435443835910001,67.76657500763822,20.1562182244,24.7101681859,14.1,0.859,,,43.05640682173822
2019-01-01,2019,10,24,LPX,LOUISIANA-PACIFIC CORP,Materials,87.6,2.782486839701,36.399614389365254,20.1562182244,24.7101681859,14.1,0.859,,,11.689446203465256
2019-01-01,2019,10,25,ALEX,ALEXANDER & BALDWIN INC,Real Estate,87.6,1.000384516901,17.495860033119737,20.1562182244,24.7101681859,14.1,0.859,,,-7.214308152780262
2019-01-01,2019,10,26,CMCSA,COMCAST CORP,Communication Svcs,87.5,53.208719895350995,34.0428831763018,20.1562182244,24.7101681859,14.1,0.859,,,9.3327149904018
2019-01-01,2019,10,27,AAWW,ATLAS AIR WORLDWIDE HOLDINGS INC,Industrials,87.3,1.07965446167,-34.652761317847826,20.1562182244,24.7101681859,14.1,0.859,,,-59.36292950374782
2019-01-01,2019,10,28,ANET,ARISTA NETWORKS INC,Technology,87.3,0.9933021137,-3.462677500189848,20.1562182244,24.7101681859,14.1,0.859,,,-28.172845686089847
2019-01-01,2019,10,29,MAN,MANPOWERGROUP INC,Industrials,87.2,3.096645082836,53.54219080707641,20.1562182244,24.7101681859,14.1,0.859,,,28.83202262117641
2019-01-01,2019,10,30,ABBV,ABBVIE INC,Healthcare,87.1,99.950662280169,1.495929086339487,20.1562182244,24.7101681859,14.1,0.859,,,-23.214239099560512
2019-01-01,2019,10,31,ESIO,ELECTRO SCIENTIFIC INDUSTRIES INC,Industrials,87.0,1.02752436836,,20.1562182244,24.7101681859,14.1,0.859,,,
2019-01-01,2019,10,32,WLKP,WESTLAKE CHEMICAL PARTNERS LP,Materials,86.7,0.411315217105,18.48686789494316,20.1562182244,24.7101681859,14.1,0.859,,,-6.223300290956839
2019-01-01,2019,10,33,BKE,BUCKLE INC,Consumer Disc,86.5,0.4297896048,55.531478102189766,20.1562182244,24.7101681859,14.1,0.859,,,30.821309916289767
2019-01-01,2019,10,34,RTX,RTX CORP,Industrials,86.5,41.93072193814899,43.80217387151617,20.1562182244,24.7101681859,14.1,0.859,,,19.09200568561617
2019-01-01,2019,10,35,AEIS,ADVANCED ENERGY INDUSTRIES INC,Technology,86.0,1.6189651204650002,65.85122316525212,20.1562182244,24.7101681859,14.1,0.859,,,41.14105497935212
2019-01-01,2019,10,36,CORT,CORCEPT THERAPEUTICS INC,Healthcare,85.9,1.54270322128,-9.431137724550895,20.1562182244,24.7101681859,14.1,0.859,,,-34.141305910450896
2019-01-01,2019,10,37,LGIH,LGI HOMES INC,Industrials,85.8,1.02726708112,56.23617868199913,20.1562182244,24.7101681859,14.1,0.859,,,31.52601049609913
2019-01-01,2019,10,38,WM,WASTE MANAGEMENT INC,Utilities,85.7,33.503628422741,30.45187890510672,20.1562182244,24.7101681859,14.1,0.859,,,5.741710719206722
2019-01-01,2019,10,39,RFP,RESOLUTE FOREST PRODUCTS INC,Materials,85.5,0.6624964384900001,-47.03395608891313,20.1562182244,24.7101681859,14.1,0.859,,,-71.74412427481313
2019-01-01,2019,10,40,PMT,PENNYMAC MORTGAGE INVESTMENT TRUST,Real Estate,85.4,0.48425922258,30.358716173694145,20.1562182244,24.7101681859,14.1,0.859,,,5.648547987794146
2019-01-01,2019,10,41,AIV,APARTMENT INVESTMENT & MANAGEMENT CO,Real Estate,85.4,0.33385690767,21.35198135198135,20.1562182244,24.7101681859,14.1,0.859,,,-3.358186833918648
2019-01-01,2019,10,42,EXEL,EXELIXIS INC,Healthcare,85.3,5.880998265450001,-10.421962379257756,20.1562182244,24.7101681859,14.1,0.859,,,-35.13213056515775
2019-01-01,2019,10,43,TECD,TECH DATA CORP,Industrials,85.2,3.05296561836,75.52866397750886,20.1562182244,24.7101681859,14.1,0.859,,,50.81849579160885
2019-01-01,2019,10,44,TPH,TRI POINTE HOMES INC,Industrials,85.2,1.55427128109,42.543458371454726,20.1562182244,24.7101681859,14.1,0.859,,,17.833290185554727
2019-01-01,2019,10,45,PENN,PENN ENTERTAINMENT INC,Consumer Disc,85.2,2.23805691711,35.740839086564,20.1562182244,24.7101681859,14.1,0.859,,,11.030670900664003
2019-01-01,2019,10,46,SM,SM ENERGY CO,Energy,85.1,1.543757110266,-26.69620804881593,20.1562182244,24.7101681859,14.1,0.859,,,-51.40637623471593
2019-01-01,2019,10,47,RYAM,RAYONIER ADVANCED MATERIALS INC,Materials,84.8,0.535323041736,-63.37275848912629,20.1562182244,24.7101681859,14.1,0.859,,,-88.08292667502629
2019-01-01,2019,10,48,GMS,GMS INC,Industrials,84.6,0.61196205324,82.23418573351277,20.1562182244,24.7101681859,14.1,0.859,,,57.52401754761277
2019-01-01,2019,10,49,NBL,NOBLE ENERGY INC,Energy,83.7,8.722266021,35.29347048792564,20.1562182244,24.7101681859,14.1,0.859,,,10.58330230202564
2019-01-01,2019,10,50,UGI,UGI CORP,Utilities,83.7,6.7904472195,-13.256528417818746,20.1562182244,24.7101681859,14.1,0.859,,,-37.966696603718745
2019-01-01,2019,10,51,CIO,CITY OFFICE REIT INC,Real Estate,83.5,0.247466808834,42.553531479705974,20.1562182244,24.7101681859,14.1,0.859,,,17.843363293805975
2019-01-01,2019,10,52,REGI,RENEWABLE ENERGY GROUP INC,Materials,83.4,0.9586023928,4.863813229571989,20.1562182244,24.7101681859,14.1,0.859,,,-19.84635495632801
2019-01-01,2019,10,53,CME,CME GROUP INC,Financials,83.2,9.491978883107,9.673591754488186,20.1562182244,24.7101681859,14.1,0.859,,,-15.036576431411813
2019-01-01,2019,10,54,RGNX,REGENXBIO INC,Healthcare,83.0,1.50350306005,-2.3361144219308794,20.1562182244,24.7101681859,14.1,0.859,,,-27.04628260783088
2019-01-01,2019,10,55,ISRG,INTUITIVE SURGICAL INC,Healthcare,82.9,18.23093014496,23.433976447005776,20.1562182244,24.7101681859,14.1,0.859,,,-1.276191738894223
2019-01-01,2019,10,56,TECH,BIO-TECHNE CORP,Healthcare,82.6,1.31591031566,52.66903914590746,20.1562182244,24.7101681859,14.1,0.859,,,27.958870960007463
2019-01-01,2019,10,57,AMZN,AMAZON COM INC,Consumer Disc,82.3,36.72105499417201,23.02693777546969,20.1562182244,24.7101681859,14.1,0.859,,,-1.6832304104303084
2019-01-01,2019,10,58,ENTA,ENANTA PHARMACEUTICALS INC,Healthcare,82.3,1.37579830767,-12.77707186220528,20.1562182244,24.7101681859,14.1,0.859,,,-37.48724004810528
2019-01-01,2019,10,59,KRO,KRONOS WORLDWIDE INC,Materials,82.2,0.888316597472,22.92536534446763,20.1562182244,24.7101681859,14.1,0.859,,,-1.78480284143237
2019-01-01,2019,10,60,AWK,AMERICAN WATER WORKS COMPANY INC,Utilities,82.2,14.083816351296,37.77954452195323,20.1562182244,24.7101681859,14.1,0.859,,,13.069376336053228
2019-01-01,2019,10,61,AOS,SMITH A O CORP,Consumer Disc,82.1,2.787171714964,13.607586338070266,20.1562182244,24.7101681859,14.1,0.859,,,-11.102581847829732
2019-01-01,2019,10,62,PETS,PETMED EXPRESS INC,Consumer Disc,81.9,0.376782210225,6.694101508916317,20.1562182244,24.7101681859,14.1,0.859,,,-18.016066676983684
2019-01-01,2019,10,63,BBY,BEST BUY CO INC,Consumer Disc,81.9,10.586186622891,70.50763873001347,20.1562182244,24.7101681859,14.1,0.859,,,45.797470544113466
2019-01-01,2019,10,64,RRD,RR DONNELLEY & SONS CO,Communication Svcs,81.6,0.2652672,3.795116772823781,20.1562182244,24.7101681859,14.1,0.859,,,-20.915051413076217
2019-01-01,2019,10,65,FF,FUTUREFUEL CORP,Materials,81.3,0.2357760797699999,-20.29684601113172,20.1562182244,24.7101681859,14.1,0.859,,,-45.00701419703172
2019-01-01,2019,10,66,HOUS,ANYWHERE REAL ESTATE INC,Real Estate,81.1,1.6785121745479998,-31.859777558777974,20.1562182244,24.7101681859,14.1,0.859,,,-56.56994574467797
2019-01-01,2019,10,67,OMC,OMNICOM GROUP INC,Communication Svcs,81.0,12.4665504889,14.357877327964342,20.1562182244,24.7101681859,14.1,0.859,,,-10.352290857935657
2019-01-01,2019,10,68,CPRT,COPART INC,Consumer Disc,81.0,2.7953149086,90.3306822938468,20.1562182244,24.7101681859,14.1,0.859,,,65.6205141079468
2019-01-01,2019,10,69,JOE,ST JOE CO,Real Estate,80.9,0.7560948877079999,50.56973198523511,20.1562182244,24.7101681859,14.1,0.859,,,25.85956379933511
2019-01-01,2019,10,70,CRTO,CRITEO SA,Communication Svcs,80.8,1.5304500992,-23.723591549295776,20.1562182244,24.7101681859,14.1,0.859,,,-48.43375973519578
2019-01-01,2019,10,71,BERY,BERRY GLOBAL GROUP INC,Materials,80.7,5.4909824,-0.0836280225556596,20.1562182244,24.7101681859,14.1,0.859,,,-24.79379620845566
2019-01-01,2019,10,72,DHC,DIVERSIFIED HEALTHCARE TRUST,Real Estate,80.6,2.1975821285999997,-21.906101254868016,20.1562182244,24.7101681859,14.1,0.859,,,-46.616269440768015
2019-01-01,2019,10,73,STWD,STARWOOD PROPERTY TRUST INC,Real Estate,80.2,2.612814283479,36.76889029402464,20.1562182244,24.7101681859,14.1,0.859,,,12.058722108124638
2019-01-01,2019,10,74,CAPL,CROSSAMERICA PARTNERS LP,Energy,79.8,0.212382400758,43.75608173856633,20.1562182244,24.7101681859,14.1,0.859,,,19.04591355266633
2019-01-01,2019,10,75,DOOR,MASONITE INTERNATIONAL CORP,Materials,79.7,1.18891661514,61.075172875306706,20.1562182244,24.7101681859,14.1,0.859,,,36.3650046894067
2019-01-01,2019,10,76,FAST,FASTENAL CO,Consumer Disc,78.9,3.085571586882,45.03674760442831,20.1562182244,24.7101681859,14.1,0.859,,,20.326579418528308
2019-01-01,2019,10,77,EBF,ENNIS INC,Communication Svcs,78.7,0.3098544495479999,17.59259259259258,20.1562182244,24.7101681859,14.1,0.859,,,-7.117575593307418
2019-01-01,2019,10,78,AVA,AVISTA CORP,Utilities,78.6,1.976420544,17.23943100239298,20.1562182244,24.7101681859,14.1,0.859,,,-7.470737183507019
2019-01-01,2019,10,79,RES,RPC INC,Energy,78.6,1.890437567642,-46.13112146347007,20.1562182244,24.7101681859,14.1,0.859,,,-70.84128964937007
2019-01-01,2019,10,80,CETV,CENTRAL EUROPEAN MEDIA ENTERPRISES LTD,Communication Svcs,77.2,0.70293288012,62.94964028776982,20.1562182244,24.7101681859,14.1,0.859,,,38.23947210186982
2019-01-01,2019,10,81,CAH,CARDINAL HEALTH INC,Consumer Staples,76.8,10.835232202642,17.9915857783155,20.1562182244,24.7101681859,14.1,0.859,,,-6.718582407584499
2019-01-01,2019,10,82,CULP,CULP INC,Unclassified,76.3,0.210389522952,-26.7129794561216,20.1562182244,24.7101681859,14.1,0.859,,,-51.423147642021604
2019-01-01,2019,10,83,JBSS,SANFILIPPO JOHN B & SON INC,Consumer Staples,76.2,0.32040491454,73.47983676779964,20.1562182244,24.7101681859,14.1,0.859,,,48.76966858189964
2019-01-01,2019,10,84,TDS,TELEPHONE & DATA SYSTEMS INC,Communication Svcs,75.8,1.2909559199039995,-19.983009615013316,20.1562182244,24.7101681859,14.1,0.859,,,-44.69317780091332
2019-01-01,2019,10,85,IBKR,INTERACTIVE BROKERS GROUP INC,Financials,75.7,0.550447339134,-14.017185821697096,20.1562182244,24.7101681859,14.1,0.859,,,-38.72735400759709
2019-01-01,2019,10,86,HAL,HALLIBURTON CO,Energy,75.4,19.910779647288003,-4.949841605068639,20.1562182244,24.7101681859,14.1,0.859,,,-29.660009790968637
2019-01-01,2019,10,87,PM,PHILIP MORRIS INTERNATIONAL INC,Consumer Staples,75.2,70.751046306213,34.96803111198999,20.1562182244,24.7101681859,14.1,0.859,,,10.257862926089988
2019-01-01,2019,10,88,ENVA,ENOVA INTERNATIONAL INC,Financials,74.5,0.6669873161000001,23.638232271325776,20.1562182244,24.7101681859,14.1,0.859,,,-1.0719359145742224
2019-01-01,2019,10,89,GL,GLOBE LIFE INC,Financials,74.4,7.789424043504999,42.33980095940433,20.1562182244,24.7101681859,14.1,0.859,,,17.62963277350433
2019-01-01,2019,10,90,ORI,OLD REPUBLIC INTERNATIONAL CORP,Financials,73.5,3.45799977495,17.77524943112201,20.1562182244,24.7101681859,14.1,0.859,,,-6.934918754777989
2019-01-01,2019,10,91,VGR,VECTOR GROUP LTD,Consumer Staples,73.4,0.570422470816,66.15612648221342,20.1562182244,24.7101681859,14.1,0.859,,,41.44595829631342
2019-01-01,2019,10,92,ARLP,ALLIANCE RESOURCE PARTNERS LP,Energy,73.3,1.095332997066,-28.84478250534822,20.1562182244,24.7101681859,14.1,0.859,,,-53.55495069124822
2019-01-01,2019,10,93,IVZ,INVESCO LTD,Financials,73.2,4.8048145661329995,14.990154952486968,20.1562182244,24.7101681859,14.1,0.859,,,-9.720013233413031
2019-01-01,2019,10,94,DK,DELEK US HOLDINGS INC,Energy,73.0,2.0537911266060003,6.591652701300754,20.1562182244,24.7101681859,14.1,0.859,,,-18.118515484599243
2019-01-01,2019,10,95,UVE,UNIVERSAL INSURANCE HOLDINGS INC,Financials,73.0,0.968295898608,-24.226022948690183,20.1562182244,24.7101681859,14.1,0.859,,,-48.93619113459018
2019-01-01,2019,10,96,NUS,NU SKIN ENTERPRISES INC,Consumer Staples,72.8,2.53283933847,-31.0050521337203,20.1562182244,24.7101681859,14.1,0.859,,,-55.7152203196203
2019-01-01,2019,10,97,AD,ARRAY DIGITAL INFRASTRUCTURE INC,Communication Svcs,72.8,1.250113541908,-30.287439408112935,20.1562182244,24.7101681859,14.1,0.859,,,-54.99760759401293
2019-01-01,2019,10,98,OPTU,OPTIMUM COMMUNICATIONS INC,Communication Svcs,72.6,11.81345878972,65.49636803874093,20.1562182244,24.7101681859,14.1,0.859,,,40.78619985284092
2019-01-01,2019,10,99,V,VISA INC,Financials,72.6,58.6131771658,43.32025620496396,20.1562182244,24.7101681859,14.1,0.859,,,18.610088019063962
2019-01-01,2019,10,100,VZ,VERIZON COMMUNICATIONS INC,Communication Svcs,72.6,150.44666982740998,13.867069486404858,20.1562182244,24.7101681859,14.1,0.859,,,-10.84309869949514
2019-01-01,2019,10,101,MRO,MARATHON OIL CORP,Energy,72.3,10.953722218052,-3.923503073537216,20.1562182244,24.7101681859,14.1,0.859,,,-28.633671259437214
2019-01-01,2019,10,102,SO,SOUTHERN CO,Utilities,72.3,33.484153332096,51.61627335299903,20.1562182244,24.7101681859,14.1,0.859,,,26.90610516709903
2019-01-01,2019,10,103,VLGEA,VILLAGE SUPER MARKET INC,Consumer Staples,72.1,0.2763274711419999,-8.958813508367559,20.1562182244,24.7101681859,14.1,0.859,,,-33.66898169426756
2019-01-01,2019,10,104,MO,ALTRIA GROUP INC,Consumer Staples,71.2,52.10593118813,7.955283086909493,20.1562182244,24.7101681859,14.1,0.859,,,-16.754885098990506
2019-01-01,2019,10,105,PEP,PEPSICO INC,Consumer Staples,70.3,123.757812832,27.368433058831563,20.1562182244,24.7101681859,14.1,0.859,,,2.6582648729315643
2019-01-01,2019,10,106,ORA,ORMAT TECHNOLOGIES INC,Utilities,70.0,2.52835605792,43.45238095238096,20.1562182244,24.7101681859,14.1,0.859,,,18.742212766480964
2019-01-01,2019,10,107,XEL,XCEL ENERGY INC,Utilities,69.5,20.190145163584,32.36027690115036,20.1562182244,24.7101681859,14.1,0.859,,,7.650108715250358
2019-01-01,2019,10,108,ED,CONSOLIDATED EDISON INC,Utilities,69.1,18.033959859731997,22.54744512942719,20.1562182244,24.7101681859,14.1,0.859,,,-2.16272305647281
2019-01-01,2019,10,109,HCCI,HERITAGE-CRYSTAL CLEAN INC,Utilities,69.1,0.53038300809,36.33202955236854,20.1562182244,24.7101681859,14.1,0.859,,,11.62186136646854
2019-01-01,2019,10,110,OTTR,OTTER TAIL CORP,Utilities,68.9,1.598217171012,6.261633534360822,20.1562182244,24.7101681859,14.1,0.859,,,-18.448534651539177
2019-01-01,2019,10,111,VVV,VALVOLINE INC,Unclassified,68.7,3.374897164032,13.024085637823358,20.1562182244,24.7101681859,14.1,0.859,,,-11.68608254807664
2019-01-01,2019,10,112,MED,MEDIFAST INC,Consumer Staples,66.9,1.231960759224,-9.72378695466377,20.1562182244,24.7101681859,14.1,0.859,,,-34.43395514056377
2019-01-01,2019,10,113,NVRI1,ENVIRI CORP,Unclassified,62.2,1.59502092654,15.861027190332331,20.1562182244,24.7101681859,14.1,0.859,,,-8.849140995567668
2019-01-01,2019,10,114,NPO,ENPRO INC,Unclassified,59.9,1.145495027259,13.066463889341517,20.1562182244,24.7101681859,14.1,0.859,,,-11.643704296558482
2019-01-01,2019,10,115,MHK,MOHAWK INDUSTRIES INC,Unclassified,59.0,8.678308607199998,16.603967168262646,20.1562182244,24.7101681859,14.1,0.859,,,-8.106201017637353
2019-01-01,2019,10,116,ALLE,ALLEGION PLC,Unclassified,58.5,6.840592928532,57.88310822077707,20.1562182244,24.7101681859,14.1,0.859,,,33.17294003487707
2019-01-01,2019,10,117,CRAI,CRA INTERNATIONAL INC,Unclassified,57.3,0.307883939715,30.385475595316393,20.1562182244,24.7101681859,14.1,0.859,,,5.675307409416394
2019-01-01,2019,10,118,TILE,INTERFACE INC,Unclassified,56.2,0.8087641191839999,18.457462466882557,20.1562182244,24.7101681859,14.1,0.859,,,-6.252705719017442
2019-01-01,2019,10,119,KWR,QUAKER CHEMICAL CORP,Unclassified,45.7,2.185328912868,-6.662517466303008,20.1562182244,24.7101681859,14.1,0.859,,,-31.372685652203007
2019-01-01,2019,10,120,MGPI,MGP INGREDIENTS INC,Unclassified,42.2,0.886276535292,-14.48134200616228,20.1562182244,24.7101681859,14.1,0.859,,,-39.19151019206228
2019-01-01,2019,20,1,IMMR,IMMERSION CORP,Technology,97.3,0.241435826472,-17.0834396529727,21.8033809511,24.7101681859,15.85,0.8415,,,-41.7936078388727
2019-01-01,2019,20,2,MA,MASTERCARD INC,Financials,96.7,22.008260615695,59.15986972134843,21.8033809511,24.7101681859,15.85,0.8415,,,34.449701535448426
2019-01-01,2019,20,3,LRCX,LAM RESEARCH CORP,Technology,95.3,1.927060084908,119.31067804799488,21.8033809511,24.7101681859,15.85,0.8415,,,94.60050986209488
2019-01-01,2019,20,4,HEES,H&E EQUIPMENT SERVICES INC,Industrials,95.0,0.598444348487,70.36484146414284,21.8033809511,24.7101681859,15.85,0.8415,,,45.65467327824284
2019-01-01,2019,20,5,APH,AMPHENOL CORP,Technology,93.7,2.83850163996,34.89384288747346,21.8033809511,24.7101681859,15.85,0.8415,,,10.183674701573462
2019-01-01,2019,20,6,SRLP,SPRAGUE RESOURCES LP,Energy,92.6,0.196830772866,34.98498498498499,21.8033809511,24.7101681859,15.85,0.8415,,,10.274816799084991
2019-01-01,2019,20,7,MNST,MONSTER BEVERAGE CORP,Consumer Staples,92.4,6.804215633705,29.110117838277127,21.8033809511,24.7101681859,15.85,0.8415,,,4.399949652377128
2019-01-01,2019,20,8,MPT,MEDICAL PROPERTIES TRUST INC,Real Estate,91.7,3.34286138284,38.52620087336245,21.8033809511,24.7101681859,15.85,0.8415,,,13.81603268746245
2019-01-01,2019,20,9,MU,MICRON TECHNOLOGY INC,Technology,91.4,34.680704083224,69.49185415050425,21.8033809511,24.7101681859,15.85,0.8415,,,44.78168596460425
2019-01-01,2019,20,10,JHG,JANUS HENDERSON GROUP PLC,Financials,90.7,2.844022053612,25.939377007962005,21.8033809511,24.7101681859,15.85,0.8415,,,1.2292088220620059
2019-01-01,2019,20,11,LGND,LIGAND PHARMACEUTICALS INC,Healthcare,90.6,2.8841306182,-23.146647015475295,21.8033809511,24.7101681859,15.85,0.8415,,,-47.8568152013753
2019-01-01,2019,20,12,CVI,CVR ENERGY INC,Energy,90.4,1.923049828271,25.369857284750896,21.8033809511,24.7101681859,15.85,0.8415,,,0.6596890988508974
2019-01-01,2019,20,13,FTNT,FORTINET INC,Technology,90.4,2.39983470763,51.58313218798807,21.8033809511,24.7101681859,15.85,0.8415,,,26.87296400208807
2019-01-01,2019,20,14,SBRA,SABRA HEALTH CARE REIT INC,Real Estate,90.1,1.58851912725,41.077441077441065,21.8033809511,24.7101681859,15.85,0.8415,,,16.367272891541067
2019-01-01,2019,20,15,LYB,LYONDELLBASELL INDUSTRIES NV,Materials,89.8,16.79192977592,40.35139828184975,21.8033809511,24.7101681859,15.85,0.8415,,,15.641230095949748
2019-01-01,2019,20,16,DCH,DAUCH CORP,Consumer Disc,89.3,1.2398877710999998,-3.063063063063065,21.8033809511,24.7101681859,15.85,0.8415,,,-27.773231248963064
2019-01-01,2019,20,17,SUPN,SUPERNUS PHARMACEUTICALS INC,Healthcare,89.3,1.73597797186,-28.597230583985557,21.8033809511,24.7101681859,15.85,0.8415,,,-53.30739876988555
2019-01-01,2019,20,18,DECK,DECKERS OUTDOOR CORP,Consumer Disc,89.1,0.621031106925,31.97186400937868,21.8033809511,24.7101681859,15.85,0.8415,,,7.261695823478682
2019-01-01,2019,20,19,ONTO,ONTO INNOVATION INC,Technology,88.5,0.6618113094599999,33.69923161361142,21.8033809511,24.7101681859,15.85,0.8415,,,8.989063427711418
2019-01-01,2019,20,20,UTHR,UNITED THERAPEUTICS CORP,Healthcare,88.4,4.7466436841999995,-19.118457300275495,21.8033809511,24.7101681859,15.85,0.8415,,,-43.8286254861755
2019-01-01,2019,20,21,UIS,UNISYS CORP,Technology,88.3,0.59341612126,1.9776440240756532,21.8033809511,24.7101681859,15.85,0.8415,,,-22.732524161824344
2019-01-01,2019,20,22,HPQ,HP INC,Technology,88.0,24.305975056522,3.854020196855412,21.8033809511,24.7101681859,15.85,0.8415,,,-20.856147989044587
2019-01-01,2019,20,23,TTEK,TETRA TECH INC,Industrials,87.7,0.5435443835910001,67.76657500763822,21.8033809511,24.7101681859,15.85,0.8415,,,43.05640682173822
2019-01-01,2019,20,24,LPX,LOUISIANA-PACIFIC CORP,Materials,87.6,2.782486839701,36.399614389365254,21.8033809511,24.7101681859,15.85,0.8415,,,11.689446203465256
2019-01-01,2019,20,25,ALEX,ALEXANDER & BALDWIN INC,Real Estate,87.6,1.000384516901,17.495860033119737,21.8033809511,24.7101681859,15.85,0.8415,,,-7.214308152780262
2019-01-01,2019,20,26,CMCSA,COMCAST CORP,Communication Svcs,87.5,53.208719895350995,34.0428831763018,21.8033809511,24.7101681859,15.85,0.8415,,,9.3327149904018
2019-01-01,2019,20,27,AAWW,ATLAS AIR WORLDWIDE HOLDINGS INC,Industrials,87.3,1.07965446167,-34.652761317847826,21.8033809511,24.7101681859,15.85,0.8415,,,-59.36292950374782
2019-01-01,2019,20,28,ANET,ARISTA NETWORKS INC,Technology,87.3,0.9933021137,-3.462677500189848,21.8033809511,24.7101681859,15.85,0.8415,,,-28.172845686089847
2019-01-01,2019,20,29,MAN,MANPOWERGROUP INC,Industrials,87.2,3.096645082836,53.54219080707641,21.8033809511,24.7101681859,15.85,0.8415,,,28.83202262117641
2019-01-01,2019,20,30,ABBV,ABBVIE INC,Healthcare,87.1,99.950662280169,1.495929086339487,21.8033809511,24.7101681859,15.85,0.8415,,,-23.214239099560512
2019-01-01,2019,20,31,ESIO,ELECTRO SCIENTIFIC INDUSTRIES INC,Industrials,87.0,1.02752436836,,21.8033809511,24.7101681859,15.85,0.8415,,,
2019-01-01,2019,20,32,WLKP,WESTLAKE CHEMICAL PARTNERS LP,Materials,86.7,0.411315217105,18.48686789494316,21.8033809511,24.7101681859,15.85,0.8415,,,-6.223300290956839
2019-01-01,2019,20,33,BKE,BUCKLE INC,Consumer Disc,86.5,0.4297896048,55.531478102189766,21.8033809511,24.7101681859,15.85,0.8415,,,30.821309916289767
2019-01-01,2019,20,34,RTX,RTX CORP,Industrials,86.5,41.93072193814899,43.80217387151617,21.8033809511,24.7101681859,15.85,0.8415,,,19.09200568561617
2019-01-01,2019,20,35,AEIS,ADVANCED ENERGY INDUSTRIES INC,Technology,86.0,1.6189651204650002,65.85122316525212,21.8033809511,24.7101681859,15.85,0.8415,,,41.14105497935212
2019-01-01,2019,20,36,CORT,CORCEPT THERAPEUTICS INC,Healthcare,85.9,1.54270322128,-9.431137724550895,21.8033809511,24.7101681859,15.85,0.8415,,,-34.141305910450896
2019-01-01,2019,20,37,LGIH,LGI HOMES INC,Industrials,85.8,1.02726708112,56.23617868199913,21.8033809511,24.7101681859,15.85,0.8415,,,31.52601049609913
2019-01-01,2019,20,38,WM,WASTE MANAGEMENT INC,Utilities,85.7,33.503628422741,30.45187890510672,21.8033809511,24.7101681859,15.85,0.8415,,,5.741710719206722
2019-01-01,2019,20,39,RFP,RESOLUTE FOREST PRODUCTS INC,Materials,85.5,0.6624964384900001,-47.03395608891313,21.8033809511,24.7101681859,15.85,0.8415,,,-71.74412427481313
2019-01-01,2019,20,40,PMT,PENNYMAC MORTGAGE INVESTMENT TRUST,Real Estate,85.4,0.48425922258,30.358716173694145,21.8033809511,24.7101681859,15.85,0.8415,,,5.648547987794146
2019-01-01,2019,20,41,CSGP,COSTAR GROUP INC,Technology,85.4,1.228585094658,77.35815497717435,21.8033809511,24.7101681859,15.85,0.8415,,,52.64798679127435
2019-01-01,2019,20,42,AIV,APARTMENT INVESTMENT & MANAGEMENT CO,Real Estate,85.4,0.33385690767,21.35198135198135,21.8033809511,24.7101681859,15.85,0.8415,,,-3.358186833918648
2019-01-01,2019,20,43,EXEL,EXELIXIS INC,Healthcare,85.3,5.880998265450001,-10.421962379257756,21.8033809511,24.7101681859,15.85,0.8415,,,-35.13213056515775
2019-01-01,2019,20,44,PENN,PENN ENTERTAINMENT INC,Consumer Disc,85.2,2.23805691711,35.740839086564,21.8033809511,24.7101681859,15.85,0.8415,,,11.030670900664003
2019-01-01,2019,20,45,SEDG,SOLAREDGE TECHNOLOGIES INC,Technology,85.2,1.6058799315,170.9116809116809,21.8033809511,24.7101681859,15.85,0.8415,,,146.2015127257809
2019-01-01,2019,20,46,TECD,TECH DATA CORP,Industrials,85.2,3.05296561836,75.52866397750886,21.8033809511,24.7101681859,15.85,0.8415,,,50.81849579160885
2019-01-01,2019,20,47,NTAP,NETAPP INC,Technology,85.2,12.25173319168,7.444490131578951,21.8033809511,24.7101681859,15.85,0.8415,,,-17.265678054321047
2019-01-01,2019,20,48,TPH,TRI POINTE HOMES INC,Industrials,85.2,1.55427128109,42.543458371454726,21.8033809511,24.7101681859,15.85,0.8415,,,17.833290185554727
2019-01-01,2019,20,49,SM,SM ENERGY CO,Energy,85.1,1.543757110266,-26.69620804881593,21.8033809511,24.7101681859,15.85,0.8415,,,-51.40637623471593
2019-01-01,2019,20,50,RYAM,RAYONIER ADVANCED MATERIALS INC,Materials,84.8,0.535323041736,-63.37275848912629,21.8033809511,24.7101681859,15.85,0.8415,,,-88.08292667502629
2019-01-01,2019,20,51,KLIC,KULICKE & SOFFA INDUSTRIES INC,Technology,84.6,1.202310965737,36.94061120733001,21.8033809511,24.7101681859,15.85,0.8415,,,12.230443021430009
2019-01-01,2019,20,52,GMS,GMS INC,Industrials,84.6,0.61196205324,82.23418573351277,21.8033809511,24.7101681859,15.85,0.8415,,,57.52401754761277
2019-01-01,2019,20,53,URI,UNITED RENTALS INC,Industrials,84.1,8.00361225207,62.653898768809825,21.8033809511,24.7101681859,15.85,0.8415,,,37.94373058290982
2019-01-01,2019,20,54,NBL,NOBLE ENERGY INC,Energy,83.7,8.722266021,35.29347048792564,21.8033809511,24.7101681859,15.85,0.8415,,,10.58330230202564
2019-01-01,2019,20,55,HURC,HURCO COMPANIES INC,Industrials,83.7,0.214363082772,9.209124522153278,21.8033809511,24.7101681859,15.85,0.8415,,,-15.50104366374672
2019-01-01,2019,20,56,UGI,UGI CORP,Utilities,83.7,6.7904472195,-13.256528417818746,21.8033809511,24.7101681859,15.85,0.8415,,,-37.966696603718745
2019-01-01,2019,20,57,CMI,CUMMINS INC,Industrials,83.6,17.735922651986,38.080969021020785,21.8033809511,24.7101681859,15.85,0.8415,,,13.370800835120786
2019-01-01,2019,20,58,KBH,KB HOME,Industrials,83.5,1.498440543384,82.36890225918718,21.8033809511,24.7101681859,15.85,0.8415,,,57.65873407328718
2019-01-01,2019,20,59,CIO,CITY OFFICE REIT INC,Real Estate,83.5,0.247466808834,42.553531479705974,21.8033809511,24.7101681859,15.85,0.8415,,,17.843363293805975
2019-01-01,2019,20,60,ODFL,OLD DOMINION FREIGHT LINE INC,Industrials,83.4,3.2461347576599997,54.364359826735175,21.8033809511,24.7101681859,15.85,0.8415,,,29.654191640835176
2019-01-01,2019,20,61,SHLX,SHELL MIDSTREAM PARTNERS LP,Industrials,83.4,2.423210152887,33.79514177519165,21.8033809511,24.7101681859,15.85,0.8415,,,9.084973589291653
2019-01-01,2019,20,62,REGI,RENEWABLE ENERGY GROUP INC,Materials,83.4,0.9586023928,4.863813229571989,21.8033809511,24.7101681859,15.85,0.8415,,,-19.84635495632801
2019-01-01,2019,20,63,CSX,CSX CORP,Industrials,83.2,15.776305604563,18.03778836375316,21.8033809511,24.7101681859,15.85,0.8415,,,-6.672379822146837
2019-01-01,2019,20,64,CME,CME GROUP INC,Financials,83.2,9.491978883107,9.673591754488186,21.8033809511,24.7101681859,15.85,0.8415,,,-15.036576431411813
2019-01-01,2019,20,65,RGNX,REGENXBIO INC,Healthcare,83.0,1.50350306005,-2.3361144219308794,21.8033809511,24.7101681859,15.85,0.8415,,,-27.04628260783088
2019-01-01,2019,20,66,ISRG,INTUITIVE SURGICAL INC,Healthcare,82.9,18.23093014496,23.433976447005776,21.8033809511,24.7101681859,15.85,0.8415,,,-1.276191738894223
2019-01-01,2019,20,67,HEI,HEICO CORP,Industrials,82.6,2.065382668058,47.541133097976896,21.8033809511,24.7101681859,15.85,0.8415,,,22.830964912076897
2019-01-01,2019,20,68,TECH,BIO-TECHNE CORP,Healthcare,82.6,1.31591031566,52.66903914590746,21.8033809511,24.7101681859,15.85,0.8415,,,27.958870960007463
2019-01-01,2019,20,69,AMZN,AMAZON COM INC,Consumer Disc,82.3,36.72105499417201,23.02693777546969,21.8033809511,24.7101681859,15.85,0.8415,,,-1.6832304104303084
2019-01-01,2019,20,70,ENTA,ENANTA PHARMACEUTICALS INC,Healthcare,82.3,1.37579830767,-12.77707186220528,21.8033809511,24.7101681859,15.85,0.8415,,,-37.48724004810528
2019-01-01,2019,20,71,UTMD,UTAH MEDICAL PRODUCTS INC,Healthcare,82.2,0.273044704,31.44146608315097,21.8033809511,24.7101681859,15.85,0.8415,,,6.731297897250972
2019-01-01,2019,20,72,KRO,KRONOS WORLDWIDE INC,Materials,82.2,0.888316597472,22.92536534446763,21.8033809511,24.7101681859,15.85,0.8415,,,-1.78480284143237
2019-01-01,2019,20,73,AWK,AMERICAN WATER WORKS COMPANY INC,Utilities,82.2,14.083816351296,37.77954452195323,21.8033809511,24.7101681859,15.85,0.8415,,,13.069376336053228
2019-01-01,2019,20,74,ORCL,ORACLE CORP,Technology,82.1,144.672913809,19.33219220560145,21.8033809511,24.7101681859,15.85,0.8415,,,-5.377975980298547
2019-01-01,2019,20,75,AOS,SMITH A O CORP,Consumer Disc,82.1,2.787171714964,13.607586338070266,21.8033809511,24.7101681859,15.85,0.8415,,,-11.102581847829732
2019-01-01,2019,20,76,PETS,PETMED EXPRESS INC,Consumer Disc,81.9,0.376782210225,6.694101508916317,21.8033809511,24.7101681859,15.85,0.8415,,,-18.016066676983684
2019-01-01,2019,20,77,BBY,BEST BUY CO INC,Consumer Disc,81.9,10.586186622891,70.50763873001347,21.8033809511,24.7101681859,15.85,0.8415,,,45.797470544113466
2019-01-01,2019,20,78,RRD,RR DONNELLEY & SONS CO,Communication Svcs,81.6,0.2652672,3.795116772823781,21.8033809511,24.7101681859,15.85,0.8415,,,-20.915051413076217
2019-01-01,2019,20,79,EBIXQ,EBIX INC,Technology,81.3,1.27723001196,-20.94013955196474,21.8033809511,24.7101681859,15.85,0.8415,,,-45.650307737864736
2019-01-01,2019,20,80,FF,FUTUREFUEL CORP,Materials,81.3,0.2357760797699999,-20.29684601113172,21.8033809511,24.7101681859,15.85,0.8415,,,-45.00701419703172
2019-01-01,2019,20,81,LUV,SOUTHWEST AIRLINES CO,Industrials,81.1,23.578640015744,17.71916436134695,21.8033809511,24.7101681859,15.85,0.8415,,,-6.991003824553047
2019-01-01,2019,20,82,HOUS,ANYWHERE REAL ESTATE INC,Real Estate,81.1,1.6785121745479998,-31.859777558777974,21.8033809511,24.7101681859,15.85,0.8415,,,-56.56994574467797
2019-01-01,2019,20,83,OMC,OMNICOM GROUP INC,Communication Svcs,81.0,12.4665504889,14.357877327964342,21.8033809511,24.7101681859,15.85,0.8415,,,-10.352290857935657
2019-01-01,2019,20,84,CPRT,COPART INC,Consumer Disc,81.0,2.7953149086,90.3306822938468,21.8033809511,24.7101681859,15.85,0.8415,,,65.6205141079468
2019-01-01,2019,20,85,JOE,ST JOE CO,Real Estate,80.9,0.7560948877079999,50.56973198523511,21.8033809511,24.7101681859,15.85,0.8415,,,25.85956379933511
2019-01-01,2019,20,86,CRTO,CRITEO SA,Communication Svcs,80.8,1.5304500992,-23.723591549295776,21.8033809511,24.7101681859,15.85,0.8415,,,-48.43375973519578
2019-01-01,2019,20,87,BERY,BERRY GLOBAL GROUP INC,Materials,80.7,5.4909824,-0.0836280225556596,21.8033809511,24.7101681859,15.85,0.8415,,,-24.79379620845566
2019-01-01,2019,20,88,PAGP,PLAINS GP HOLDINGS LP,Industrials,80.6,1.80201840777,0.2826355767532318,21.8033809511,24.7101681859,15.85,0.8415,,,-24.427532609146766
2019-01-01,2019,20,89,DHC,DIVERSIFIED HEALTHCARE TRUST,Real Estate,80.6,2.1975821285999997,-21.906101254868016,21.8033809511,24.7101681859,15.85,0.8415,,,-46.616269440768015
2019-01-01,2019,20,90,USNA,USANA HEALTH SCIENCES INC,Healthcare,80.3,2.8227633520500004,-33.279537925762334,21.8033809511,24.7101681859,15.85,0.8415,,,-57.98970611166233
2019-01-01,2019,20,91,STWD,STARWOOD PROPERTY TRUST INC,Real Estate,80.2,2.612814283479,36.76889029402464,21.8033809511,24.7101681859,15.85,0.8415,,,12.058722108124638
2019-01-01,2019,20,92,MNKKQ,MALLINCKRODT PLC,Healthcare,80.0,1.316349192,-77.91139240506328,21.8033809511,24.7101681859,15.85,0.8415,,,-102.62156059096328
2019-01-01,2019,20,93,MCRN,MILACRON HOLDINGS CORP,Technology,79.9,0.8408245592800001,,21.8033809511,24.7101681859,15.85,0.8415,,,
2019-01-01,2019,20,94,CAPL,CROSSAMERICA PARTNERS LP,Energy,79.8,0.212382400758,43.75608173856633,21.8033809511,24.7101681859,15.85,0.8415,,,19.04591355266633
2019-01-01,2019,20,95,DOOR,MASONITE INTERNATIONAL CORP,Materials,79.7,1.18891661514,61.075172875306706,21.8033809511,24.7101681859,15.85,0.8415,,,36.3650046894067
2019-01-01,2019,20,96,X,UNITED STATES STEEL CORP,Materials,79.5,3.09599676267,-36.6218150586888,21.8033809511,24.7101681859,15.85,0.8415,,,-61.3319832445888
2019-01-01,2019,20,97,FAST,FASTENAL CO,Consumer Disc,78.9,3.085571586882,45.03674760442831,21.8033809511,24.7101681859,15.85,0.8415,,,20.326579418528308
2019-01-01,2019,20,98,REGN,REGENERON PHARMACEUTICALS INC,Healthcare,78.9,34.76987360259,0.5299011805906417,21.8033809511,24.7101681859,15.85,0.8415,,,-24.180267005309357
2019-01-01,2019,20,99,FCX,FREEPORT-MCMORAN INC,Materials,78.8,13.612222239616,29.52948690653607,21.8033809511,24.7101681859,15.85,0.8415,,,4.819318720636073
2019-01-01,2019,20,100,WU,WESTERN UNION CO,Technology,78.8,4.58748170104,62.83783783783785,21.8033809511,24.7101681859,15.85,0.8415,,,38.12766965193785
2019-01-01,2019,20,101,EBF,ENNIS INC,Communication Svcs,78.7,0.3098544495479999,17.59259259259258,21.8033809511,24.7101681859,15.85,0.8415,,,-7.117575593307418
2019-01-01,2019,20,102,AVA,AVISTA CORP,Utilities,78.6,1.976420544,17.23943100239298,21.8033809511,24.7101681859,15.85,0.8415,,,-7.470737183507019
2019-01-01,2019,20,103,RES,RPC INC,Energy,78.6,1.890437567642,-46.13112146347007,21.8033809511,24.7101681859,15.85,0.8415,,,-70.84128964937007
2019-01-01,2019,20,104,BLDR,BUILDERS FIRSTSOURCE INC,Consumer Disc,78.4,1.25164969545,132.90559120073326,21.8033809511,24.7101681859,15.85,0.8415,,,108.19542301483325
2019-01-01,2019,20,105,CBRE,CBRE GROUP INC,Real Estate,78.3,13.64884729208,53.07192807192806,21.8033809511,24.7101681859,15.85,0.8415,,,28.361759886028064
2019-01-01,2019,20,106,NSIT,INSIGHT ENTERPRISES INC,Consumer Disc,78.3,1.4457965525,72.49079754601229,21.8033809511,24.7101681859,15.85,0.8415,,,47.780629360112286
2019-01-01,2019,20,107,HIBB,HIBBETT INC,Consumer Disc,78.2,0.248630499736,96.08737221445908,21.8033809511,24.7101681859,15.85,0.8415,,,71.37720402855908
2019-01-01,2019,20,108,AMWD,AMERICAN WOODMARK CORP,Materials,77.9,0.96124242624,87.69755747126437,21.8033809511,24.7101681859,15.85,0.8415,,,62.98738928536437
2019-01-01,2019,20,109,SWKS,SKYWORKS SOLUTIONS INC,Technology,77.9,9.885514077585,84.33992421385341,21.8033809511,24.7101681859,15.85,0.8415,,,59.629756027953405
2019-01-01,2019,20,110,EBS,EMERGENT BIOSOLUTIONS INC,Healthcare,77.8,3.0200229196799997,-8.991228070175438,21.8033809511,24.7101681859,15.85,0.8415,,,-33.70139625607544
2019-01-01,2019,20,111,FRPH,FRP HOLDINGS INC,Real Estate,77.7,0.23181043462,8.259074114322985,21.8033809511,24.7101681859,15.85,0.8415,,,-16.451094071577014
2019-01-01,2019,20,112,GILD,GILEAD SCIENCES INC,Healthcare,77.7,61.027798815712,7.881125996269289,21.8033809511,24.7101681859,15.85,0.8415,,,-16.82904218963071
2019-01-01,2019,20,113,PLAB,PHOTRONICS INC,Technology,77.5,0.64844129416,62.809917355371915,21.8033809511,24.7101681859,15.85,0.8415,,,38.09974916947192
2019-01-01,2019,20,114,LVS,LAS VEGAS SANDS CORP,Consumer Disc,77.4,35.719105271322,39.43754661518888,21.8033809511,24.7101681859,15.85,0.8415,,,14.72737842928888
2019-01-01,2019,20,115,SHOE,SHOE STATION GROUP INC,Consumer Disc,77.3,0.226127621629,12.388232885127316,21.8033809511,24.7101681859,15.85,0.8415,,,-12.321935300772683
2019-01-01,2019,20,116,CETV,CENTRAL EUROPEAN MEDIA ENTERPRISES LTD,Communication Svcs,77.2,0.70293288012,62.94964028776982,21.8033809511,24.7101681859,15.85,0.8415,,,38.23947210186982
2019-01-01,2019,20,117,AMGN,AMGEN INC,Healthcare,77.1,98.068678870844,27.62100311239042,21.8033809511,24.7101681859,15.85,0.8415,,,2.91083492649042
2019-01-01,2019,20,118,HCRSQ,HI-CRUSH INC,Materials,77.0,0.36110050554,-75.33519553072625,21.8033809511,24.7101681859,15.85,0.8415,,,-100.04536371662626
2019-01-01,2019,20,119,CAH,CARDINAL HEALTH INC,Consumer Staples,76.8,10.835232202642,17.9915857783155,21.8033809511,24.7101681859,15.85,0.8415,,,-6.718582407584499
2019-01-01,2019,20,120,GM,GENERAL MOTORS CO,Consumer Disc,76.8,42.981474835749,14.011755820444629,21.8033809511,24.7101681859,15.85,0.8415,,,-10.69841236545537
2019-01-01,2019,20,121,STLD,STEEL DYNAMICS INC,Materials,76.6,5.928415788675999,16.75830558352047,21.8033809511,24.7101681859,15.85,0.8415,,,-7.951862602379528
2019-01-01,2019,20,122,WEN,WENDY'S CO,Consumer Disc,76.6,2.768294191928,45.338693123503226,21.8033809511,24.7101681859,15.85,0.8415,,,20.628524937603228
2019-01-01,2019,20,123,LFVN,LIFEVANTAGE CORP,Healthcare,76.5,0.157831576176,18.343459614010005,21.8033809511,24.7101681859,15.85,0.8415,,,-6.366708571889994
2019-01-01,2019,20,124,CULP,CULP INC,Unclassified,76.3,0.210389522952,-26.7129794561216,21.8033809511,24.7101681859,15.85,0.8415,,,-51.423147642021604
2019-01-01,2019,20,125,HCC,WARRIOR MET COAL INC,Materials,76.2,0.96786964824,1.9840837239725408,21.8033809511,24.7101681859,15.85,0.8415,,,-22.726084461927456
2019-01-01,2019,20,126,JBSS,SANFILIPPO JOHN B & SON INC,Consumer Staples,76.2,0.32040491454,73.47983676779964,21.8033809511,24.7101681859,15.85,0.8415,,,48.76966858189964
2019-01-01,2019,20,127,APU,AMERIGAS PARTNERS LP,Consumer Disc,75.9,2.156231276752,,21.8033809511,24.7101681859,15.85,0.8415,,,
2019-01-01,2019,20,128,PCH,POTLATCHDELTIC CORP,Real Estate,75.9,1.384868115576,42.586550661591446,21.8033809511,24.7101681859,15.85,0.8415,,,17.876382475691447
2019-01-01,2019,20,129,TDS,TELEPHONE & DATA SYSTEMS INC,Communication Svcs,75.8,1.2909559199039995,-19.983009615013316,21.8033809511,24.7101681859,15.85,0.8415,,,-44.69317780091332
2019-01-01,2019,20,130,IBKR,INTERACTIVE BROKERS GROUP INC,Financials,75.7,0.550447339134,-14.017185821697096,21.8033809511,24.7101681859,15.85,0.8415,,,-38.72735400759709
2019-01-01,2019,20,131,WSM,WILLIAMS SONOMA INC,Consumer Disc,75.5,1.7179680305079998,50.13297251901272,21.8033809511,24.7101681859,15.85,0.8415,,,25.42280433311272
2019-01-01,2019,20,132,ANIK,ANIKA THERAPEUTICS INC,Healthcare,75.4,0.47764706977,54.2695626301696,21.8033809511,24.7101681859,15.85,0.8415,,,29.559394444269603
2019-01-01,2019,20,133,HAL,HALLIBURTON CO,Energy,75.4,19.910779647288003,-4.949841605068639,21.8033809511,24.7101681859,15.85,0.8415,,,-29.660009790968637
2019-01-01,2019,20,134,TVTY,TIVITY HEALTH INC,Healthcare,75.3,0.9986012595,-17.996775493752516,21.8033809511,24.7101681859,15.85,0.8415,,,-42.70694367965251
2019-01-01,2019,20,135,PM,PHILIP MORRIS INTERNATIONAL INC,Consumer Staples,75.2,70.751046306213,34.96803111198999,21.8033809511,24.7101681859,15.85,0.8415,,,10.257862926089988
2019-01-01,2019,20,136,CPS,COOPER-STANDARD HOLDINGS INC,Consumer Disc,75.1,1.10416243828,-46.61944623309723,21.8033809511,24.7101681859,15.85,0.8415,,,-71.32961441899722
2019-01-01,2019,20,137,ENVA,ENOVA INTERNATIONAL INC,Financials,74.5,0.6669873161000001,23.638232271325776,21.8033809511,24.7101681859,15.85,0.8415,,,-1.0719359145742224
2019-01-01,2019,20,138,GL,GLOBE LIFE INC,Financials,74.4,7.789424043504999,42.33980095940433,21.8033809511,24.7101681859,15.85,0.8415,,,17.62963277350433
2019-01-01,2019,20,139,EPR,EPR PROPERTIES,Real Estate,74.0,2.9891474661,17.132554091022122,21.8033809511,24.7101681859,15.85,0.8415,,,-7.577614094877877
2019-01-01,2019,20,140,WY,WEYERHAEUSER CO,Real Estate,73.9,12.24942044145,45.590214067278254,21.8033809511,24.7101681859,15.85,0.8415,,,20.880045881378255
2019-01-01,2019,20,141,ORI,OLD REPUBLIC INTERNATIONAL CORP,Financials,73.5,3.45799977495,17.77524943112201,21.8033809511,24.7101681859,15.85,0.8415,,,-6.934918754777989
2019-01-01,2019,20,142,BHR,BRAEMAR HOTELS & RESORTS INC,Real Estate,73.5,0.214871999661,7.0509910727795555,21.8033809511,24.7101681859,15.85,0.8415,,,-17.659177113120442
2019-01-01,2019,20,143,HF1,HFF INC,Real Estate,73.4,1.2446948259,,21.8033809511,24.7101681859,15.85,0.8415,,,
2019-01-01,2019,20,144,VGR,VECTOR GROUP LTD,Consumer Staples,73.4,0.570422470816,66.15612648221342,21.8033809511,24.7101681859,15.85,0.8415,,,41.44595829631342
2019-01-01,2019,20,145,SPG,SIMON PROPERTY GROUP INC,Real Estate,73.3,31.621227919677,-6.746284168182271,21.8033809511,24.7101681859,15.85,0.8415,,,-31.45645235408227
2019-01-01,2019,20,146,ARLP,ALLIANCE RESOURCE PARTNERS LP,Energy,73.3,1.095332997066,-28.84478250534822,21.8033809511,24.7101681859,15.85,0.8415,,,-53.55495069124822
2019-01-01,2019,20,147,JLL,JONES LANG LASALLE INC,Real Estate,73.3,5.735325829919001,38.31266336688728,21.8033809511,24.7101681859,15.85,0.8415,,,13.60249518098728
2019-01-01,2019,20,148,IVZ,INVESCO LTD,Financials,73.2,4.8048145661329995,14.990154952486968,21.8033809511,24.7101681859,15.85,0.8415,,,-9.720013233413031
2019-01-01,2019,20,149,DK,DELEK US HOLDINGS INC,Energy,73.0,2.0537911266060003,6.591652701300754,21.8033809511,24.7101681859,15.85,0.8415,,,-18.118515484599243
2019-01-01,2019,20,150,UVE,UNIVERSAL INSURANCE HOLDINGS INC,Financials,73.0,0.968295898608,-24.226022948690183,21.8033809511,24.7101681859,15.85,0.8415,,,-48.93619113459018
2019-01-01,2019,20,151,LTC,LTC PROPERTIES INC,Real Estate,72.9,1.032582118006,12.789000691297336,21.8033809511,24.7101681859,15.85,0.8415,,,-11.921167494602663
2019-01-01,2019,20,152,NUS,NU SKIN ENTERPRISES INC,Consumer Staples,72.8,2.53283933847,-31.0050521337203,21.8033809511,24.7101681859,15.85,0.8415,,,-55.7152203196203
2019-01-01,2019,20,153,AD,ARRAY DIGITAL INFRASTRUCTURE INC,Communication Svcs,72.8,1.250113541908,-30.287439408112935,21.8033809511,24.7101681859,15.85,0.8415,,,-54.99760759401293
2019-01-01,2019,20,154,OPTU,OPTIMUM COMMUNICATIONS INC,Communication Svcs,72.6,11.81345878972,65.49636803874093,21.8033809511,24.7101681859,15.85,0.8415,,,40.78619985284092
2019-01-01,2019,20,155,V,VISA INC,Financials,72.6,58.6131771658,43.32025620496396,21.8033809511,24.7101681859,15.85,0.8415,,,18.610088019063962
2019-01-01,2019,20,156,VZ,VERIZON COMMUNICATIONS INC,Communication Svcs,72.6,150.44666982740998,13.867069486404858,21.8033809511,24.7101681859,15.85,0.8415,,,-10.84309869949514
2019-01-01,2019,20,157,MRO,MARATHON OIL CORP,Energy,72.3,10.953722218052,-3.923503073537216,21.8033809511,24.7101681859,15.85,0.8415,,,-28.633671259437214
2019-01-01,2019,20,158,SO,SOUTHERN CO,Utilities,72.3,33.484153332096,51.61627335299903,21.8033809511,24.7101681859,15.85,0.8415,,,26.90610516709903
2019-01-01,2019,20,159,VLGEA,VILLAGE SUPER MARKET INC,Consumer Staples,72.1,0.2763274711419999,-8.958813508367559,21.8033809511,24.7101681859,15.85,0.8415,,,-33.66898169426756
2019-01-01,2019,20,160,TREX,TREX CO INC,Materials,72.1,1.7438258432,51.415094339622634,21.8033809511,24.7101681859,15.85,0.8415,,,26.704926153722635
2019-01-01,2019,20,161,LAZ,LAZARD INC,Financials,72.1,3.227671981443,15.25750814135809,21.8033809511,24.7101681859,15.85,0.8415,,,-9.45266004454191
2019-01-01,2019,20,162,TSEOF,TRINSEO PLC,Materials,72.0,1.603066439243,-15.628712479210115,21.8033809511,24.7101681859,15.85,0.8415,,,-40.33888066511011
2019-01-01,2019,20,163,XEC,CIMAREX ENERGY CO,Energy,71.9,5.570684389526999,-13.573255075597658,21.8033809511,24.7101681859,15.85,0.8415,,,-38.28342326149766
2019-01-01,2019,20,164,NDAQ,NASDAQ INC,Financials,71.7,3.98825465745,33.866392600205565,21.8033809511,24.7101681859,15.85,0.8415,,,9.156224414305566
2019-01-01,2019,20,165,LPLA,LPL FINANCIAL HOLDINGS INC,Financials,71.6,5.012731522213,52.97272051064714,21.8033809511,24.7101681859,15.85,0.8415,,,28.262552324747144
2019-01-01,2019,20,166,EOG,EOG RESOURCES INC,Energy,71.6,37.139890260845,-2.8089624482785513,21.8033809511,24.7101681859,15.85,0.8415,,,-27.519130634178552
2019-01-01,2019,20,167,MERC,MERCER INTERNATIONAL INC,Materials,71.3,0.536088056742,22.68304548771589,21.8033809511,24.7101681859,15.85,0.8415,,,-2.027122698184108
2019-01-01,2019,20,168,PFG,PRINCIPAL FINANCIAL GROUP INC,Financials,71.2,9.280593595028,29.898133463462266,21.8033809511,24.7101681859,15.85,0.8415,,,5.187965277562267
2019-01-01,2019,20,169,MO,ALTRIA GROUP INC,Consumer Staples,71.2,52.10593118813,7.955283086909493,21.8033809511,24.7101681859,15.85,0.8415,,,-16.754885098990506
2019-01-01,2019,20,170,PEP,PEPSICO INC,Consumer Staples,70.3,123.757812832,27.368433058831563,21.8033809511,24.7101681859,15.85,0.8415,,,2.6582648729315643
2019-01-01,2019,20,171,ESNT,ESSENT GROUP LTD,Financials,70.3,2.920523738584,53.00581336738466,21.8033809511,24.7101681859,15.85,0.8415,,,28.295645181484662
2019-01-01,2019,20,172,ORA,ORMAT TECHNOLOGIES INC,Utilities,70.0,2.52835605792,43.45238095238096,21.8033809511,24.7101681859,15.85,0.8415,,,18.742212766480964
2019-01-01,2019,20,173,AFG,AMERICAN FINANCIAL GROUP INC,Financials,69.8,4.256930563185,27.072020127896003,21.8033809511,24.7101681859,15.85,0.8415,,,2.3618519419960045
2019-01-01,2019,20,174,PRI,PRIMERICA INC,Financials,69.8,3.766748770124999,35.10287831290968,21.8033809511,24.7101681859,15.85,0.8415,,,10.392710127009682
2019-01-01,2019,20,175,XEL,XCEL ENERGY INC,Utilities,69.5,20.190145163584,32.36027690115036,21.8033809511,24.7101681859,15.85,0.8415,,,7.650108715250358
2019-01-01,2019,20,176,NEX,NEXTIER OILFIELD SOLUTIONS INC,Energy,69.5,0.86437427686,-18.09290953545232,21.8033809511,24.7101681859,15.85,0.8415,,,-42.803077721352324
2019-01-01,2019,20,177,AMP,AMERIPRISE FINANCIAL INC,Financials,69.4,12.649516607415,63.982990162056154,21.8033809511,24.7101681859,15.85,0.8415,,,39.27282197615615
2019-01-01,2019,20,178,T,AT&T INC,Communication Svcs,69.3,99.85416,45.61953352769679,21.8033809511,24.7101681859,15.85,0.8415,,,20.90936534179679
2019-01-01,2019,20,179,WDR,WADDELL & REED FINANCIAL INC,Financials,69.3,1.22333821896,-1.8245838668373815,21.8033809511,24.7101681859,15.85,0.8415,,,-26.53475205273738
2019-01-01,2019,20,180,ENFY,ENLIGHTIFY INC,Materials,69.1,0.23299270055,-53.08848080133556,21.8033809511,24.7101681859,15.85,0.8415,,,-77.79864898723555
2019-01-01,2019,20,181,ED,CONSOLIDATED EDISON INC,Utilities,69.1,18.033959859731997,22.54744512942719,21.8033809511,24.7101681859,15.85,0.8415,,,-2.16272305647281
2019-01-01,2019,20,182,HCCI,HERITAGE-CRYSTAL CLEAN INC,Utilities,69.1,0.53038300809,36.33202955236854,21.8033809511,24.7101681859,15.85,0.8415,,,11.62186136646854
2019-01-01,2019,20,183,ALL,ALLSTATE CORP,Financials,69.0,23.80922747148,38.81430472773566,21.8033809511,24.7101681859,15.85,0.8415,,,14.104136541835661
2019-01-01,2019,20,184,OTTR,OTTER TAIL CORP,Utilities,68.9,1.598217171012,6.261633534360822,21.8033809511,24.7101681859,15.85,0.8415,,,-18.448534651539177
2019-01-01,2019,20,185,VVV,VALVOLINE INC,Unclassified,68.7,3.374897164032,13.024085637823358,21.8033809511,24.7101681859,15.85,0.8415,,,-11.68608254807664
2019-01-01,2019,20,186,WTI,W&T OFFSHORE INC,Energy,67.5,0.5435347349880001,34.971838197644644,21.8033809511,24.7101681859,15.85,0.8415,,,10.261670011744645
2019-01-01,2019,20,187,SRCI,SRC ENERGY INC,Energy,67.5,1.1402238963,-12.340425531914889,21.8033809511,24.7101681859,15.85,0.8415,,,-37.05059371781489
2019-01-01,2019,20,188,APC1,ANADARKO PETROLEUM CORP,Energy,67.4,21.863602787112,,21.8033809511,24.7101681859,15.85,0.8415,,,
2019-01-01,2019,20,189,IPG,INTERPUBLIC GROUP OF COMPANIES INC,Communication Svcs,67.2,5.975128419,16.936832625755827,21.8033809511,24.7101681859,15.85,0.8415,,,-7.773335560144172
2019-01-01,2019,20,190,MED,MEDIFAST INC,Consumer Staples,66.9,1.231960759224,-9.72378695466377,21.8033809511,24.7101681859,15.85,0.8415,,,-34.43395514056377
2019-01-01,2019,20,191,ACCO,ACCO BRANDS CORP,Communication Svcs,65.0,0.4672599054599999,41.93051890941073,21.8033809511,24.7101681859,15.85,0.8415,,,17.22035072351073
2019-01-01,2019,20,192,ADSW,ADVANCED DISPOSAL SERVICES INC,Utilities,64.7,2.1225530781,37.30158730158728,21.8033809511,24.7101681859,15.85,0.8415,,,12.591419115687284
2019-01-01,2019,20,193,PME,PINGTAN MARINE ENTERPRISE LTD,Consumer Staples,64.7,0.2015903851499999,-50.98039215686274,21.8033809511,24.7101681859,15.85,0.8415,,,-75.69056034276274
2019-01-01,2019,20,194,CQP,CHENIERE ENERGY PARTNERS LP,Energy,64.6,1.237640661184,16.635151962366823,21.8033809511,24.7101681859,15.85,0.8415,,,-8.075016223533176
2019-01-01,2019,20,195,RSG,REPUBLIC SERVICES INC,Utilities,64.6,20.991276397440004,26.607291956582245,21.8033809511,24.7101681859,15.85,0.8415,,,1.8971237706822457
2019-01-01,2019,20,196,LGF.B,LIONS GATE ENTERTAINMENT CORP,Communication Svcs,64.5,2.20719425136,-33.26612903225807,21.8033809511,24.7101681859,15.85,0.8415,,,-57.97629721815807
2019-01-01,2019,20,197,DLX,DELUXE CORP,Communication Svcs,63.6,1.2195787414530002,33.3029578160003,21.8033809511,24.7101681859,15.85,0.8415,,,8.592789630100302
2019-01-01,2019,20,198,MTDR,MATADOR RESOURCES CO,Energy,63.0,1.656941829138,15.712981815628746,21.8033809511,24.7101681859,15.85,0.8415,,,-8.997186370271253
2019-01-01,2019,20,199,ISRL1,ISRAMCO INC,Energy,62.8,0.322041288,,21.8033809511,24.7101681859,15.85,0.8415,,,
2019-01-01,2019,20,200,CJ,C&J ENERGY SERVICES INC,Energy,62.7,0.731225177109,,21.8033809511,24.7101681859,15.85,0.8415,,,
2019-01-01,2019,20,201,HLF,HERBALIFE LTD,Consumer Staples,62.4,9.2031889941,-19.13486005089059,21.8033809511,24.7101681859,15.85,0.8415,,,-43.84502823679059
2019-01-01,2019,20,202,NVRI1,ENVIRI CORP,Unclassified,62.2,1.59502092654,15.861027190332331,21.8033809511,24.7101681859,15.85,0.8415,,,-8.849140995567668
2019-01-01,2019,20,203,XIFR,XPLR INFRASTRUCTURE LP,Utilities,62.1,1.6597414501760002,27.608666306695472,21.8033809511,24.7101681859,15.85,0.8415,,,2.898498120795473
2019-01-01,2019,20,204,CCOI,COGENT COMMUNICATIONS HOLDINGS INC,Communication Svcs,61.3,1.4508518126199998,51.8898142216528,21.8033809511,24.7101681859,15.85,0.8415,,,27.1796460357528
2019-01-01,2019,20,205,COR,CENCORA INC,Consumer Staples,61.0,14.300424373668,16.453257454502346,21.8033809511,24.7101681859,15.85,0.8415,,,-8.256910731397653
2019-01-01,2019,20,206,PPC,PILGRIMS PRIDE CORP,Consumer Staples,61.0,3.2910263506620003,110.93206233923438,21.8033809511,24.7101681859,15.85,0.8415,,,86.22189415333438
2019-01-01,2019,20,207,NGVC,NATURAL GROCERS BY VITAMIN COTTAGE INC,Consumer Staples,60.7,0.24347158663,-35.13289800423066,21.8033809511,24.7101681859,15.85,0.8415,,,-59.843066190130656
2019-01-01,2019,20,208,LKSDQ,LSC COMMUNICATIONS INC,Communication Svcs,60.4,0.216645060014,-96.831744078745,21.8033809511,24.7101681859,15.85,0.8415,,,-121.541912264645
2019-01-01,2019,20,209,BKH,BLACK HILLS CORP,Utilities,60.2,2.81814741918,28.58541360744005,21.8033809511,24.7101681859,15.85,0.8415,,,3.8752454215400505
2019-01-01,2019,20,210,NPO,ENPRO INC,Unclassified,59.9,1.145495027259,13.066463889341517,21.8033809511,24.7101681859,15.85,0.8415,,,-11.643704296558482
2019-01-01,2019,20,211,CAG,CONAGRA BRANDS INC,Consumer Staples,59.7,5.969724991376999,65.52267209134457,21.8033809511,24.7101681859,15.85,0.8415,,,40.81250390544457
2019-01-01,2019,20,212,WLY,JOHN WILEY & SONS INC,Communication Svcs,59.1,2.2297763761929996,6.397618982606579,21.8033809511,24.7101681859,15.85,0.8415,,,-18.312549203293422
2019-01-01,2019,20,213,MHK,MOHAWK INDUSTRIES INC,Unclassified,59.0,8.678308607199998,16.603967168262646,21.8033809511,24.7101681859,15.85,0.8415,,,-8.106201017637353
2019-01-01,2019,20,214,OGE,OGE ENERGY CORP,Utilities,58.8,5.61367644539,17.526506795701955,21.8033809511,24.7101681859,15.85,0.8415,,,-7.1836613901980435
2019-01-01,2019,20,215,SCHL,SCHOLASTIC CORP,Communication Svcs,58.8,1.048237530011,-2.9993203510534583,21.8033809511,24.7101681859,15.85,0.8415,,,-27.709488536953458
2019-01-01,2019,20,216,ALLE,ALLEGION PLC,Unclassified,58.5,6.840592928532,57.88310822077707,21.8033809511,24.7101681859,15.85,0.8415,,,33.17294003487707
2019-01-01,2019,20,217,EXC,EXELON CORP,Utilities,57.3,24.140431299144,4.282166319500091,21.8033809511,24.7101681859,15.85,0.8415,,,-20.428001866399907
2019-01-01,2019,20,218,CRAI,CRA INTERNATIONAL INC,Unclassified,57.3,0.307883939715,30.385475595316393,21.8033809511,24.7101681859,15.85,0.8415,,,5.675307409416394
2019-01-01,2019,20,219,IDA,IDACORP INC,Utilities,57.0,3.751440784316,17.68846381172424,21.8033809511,24.7101681859,15.85,0.8415,,,-7.0217043741757585
2019-01-01,2019,20,220,NXST,NEXSTAR MEDIA GROUP INC,Communication Svcs,56.7,2.862545258488,51.873864686573825,21.8033809511,24.7101681859,15.85,0.8415,,,27.163696500673826
2019-01-01,2019,20,221,PNW,PINNACLE WEST CAPITAL CORP,Utilities,56.4,6.939641199663,9.029830256633865,21.8033809511,24.7101681859,15.85,0.8415,,,-15.680337929266134
2019-01-01,2019,20,222,TILE,INTERFACE INC,Unclassified,56.2,0.8087641191839999,18.457462466882557,21.8033809511,24.7101681859,15.85,0.8415,,,-6.252705719017442
2019-01-01,2019,20,223,PCYO,PURE CYCLE CORP,Utilities,55.7,0.23597749314,26.787512588116822,21.8033809511,24.7101681859,15.85,0.8415,,,2.0773444022168235
2019-01-01,2019,20,224,WEC,WEC ENERGY GROUP INC,Utilities,55.4,17.063964364131,37.02039533292654,21.8033809511,24.7101681859,15.85,0.8415,,,12.310227147026541
2019-01-01,2019,20,225,INGR,INGREDION INC,Consumer Staples,54.4,5.211154644096,4.642895907956168,21.8033809511,24.7101681859,15.85,0.8415,,,-20.06727227794383
2019-01-01,2019,20,226,DMC,DEL MONTE CORP,Consumer Staples,54.3,1.140076508557,24.317902151313262,21.8033809511,24.7101681859,15.85,0.8415,,,-0.39226603458673637
2019-01-01,2019,20,227,GIS,GENERAL MILLS INC,Consumer Staples,54.3,17.318847069174,43.12245882434016,21.8033809511,24.7101681859,15.85,0.8415,,,18.412290638440158
2019-01-01,2019,20,228,SFM,SPROUTS FARMERS MARKET INC,Consumer Staples,54.2,2.9999661843600003,-17.69459804338579,21.8033809511,24.7101681859,15.85,0.8415,,,-42.404766229285784
2019-01-01,2019,20,229,KWR,QUAKER CHEMICAL CORP,Unclassified,45.7,2.185328912868,-6.662517466303008,21.8033809511,24.7101681859,15.85,0.8415,,,-31.372685652203007
2019-01-01,2019,20,230,MGPI,MGP INGREDIENTS INC,Unclassified,42.2,0.886276535292,-14.48134200616228,21.8033809511,24.7101681859,15.85,0.8415,,,-39.19151019206228
2019-01-01,2019,20,231,UFI,UNIFI INC,Unclassified,42.1,0.41986308348,10.595446584938715,21.8033809511,24.7101681859,15.85,0.8415,,,-14.114721600961284
2019-01-01,2019,20,232,SFLY,SHUTTERFLY INC,Unclassified,41.3,1.35291604272,,21.8033809511,24.7101681859,15.85,0.8415,,,
2019-01-01,2019,20,233,UEIC,UNIVERSAL ELECTRONICS INC,Unclassified,32.4,0.33098700635,106.72784150156414,21.8033809511,24.7101681859,15.85,0.8415,,,82.01767331566414
2019-01-01,2019,20,234,KN,KNOWLES CORP,Unclassified,31.0,1.2006182480599998,58.90308039068368,21.8033809511,24.7101681859,15.85,0.8415,,,34.19291220478368
2019-01-01,2019,20,235,ASPS,ALTISOURCE PORTFOLIO SOLUTIONS SA,Unclassified,26.8,3.0569915729599995,-14.050689195197863,21.8033809511,24.7101681859,15.85,0.8415,,,-38.760857381097864
2020-01-01,2020,1,1,ARNA,ARENA PHARMACEUTICALS INC,Healthcare,96.8,2.2758665259,70.89387934830471,19.322465256,15.8391547993,62.95,0.3705,,,55.05472454900471
2020-01-01,2020,1,2,VST,VISTRA CORP,Utilities,94.6,9.748372914276,-12.539373031348443,19.322465256,15.8391547993,62.95,0.3705,,,-28.378527830648444
2020-01-01,2020,1,3,ANET,ARISTA NETWORKS INC,Technology,94.5,0.971261148076,42.05930936836309,19.322465256,15.8391547993,62.95,0.3705,,,26.22015456906309
2020-01-01,2020,1,4,HEES,H&E EQUIPMENT SERVICES INC,Industrials,94.1,1.0228059930159998,-6.39304616031684,19.322465256,15.8391547993,62.95,0.3705,,,-22.23220095961684
2020-01-01,2020,1,5,DECK,DECKERS OUTDOOR CORP,Consumer Disc,93.1,0.787331157156,69.37426713569982,19.322465256,15.8391547993,62.95,0.3705,,,53.53511233639983
2020-01-01,2020,1,6,BERY,BERRY GLOBAL GROUP INC,Materials,92.2,5.5323891,18.234210966831665,19.322465256,15.8391547993,62.95,0.3705,,,2.3950561675316653
2020-01-01,2020,1,7,MA,MASTERCARD INC,Financials,91.5,35.028318923875,19.864975951027542,19.322465256,15.8391547993,62.95,0.3705,,,4.025821151727543
2020-01-01,2020,1,8,MNST,MONSTER BEVERAGE CORP,Consumer Staples,91.3,8.542148913708001,43.92270409768992,19.322465256,15.8391547993,62.95,0.3705,,,28.083549298389926
2020-01-01,2020,1,9,MPC,MARATHON PETROLEUM CORP,Energy,89.2,32.047272947695,-26.99219937189747,19.322465256,15.8391547993,62.95,0.3705,,,-42.83135417119747
2020-01-01,2020,1,10,CMCSA,COMCAST CORP,Communication Svcs,87.2,71.322502248931,16.453096525990006,19.322465256,15.8391547993,62.95,0.3705,,,0.6139417266900065
2020-01-01,2020,1,11,ACRE,ARES COMMERCIAL REAL ESTATE CORP,Real Estate,86.3,0.1988840528999999,-14.615384615384608,19.322465256,15.8391547993,62.95,0.3705,,,-30.454539414684607
2020-01-01,2020,1,12,VVV,VALVOLINE INC,Unclassified,74.3,3.81915702224,11.60714285714286,19.322465256,15.8391547993,62.95,0.3705,,,-4.23201194215714
2020-01-01,2020,3,1,ARNA,ARENA PHARMACEUTICALS INC,Healthcare,96.8,2.2758665259,70.89387934830471,13.3105162006,15.8391547993,45.6,0.544,,,55.05472454900471
2020-01-01,2020,3,2,VST,VISTRA CORP,Utilities,94.6,9.748372914276,-12.539373031348443,13.3105162006,15.8391547993,45.6,0.544,,,-28.378527830648444
2020-01-01,2020,3,3,ANET,ARISTA NETWORKS INC,Technology,94.5,0.971261148076,42.05930936836309,13.3105162006,15.8391547993,45.6,0.544,,,26.22015456906309
2020-01-01,2020,3,4,LXRX,LEXICON PHARMACEUTICALS INC,Healthcare,94.4,0.44102849705,-20.24096385542169,13.3105162006,15.8391547993,45.6,0.544,,,-36.08011865472169
2020-01-01,2020,3,5,HEES,H&E EQUIPMENT SERVICES INC,Industrials,94.1,1.0228059930159998,-6.39304616031684,13.3105162006,15.8391547993,45.6,0.544,,,-22.23220095961684
2020-01-01,2020,3,6,FTNT,FORTINET INC,Technology,93.5,3.651912331072,38.64743349569126,13.3105162006,15.8391547993,45.6,0.544,,,22.808278696391262
2020-01-01,2020,3,7,DECK,DECKERS OUTDOOR CORP,Consumer Disc,93.1,0.787331157156,69.37426713569982,13.3105162006,15.8391547993,45.6,0.544,,,53.53511233639983
2020-01-01,2020,3,8,BERY,BERRY GLOBAL GROUP INC,Materials,92.2,5.5323891,18.234210966831665,13.3105162006,15.8391547993,45.6,0.544,,,2.3950561675316653
2020-01-01,2020,3,9,APH,AMPHENOL CORP,Technology,92.1,3.767520120849,21.271739985834586,13.3105162006,15.8391547993,45.6,0.544,,,5.432585186534586
2020-01-01,2020,3,10,SGI,SOMNIGROUP INTERNATIONAL INC,Consumer Disc,92.0,1.110148639908,26.213213798479828,13.3105162006,15.8391547993,45.6,0.544,,,10.374058999179828
2020-01-01,2020,3,11,MA,MASTERCARD INC,Financials,91.5,35.028318923875,19.864975951027542,13.3105162006,15.8391547993,45.6,0.544,,,4.025821151727543
2020-01-01,2020,3,12,MNST,MONSTER BEVERAGE CORP,Consumer Staples,91.3,8.542148913708001,43.92270409768992,13.3105162006,15.8391547993,45.6,0.544,,,28.083549298389926
2020-01-01,2020,3,13,CMG,CHIPOTLE MEXICAN GRILL INC,Consumer Disc,90.2,0.465347305368,64.15601481304503,13.3105162006,15.8391547993,45.6,0.544,,,48.316860013745035
2020-01-01,2020,3,14,TRTN-PA,TRITON INTERNATIONAL LTD,Industrials,90.1,1.1486326978069998,7.414628010816915,13.3105162006,15.8391547993,45.6,0.544,,,-8.424526788483085
2020-01-01,2020,3,15,CMA,COMERICA INC,Financials,90.1,7.700292059278,-17.015182432558916,13.3105162006,15.8391547993,45.6,0.544,,,-32.85433723185891
2020-01-01,2020,3,16,SUPN,SUPERNUS PHARMACEUTICALS INC,Healthcare,89.5,1.2444208419199998,5.733558178752096,13.3105162006,15.8391547993,45.6,0.544,,,-10.105596620547903
2020-01-01,2020,3,17,MPC,MARATHON PETROLEUM CORP,Energy,89.2,32.047272947695,-26.99219937189747,13.3105162006,15.8391547993,45.6,0.544,,,-42.83135417119747
2020-01-01,2020,3,18,CSX,CSX CORP,Industrials,88.8,17.252867848938,26.52700312882601,13.3105162006,15.8391547993,45.6,0.544,,,10.68784832952601
2020-01-01,2020,3,19,GNCIQ,GNC HOLDINGS INC,Consumer Staples,88.7,0.2283264099,,13.3105162006,15.8391547993,45.6,0.544,,,
2020-01-01,2020,3,20,WM,WASTE MANAGEMENT INC,Utilities,88.5,43.490238135599995,4.592588257099095,13.3105162006,15.8391547993,45.6,0.544,,,-11.246566542200904
2020-01-01,2020,3,21,SRLP,SPRAGUE RESOURCES LP,Energy,88.0,0.2658548124829999,33.130829126379744,13.3105162006,15.8391547993,45.6,0.544,,,17.291674327079747
2020-01-01,2020,3,22,CVI,CVR ENERGY INC,Energy,87.9,2.410924825218,-60.32440997414727,13.3105162006,15.8391547993,45.6,0.544,,,-76.16356477344728
2020-01-01,2020,3,23,HCC,WARRIOR MET COAL INC,Materials,87.7,0.95554978568,1.336183858898976,13.3105162006,15.8391547993,45.6,0.544,,,-14.502970940401024
2020-01-01,2020,3,24,CMCSA,COMCAST CORP,Communication Svcs,87.2,71.322502248931,16.453096525990006,13.3105162006,15.8391547993,45.6,0.544,,,0.6139417266900065
2020-01-01,2020,3,25,ACRE,ARES COMMERCIAL REAL ESTATE CORP,Real Estate,86.3,0.1988840528999999,-14.615384615384608,13.3105162006,15.8391547993,45.6,0.544,,,-30.454539414684607
2020-01-01,2020,3,26,RSG,REPUBLIC SERVICES INC,Utilities,85.1,26.132208126804,8.380352214161846,13.3105162006,15.8391547993,45.6,0.544,,,-7.458802585138153
2020-01-01,2020,3,27,AMP,AMERIPRISE FINANCIAL INC,Financials,85.0,18.858510982815996,17.954437046940196,13.3105162006,15.8391547993,45.6,0.544,,,2.115282247640197
2020-01-01,2020,3,28,WLKP,WESTLAKE CHEMICAL PARTNERS LP,Materials,84.4,0.531799100357,-3.2885595182955085,13.3105162006,15.8391547993,45.6,0.544,,,-19.127714317595508
2020-01-01,2020,3,29,PMT,PENNYMAC MORTGAGE INVESTMENT TRUST,Real Estate,83.7,0.942302925039,-13.662257410447031,13.3105162006,15.8391547993,45.6,0.544,,,-29.50141220974703
2020-01-01,2020,3,30,ELME,ELME COMMUNITIES,Real Estate,83.7,0.28973810468,-22.03059805285119,13.3105162006,15.8391547993,45.6,0.544,,,-37.86975285215119
2020-01-01,2020,3,31,CRTO,CRITEO SA,Communication Svcs,81.9,1.11046756347,19.56145412579342,13.3105162006,15.8391547993,45.6,0.544,,,3.722299326493422
2020-01-01,2020,3,32,CETV,CENTRAL EUROPEAN MEDIA ENTERPRISES LTD,Communication Svcs,80.7,1.14883982778,,13.3105162006,15.8391547993,45.6,0.544,,,
2020-01-01,2020,3,33,MED,MEDIFAST INC,Consumer Staples,80.2,1.079671965192,82.88686633961618,13.3105162006,15.8391547993,45.6,0.544,,,67.04771154031617
2020-01-01,2020,3,34,VVV,VALVOLINE INC,Unclassified,74.3,3.81915702224,11.60714285714286,13.3105162006,15.8391547993,45.6,0.544,,,-4.23201194215714
2020-01-01,2020,3,35,CRAI,CRA INTERNATIONAL INC,Unclassified,71.9,0.383510934177,-5.051157346679314,13.3105162006,15.8391547993,45.6,0.544,,,-20.890312145979312
2020-01-01,2020,3,36,MHK,MOHAWK INDUSTRIES INC,Unclassified,65.7,9.7678404093,4.494793958058363,13.3105162006,15.8391547993,45.6,0.544,,,-11.344360841241636
2020-01-01,2020,5,1,ARNA,ARENA PHARMACEUTICALS INC,Healthcare,96.8,2.2758665259,70.89387934830471,14.5758603831,15.8391547993,46.3,0.537,,,55.05472454900471
2020-01-01,2020,5,2,VST,VISTRA CORP,Utilities,94.6,9.748372914276,-12.539373031348443,14.5758603831,15.8391547993,46.3,0.537,,,-28.378527830648444
2020-01-01,2020,5,3,ANET,ARISTA NETWORKS INC,Technology,94.5,0.971261148076,42.05930936836309,14.5758603831,15.8391547993,46.3,0.537,,,26.22015456906309
2020-01-01,2020,5,4,LXRX,LEXICON PHARMACEUTICALS INC,Healthcare,94.4,0.44102849705,-20.24096385542169,14.5758603831,15.8391547993,46.3,0.537,,,-36.08011865472169
2020-01-01,2020,5,5,HEES,H&E EQUIPMENT SERVICES INC,Industrials,94.1,1.0228059930159998,-6.39304616031684,14.5758603831,15.8391547993,46.3,0.537,,,-22.23220095961684
2020-01-01,2020,5,6,FTNT,FORTINET INC,Technology,93.5,3.651912331072,38.64743349569126,14.5758603831,15.8391547993,46.3,0.537,,,22.808278696391262
2020-01-01,2020,5,7,DECK,DECKERS OUTDOOR CORP,Consumer Disc,93.1,0.787331157156,69.37426713569982,14.5758603831,15.8391547993,46.3,0.537,,,53.53511233639983
2020-01-01,2020,5,8,BERY,BERRY GLOBAL GROUP INC,Materials,92.2,5.5323891,18.234210966831665,14.5758603831,15.8391547993,46.3,0.537,,,2.3950561675316653
2020-01-01,2020,5,9,APH,AMPHENOL CORP,Technology,92.1,3.767520120849,21.271739985834586,14.5758603831,15.8391547993,46.3,0.537,,,5.432585186534586
2020-01-01,2020,5,10,SGI,SOMNIGROUP INTERNATIONAL INC,Consumer Disc,92.0,1.110148639908,26.213213798479828,14.5758603831,15.8391547993,46.3,0.537,,,10.374058999179828
2020-01-01,2020,5,11,MA,MASTERCARD INC,Financials,91.5,35.028318923875,19.864975951027542,14.5758603831,15.8391547993,46.3,0.537,,,4.025821151727543
2020-01-01,2020,5,12,MNST,MONSTER BEVERAGE CORP,Consumer Staples,91.3,8.542148913708001,43.92270409768992,14.5758603831,15.8391547993,46.3,0.537,,,28.083549298389926
2020-01-01,2020,5,13,UIS,UNISYS CORP,Technology,90.7,0.74000159268,63.99662731871838,14.5758603831,15.8391547993,46.3,0.537,,,48.157472519418384
2020-01-01,2020,5,14,CMG,CHIPOTLE MEXICAN GRILL INC,Consumer Disc,90.2,0.465347305368,64.15601481304503,14.5758603831,15.8391547993,46.3,0.537,,,48.316860013745035
2020-01-01,2020,5,15,CMA,COMERICA INC,Financials,90.1,7.700292059278,-17.015182432558916,14.5758603831,15.8391547993,46.3,0.537,,,-32.85433723185891
2020-01-01,2020,5,16,TRTN-PA,TRITON INTERNATIONAL LTD,Industrials,90.1,1.1486326978069998,7.414628010816915,14.5758603831,15.8391547993,46.3,0.537,,,-8.424526788483085
2020-01-01,2020,5,17,SUPN,SUPERNUS PHARMACEUTICALS INC,Healthcare,89.5,1.2444208419199998,5.733558178752096,14.5758603831,15.8391547993,46.3,0.537,,,-10.105596620547903
2020-01-01,2020,5,18,CSGP,COSTAR GROUP INC,Technology,89.4,2.19187061408,54.59802774527829,14.5758603831,15.8391547993,46.3,0.537,,,38.75887294597829
2020-01-01,2020,5,19,MPC,MARATHON PETROLEUM CORP,Energy,89.2,32.047272947695,-26.99219937189747,14.5758603831,15.8391547993,46.3,0.537,,,-42.83135417119747
2020-01-01,2020,5,20,CSX,CSX CORP,Industrials,88.8,17.252867848938,26.52700312882601,14.5758603831,15.8391547993,46.3,0.537,,,10.68784832952601
2020-01-01,2020,5,21,GNCIQ,GNC HOLDINGS INC,Consumer Staples,88.7,0.2283264099,,14.5758603831,15.8391547993,46.3,0.537,,,
2020-01-01,2020,5,22,WM,WASTE MANAGEMENT INC,Utilities,88.5,43.490238135599995,4.592588257099095,14.5758603831,15.8391547993,46.3,0.537,,,-11.246566542200904
2020-01-01,2020,5,23,CORT,CORCEPT THERAPEUTICS INC,Healthcare,88.0,1.3827965668,116.28099173553724,14.5758603831,15.8391547993,46.3,0.537,,,100.44183693623724
2020-01-01,2020,5,24,SRLP,SPRAGUE RESOURCES LP,Energy,88.0,0.2658548124829999,33.130829126379744,14.5758603831,15.8391547993,46.3,0.537,,,17.291674327079747
2020-01-01,2020,5,25,EXEL,EXELIXIS INC,Healthcare,88.0,5.35377191172,14.699205448354146,14.5758603831,15.8391547993,46.3,0.537,,,-1.1399493509458534
2020-01-01,2020,5,26,CVI,CVR ENERGY INC,Energy,87.9,2.410924825218,-60.32440997414727,14.5758603831,15.8391547993,46.3,0.537,,,-76.16356477344728
2020-01-01,2020,5,27,SRCI,SRC ENERGY INC,Energy,87.8,1.0034807136,,14.5758603831,15.8391547993,46.3,0.537,,,
2020-01-01,2020,5,28,HCC,WARRIOR MET COAL INC,Materials,87.7,0.95554978568,1.336183858898976,14.5758603831,15.8391547993,46.3,0.537,,,-14.502970940401024
2020-01-01,2020,5,29,HSII,HEIDRICK & STRUGGLES INTERNATIONAL INC,Industrials,87.6,0.557435495456,-6.7714423275328395,14.5758603831,15.8391547993,46.3,0.537,,,-22.61059712683284
2020-01-01,2020,5,30,AMZN,AMAZON COM INC,Consumer Disc,87.3,45.80769675024,77.8205905273184,14.5758603831,15.8391547993,46.3,0.537,,,61.981435728018404
2020-01-01,2020,5,31,CMCSA,COMCAST CORP,Communication Svcs,87.2,71.322502248931,16.453096525990006,14.5758603831,15.8391547993,46.3,0.537,,,0.6139417266900065
2020-01-01,2020,5,32,UPBD,UPBOUND GROUP INC,Industrials,87.2,1.116552458912,40.0843468026677,14.5758603831,15.8391547993,46.3,0.537,,,24.245192003367706
2020-01-01,2020,5,33,ACRE,ARES COMMERCIAL REAL ESTATE CORP,Real Estate,86.3,0.1988840528999999,-14.615384615384608,14.5758603831,15.8391547993,46.3,0.537,,,-30.454539414684607
2020-01-01,2020,5,34,BKE,BUCKLE INC,Consumer Disc,85.8,0.671275338357,24.367529515289288,14.5758603831,15.8391547993,46.3,0.537,,,8.528374715989289
2020-01-01,2020,5,35,RSG,REPUBLIC SERVICES INC,Utilities,85.1,26.132208126804,8.380352214161846,14.5758603831,15.8391547993,46.3,0.537,,,-7.458802585138153
2020-01-01,2020,5,36,AMP,AMERIPRISE FINANCIAL INC,Financials,85.0,18.858510982815996,17.954437046940196,14.5758603831,15.8391547993,46.3,0.537,,,2.115282247640197
2020-01-01,2020,5,37,ETRN,EQUITRANS MIDSTREAM CORP,Energy,84.9,2.378799472,-35.42514457057185,14.5758603831,15.8391547993,46.3,0.537,,,-51.26429936987185
2020-01-01,2020,5,38,WLKP,WESTLAKE CHEMICAL PARTNERS LP,Materials,84.4,0.531799100357,-3.2885595182955085,14.5758603831,15.8391547993,46.3,0.537,,,-19.127714317595508
2020-01-01,2020,5,39,V,VISA INC,Financials,84.0,84.004555683894,16.932298736920902,14.5758603831,15.8391547993,46.3,0.537,,,1.0931439376209031
2020-01-01,2020,5,40,PMT,PENNYMAC MORTGAGE INVESTMENT TRUST,Real Estate,83.7,0.942302925039,-13.662257410447031,14.5758603831,15.8391547993,46.3,0.537,,,-29.50141220974703
2020-01-01,2020,5,41,ELME,ELME COMMUNITIES,Real Estate,83.7,0.28973810468,-22.03059805285119,14.5758603831,15.8391547993,46.3,0.537,,,-37.86975285215119
2020-01-01,2020,5,42,ORA,ORMAT TECHNOLOGIES INC,Utilities,83.6,3.649987588797,20.450703438255324,14.5758603831,15.8391547993,46.3,0.537,,,4.611548638955325
2020-01-01,2020,5,43,RDN,RADIAN GROUP INC,Financials,83.3,4.105660158468001,-18.656606731664297,14.5758603831,15.8391547993,46.3,0.537,,,-34.495761530964295
2020-01-01,2020,5,44,TROX,TRONOX HOLDINGS PLC,Materials,82.9,1.264371676015,33.363258893502426,14.5758603831,15.8391547993,46.3,0.537,,,17.52410409420243
2020-01-01,2020,5,45,JCAP1,JERNIGAN CAPITAL INC,Real Estate,82.8,0.409981190627,,14.5758603831,15.8391547993,46.3,0.537,,,
2020-01-01,2020,5,46,CRTO,CRITEO SA,Communication Svcs,81.9,1.11046756347,19.56145412579342,14.5758603831,15.8391547993,46.3,0.537,,,3.722299326493422
2020-01-01,2020,5,47,STWD,STARWOOD PROPERTY TRUST INC,Real Estate,81.7,3.658879078344,-11.727538912004931,14.5758603831,15.8391547993,46.3,0.537,,,-27.56669371130493
2020-01-01,2020,5,48,CETV,CENTRAL EUROPEAN MEDIA ENTERPRISES LTD,Communication Svcs,80.7,1.14883982778,,14.5758603831,15.8391547993,46.3,0.537,,,
2020-01-01,2020,5,49,MED,MEDIFAST INC,Consumer Staples,80.2,1.079671965192,82.88686633961618,14.5758603831,15.8391547993,46.3,0.537,,,67.04771154031617
2020-01-01,2020,5,50,EBF,ENNIS INC,Communication Svcs,79.2,0.361348840166,-15.05454020082352,14.5758603831,15.8391547993,46.3,0.537,,,-30.89369500012352
2020-01-01,2020,5,51,OMC,OMNICOM GROUP INC,Communication Svcs,78.0,13.851023406525,-20.047158688988443,14.5758603831,15.8391547993,46.3,0.537,,,-35.886313488288444
2020-01-01,2020,5,52,JBSS,SANFILIPPO JOHN B & SON INC,Consumer Staples,78.0,0.55583792274,-10.044854842715834,14.5758603831,15.8391547993,46.3,0.537,,,-25.884009642015833
2020-01-01,2020,5,53,RFP,RESOLUTE FOREST PRODUCTS INC,Materials,77.4,0.346816932768,56.41091658084449,14.5758603831,15.8391547993,46.3,0.537,,,40.571761781544495
2020-01-01,2020,5,54,SFM,SPROUTS FARMERS MARKET INC,Consumer Staples,76.8,2.2859871345,3.9793281653746737,14.5758603831,15.8391547993,46.3,0.537,,,-11.859826633925326
2020-01-01,2020,5,55,VVV,VALVOLINE INC,Unclassified,74.3,3.81915702224,11.60714285714286,14.5758603831,15.8391547993,46.3,0.537,,,-4.23201194215714
2020-01-01,2020,5,56,FE,FIRSTENERGY CORP,Utilities,73.8,19.851592426887,-35.276666394491166,14.5758603831,15.8391547993,46.3,0.537,,,-51.11582119379116
2020-01-01,2020,5,57,CRAI,CRA INTERNATIONAL INC,Unclassified,71.9,0.383510934177,-5.051157346679314,14.5758603831,15.8391547993,46.3,0.537,,,-20.890312145979312
2020-01-01,2020,5,58,MHK,MOHAWK INDUSTRIES INC,Unclassified,65.7,9.7678404093,4.494793958058363,14.5758603831,15.8391547993,46.3,0.537,,,-11.344360841241636
2020-01-01,2020,5,59,MGPI,MGP INGREDIENTS INC,Unclassified,63.7,0.765604860732,0.2668801708033186,14.5758603831,15.8391547993,46.3,0.537,,,-15.57227462849668
2020-01-01,2020,5,60,ALLE,ALLEGION PLC,Unclassified,62.7,10.557086062545,-6.556121775407275,14.5758603831,15.8391547993,46.3,0.537,,,-22.395276574707275
2020-01-01,2020,10,1,ARNA,ARENA PHARMACEUTICALS INC,Healthcare,96.8,2.2758665259,70.89387934830471,5.7848189,15.8391547993,2.65,0.9735,,,55.05472454900471
2020-01-01,2020,10,2,VST,VISTRA CORP,Utilities,94.6,9.748372914276,-12.539373031348443,5.7848189,15.8391547993,2.65,0.9735,,,-28.378527830648444
2020-01-01,2020,10,3,ANET,ARISTA NETWORKS INC,Technology,94.5,0.971261148076,42.05930936836309,5.7848189,15.8391547993,2.65,0.9735,,,26.22015456906309
2020-01-01,2020,10,4,LXRX,LEXICON PHARMACEUTICALS INC,Healthcare,94.4,0.44102849705,-20.24096385542169,5.7848189,15.8391547993,2.65,0.9735,,,-36.08011865472169
2020-01-01,2020,10,5,HEES,H&E EQUIPMENT SERVICES INC,Industrials,94.1,1.0228059930159998,-6.39304616031684,5.7848189,15.8391547993,2.65,0.9735,,,-22.23220095961684
2020-01-01,2020,10,6,FTNT,FORTINET INC,Technology,93.5,3.651912331072,38.64743349569126,5.7848189,15.8391547993,2.65,0.9735,,,22.808278696391262
2020-01-01,2020,10,7,DECK,DECKERS OUTDOOR CORP,Consumer Disc,93.1,0.787331157156,69.37426713569982,5.7848189,15.8391547993,2.65,0.9735,,,53.53511233639983
2020-01-01,2020,10,8,BERY,BERRY GLOBAL GROUP INC,Materials,92.2,5.5323891,18.234210966831665,5.7848189,15.8391547993,2.65,0.9735,,,2.3950561675316653
2020-01-01,2020,10,9,APH,AMPHENOL CORP,Technology,92.1,3.767520120849,21.271739985834586,5.7848189,15.8391547993,2.65,0.9735,,,5.432585186534586
2020-01-01,2020,10,10,SGI,SOMNIGROUP INTERNATIONAL INC,Consumer Disc,92.0,1.110148639908,26.213213798479828,5.7848189,15.8391547993,2.65,0.9735,,,10.374058999179828
2020-01-01,2020,10,11,MA,MASTERCARD INC,Financials,91.5,35.028318923875,19.864975951027542,5.7848189,15.8391547993,2.65,0.9735,,,4.025821151727543
2020-01-01,2020,10,12,MNST,MONSTER BEVERAGE CORP,Consumer Staples,91.3,8.542148913708001,43.92270409768992,5.7848189,15.8391547993,2.65,0.9735,,,28.083549298389926
2020-01-01,2020,10,13,UIS,UNISYS CORP,Technology,90.7,0.74000159268,63.99662731871838,5.7848189,15.8391547993,2.65,0.9735,,,48.157472519418384
2020-01-01,2020,10,14,CMG,CHIPOTLE MEXICAN GRILL INC,Consumer Disc,90.2,0.465347305368,64.15601481304503,5.7848189,15.8391547993,2.65,0.9735,,,48.316860013745035
2020-01-01,2020,10,15,CMA,COMERICA INC,Financials,90.1,7.700292059278,-17.015182432558916,5.7848189,15.8391547993,2.65,0.9735,,,-32.85433723185891
2020-01-01,2020,10,16,TRTN-PA,TRITON INTERNATIONAL LTD,Industrials,90.1,1.1486326978069998,7.414628010816915,5.7848189,15.8391547993,2.65,0.9735,,,-8.424526788483085
2020-01-01,2020,10,17,SUPN,SUPERNUS PHARMACEUTICALS INC,Healthcare,89.5,1.2444208419199998,5.733558178752096,5.7848189,15.8391547993,2.65,0.9735,,,-10.105596620547903
2020-01-01,2020,10,18,CSGP,COSTAR GROUP INC,Technology,89.4,2.19187061408,54.59802774527829,5.7848189,15.8391547993,2.65,0.9735,,,38.75887294597829
2020-01-01,2020,10,19,MPC,MARATHON PETROLEUM CORP,Energy,89.2,32.047272947695,-26.99219937189747,5.7848189,15.8391547993,2.65,0.9735,,,-42.83135417119747
2020-01-01,2020,10,20,CSX,CSX CORP,Industrials,88.8,17.252867848938,26.52700312882601,5.7848189,15.8391547993,2.65,0.9735,,,10.68784832952601
2020-01-01,2020,10,21,GNCIQ,GNC HOLDINGS INC,Consumer Staples,88.7,0.2283264099,,5.7848189,15.8391547993,2.65,0.9735,,,
2020-01-01,2020,10,22,WM,WASTE MANAGEMENT INC,Utilities,88.5,43.490238135599995,4.592588257099095,5.7848189,15.8391547993,2.65,0.9735,,,-11.246566542200904
2020-01-01,2020,10,23,EBIXQ,EBIX INC,Technology,88.3,0.984763204776,12.529419051158186,5.7848189,15.8391547993,2.65,0.9735,,,-3.3097357481418133
2020-01-01,2020,10,24,CORT,CORCEPT THERAPEUTICS INC,Healthcare,88.0,1.3827965668,116.28099173553724,5.7848189,15.8391547993,2.65,0.9735,,,100.44183693623724
2020-01-01,2020,10,25,SRLP,SPRAGUE RESOURCES LP,Energy,88.0,0.2658548124829999,33.130829126379744,5.7848189,15.8391547993,2.65,0.9735,,,17.291674327079747
2020-01-01,2020,10,26,EXEL,EXELIXIS INC,Healthcare,88.0,5.35377191172,14.699205448354146,5.7848189,15.8391547993,2.65,0.9735,,,-1.1399493509458534
2020-01-01,2020,10,27,CVI,CVR ENERGY INC,Energy,87.9,2.410924825218,-60.32440997414727,5.7848189,15.8391547993,2.65,0.9735,,,-76.16356477344728
2020-01-01,2020,10,28,SRCI,SRC ENERGY INC,Energy,87.8,1.0034807136,,5.7848189,15.8391547993,2.65,0.9735,,,
2020-01-01,2020,10,29,HCC,WARRIOR MET COAL INC,Materials,87.7,0.95554978568,1.336183858898976,5.7848189,15.8391547993,2.65,0.9735,,,-14.502970940401024
2020-01-01,2020,10,30,SGRY,SURGERY PARTNERS INC,Healthcare,87.7,0.775020922985,80.26189715745768,5.7848189,15.8391547993,2.65,0.9735,,,64.42274235815768
2020-01-01,2020,10,31,HSII,HEIDRICK & STRUGGLES INTERNATIONAL INC,Industrials,87.6,0.557435495456,-6.7714423275328395,5.7848189,15.8391547993,2.65,0.9735,,,-22.61059712683284
2020-01-01,2020,10,32,LRCX,LAM RESEARCH CORP,Technology,87.5,3.951078435792,68.20151281486375,5.7848189,15.8391547993,2.65,0.9735,,,52.36235801556375
2020-01-01,2020,10,33,AMZN,AMAZON COM INC,Consumer Disc,87.3,45.80769675024,77.8205905273184,5.7848189,15.8391547993,2.65,0.9735,,,61.981435728018404
2020-01-01,2020,10,34,UPBD,UPBOUND GROUP INC,Industrials,87.2,1.116552458912,40.0843468026677,5.7848189,15.8391547993,2.65,0.9735,,,24.245192003367706
2020-01-01,2020,10,35,CMCSA,COMCAST CORP,Communication Svcs,87.2,71.322502248931,16.453096525990006,5.7848189,15.8391547993,2.65,0.9735,,,0.6139417266900065
2020-01-01,2020,10,36,LGND,LIGAND PHARMACEUTICALS INC,Healthcare,87.2,1.83168583881,-1.5917154089558072,5.7848189,15.8391547993,2.65,0.9735,,,-17.430870208255808
2020-01-01,2020,10,37,DVA,DAVITA INC,Healthcare,86.9,9.731391,53.93842463014793,5.7848189,15.8391547993,2.65,0.9735,,,38.09926983084793
2020-01-01,2020,10,38,TTEK,TETRA TECH INC,Industrials,86.4,0.8992251423869999,35.41552844047835,5.7848189,15.8391547993,2.65,0.9735,,,19.57637364117835
2020-01-01,2020,10,39,HA,HAWAIIAN HOLDINGS INC,Industrials,86.3,1.358941193079,-37.56642781225358,5.7848189,15.8391547993,2.65,0.9735,,,-53.40558261155358
2020-01-01,2020,10,40,ACRE,ARES COMMERCIAL REAL ESTATE CORP,Real Estate,86.3,0.1988840528999999,-14.615384615384608,5.7848189,15.8391547993,2.65,0.9735,,,-30.454539414684607
2020-01-01,2020,10,41,HPQ,HP INC,Technology,86.1,23.612843427516,22.70293556526555,5.7848189,15.8391547993,2.65,0.9735,,,6.863780765965549
2020-01-01,2020,10,42,BKE,BUCKLE INC,Consumer Disc,85.8,0.671275338357,24.367529515289288,5.7848189,15.8391547993,2.65,0.9735,,,8.528374715989289
2020-01-01,2020,10,43,FL,FOOT LOCKER INC,Consumer Disc,85.6,3.5031477861660005,7.169721210673985,5.7848189,15.8391547993,2.65,0.9735,,,-8.669433588626013
2020-01-01,2020,10,44,BSTC,BIOSPECIFICS TECHNOLOGIES CORP,Healthcare,85.5,0.4179037278,,5.7848189,15.8391547993,2.65,0.9735,,,
2020-01-01,2020,10,45,RMNI,RIMINI STREET INC,Technology,85.5,0.26101148,14.175257731958755,5.7848189,15.8391547993,2.65,0.9735,,,-1.663897067341244
2020-01-01,2020,10,46,RSG,REPUBLIC SERVICES INC,Utilities,85.1,26.132208126804,8.380352214161846,5.7848189,15.8391547993,2.65,0.9735,,,-7.458802585138153
2020-01-01,2020,10,47,AMP,AMERIPRISE FINANCIAL INC,Financials,85.0,18.858510982815996,17.954437046940196,5.7848189,15.8391547993,2.65,0.9735,,,2.115282247640197
2020-01-01,2020,10,48,LUV,SOUTHWEST AIRLINES CO,Industrials,85.0,25.978042131612,-13.682589846440596,5.7848189,15.8391547993,2.65,0.9735,,,-29.521744645740597
2020-01-01,2020,10,49,RTX,RTX CORP,Industrials,84.9,64.98602253425999,-16.414936436456383,5.7848189,15.8391547993,2.65,0.9735,,,-32.254091235756384
2020-01-01,2020,10,50,ETRN,EQUITRANS MIDSTREAM CORP,Energy,84.9,2.378799472,-35.42514457057185,5.7848189,15.8391547993,2.65,0.9735,,,-51.26429936987185
2020-01-01,2020,10,51,BKNG,BOOKING HOLDINGS INC,Industrials,84.6,3.3670399308000003,7.377803192282828,5.7848189,15.8391547993,2.65,0.9735,,,-8.461351607017171
2020-01-01,2020,10,52,WLKP,WESTLAKE CHEMICAL PARTNERS LP,Materials,84.4,0.531799100357,-3.2885595182955085,5.7848189,15.8391547993,2.65,0.9735,,,-19.127714317595508
2020-01-01,2020,10,53,V,VISA INC,Financials,84.0,84.004555683894,16.932298736920902,5.7848189,15.8391547993,2.65,0.9735,,,1.0931439376209031
2020-01-01,2020,10,54,ORCL,ORACLE CORP,Technology,84.0,154.300747496,23.65915516381174,5.7848189,15.8391547993,2.65,0.9735,,,7.82000036451174
2020-01-01,2020,10,55,PMT,PENNYMAC MORTGAGE INVESTMENT TRUST,Real Estate,83.7,0.942302925039,-13.662257410447031,5.7848189,15.8391547993,2.65,0.9735,,,-29.50141220974703
2020-01-01,2020,10,56,ELME,ELME COMMUNITIES,Real Estate,83.7,0.28973810468,-22.03059805285119,5.7848189,15.8391547993,2.65,0.9735,,,-37.86975285215119
2020-01-01,2020,10,57,ORA,ORMAT TECHNOLOGIES INC,Utilities,83.6,3.649987588797,20.450703438255324,5.7848189,15.8391547993,2.65,0.9735,,,4.611548638955325
2020-01-01,2020,10,58,RDN,RADIAN GROUP INC,Financials,83.3,4.105660158468001,-18.656606731664297,5.7848189,15.8391547993,2.65,0.9735,,,-34.495761530964295
2020-01-01,2020,10,59,TROX,TRONOX HOLDINGS PLC,Materials,82.9,1.264371676015,33.363258893502426,5.7848189,15.8391547993,2.65,0.9735,,,17.52410409420243
2020-01-01,2020,10,60,JCAP1,JERNIGAN CAPITAL INC,Real Estate,82.8,0.409981190627,,5.7848189,15.8391547993,2.65,0.9735,,,
2020-01-01,2020,10,61,USNA,USANA HEALTH SCIENCES INC,Healthcare,82.7,1.70006197025,-1.9478039465308683,5.7848189,15.8391547993,2.65,0.9735,,,-17.786958745830866
2020-01-01,2020,10,62,ETFC,E TRADE FINANCIAL CORP,Financials,81.9,10.15830709455,,5.7848189,15.8391547993,2.65,0.9735,,,
2020-01-01,2020,10,63,RILY,BRC GROUP HOLDINGS INC,Financials,81.9,0.42169165002,87.47765006385697,5.7848189,15.8391547993,2.65,0.9735,,,71.63849526455697
2020-01-01,2020,10,64,CRTO,CRITEO SA,Communication Svcs,81.9,1.11046756347,19.56145412579342,5.7848189,15.8391547993,2.65,0.9735,,,3.722299326493422
2020-01-01,2020,10,65,AEO,AMERICAN EAGLE OUTFITTERS INC,Consumer Disc,81.7,2.07076573177,39.101685347955815,5.7848189,15.8391547993,2.65,0.9735,,,23.262530548655818
2020-01-01,2020,10,66,STWD,STARWOOD PROPERTY TRUST INC,Real Estate,81.7,3.658879078344,-11.727538912004931,5.7848189,15.8391547993,2.65,0.9735,,,-27.56669371130493
2020-01-01,2020,10,67,AIV,APARTMENT INVESTMENT & MANAGEMENT CO,Real Estate,81.4,0.3875468376580001,-31.271609681137157,5.7848189,15.8391547993,2.65,0.9735,,,-47.110764480437155
2020-01-01,2020,10,68,NAVI,NAVIENT CORP,Financials,81.3,2.21832467246,-23.355918692706258,5.7848189,15.8391547993,2.65,0.9735,,,-39.19507349200626
2020-01-01,2020,10,69,CETV,CENTRAL EUROPEAN MEDIA ENTERPRISES LTD,Communication Svcs,80.7,1.14883982778,,5.7848189,15.8391547993,2.65,0.9735,,,
2020-01-01,2020,10,70,CXW,CORECIVIC INC,Real Estate,80.3,1.93851826735,-58.346132579713704,5.7848189,15.8391547993,2.65,0.9735,,,-74.1852873790137
2020-01-01,2020,10,71,TCO,TAUBMAN CENTERS INC,Real Estate,80.3,1.8770176173,,5.7848189,15.8391547993,2.65,0.9735,,,
2020-01-01,2020,10,72,GM,GENERAL MOTORS CO,Consumer Disc,80.2,49.60738242432,15.76036866359447,5.7848189,15.8391547993,2.65,0.9735,,,-0.0787861357055295
2020-01-01,2020,10,73,MED,MEDIFAST INC,Consumer Staples,80.2,1.079671965192,82.88686633961618,5.7848189,15.8391547993,2.65,0.9735,,,67.04771154031617
2020-01-01,2020,10,74,MR,MONTAGE RESOURCES CORP,Energy,80.0,0.28433027252,,5.7848189,15.8391547993,2.65,0.9735,,,
2020-01-01,2020,10,75,SHOE,SHOE STATION GROUP INC,Consumer Disc,79.6,0.233706103898,5.484027693428883,5.7848189,15.8391547993,2.65,0.9735,,,-10.355127105871116
2020-01-01,2020,10,76,CPS,COOPER-STANDARD HOLDINGS INC,Consumer Disc,79.4,0.5583720878399999,3.468033775633317,5.7848189,15.8391547993,2.65,0.9735,,,-12.371121023666682
2020-01-01,2020,10,77,EBF,ENNIS INC,Communication Svcs,79.2,0.361348840166,-15.05454020082352,5.7848189,15.8391547993,2.65,0.9735,,,-30.89369500012352
2020-01-01,2020,10,78,UVE,UNIVERSAL INSURANCE HOLDINGS INC,Financials,79.1,0.697441101,-44.42857142857143,5.7848189,15.8391547993,2.65,0.9735,,,-60.26772622787143
2020-01-01,2020,10,79,RM,REGIONAL MANAGEMENT CORP,Financials,78.5,0.268862776582,-3.293413173652693,5.7848189,15.8391547993,2.65,0.9735,,,-19.132567972952693
2020-01-01,2020,10,80,RHP,RYMAN HOSPITALITY PROPERTIES INC,Real Estate,78.2,3.706016210064,-20.319007163085125,5.7848189,15.8391547993,2.65,0.9735,,,-36.15816196238512
2020-01-01,2020,10,81,NXRT,NEXPOINT RESIDENTIAL TRUST INC,Real Estate,78.0,0.8543209846600001,-6.563717877340524,5.7848189,15.8391547993,2.65,0.9735,,,-22.402872676640524
2020-01-01,2020,10,82,OMC,OMNICOM GROUP INC,Communication Svcs,78.0,13.851023406525,-20.047158688988443,5.7848189,15.8391547993,2.65,0.9735,,,-35.886313488288444
2020-01-01,2020,10,83,JBSS,SANFILIPPO JOHN B & SON INC,Consumer Staples,78.0,0.55583792274,-10.044854842715834,5.7848189,15.8391547993,2.65,0.9735,,,-25.884009642015833
2020-01-01,2020,10,84,CTRA,COTERRA ENERGY INC,Energy,77.9,5.321377359285,-3.2272901494825534,5.7848189,15.8391547993,2.65,0.9735,,,-19.066444948782554
2020-01-01,2020,10,85,WKC,WORLD KINECT CORP,Energy,77.4,2.457703789776,-26.447424435930188,5.7848189,15.8391547993,2.65,0.9735,,,-42.286579235230185
2020-01-01,2020,10,86,RFP,RESOLUTE FOREST PRODUCTS INC,Materials,77.4,0.346816932768,56.41091658084449,5.7848189,15.8391547993,2.65,0.9735,,,40.571761781544495
2020-01-01,2020,10,87,RRD,RR DONNELLEY & SONS CO,Communication Svcs,76.8,0.2772899,-43.74840194323703,5.7848189,15.8391547993,2.65,0.9735,,,-59.587556742537025
2020-01-01,2020,10,88,SFM,SPROUTS FARMERS MARKET INC,Consumer Staples,76.8,2.2859871345,3.9793281653746737,5.7848189,15.8391547993,2.65,0.9735,,,-11.859826633925326
2020-01-01,2020,10,89,ATI,ATI INC,Materials,76.7,2.60492328968,-18.538238141335928,5.7848189,15.8391547993,2.65,0.9735,,,-34.37739294063593
2020-01-01,2020,10,90,NGVT,INGEVITY CORP,Materials,76.6,3.65460794566,-13.515678644998864,5.7848189,15.8391547993,2.65,0.9735,,,-29.354833444298862
2020-01-01,2020,10,91,MUR,MURPHY OIL CORP,Energy,76.4,3.343968363112,-51.97009591875118,5.7848189,15.8391547993,2.65,0.9735,,,-67.80925071805117
2020-01-01,2020,10,92,T,AT&T INC,Communication Svcs,76.1,145.946595,-22.1232293908604,5.7848189,15.8391547993,2.65,0.9735,,,-37.9623841901604
2020-01-01,2020,10,93,SM,SM ENERGY CO,Energy,76.1,1.138841631833,-44.91130710534139,5.7848189,15.8391547993,2.65,0.9735,,,-60.75046190464139
2020-01-01,2020,10,94,LYB,LYONDELLBASELL INDUSTRIES NV,Materials,75.5,20.481093507496,1.9111494570968055,5.7848189,15.8391547993,2.65,0.9735,,,-13.928005342203194
2020-01-01,2020,10,95,AMWD,AMERICAN WOODMARK CORP,Materials,75.1,1.76847087697,-9.970337766720894,5.7848189,15.8391547993,2.65,0.9735,,,-25.809492566020893
2020-01-01,2020,10,96,TDS,TELEPHONE & DATA SYSTEMS INC,Communication Svcs,75.1,1.032984074304,-26.179905414535277,5.7848189,15.8391547993,2.65,0.9735,,,-42.019060213835274
2020-01-01,2020,10,97,VVV,VALVOLINE INC,Unclassified,74.3,3.81915702224,11.60714285714286,5.7848189,15.8391547993,2.65,0.9735,,,-4.23201194215714
2020-01-01,2020,10,98,STLD,STEEL DYNAMICS INC,Materials,74.3,6.496744704026,11.49432911056576,5.7848189,15.8391547993,2.65,0.9735,,,-4.34482568873424
2020-01-01,2020,10,99,FE,FIRSTENERGY CORP,Utilities,73.8,19.851592426887,-35.276666394491166,5.7848189,15.8391547993,2.65,0.9735,,,-51.11582119379116
2020-01-01,2020,10,100,AD,ARRAY DIGITAL INFRASTRUCTURE INC,Communication Svcs,73.4,0.87148616037,-17.389448002439767,5.7848189,15.8391547993,2.65,0.9735,,,-33.22860280173977
2020-01-01,2020,10,101,NRG,NRG ENERGY INC,Utilities,73.0,8.263866049339999,-5.242647506545694,5.7848189,15.8391547993,2.65,0.9735,,,-21.08180230584569
2020-01-01,2020,10,102,AWK,AMERICAN WATER WORKS COMPANY INC,Utilities,72.7,19.423676254374,24.531392513448623,5.7848189,15.8391547993,2.65,0.9735,,,8.692237714148623
2020-01-01,2020,10,103,SO,SOUTHERN CO,Utilities,71.9,51.746632485238,-0.6809614527177654,5.7848189,15.8391547993,2.65,0.9735,,,-16.520116252017765
2020-01-01,2020,10,104,CRAI,CRA INTERNATIONAL INC,Unclassified,71.9,0.383510934177,-5.051157346679314,5.7848189,15.8391547993,2.65,0.9735,,,-20.890312145979312
2020-01-01,2020,10,105,VGR,VECTOR GROUP LTD,Consumer Staples,71.7,0.994035950286,-6.467439785905437,5.7848189,15.8391547993,2.65,0.9735,,,-22.30659458520544
2020-01-01,2020,10,106,WBD,WARNER BROS DISCOVERY INC,Communication Svcs,70.5,4.427311582980001,-8.949297495418463,5.7848189,15.8391547993,2.65,0.9735,,,-24.78845229471846
2020-01-01,2020,10,107,HE,HAWAIIAN ELECTRIC INDUSTRIES INC,Utilities,70.0,4.397151929964,-22.94614755520309,5.7848189,15.8391547993,2.65,0.9735,,,-38.78530235450309
2020-01-01,2020,10,108,PM,PHILIP MORRIS INTERNATIONAL INC,Consumer Staples,69.6,95.574266218788,2.2204857719606785,5.7848189,15.8391547993,2.65,0.9735,,,-13.61866902733932
2020-01-01,2020,10,109,CWCO,CONSOLIDATED WATER CO LTD,Utilities,69.3,0.213752212576,-23.080708661417315,5.7848189,15.8391547993,2.65,0.9735,,,-38.919863460717316
2020-01-01,2020,10,110,ALCO,ALICO INC,Consumer Staples,65.8,0.2342652927999999,-12.20204856568492,5.7848189,15.8391547993,2.65,0.9735,,,-28.04120336498492
2020-01-01,2020,10,111,MHK,MOHAWK INDUSTRIES INC,Unclassified,65.7,9.7678404093,4.494793958058363,5.7848189,15.8391547993,2.65,0.9735,,,-11.344360841241636
2020-01-01,2020,10,112,NUS,NU SKIN ENTERPRISES INC,Consumer Staples,65.4,1.7826767389020002,37.94908547035176,5.7848189,15.8391547993,2.65,0.9735,,,22.109930671051764
2020-01-01,2020,10,113,PPC,PILGRIMS PRIDE CORP,Consumer Staples,65.1,6.958272907901,-40.85219324988344,5.7848189,15.8391547993,2.65,0.9735,,,-56.69134804918344
2020-01-01,2020,10,114,MGPI,MGP INGREDIENTS INC,Unclassified,63.7,0.765604860732,0.2668801708033186,5.7848189,15.8391547993,2.65,0.9735,,,-15.57227462849668
2020-01-01,2020,10,115,ALLE,ALLEGION PLC,Unclassified,62.7,10.557086062545,-6.556121775407275,5.7848189,15.8391547993,2.65,0.9735,,,-22.395276574707275
2020-01-01,2020,10,116,TILE,INTERFACE INC,Unclassified,62.3,0.940309713024,-37.41923459244533,5.7848189,15.8391547993,2.65,0.9735,,,-53.258389391745325
2020-01-01,2020,10,117,NPO,ENPRO INC,Unclassified,58.2,1.29795998815,14.662930344275416,5.7848189,15.8391547993,2.65,0.9735,,,-1.1762244550245828
2020-01-01,2020,10,118,UEIC,UNIVERSAL ELECTRONICS INC,Unclassified,55.0,0.6903226331550001,-0.4983556281903833,5.7848189,15.8391547993,2.65,0.9735,,,-16.337510427490383
2020-01-01,2020,10,119,KN,KNOWLES CORP,Unclassified,51.4,1.93618375065,-13.522458628841605,5.7848189,15.8391547993,2.65,0.9735,,,-29.361613428141602
2020-01-01,2020,10,120,UFI,UNIFI INC,Unclassified,48.0,0.46720661082,-29.176563737133808,5.7848189,15.8391547993,2.65,0.9735,,,-45.01571853643381
2020-01-01,2020,20,1,ARNA,ARENA PHARMACEUTICALS INC,Healthcare,96.8,2.2758665259,70.89387934830471,9.5604455133,15.8391547993,4.15,0.9585,,,55.05472454900471
2020-01-01,2020,20,2,VST,VISTRA CORP,Utilities,94.6,9.748372914276,-12.539373031348443,9.5604455133,15.8391547993,4.15,0.9585,,,-28.378527830648444
2020-01-01,2020,20,3,ANET,ARISTA NETWORKS INC,Technology,94.5,0.971261148076,42.05930936836309,9.5604455133,15.8391547993,4.15,0.9585,,,26.22015456906309
2020-01-01,2020,20,4,LXRX,LEXICON PHARMACEUTICALS INC,Healthcare,94.4,0.44102849705,-20.24096385542169,9.5604455133,15.8391547993,4.15,0.9585,,,-36.08011865472169
2020-01-01,2020,20,5,HEES,H&E EQUIPMENT SERVICES INC,Industrials,94.1,1.0228059930159998,-6.39304616031684,9.5604455133,15.8391547993,4.15,0.9585,,,-22.23220095961684
2020-01-01,2020,20,6,FTNT,FORTINET INC,Technology,93.5,3.651912331072,38.64743349569126,9.5604455133,15.8391547993,4.15,0.9585,,,22.808278696391262
2020-01-01,2020,20,7,DECK,DECKERS OUTDOOR CORP,Consumer Disc,93.1,0.787331157156,69.37426713569982,9.5604455133,15.8391547993,4.15,0.9585,,,53.53511233639983
2020-01-01,2020,20,8,BERY,BERRY GLOBAL GROUP INC,Materials,92.2,5.5323891,18.234210966831665,9.5604455133,15.8391547993,4.15,0.9585,,,2.3950561675316653
2020-01-01,2020,20,9,APH,AMPHENOL CORP,Technology,92.1,3.767520120849,21.271739985834586,9.5604455133,15.8391547993,4.15,0.9585,,,5.432585186534586
2020-01-01,2020,20,10,SGI,SOMNIGROUP INTERNATIONAL INC,Consumer Disc,92.0,1.110148639908,26.213213798479828,9.5604455133,15.8391547993,4.15,0.9585,,,10.374058999179828
2020-01-01,2020,20,11,MA,MASTERCARD INC,Financials,91.5,35.028318923875,19.864975951027542,9.5604455133,15.8391547993,4.15,0.9585,,,4.025821151727543
2020-01-01,2020,20,12,MNST,MONSTER BEVERAGE CORP,Consumer Staples,91.3,8.542148913708001,43.92270409768992,9.5604455133,15.8391547993,4.15,0.9585,,,28.083549298389926
2020-01-01,2020,20,13,UIS,UNISYS CORP,Technology,90.7,0.74000159268,63.99662731871838,9.5604455133,15.8391547993,4.15,0.9585,,,48.157472519418384
2020-01-01,2020,20,14,CMG,CHIPOTLE MEXICAN GRILL INC,Consumer Disc,90.2,0.465347305368,64.15601481304503,9.5604455133,15.8391547993,4.15,0.9585,,,48.316860013745035
2020-01-01,2020,20,15,CMA,COMERICA INC,Financials,90.1,7.700292059278,-17.015182432558916,9.5604455133,15.8391547993,4.15,0.9585,,,-32.85433723185891
2020-01-01,2020,20,16,TRTN-PA,TRITON INTERNATIONAL LTD,Industrials,90.1,1.1486326978069998,7.414628010816915,9.5604455133,15.8391547993,4.15,0.9585,,,-8.424526788483085
2020-01-01,2020,20,17,SUPN,SUPERNUS PHARMACEUTICALS INC,Healthcare,89.5,1.2444208419199998,5.733558178752096,9.5604455133,15.8391547993,4.15,0.9585,,,-10.105596620547903
2020-01-01,2020,20,18,CSGP,COSTAR GROUP INC,Technology,89.4,2.19187061408,54.59802774527829,9.5604455133,15.8391547993,4.15,0.9585,,,38.75887294597829
2020-01-01,2020,20,19,MPC,MARATHON PETROLEUM CORP,Energy,89.2,32.047272947695,-26.99219937189747,9.5604455133,15.8391547993,4.15,0.9585,,,-42.83135417119747
2020-01-01,2020,20,20,CSX,CSX CORP,Industrials,88.8,17.252867848938,26.52700312882601,9.5604455133,15.8391547993,4.15,0.9585,,,10.68784832952601
2020-01-01,2020,20,21,GNCIQ,GNC HOLDINGS INC,Consumer Staples,88.7,0.2283264099,,9.5604455133,15.8391547993,4.15,0.9585,,,
2020-01-01,2020,20,22,WM,WASTE MANAGEMENT INC,Utilities,88.5,43.490238135599995,4.592588257099095,9.5604455133,15.8391547993,4.15,0.9585,,,-11.246566542200904
2020-01-01,2020,20,23,EBIXQ,EBIX INC,Technology,88.3,0.984763204776,12.529419051158186,9.5604455133,15.8391547993,4.15,0.9585,,,-3.3097357481418133
2020-01-01,2020,20,24,CORT,CORCEPT THERAPEUTICS INC,Healthcare,88.0,1.3827965668,116.28099173553724,9.5604455133,15.8391547993,4.15,0.9585,,,100.44183693623724
2020-01-01,2020,20,25,SRLP,SPRAGUE RESOURCES LP,Energy,88.0,0.2658548124829999,33.130829126379744,9.5604455133,15.8391547993,4.15,0.9585,,,17.291674327079747
2020-01-01,2020,20,26,EXEL,EXELIXIS INC,Healthcare,88.0,5.35377191172,14.699205448354146,9.5604455133,15.8391547993,4.15,0.9585,,,-1.1399493509458534
2020-01-01,2020,20,27,CVI,CVR ENERGY INC,Energy,87.9,2.410924825218,-60.32440997414727,9.5604455133,15.8391547993,4.15,0.9585,,,-76.16356477344728
2020-01-01,2020,20,28,SRCI,SRC ENERGY INC,Energy,87.8,1.0034807136,,9.5604455133,15.8391547993,4.15,0.9585,,,
2020-01-01,2020,20,29,SGRY,SURGERY PARTNERS INC,Healthcare,87.7,0.775020922985,80.26189715745768,9.5604455133,15.8391547993,4.15,0.9585,,,64.42274235815768
2020-01-01,2020,20,30,HCC,WARRIOR MET COAL INC,Materials,87.7,0.95554978568,1.336183858898976,9.5604455133,15.8391547993,4.15,0.9585,,,-14.502970940401024
2020-01-01,2020,20,31,HSII,HEIDRICK & STRUGGLES INTERNATIONAL INC,Industrials,87.6,0.557435495456,-6.7714423275328395,9.5604455133,15.8391547993,4.15,0.9585,,,-22.61059712683284
2020-01-01,2020,20,32,LRCX,LAM RESEARCH CORP,Technology,87.5,3.951078435792,68.20151281486375,9.5604455133,15.8391547993,4.15,0.9585,,,52.36235801556375
2020-01-01,2020,20,33,AMZN,AMAZON COM INC,Consumer Disc,87.3,45.80769675024,77.8205905273184,9.5604455133,15.8391547993,4.15,0.9585,,,61.981435728018404
2020-01-01,2020,20,34,UPBD,UPBOUND GROUP INC,Industrials,87.2,1.116552458912,40.0843468026677,9.5604455133,15.8391547993,4.15,0.9585,,,24.245192003367706
2020-01-01,2020,20,35,CMCSA,COMCAST CORP,Communication Svcs,87.2,71.322502248931,16.453096525990006,9.5604455133,15.8391547993,4.15,0.9585,,,0.6139417266900065
2020-01-01,2020,20,36,LGND,LIGAND PHARMACEUTICALS INC,Healthcare,87.2,1.83168583881,-1.5917154089558072,9.5604455133,15.8391547993,4.15,0.9585,,,-17.430870208255808
2020-01-01,2020,20,37,DVA,DAVITA INC,Healthcare,86.9,9.731391,53.93842463014793,9.5604455133,15.8391547993,4.15,0.9585,,,38.09926983084793
2020-01-01,2020,20,38,TTEK,TETRA TECH INC,Industrials,86.4,0.8992251423869999,35.41552844047835,9.5604455133,15.8391547993,4.15,0.9585,,,19.57637364117835
2020-01-01,2020,20,39,HA,HAWAIIAN HOLDINGS INC,Industrials,86.3,1.358941193079,-37.56642781225358,9.5604455133,15.8391547993,4.15,0.9585,,,-53.40558261155358
2020-01-01,2020,20,40,ACRE,ARES COMMERCIAL REAL ESTATE CORP,Real Estate,86.3,0.1988840528999999,-14.615384615384608,9.5604455133,15.8391547993,4.15,0.9585,,,-30.454539414684607
2020-01-01,2020,20,41,HPQ,HP INC,Technology,86.1,23.612843427516,22.70293556526555,9.5604455133,15.8391547993,4.15,0.9585,,,6.863780765965549
2020-01-01,2020,20,42,BKE,BUCKLE INC,Consumer Disc,85.8,0.671275338357,24.367529515289288,9.5604455133,15.8391547993,4.15,0.9585,,,8.528374715989289
2020-01-01,2020,20,43,FL,FOOT LOCKER INC,Consumer Disc,85.6,3.5031477861660005,7.169721210673985,9.5604455133,15.8391547993,4.15,0.9585,,,-8.669433588626013
2020-01-01,2020,20,44,RMNI,RIMINI STREET INC,Technology,85.5,0.26101148,14.175257731958755,9.5604455133,15.8391547993,4.15,0.9585,,,-1.663897067341244
2020-01-01,2020,20,45,BSTC,BIOSPECIFICS TECHNOLOGIES CORP,Healthcare,85.5,0.4179037278,,9.5604455133,15.8391547993,4.15,0.9585,,,
2020-01-01,2020,20,46,RSG,REPUBLIC SERVICES INC,Utilities,85.1,26.132208126804,8.380352214161846,9.5604455133,15.8391547993,4.15,0.9585,,,-7.458802585138153
2020-01-01,2020,20,47,AMP,AMERIPRISE FINANCIAL INC,Financials,85.0,18.858510982815996,17.954437046940196,9.5604455133,15.8391547993,4.15,0.9585,,,2.115282247640197
2020-01-01,2020,20,48,LUV,SOUTHWEST AIRLINES CO,Industrials,85.0,25.978042131612,-13.682589846440596,9.5604455133,15.8391547993,4.15,0.9585,,,-29.521744645740597
2020-01-01,2020,20,49,RTX,RTX CORP,Industrials,84.9,64.98602253425999,-16.414936436456383,9.5604455133,15.8391547993,4.15,0.9585,,,-32.254091235756384
2020-01-01,2020,20,50,ETRN,EQUITRANS MIDSTREAM CORP,Energy,84.9,2.378799472,-35.42514457057185,9.5604455133,15.8391547993,4.15,0.9585,,,-51.26429936987185
2020-01-01,2020,20,51,BKNG,BOOKING HOLDINGS INC,Industrials,84.6,3.3670399308000003,7.377803192282828,9.5604455133,15.8391547993,4.15,0.9585,,,-8.461351607017171
2020-01-01,2020,20,52,ODFL,OLD DOMINION FREIGHT LINE INC,Industrials,84.5,4.892782719695,53.57533240884247,9.5604455133,15.8391547993,4.15,0.9585,,,37.73617760954247
2020-01-01,2020,20,53,WLKP,WESTLAKE CHEMICAL PARTNERS LP,Materials,84.4,0.531799100357,-3.2885595182955085,9.5604455133,15.8391547993,4.15,0.9585,,,-19.127714317595508
2020-01-01,2020,20,54,URI,UNITED RENTALS INC,Industrials,84.4,12.063655548585,37.95097031430086,9.5604455133,15.8391547993,4.15,0.9585,,,22.111815515000863
2020-01-01,2020,20,55,HEI,HEICO CORP,Industrials,84.3,3.047288991262,16.236524011760856,9.5604455133,15.8391547993,4.15,0.9585,,,0.3973692124608572
2020-01-01,2020,20,56,CMI,CUMMINS INC,Industrials,84.1,23.367685649726997,29.30694237741516,9.5604455133,15.8391547993,4.15,0.9585,,,13.467787578115162
2020-01-01,2020,20,57,V,VISA INC,Financials,84.0,84.004555683894,16.932298736920902,9.5604455133,15.8391547993,4.15,0.9585,,,1.0931439376209031
2020-01-01,2020,20,58,ORCL,ORACLE CORP,Technology,84.0,154.300747496,23.65915516381174,9.5604455133,15.8391547993,4.15,0.9585,,,7.82000036451174
2020-01-01,2020,20,59,ELME,ELME COMMUNITIES,Real Estate,83.7,0.28973810468,-22.03059805285119,9.5604455133,15.8391547993,4.15,0.9585,,,-37.86975285215119
2020-01-01,2020,20,60,PMT,PENNYMAC MORTGAGE INVESTMENT TRUST,Real Estate,83.7,0.942302925039,-13.662257410447031,9.5604455133,15.8391547993,4.15,0.9585,,,-29.50141220974703
2020-01-01,2020,20,61,ORA,ORMAT TECHNOLOGIES INC,Utilities,83.6,3.649987588797,20.450703438255324,9.5604455133,15.8391547993,4.15,0.9585,,,4.611548638955325
2020-01-01,2020,20,62,WU,WESTERN UNION CO,Technology,83.4,7.07284799459,-15.293420272673398,9.5604455133,15.8391547993,4.15,0.9585,,,-31.1325750719734
2020-01-01,2020,20,63,RDN,RADIAN GROUP INC,Financials,83.3,4.105660158468001,-18.656606731664297,9.5604455133,15.8391547993,4.15,0.9585,,,-34.495761530964295
2020-01-01,2020,20,64,ARCB,ARCBEST CORP,Industrials,83.2,0.675754354686,56.40735288566792,9.5604455133,15.8391547993,4.15,0.9585,,,40.56819808636792
2020-01-01,2020,20,65,PLUS,EPLUS INC,Industrials,83.1,0.56052522213,2.4687191108753836,9.5604455133,15.8391547993,4.15,0.9585,,,-13.370435688424616
2020-01-01,2020,20,66,MAN,MANPOWERGROUP INC,Industrials,83.0,4.533963618955,-4.208226588813613,9.5604455133,15.8391547993,4.15,0.9585,,,-20.047381388113614
2020-01-01,2020,20,67,TROX,TRONOX HOLDINGS PLC,Materials,82.9,1.264371676015,33.363258893502426,9.5604455133,15.8391547993,4.15,0.9585,,,17.52410409420243
2020-01-01,2020,20,68,JCAP1,JERNIGAN CAPITAL INC,Real Estate,82.8,0.409981190627,,9.5604455133,15.8391547993,4.15,0.9585,,,
2020-01-01,2020,20,69,USNA,USANA HEALTH SCIENCES INC,Healthcare,82.7,1.70006197025,-1.9478039465308683,9.5604455133,15.8391547993,4.15,0.9585,,,-17.786958745830866
2020-01-01,2020,20,70,NTAP,NETAPP INC,Technology,82.6,11.927329751766,9.37218958688122,9.5604455133,15.8391547993,4.15,0.9585,,,-6.4669652124187795
2020-01-01,2020,20,71,ETFC,E TRADE FINANCIAL CORP,Financials,81.9,10.15830709455,,9.5604455133,15.8391547993,4.15,0.9585,,,
2020-01-01,2020,20,72,RILY,BRC GROUP HOLDINGS INC,Financials,81.9,0.42169165002,87.47765006385697,9.5604455133,15.8391547993,4.15,0.9585,,,71.63849526455697
2020-01-01,2020,20,73,CRTO,CRITEO SA,Communication Svcs,81.9,1.11046756347,19.56145412579342,9.5604455133,15.8391547993,4.15,0.9585,,,3.722299326493422
2020-01-01,2020,20,74,RHI,ROBERT HALF INC,Industrials,81.9,5.803436990764,0.7521805233255963,9.5604455133,15.8391547993,4.15,0.9585,,,-15.086974275974402
2020-01-01,2020,20,75,STWD,STARWOOD PROPERTY TRUST INC,Real Estate,81.7,3.658879078344,-11.727538912004931,9.5604455133,15.8391547993,4.15,0.9585,,,-27.56669371130493
2020-01-01,2020,20,76,AEO,AMERICAN EAGLE OUTFITTERS INC,Consumer Disc,81.7,2.07076573177,39.101685347955815,9.5604455133,15.8391547993,4.15,0.9585,,,23.262530548655818
2020-01-01,2020,20,77,AIV,APARTMENT INVESTMENT & MANAGEMENT CO,Real Estate,81.4,0.3875468376580001,-31.271609681137157,9.5604455133,15.8391547993,4.15,0.9585,,,-47.110764480437155
2020-01-01,2020,20,78,NAVI,NAVIENT CORP,Financials,81.3,2.21832467246,-23.355918692706258,9.5604455133,15.8391547993,4.15,0.9585,,,-39.19507349200626
2020-01-01,2020,20,79,LGIH,LGI HOMES INC,Industrials,81.1,1.6214143914,52.229299363057315,9.5604455133,15.8391547993,4.15,0.9585,,,36.39014456375732
2020-01-01,2020,20,80,VATE,INNOVATE CORP,Industrials,81.0,0.350990832636,307.0147886402304,9.5604455133,15.8391547993,4.15,0.9585,,,291.1756338409304
2020-01-01,2020,20,81,REGN,REGENERON PHARMACEUTICALS INC,Healthcare,80.7,34.9541195733,27.383813133349477,9.5604455133,15.8391547993,4.15,0.9585,,,11.544658334049478
2020-01-01,2020,20,82,CETV,CENTRAL EUROPEAN MEDIA ENTERPRISES LTD,Communication Svcs,80.7,1.14883982778,,9.5604455133,15.8391547993,4.15,0.9585,,,
2020-01-01,2020,20,83,ABBV,ABBVIE INC,Healthcare,80.4,99.733174412069,25.371806467875626,9.5604455133,15.8391547993,4.15,0.9585,,,9.532651668575626
2020-01-01,2020,20,84,CXW,CORECIVIC INC,Real Estate,80.3,1.93851826735,-58.346132579713704,9.5604455133,15.8391547993,4.15,0.9585,,,-74.1852873790137
2020-01-01,2020,20,85,TCO,TAUBMAN CENTERS INC,Real Estate,80.3,1.8770176173,,9.5604455133,15.8391547993,4.15,0.9585,,,
2020-01-01,2020,20,86,GM,GENERAL MOTORS CO,Consumer Disc,80.2,49.60738242432,15.76036866359447,9.5604455133,15.8391547993,4.15,0.9585,,,-0.0787861357055295
2020-01-01,2020,20,87,AAPL,APPLE INC,Technology,80.2,313.97887796,83.72438582588022,9.5604455133,15.8391547993,4.15,0.9585,,,67.88523102658021
2020-01-01,2020,20,88,MED,MEDIFAST INC,Consumer Staples,80.2,1.079671965192,82.88686633961618,9.5604455133,15.8391547993,4.15,0.9585,,,67.04771154031617
2020-01-01,2020,20,89,MR,MONTAGE RESOURCES CORP,Energy,80.0,0.28433027252,,9.5604455133,15.8391547993,4.15,0.9585,,,
2020-01-01,2020,20,90,CLCT,COLLECTORS UNIVERSE INC,Technology,80.0,0.208079194363,235.03393815713585,9.5604455133,15.8391547993,4.15,0.9585,,,219.19478335783586
2020-01-01,2020,20,91,EXLS,EXLSERVICE HOLDINGS INC,Technology,79.8,0.4736426694199999,22.97725309530665,9.5604455133,15.8391547993,4.15,0.9585,,,7.1380982960066515
2020-01-01,2020,20,92,ISRG,INTUITIVE SURGICAL INC,Healthcare,79.7,22.77375916025,37.917787363613286,9.5604455133,15.8391547993,4.15,0.9585,,,22.07863256431329
2020-01-01,2020,20,93,SHOE,SHOE STATION GROUP INC,Consumer Disc,79.6,0.233706103898,5.484027693428883,9.5604455133,15.8391547993,4.15,0.9585,,,-10.355127105871116
2020-01-01,2020,20,94,ANIK,ANIKA THERAPEUTICS INC,Healthcare,79.4,0.73986667895,-13.616200578592096,9.5604455133,15.8391547993,4.15,0.9585,,,-29.455355377892097
2020-01-01,2020,20,95,CPS,COOPER-STANDARD HOLDINGS INC,Consumer Disc,79.4,0.5583720878399999,3.468033775633317,9.5604455133,15.8391547993,4.15,0.9585,,,-12.371121023666682
2020-01-01,2020,20,96,TSCO,TRACTOR SUPPLY CO,Consumer Disc,79.4,1.976339656844,54.672337366718594,9.5604455133,15.8391547993,4.15,0.9585,,,38.833182567418596
2020-01-01,2020,20,97,EBF,ENNIS INC,Communication Svcs,79.2,0.361348840166,-15.05454020082352,9.5604455133,15.8391547993,4.15,0.9585,,,-30.89369500012352
2020-01-01,2020,20,98,TECH,BIO-TECHNE CORP,Healthcare,79.1,2.027415740064,45.13497255432741,9.5604455133,15.8391547993,4.15,0.9585,,,29.295817755027414
2020-01-01,2020,20,99,UVE,UNIVERSAL INSURANCE HOLDINGS INC,Financials,79.1,0.697441101,-44.42857142857143,9.5604455133,15.8391547993,4.15,0.9585,,,-60.26772622787143
2020-01-01,2020,20,100,LEVI,LEVI STRAUSS & CO,Consumer Disc,78.9,0.6233799312539999,6.973096875377016,9.5604455133,15.8391547993,4.15,0.9585,,,-8.866057923922984
2020-01-01,2020,20,101,BLDR,BUILDERS FIRSTSOURCE INC,Consumer Disc,78.8,2.9421418257,66.39118457300275,9.5604455133,15.8391547993,4.15,0.9585,,,50.55202977370275
2020-01-01,2020,20,102,CPRT,COPART INC,Consumer Disc,78.7,5.28484637341,39.14669012535739,9.5604455133,15.8391547993,4.15,0.9585,,,23.30753532605739
2020-01-01,2020,20,103,GSKY,GREENSKY INC,Technology,78.7,0.557386797,-48.87640449438203,9.5604455133,15.8391547993,4.15,0.9585,,,-64.71555929368203
2020-01-01,2020,20,104,RM,REGIONAL MANAGEMENT CORP,Financials,78.5,0.268862776582,-3.293413173652693,9.5604455133,15.8391547993,4.15,0.9585,,,-19.132567972952693
2020-01-01,2020,20,105,AOS,SMITH A O CORP,Consumer Disc,78.4,3.166438512468,17.246657578149293,9.5604455133,15.8391547993,4.15,0.9585,,,1.4075027788492935
2020-01-01,2020,20,106,SANM,SANMINA CORP,Technology,78.2,2.39600963808,-7.505841121495327,9.5604455133,15.8391547993,4.15,0.9585,,,-23.344995920795327
2020-01-01,2020,20,107,RHP,RYMAN HOSPITALITY PROPERTIES INC,Real Estate,78.2,3.706016210064,-20.319007163085125,9.5604455133,15.8391547993,4.15,0.9585,,,-36.15816196238512
2020-01-01,2020,20,108,BHF,BRIGHTHOUSE FINANCIAL INC,Financials,78.1,4.23460687148,-8.819780780015273,9.5604455133,15.8391547993,4.15,0.9585,,,-24.658935579315273
2020-01-01,2020,20,109,STMP,STAMPSCOM INC,Technology,78.1,1.4259925008,149.6647509578544,9.5604455133,15.8391547993,4.15,0.9585,,,133.82559615855442
2020-01-01,2020,20,110,NXRT,NEXPOINT RESIDENTIAL TRUST INC,Real Estate,78.0,0.8543209846600001,-6.563717877340524,9.5604455133,15.8391547993,4.15,0.9585,,,-22.402872676640524
2020-01-01,2020,20,111,CUROQ,CURO GROUP HOLDINGS CORP,Financials,78.0,0.46374129477,18.930041152263374,9.5604455133,15.8391547993,4.15,0.9585,,,3.090886352963375
2020-01-01,2020,20,112,OMC,OMNICOM GROUP INC,Communication Svcs,78.0,13.851023406525,-20.047158688988443,9.5604455133,15.8391547993,4.15,0.9585,,,-35.886313488288444
2020-01-01,2020,20,113,JBSS,SANFILIPPO JOHN B & SON INC,Consumer Staples,78.0,0.55583792274,-10.044854842715834,9.5604455133,15.8391547993,4.15,0.9585,,,-25.884009642015833
2020-01-01,2020,20,114,CSCO,CISCO SYSTEMS INC,Technology,78.0,167.32332028594,-4.1174382637797375,9.5604455133,15.8391547993,4.15,0.9585,,,-19.956593063079737
2020-01-01,2020,20,115,CTRA,COTERRA ENERGY INC,Energy,77.9,5.321377359285,-3.2272901494825534,9.5604455133,15.8391547993,4.15,0.9585,,,-19.066444948782554
2020-01-01,2020,20,116,CBRE,CBRE GROUP INC,Real Estate,77.9,20.51693157042,1.8110621634850776,9.5604455133,15.8391547993,4.15,0.9585,,,-14.028092635814922
2020-01-01,2020,20,117,OSUR,ORASURE TECHNOLOGIES INC,Healthcare,77.7,0.4956627510999999,33.00124533001245,9.5604455133,15.8391547993,4.15,0.9585,,,17.162090530712454
2020-01-01,2020,20,118,FFIV,F5 INC,Technology,77.6,8.489865342,25.785893304690298,9.5604455133,15.8391547993,4.15,0.9585,,,9.946738505390298
2020-01-01,2020,20,119,BIIB,BIOGEN INC,Healthcare,77.5,53.54251845894,-17.911906446938296,9.5604455133,15.8391547993,4.15,0.9585,,,-33.751061246238294
2020-01-01,2020,20,120,WKC,WORLD KINECT CORP,Energy,77.4,2.457703789776,-26.447424435930188,9.5604455133,15.8391547993,4.15,0.9585,,,-42.286579235230185
2020-01-01,2020,20,121,RFP,RESOLUTE FOREST PRODUCTS INC,Materials,77.4,0.346816932768,56.41091658084449,9.5604455133,15.8391547993,4.15,0.9585,,,40.571761781544495
2020-01-01,2020,20,122,GLPI,GAMING & LEISURE PROPERTIES INC,Real Estate,77.4,6.2074064788009995,2.901808874900569,9.5604455133,15.8391547993,4.15,0.9585,,,-12.93734592439943
2020-01-01,2020,20,123,EQC,EQUITY COMMONWEALTH,Real Estate,77.2,0.207149214101,-6.945261918775758,9.5604455133,15.8391547993,4.15,0.9585,,,-22.784416718075757
2020-01-01,2020,20,124,WSM,WILLIAMS SONOMA INC,Consumer Disc,76.9,2.492745385818,44.61433277394493,9.5604455133,15.8391547993,4.15,0.9585,,,28.775177974644933
2020-01-01,2020,20,125,RRD,RR DONNELLEY & SONS CO,Communication Svcs,76.8,0.2772899,-43.74840194323703,9.5604455133,15.8391547993,4.15,0.9585,,,-59.587556742537025
2020-01-01,2020,20,126,SFM,SPROUTS FARMERS MARKET INC,Consumer Staples,76.8,2.2859871345,3.9793281653746737,9.5604455133,15.8391547993,4.15,0.9585,,,-11.859826633925326
2020-01-01,2020,20,127,ATI,ATI INC,Materials,76.7,2.60492328968,-18.538238141335928,9.5604455133,15.8391547993,4.15,0.9585,,,-34.37739294063593
2020-01-01,2020,20,128,NGVT,INGEVITY CORP,Materials,76.6,3.65460794566,-13.515678644998864,9.5604455133,15.8391547993,4.15,0.9585,,,-29.354833444298862
2020-01-01,2020,20,129,MUR,MURPHY OIL CORP,Energy,76.4,3.343968363112,-51.97009591875118,9.5604455133,15.8391547993,4.15,0.9585,,,-67.80925071805117
2020-01-01,2020,20,130,T,AT&T INC,Communication Svcs,76.1,145.946595,-22.1232293908604,9.5604455133,15.8391547993,4.15,0.9585,,,-37.9623841901604
2020-01-01,2020,20,131,SM,SM ENERGY CO,Energy,76.1,1.138841631833,-44.91130710534139,9.5604455133,15.8391547993,4.15,0.9585,,,-60.75046190464139
2020-01-01,2020,20,132,VNDA,VANDA PHARMACEUTICALS INC,Healthcare,76.0,0.8752615648500001,-19.012797074954303,9.5604455133,15.8391547993,4.15,0.9585,,,-34.851951874254304
2020-01-01,2020,20,133,COLL,COLLEGIUM PHARMACEUTICAL INC,Healthcare,76.0,0.6899872446599999,-3.206997084548091,9.5604455133,15.8391547993,4.15,0.9585,,,-19.04615188384809
2020-01-01,2020,20,134,WFC,WELLS FARGO & COMPANY,Financials,75.9,191.784522419238,-42.493273938164336,9.5604455133,15.8391547993,4.15,0.9585,,,-58.33242873746433
2020-01-01,2020,20,135,GIII,G III APPAREL GROUP LTD,Consumer Disc,75.8,1.586655404048,-29.045092838196297,9.5604455133,15.8391547993,4.15,0.9585,,,-44.884247637496294
2020-01-01,2020,20,136,ORLY,O REILLY AUTOMOTIVE INC,Consumer Disc,75.8,2.2105259936489996,3.0906663928534917,9.5604455133,15.8391547993,4.15,0.9585,,,-12.748488406446508
2020-01-01,2020,20,137,EGRX,EAGLE PHARMACEUTICALS INC,Healthcare,75.8,0.82136401376,-22.603195739014648,9.5604455133,15.8391547993,4.15,0.9585,,,-38.44235053831465
2020-01-01,2020,20,138,LYB,LYONDELLBASELL INDUSTRIES NV,Materials,75.5,20.481093507496,1.9111494570968055,9.5604455133,15.8391547993,4.15,0.9585,,,-13.928005342203194
2020-01-01,2020,20,139,RJF,RAYMOND JAMES FINANCIAL INC,Financials,75.5,7.50090376933,7.059236929222679,9.5604455133,15.8391547993,4.15,0.9585,,,-8.77991787007732
2020-01-01,2020,20,140,AMWD,AMERICAN WOODMARK CORP,Materials,75.1,1.76847087697,-9.970337766720894,9.5604455133,15.8391547993,4.15,0.9585,,,-25.809492566020893
2020-01-01,2020,20,141,SITC,SITE CENTERS CORP,Real Estate,75.1,0.797309536694,-26.008750607681087,9.5604455133,15.8391547993,4.15,0.9585,,,-41.847905406981084
2020-01-01,2020,20,142,IRM,IRON MOUNTAIN INC,Real Estate,75.1,6.715709979528,0.0726868479562048,9.5604455133,15.8391547993,4.15,0.9585,,,-15.766467951343795
2020-01-01,2020,20,143,IBKR,INTERACTIVE BROKERS GROUP INC,Financials,75.1,0.473290112757,29.999107700544304,9.5604455133,15.8391547993,4.15,0.9585,,,14.159952901244305
2020-01-01,2020,20,144,TDS,TELEPHONE & DATA SYSTEMS INC,Communication Svcs,75.1,1.032984074304,-26.179905414535277,9.5604455133,15.8391547993,4.15,0.9585,,,-42.019060213835274
2020-01-01,2020,20,145,IBCP,INDEPENDENT BANK CORP,Financials,75.0,0.39023361663,-14.523562622421938,9.5604455133,15.8391547993,4.15,0.9585,,,-30.36271742172194
2020-01-01,2020,20,146,SF,STIFEL FINANCIAL CORP,Financials,74.9,1.674828102981,26.461423407702856,9.5604455133,15.8391547993,4.15,0.9585,,,10.622268608402857
2020-01-01,2020,20,147,ARL,AMERICAN REALTY INVESTORS INC,Real Estate,74.9,0.27402991188,-34.150612959719794,9.5604455133,15.8391547993,4.15,0.9585,,,-49.98976775901979
2020-01-01,2020,20,148,MTG,MGIC INVESTMENT CORP,Financials,74.8,4.223218053747,-10.667987779704402,9.5604455133,15.8391547993,4.15,0.9585,,,-26.5071425790044
2020-01-01,2020,20,149,BDN,BRANDYWINE REALTY TRUST,Real Estate,74.7,1.401982962526,-20.598215407817023,9.5604455133,15.8391547993,4.15,0.9585,,,-36.43737020711702
2020-01-01,2020,20,150,ECPG,ENCORE CAPITAL GROUP INC,Financials,74.6,1.09823814256,9.671945701357476,9.5604455133,15.8391547993,4.15,0.9585,,,-6.167209097942523
2020-01-01,2020,20,151,PIPR,PIPER SANDLER COMPANIES,Financials,74.5,0.232516489695,29.14479777709169,9.5604455133,15.8391547993,4.15,0.9585,,,13.30564297779169
2020-01-01,2020,20,152,VVV,VALVOLINE INC,Unclassified,74.3,3.81915702224,11.60714285714286,9.5604455133,15.8391547993,4.15,0.9585,,,-4.23201194215714
2020-01-01,2020,20,153,STLD,STEEL DYNAMICS INC,Materials,74.3,6.496744704026,11.49432911056576,9.5604455133,15.8391547993,4.15,0.9585,,,-4.34482568873424
2020-01-01,2020,20,154,PSA,PUBLIC STORAGE,Real Estate,74.2,28.355710235184,11.585114181692724,9.5604455133,15.8391547993,4.15,0.9585,,,-4.254040617607275
2020-01-01,2020,20,155,OUT,OUTFRONT MEDIA INC,Real Estate,73.9,2.8285903452559995,-28.044448954739188,9.5604455133,15.8391547993,4.15,0.9585,,,-43.883603754039186
2020-01-01,2020,20,156,FE,FIRSTENERGY CORP,Utilities,73.8,19.851592426887,-35.276666394491166,9.5604455133,15.8391547993,4.15,0.9585,,,-51.11582119379116
2020-01-01,2020,20,157,LTC,LTC PROPERTIES INC,Real Estate,73.7,1.167428043072,-8.066603105420867,9.5604455133,15.8391547993,4.15,0.9585,,,-23.905757904720865
2020-01-01,2020,20,158,TUPBQ,TUPPERWARE BRANDS CORP,Materials,73.7,0.41955501588,274.5920745920746,9.5604455133,15.8391547993,4.15,0.9585,,,258.7529197927746
2020-01-01,2020,20,159,SPWH,SPORTSMAN'S WAREHOUSE HOLDINGS INC,Consumer Disc,73.5,0.34713708469,120.8592777085928,9.5604455133,15.8391547993,4.15,0.9585,,,105.0201229092928
2020-01-01,2020,20,160,DK,DELEK US HOLDINGS INC,Energy,73.5,1.98311939994,-48.70479898180729,9.5604455133,15.8391547993,4.15,0.9585,,,-64.54395378110729
2020-01-01,2020,20,161,AD,ARRAY DIGITAL INFRASTRUCTURE INC,Communication Svcs,73.4,0.87148616037,-17.389448002439767,9.5604455133,15.8391547993,4.15,0.9585,,,-33.22860280173977
2020-01-01,2020,20,162,HIBB,HIBBETT INC,Consumer Disc,73.1,0.462168946278,70.5423449103593,9.5604455133,15.8391547993,4.15,0.9585,,,54.70319011105931
2020-01-01,2020,20,163,NRG,NRG ENERGY INC,Utilities,73.0,8.263866049339999,-5.242647506545694,9.5604455133,15.8391547993,4.15,0.9585,,,-21.08180230584569
2020-01-01,2020,20,164,MERC,MERCER INTERNATIONAL INC,Materials,72.7,0.6620055936339999,-12.927530484782402,9.5604455133,15.8391547993,4.15,0.9585,,,-28.7666852840824
2020-01-01,2020,20,165,AWK,AMERICAN WATER WORKS COMPANY INC,Utilities,72.7,19.423676254374,24.531392513448623,9.5604455133,15.8391547993,4.15,0.9585,,,8.692237714148623
2020-01-01,2020,20,166,DOOR,MASONITE INTERNATIONAL CORP,Materials,72.5,1.7967708129599995,36.67082121589809,9.5604455133,15.8391547993,4.15,0.9585,,,20.83166641659809
2020-01-01,2020,20,167,PUMP,PROPETRO HOLDING CORP,Energy,72.1,1.1297227725,-33.77777777777777,9.5604455133,15.8391547993,4.15,0.9585,,,-49.61693257707777
2020-01-01,2020,20,168,SO,SOUTHERN CO,Utilities,71.9,51.746632485238,-0.6809614527177654,9.5604455133,15.8391547993,4.15,0.9585,,,-16.520116252017765
2020-01-01,2020,20,169,CRAI,CRA INTERNATIONAL INC,Unclassified,71.9,0.383510934177,-5.051157346679314,9.5604455133,15.8391547993,4.15,0.9585,,,-20.890312145979312
2020-01-01,2020,20,170,VGR,VECTOR GROUP LTD,Consumer Staples,71.7,0.994035950286,-6.467439785905437,9.5604455133,15.8391547993,4.15,0.9585,,,-22.30659458520544
2020-01-01,2020,20,171,PKG,PACKAGING CORP OF AMERICA,Materials,70.9,8.728028079314,26.86050799297226,9.5604455133,15.8391547993,4.15,0.9585,,,11.02135319367226
2020-01-01,2020,20,172,BOOM,DMC GLOBAL INC,Materials,70.7,0.654386845112,-2.777466932253081,9.5604455133,15.8391547993,4.15,0.9585,,,-18.61662173155308
2020-01-01,2020,20,173,MLI,MUELLER INDUSTRIES INC,Materials,70.6,0.414212499659,11.90705348549428,9.5604455133,15.8391547993,4.15,0.9585,,,-3.9321013138057186
2020-01-01,2020,20,174,WBD,WARNER BROS DISCOVERY INC,Communication Svcs,70.5,4.427311582980001,-8.949297495418463,9.5604455133,15.8391547993,4.15,0.9585,,,-24.78845229471846
2020-01-01,2020,20,175,ARLP,ALLIANCE RESOURCE PARTNERS LP,Energy,70.5,0.767114327961,-56.55587105395023,9.5604455133,15.8391547993,4.15,0.9585,,,-72.39502585325023
2020-01-01,2020,20,176,HE,HAWAIIAN ELECTRIC INDUSTRIES INC,Utilities,70.0,4.397151929964,-22.94614755520309,9.5604455133,15.8391547993,4.15,0.9585,,,-38.78530235450309
2020-01-01,2020,20,177,PM,PHILIP MORRIS INTERNATIONAL INC,Consumer Staples,69.6,95.574266218788,2.2204857719606785,9.5604455133,15.8391547993,4.15,0.9585,,,-13.61866902733932
2020-01-01,2020,20,178,VZ,VERIZON COMMUNICATIONS INC,Communication Svcs,69.4,171.465477520931,-1.155358305796106,9.5604455133,15.8391547993,4.15,0.9585,,,-16.994513105096104
2020-01-01,2020,20,179,CWCO,CONSOLIDATED WATER CO LTD,Utilities,69.3,0.213752212576,-23.080708661417315,9.5604455133,15.8391547993,4.15,0.9585,,,-38.919863460717316
2020-01-01,2020,20,180,TALO,TALOS ENERGY INC,Energy,69.2,1.6340390675999998,-72.636815920398,9.5604455133,15.8391547993,4.15,0.9585,,,-88.47597071969801
2020-01-01,2020,20,181,EOG,EOG RESOURCES INC,Energy,69.0,36.21248785737,-37.78234746007776,9.5604455133,15.8391547993,4.15,0.9585,,,-53.621502259377756
2020-01-01,2020,20,182,WIRE,ENCORE WIRE CORP,Materials,68.5,1.1982687954720002,5.386257084878587,9.5604455133,15.8391547993,4.15,0.9585,,,-10.452897714421411
2020-01-01,2020,20,183,MCS,MARCUS CORP,Communication Svcs,66.5,0.55947778226,-57.36484189051343,9.5604455133,15.8391547993,4.15,0.9585,,,-73.20399668981344
2020-01-01,2020,20,184,LGF.B,LIONS GATE ENTERTAINMENT CORP,Communication Svcs,66.1,1.47294616371,2.618328298086614,9.5604455133,15.8391547993,4.15,0.9585,,,-13.220826501213384
2020-01-01,2020,20,185,UFPI,UFP INDUSTRIES INC,Materials,66.1,2.7046073560959996,19.802070092609412,9.5604455133,15.8391547993,4.15,0.9585,,,3.962915293309413
2020-01-01,2020,20,186,MYE,MYERS INDUSTRIES INC,Materials,66.0,0.483391693609,28.275405981335886,9.5604455133,15.8391547993,4.15,0.9585,,,12.436251182035887
2020-01-01,2020,20,187,ALCO,ALICO INC,Consumer Staples,65.8,0.2342652927999999,-12.20204856568492,9.5604455133,15.8391547993,4.15,0.9585,,,-28.04120336498492
2020-01-01,2020,20,188,MHK,MOHAWK INDUSTRIES INC,Unclassified,65.7,9.7678404093,4.494793958058363,9.5604455133,15.8391547993,4.15,0.9585,,,-11.344360841241636
2020-01-01,2020,20,189,IPG,INTERPUBLIC GROUP OF COMPANIES INC,Communication Svcs,65.7,7.048581845899999,7.008086253369283,9.5604455133,15.8391547993,4.15,0.9585,,,-8.831068545930716
2020-01-01,2020,20,190,TREX,TREX CO INC,Materials,65.6,2.6216425347,86.44859813084113,9.5604455133,15.8391547993,4.15,0.9585,,,70.60944333154113
2020-01-01,2020,20,191,NUS,NU SKIN ENTERPRISES INC,Consumer Staples,65.4,1.7826767389020002,37.94908547035176,9.5604455133,15.8391547993,4.15,0.9585,,,22.109930671051764
2020-01-01,2020,20,192,PPC,PILGRIMS PRIDE CORP,Consumer Staples,65.1,6.958272907901,-40.85219324988344,9.5604455133,15.8391547993,4.15,0.9585,,,-56.69134804918344
2020-01-01,2020,20,193,COKE,COCA-COLA CONSOLIDATED INC,Consumer Staples,63.9,0.192369157839,-5.795003155511003,9.5604455133,15.8391547993,4.15,0.9585,,,-21.634157954811002
2020-01-01,2020,20,194,MGPI,MGP INGREDIENTS INC,Unclassified,63.7,0.765604860732,0.2668801708033186,9.5604455133,15.8391547993,4.15,0.9585,,,-15.57227462849668
2020-01-01,2020,20,195,ACCO,ACCO BRANDS CORP,Communication Svcs,63.6,0.626048728925,-6.986831913245551,9.5604455133,15.8391547993,4.15,0.9585,,,-22.82598671254555
2020-01-01,2020,20,196,MTDR,MATADOR RESOURCES CO,Energy,63.5,1.922362117429,-30.441114010072212,9.5604455133,15.8391547993,4.15,0.9585,,,-46.28026880937221
2020-01-01,2020,20,197,MO,ALTRIA GROUP INC,Consumer Staples,63.3,55.92423520336,-10.950026723677176,9.5604455133,15.8391547993,4.15,0.9585,,,-26.789181522977174
2020-01-01,2020,20,198,AVA,AVISTA CORP,Utilities,63.0,2.353193309875,-14.151665485471288,9.5604455133,15.8391547993,4.15,0.9585,,,-29.99082028477129
2020-01-01,2020,20,199,ALLE,ALLEGION PLC,Unclassified,62.7,10.557086062545,-6.556121775407275,9.5604455133,15.8391547993,4.15,0.9585,,,-22.395276574707275
2020-01-01,2020,20,200,MRO,MARATHON OIL CORP,Energy,62.7,10.12709532906,-49.40758293838863,9.5604455133,15.8391547993,4.15,0.9585,,,-65.24673773768863
2020-01-01,2020,20,201,EQT,EQT CORP,Energy,62.6,2.581232167075,19.73853619887096,9.5604455133,15.8391547993,4.15,0.9585,,,3.899381399570961
2020-01-01,2020,20,202,WMK,WEIS MARKETS INC,Consumer Staples,62.6,0.94897706904,21.992630385487537,9.5604455133,15.8391547993,4.15,0.9585,,,6.153475586187538
2020-01-01,2020,20,203,UTL,UNITIL CORP,Utilities,62.5,0.7402352845650001,-27.44137277438349,9.5604455133,15.8391547993,4.15,0.9585,,,-43.280527573683486
2020-01-01,2020,20,204,WCN,WASTE CONNECTIONS INC,Utilities,62.5,22.774823119037997,13.043276912033727,9.5604455133,15.8391547993,4.15,0.9585,,,-2.795877887266272
2020-01-01,2020,20,205,TILE,INTERFACE INC,Unclassified,62.3,0.940309713024,-37.41923459244533,9.5604455133,15.8391547993,4.15,0.9585,,,-53.258389391745325
2020-01-01,2020,20,206,NI,NISOURCE INC,Utilities,62.0,8.335230892925999,-16.30814735143855,9.5604455133,15.8391547993,4.15,0.9585,,,-32.14730215073855
2020-01-01,2020,20,207,CAH,CARDINAL HEALTH INC,Consumer Staples,61.9,12.55067527014,8.923327895595445,9.5604455133,15.8391547993,4.15,0.9585,,,-6.915826903704554
2020-01-01,2020,20,208,COR,CENCORA INC,Consumer Staples,61.1,16.180953531508003,16.04774873374226,9.5604455133,15.8391547993,4.15,0.9585,,,0.20859393444226093
2020-01-01,2020,20,209,TGNA,TEGNA INC,Communication Svcs,61.0,3.1143026354159997,-15.649811951525283,9.5604455133,15.8391547993,4.15,0.9585,,,-31.488966750825284
2020-01-01,2020,20,210,HAL,HALLIBURTON CO,Energy,61.0,18.963208388391003,-20.274961810859615,9.5604455133,15.8391547993,4.15,0.9585,,,-36.11411661015961
2020-01-01,2020,20,211,CLH,CLEAN HARBORS INC,Utilities,60.9,4.785625866,-12.244897959183676,9.5604455133,15.8391547993,4.15,0.9585,,,-28.084052758483676
2020-01-01,2020,20,212,NEE,NEXTERA ENERGY INC,Utilities,60.5,24.968139452948996,27.98974218428831,9.5604455133,15.8391547993,4.15,0.9585,,,12.150587384988311
2020-01-01,2020,20,213,AWR,AMERICAN STATES WATER CO,Utilities,60.0,2.786082656028,-8.014227534775486,9.5604455133,15.8391547993,4.15,0.9585,,,-23.853382334075484
2020-01-01,2020,20,214,CCOI,COGENT COMMUNICATIONS HOLDINGS INC,Communication Svcs,59.9,2.22077751812,-6.889498102066649,9.5604455133,15.8391547993,4.15,0.9585,,,-22.728652901366647
2020-01-01,2020,20,215,EQM,EQM MIDSTREAM PARTNERS LP,Energy,59.0,5.59597519908,,9.5604455133,15.8391547993,4.15,0.9585,,,
2020-01-01,2020,20,216,PEP,PEPSICO INC,Consumer Staples,58.9,155.71519975912202,10.962756002113384,9.5604455133,15.8391547993,4.15,0.9585,,,-4.876398797186615
2020-01-01,2020,20,217,D,DOMINION ENERGY INC,Utilities,58.4,51.430166818404,-6.710517892580503,9.5604455133,15.8391547993,4.15,0.9585,,,-22.549672691880502
2020-01-01,2020,20,218,IDA,IDACORP INC,Utilities,58.4,4.415414906112,-8.236314660092214,9.5604455133,15.8391547993,4.15,0.9585,,,-24.075469459392213
2020-01-01,2020,20,219,YORW,YORK WATER CO,Utilities,58.2,0.521555907885,2.821566430083422,9.5604455133,15.8391547993,4.15,0.9585,,,-13.017588369216577
2020-01-01,2020,20,220,NPO,ENPRO INC,Unclassified,58.2,1.29795998815,14.662930344275416,9.5604455133,15.8391547993,4.15,0.9585,,,-1.1762244550245828
2020-01-01,2020,20,221,MDP,MEREDITH CORP,Communication Svcs,58.0,1.412326753236,-39.41396783432474,9.5604455133,15.8391547993,4.15,0.9585,,,-55.253122633624734
2020-01-01,2020,20,222,GIS,GENERAL MILLS INC,Consumer Staples,57.6,25.122275961581,13.132869489852418,9.5604455133,15.8391547993,4.15,0.9585,,,-2.7062853094475816
2020-01-01,2020,20,223,CPB,CAMPBELL'S CO,Consumer Staples,57.2,11.623987141298,0.0207608864898567,9.5604455133,15.8391547993,4.15,0.9585,,,-15.818393912810143
2020-01-01,2020,20,224,ZD,ZIFF DAVIS INC,Communication Svcs,56.9,3.83908309972,4.258586986875179,9.5604455133,15.8391547993,4.15,0.9585,,,-11.580567812424821
2020-01-01,2020,20,225,HLF,HERBALIFE LTD,Consumer Staples,56.8,7.02143724093,0.2517306482064052,9.5604455133,15.8391547993,4.15,0.9585,,,-15.587424151093593
2020-01-01,2020,20,226,LW,LAMB WESTON HOLDINGS INC,Consumer Staples,56.8,11.13217035723,-8.84209145181395,9.5604455133,15.8391547993,4.15,0.9585,,,-24.681246251113947
2020-01-01,2020,20,227,CNK,CINEMARK HOLDINGS INC,Communication Svcs,55.6,3.823385679333,-46.65563624107608,9.5604455133,15.8391547993,4.15,0.9585,,,-62.49479104037608
2020-01-01,2020,20,228,UEIC,UNIVERSAL ELECTRONICS INC,Unclassified,55.0,0.6903226331550001,-0.4983556281903833,9.5604455133,15.8391547993,4.15,0.9585,,,-16.337510427490383
2020-01-01,2020,20,229,KN,KNOWLES CORP,Unclassified,51.4,1.93618375065,-13.522458628841605,9.5604455133,15.8391547993,4.15,0.9585,,,-29.361613428141602
2020-01-01,2020,20,230,UFI,UNIFI INC,Unclassified,48.0,0.46720661082,-29.176563737133808,9.5604455133,15.8391547993,4.15,0.9585,,,-45.01571853643381
2020-01-01,2020,20,231,DFIN,DONNELLEY FINANCIAL SOLUTIONS INC,Unclassified,47.6,0.359121,63.992359121298946,9.5604455133,15.8391547993,4.15,0.9585,,,48.15320432199895
2020-01-01,2020,20,232,SONO,SONOS INC,Unclassified,42.2,1.6934961109,50.06402048655572,9.5604455133,15.8391547993,4.15,0.9585,,,34.22486568725572
2020-01-01,2020,20,233,ADT,ADT INC,Unclassified,41.2,5.0669737355399995,2.127659574468077,9.5604455133,15.8391547993,4.15,0.9585,,,-13.711495224831921
2020-01-01,2020,20,234,NVRI1,ENVIRI CORP,Unclassified,36.9,1.8087795141,-23.55497609734899,9.5604455133,15.8391547993,4.15,0.9585,,,-39.39413089664899
2020-01-01,2020,20,235,KWR,QUAKER CHEMICAL CORP,Unclassified,33.9,2.71247599608,54.394383138957195,9.5604455133,15.8391547993,4.15,0.9585,,,38.5552283396572
2020-01-01,2020,20,236,ASPS,ALTISOURCE PORTFOLIO SOLUTIONS SA,Unclassified,32.8,2.42610860928,-32.12622866011381,9.5604455133,15.8391547993,4.15,0.9585,,,-47.96538345941381
2021-01-01,2021,1,1,SGI,SOMNIGROUP INTERNATIONAL INC,Consumer Disc,96.5,1.313494696656,75.59404579553042,32.939305904,24.119198515,75.8,0.242,,,51.47484728053042
2021-01-01,2021,1,2,CHRS,COHERUS ONCOLOGY INC,Healthcare,95.9,1.2521944485599998,-8.170310701956263,32.939305904,24.119198515,75.8,0.242,,,-32.28950921695626
2021-01-01,2021,1,3,FTNT,FORTINET INC,Technology,95.0,4.82223661995,141.97131892546955,32.939305904,24.119198515,75.8,0.242,,,117.85212041046955
2021-01-01,2021,1,4,PRDO,PERDOCEO EDUCATION CORP,Industrials,94.0,0.8180711249129999,-6.885745744050142,32.939305904,24.119198515,75.8,0.242,,,-31.00494425905014
2021-01-01,2021,1,5,VST,VISTRA CORP,Utilities,92.5,8.63076088982,19.54661377160669,32.939305904,24.119198515,75.8,0.242,,,-4.5725847433933104
2021-01-01,2021,1,6,REGI,RENEWABLE ENERGY GROUP INC,Materials,92.5,2.78554315958,-40.07342558599265,32.939305904,24.119198515,75.8,0.242,,,-64.19262410099265
2021-01-01,2021,1,7,CNSL,CONSOLIDATED COMMUNICATIONS HOLDINGS INC,Communication Svcs,90.9,0.38831746725,52.96523517382414,32.939305904,24.119198515,75.8,0.242,,,28.84603665882414
2021-01-01,2021,1,8,ESGR,ENSTAR GROUP LTD,Financials,89.6,2.8085147180299996,20.8404509736932,32.939305904,24.119198515,75.8,0.242,,,-3.2787475413067995
2021-01-01,2021,1,9,SFM,SPROUTS FARMERS MARKET INC,Consumer Staples,87.2,2.3708005476000005,47.661691542288544,32.939305904,24.119198515,75.8,0.242,,,23.542493027288543
2021-01-01,2021,1,10,PDM,PIEDMONT REALTY TRUST INC,Real Estate,85.8,1.515747920574,19.896898644716067,32.939305904,24.119198515,75.8,0.242,,,-4.222299870283933
2021-01-01,2021,1,11,WKC,WORLD KINECT CORP,Energy,83.0,1.73925573022,-13.72813903391872,32.939305904,24.119198515,75.8,0.242,,,-37.84733754891872
2021-01-01,2021,1,12,CRAI,CRA INTERNATIONAL INC,Unclassified,78.2,0.368193814884,85.65303708709979,32.939305904,24.119198515,75.8,0.242,,,61.53383857209979
2021-01-01,2021,3,1,SGI,SOMNIGROUP INTERNATIONAL INC,Consumer Disc,96.5,1.313494696656,75.59404579553042,29.8269507109,24.119198515,77.15,0.2285,,,51.47484728053042
2021-01-01,2021,3,2,CHRS,COHERUS ONCOLOGY INC,Healthcare,95.9,1.2521944485599998,-8.170310701956263,29.8269507109,24.119198515,77.15,0.2285,,,-32.28950921695626
2021-01-01,2021,3,3,FTNT,FORTINET INC,Technology,95.0,4.82223661995,141.97131892546955,29.8269507109,24.119198515,77.15,0.2285,,,117.85212041046955
2021-01-01,2021,3,4,BIGGQ,BIG LOTS INC,Consumer Disc,94.7,1.445694893312,7.320892265831547,29.8269507109,24.119198515,77.15,0.2285,,,-16.798306249168455
2021-01-01,2021,3,5,CPRX,CATALYST PHARMACEUTICALS INC,Healthcare,94.2,0.3461850681599999,102.69461077844312,29.8269507109,24.119198515,77.15,0.2285,,,78.57541226344313
2021-01-01,2021,3,6,PRDO,PERDOCEO EDUCATION CORP,Industrials,94.0,0.8180711249129999,-6.885745744050142,29.8269507109,24.119198515,77.15,0.2285,,,-31.00494425905014
2021-01-01,2021,3,7,NVDA,NVIDIA CORP,Technology,93.6,8.048857,125.4864262093363,29.8269507109,24.119198515,77.15,0.2285,,,101.3672276943363
2021-01-01,2021,3,8,TSCO,TRACTOR SUPPLY CO,Consumer Disc,93.3,2.962179237238,71.55386007000433,29.8269507109,24.119198515,77.15,0.2285,,,47.43466155500433
2021-01-01,2021,3,9,SIGA,SIGA TECHNOLOGIES INC,Healthcare,93.1,0.36718325172,3.435919055649239,29.8269507109,24.119198515,77.15,0.2285,,,-20.68327945935076
2021-01-01,2021,3,10,REGI,RENEWABLE ENERGY GROUP INC,Materials,92.5,2.78554315958,-40.07342558599265,29.8269507109,24.119198515,77.15,0.2285,,,-64.19262410099265
2021-01-01,2021,3,11,VST,VISTRA CORP,Utilities,92.5,8.63076088982,19.54661377160669,29.8269507109,24.119198515,77.15,0.2285,,,-4.5725847433933104
2021-01-01,2021,3,12,BERY,BERRY GLOBAL GROUP INC,Materials,91.6,6.6051795,31.305455059926835,29.8269507109,24.119198515,77.15,0.2285,,,7.1862565449268345
2021-01-01,2021,3,13,SNX,TD SYNNEX CORP,Industrials,91.4,3.91607317815,41.47416913458375,29.8269507109,24.119198515,77.15,0.2285,,,17.354970619583746
2021-01-01,2021,3,14,APH,AMPHENOL CORP,Technology,91.0,4.64288173552,35.244845360824726,29.8269507109,24.119198515,77.15,0.2285,,,11.125646845824726
2021-01-01,2021,3,15,CNSL,CONSOLIDATED COMMUNICATIONS HOLDINGS INC,Communication Svcs,90.9,0.38831746725,52.96523517382414,29.8269507109,24.119198515,77.15,0.2285,,,28.84603665882414
2021-01-01,2021,3,16,PLUS,EPLUS INC,Industrials,90.5,0.5845922219199999,22.525415896488,29.8269507109,24.119198515,77.15,0.2285,,,-1.5937826185120016
2021-01-01,2021,3,17,ESGR,ENSTAR GROUP LTD,Financials,89.6,2.8085147180299996,20.8404509736932,29.8269507109,24.119198515,77.15,0.2285,,,-3.2787475413067995
2021-01-01,2021,3,18,VHC,VIRNETX HOLDING CORP,Financials,88.5,2.76027015165,-48.412923156133346,29.8269507109,24.119198515,77.15,0.2285,,,-72.53212167113335
2021-01-01,2021,3,19,SFM,SPROUTS FARMERS MARKET INC,Consumer Staples,87.2,2.3708005476000005,47.661691542288544,29.8269507109,24.119198515,77.15,0.2285,,,23.542493027288543
2021-01-01,2021,3,20,FF,FUTUREFUEL CORP,Materials,86.7,0.257997647214,-25.211936249576127,29.8269507109,24.119198515,77.15,0.2285,,,-49.33113476457613
2021-01-01,2021,3,21,IBKR,INTERACTIVE BROKERS GROUP INC,Financials,86.0,0.623465863713,31.125110072478492,29.8269507109,24.119198515,77.15,0.2285,,,7.005911557478491
2021-01-01,2021,3,22,PDM,PIEDMONT REALTY TRUST INC,Real Estate,85.8,1.515747920574,19.896898644716067,29.8269507109,24.119198515,77.15,0.2285,,,-4.222299870283933
2021-01-01,2021,3,23,NGVC,NATURAL GROCERS BY VITAMIN COTTAGE INC,Consumer Staples,83.1,0.25699996211,6.2686567164178975,29.8269507109,24.119198515,77.15,0.2285,,,-17.850541798582103
2021-01-01,2021,3,24,WKC,WORLD KINECT CORP,Energy,83.0,1.73925573022,-13.72813903391872,29.8269507109,24.119198515,77.15,0.2285,,,-37.84733754891872
2021-01-01,2021,3,25,NRG,NRG ENERGY INC,Utilities,82.9,7.849990267262,18.551473104563975,29.8269507109,24.119198515,77.15,0.2285,,,-5.567725410436026
2021-01-01,2021,3,26,CMCSA,COMCAST CORP,Communication Svcs,82.7,84.988298867395,-2.221143342638665,29.8269507109,24.119198515,77.15,0.2285,,,-26.340341857638666
2021-01-01,2021,3,27,NHI,NATIONAL HEALTH INVESTORS INC,Real Estate,81.9,2.259493365855,-11.727209739681276,29.8269507109,24.119198515,77.15,0.2285,,,-35.84640825468128
2021-01-01,2021,3,28,CAPL,CROSSAMERICA PARTNERS LP,Energy,81.7,0.365653852176,23.30157415078706,29.8269507109,24.119198515,77.15,0.2285,,,-0.8176243642129393
2021-01-01,2021,3,29,OMC,OMNICOM GROUP INC,Communication Svcs,81.6,11.018680588368,21.936943967535516,29.8269507109,24.119198515,77.15,0.2285,,,-2.1822545474644848
2021-01-01,2021,3,30,RSG,REPUBLIC SERVICES INC,Utilities,81.2,28.585142098910005,47.03075173382692,29.8269507109,24.119198515,77.15,0.2285,,,22.911553218826917
2021-01-01,2021,3,31,OLP,ONE LIBERTY PROPERTIES INC,Real Estate,80.9,0.272922691633,87.33881306085516,29.8269507109,24.119198515,77.15,0.2285,,,63.21961454585516
2021-01-01,2021,3,32,VLGEA,VILLAGE SUPER MARKET INC,Consumer Staples,80.7,0.249273463796,9.553432570539863,29.8269507109,24.119198515,77.15,0.2285,,,-14.565765944460138
2021-01-01,2021,3,33,CRAI,CRA INTERNATIONAL INC,Unclassified,78.2,0.368193814884,85.65303708709979,29.8269507109,24.119198515,77.15,0.2285,,,61.53383857209979
2021-01-01,2021,3,34,WMB,WILLIAMS COMPANIES INC,Energy,77.9,18.707423827555,38.43010055141096,29.8269507109,24.119198515,77.15,0.2285,,,14.310902036410958
2021-01-01,2021,3,35,UEIC,UNIVERSAL ELECTRONICS INC,Unclassified,70.0,0.684073880352,-22.320710725196975,29.8269507109,24.119198515,77.15,0.2285,,,-46.439909240196975
2021-01-01,2021,3,36,VVV,VALVOLINE INC,Unclassified,69.1,4.152159807536,63.814028199179006,29.8269507109,24.119198515,77.15,0.2285,,,39.694829684179005
2021-01-01,2021,5,1,SGI,SOMNIGROUP INTERNATIONAL INC,Consumer Disc,96.5,1.313494696656,75.59404579553042,33.6863572123,24.119198515,93.4,0.066,,,51.47484728053042
2021-01-01,2021,5,2,CHRS,COHERUS ONCOLOGY INC,Healthcare,95.9,1.2521944485599998,-8.170310701956263,33.6863572123,24.119198515,93.4,0.066,,,-32.28950921695626
2021-01-01,2021,5,3,FTNT,FORTINET INC,Technology,95.0,4.82223661995,141.97131892546955,33.6863572123,24.119198515,93.4,0.066,,,117.85212041046955
2021-01-01,2021,5,4,BIGGQ,BIG LOTS INC,Consumer Disc,94.7,1.445694893312,7.320892265831547,33.6863572123,24.119198515,93.4,0.066,,,-16.798306249168455
2021-01-01,2021,5,5,CPRX,CATALYST PHARMACEUTICALS INC,Healthcare,94.2,0.3461850681599999,102.69461077844312,33.6863572123,24.119198515,93.4,0.066,,,78.57541226344313
2021-01-01,2021,5,6,PRDO,PERDOCEO EDUCATION CORP,Industrials,94.0,0.8180711249129999,-6.885745744050142,33.6863572123,24.119198515,93.4,0.066,,,-31.00494425905014
2021-01-01,2021,5,7,NVDA,NVIDIA CORP,Technology,93.6,8.048857,125.4864262093363,33.6863572123,24.119198515,93.4,0.066,,,101.3672276943363
2021-01-01,2021,5,8,TSCO,TRACTOR SUPPLY CO,Consumer Disc,93.3,2.962179237238,71.55386007000433,33.6863572123,24.119198515,93.4,0.066,,,47.43466155500433
2021-01-01,2021,5,9,SIGA,SIGA TECHNOLOGIES INC,Healthcare,93.1,0.36718325172,3.435919055649239,33.6863572123,24.119198515,93.4,0.066,,,-20.68327945935076
2021-01-01,2021,5,10,DECK,DECKERS OUTDOOR CORP,Consumer Disc,92.9,1.34233381582,27.731866016695616,33.6863572123,24.119198515,93.4,0.066,,,3.612667501695615
2021-01-01,2021,5,11,SEM,SELECT MEDICAL HOLDINGS CORP,Healthcare,92.6,1.83506627313,7.431886612322813,33.6863572123,24.119198515,93.4,0.066,,,-16.687311902677187
2021-01-01,2021,5,12,VST,VISTRA CORP,Utilities,92.5,8.63076088982,19.54661377160669,33.6863572123,24.119198515,93.4,0.066,,,-4.5725847433933104
2021-01-01,2021,5,13,REGI,RENEWABLE ENERGY GROUP INC,Materials,92.5,2.78554315958,-40.07342558599265,33.6863572123,24.119198515,93.4,0.066,,,-64.19262410099265
2021-01-01,2021,5,14,BERY,BERRY GLOBAL GROUP INC,Materials,91.6,6.6051795,31.305455059926835,33.6863572123,24.119198515,93.4,0.066,,,7.1862565449268345
2021-01-01,2021,5,15,SNX,TD SYNNEX CORP,Industrials,91.4,3.91607317815,41.47416913458375,33.6863572123,24.119198515,93.4,0.066,,,17.354970619583746
2021-01-01,2021,5,16,APH,AMPHENOL CORP,Technology,91.0,4.64288173552,35.244845360824726,33.6863572123,24.119198515,93.4,0.066,,,11.125646845824726
2021-01-01,2021,5,17,CNSL,CONSOLIDATED COMMUNICATIONS HOLDINGS INC,Communication Svcs,90.9,0.38831746725,52.96523517382414,33.6863572123,24.119198515,93.4,0.066,,,28.84603665882414
2021-01-01,2021,5,18,AMZN,AMAZON COM INC,Consumer Disc,90.9,81.70817314681801,2.3770924677302574,33.6863572123,24.119198515,93.4,0.066,,,-21.742106047269743
2021-01-01,2021,5,19,TBCH,TURTLE BEACH CORP,Technology,90.7,0.3272922628,3.2946635730858542,33.6863572123,24.119198515,93.4,0.066,,,-20.824534941914145
2021-01-01,2021,5,20,THC,TENET HEALTHCARE CORP,Healthcare,90.5,4.21329564678,104.58302028549964,33.6863572123,24.119198515,93.4,0.066,,,80.46382177049964
2021-01-01,2021,5,21,PLUS,EPLUS INC,Industrials,90.5,0.5845922219199999,22.525415896488,33.6863572123,24.119198515,93.4,0.066,,,-1.5937826185120016
2021-01-01,2021,5,22,MHO,M/I HOMES INC,Industrials,89.7,1.27314479421,40.39286520659291,33.6863572123,24.119198515,93.4,0.066,,,16.273666691592908
2021-01-01,2021,5,23,TPH,TRI POINTE HOMES INC,Industrials,89.7,2.1877345965,61.681159420289866,33.6863572123,24.119198515,93.4,0.066,,,37.561960905289865
2021-01-01,2021,5,24,ESGR,ENSTAR GROUP LTD,Financials,89.6,2.8085147180299996,20.8404509736932,33.6863572123,24.119198515,93.4,0.066,,,-3.2787475413067995
2021-01-01,2021,5,25,FKWL,FRANKLIN WIRELESS CORP,Technology,88.9,0.26910149685,-81.40253055972549,33.6863572123,24.119198515,93.4,0.066,,,-105.5217290747255
2021-01-01,2021,5,26,VHC,VIRNETX HOLDING CORP,Financials,88.5,2.76027015165,-48.412923156133346,33.6863572123,24.119198515,93.4,0.066,,,-72.53212167113335
2021-01-01,2021,5,27,SFM,SPROUTS FARMERS MARKET INC,Consumer Staples,87.2,2.3708005476000005,47.661691542288544,33.6863572123,24.119198515,93.4,0.066,,,23.542493027288543
2021-01-01,2021,5,28,FF,FUTUREFUEL CORP,Materials,86.7,0.257997647214,-25.211936249576127,33.6863572123,24.119198515,93.4,0.066,,,-49.33113476457613
2021-01-01,2021,5,29,IBKR,INTERACTIVE BROKERS GROUP INC,Financials,86.0,0.623465863713,31.125110072478492,33.6863572123,24.119198515,93.4,0.066,,,7.005911557478491
2021-01-01,2021,5,30,PDM,PIEDMONT REALTY TRUST INC,Real Estate,85.8,1.515747920574,19.896898644716067,33.6863572123,24.119198515,93.4,0.066,,,-4.222299870283933
2021-01-01,2021,5,31,WLKP,WESTLAKE CHEMICAL PARTNERS LP,Materials,84.6,0.527460645915,21.18502702342029,33.6863572123,24.119198515,93.4,0.066,,,-2.9341714915797112
2021-01-01,2021,5,32,VHI,VALHI INC,Materials,84.6,0.389688040819,91.6926648770224,33.6863572123,24.119198515,93.4,0.066,,,67.5734663620224
2021-01-01,2021,5,33,COWN,COWEN INC,Financials,84.0,0.6712294640959999,40.36573780873973,33.6863572123,24.119198515,93.4,0.066,,,16.24653929373973
2021-01-01,2021,5,34,NGVC,NATURAL GROCERS BY VITAMIN COTTAGE INC,Consumer Staples,83.1,0.25699996211,6.2686567164178975,33.6863572123,24.119198515,93.4,0.066,,,-17.850541798582103
2021-01-01,2021,5,35,WKC,WORLD KINECT CORP,Energy,83.0,1.73925573022,-13.72813903391872,33.6863572123,24.119198515,93.4,0.066,,,-37.84733754891872
2021-01-01,2021,5,36,NRG,NRG ENERGY INC,Utilities,82.9,7.849990267262,18.551473104563975,33.6863572123,24.119198515,93.4,0.066,,,-5.567725410436026
2021-01-01,2021,5,37,CMCSA,COMCAST CORP,Communication Svcs,82.7,84.988298867395,-2.221143342638665,33.6863572123,24.119198515,93.4,0.066,,,-26.340341857638666
2021-01-01,2021,5,38,NHI,NATIONAL HEALTH INVESTORS INC,Real Estate,81.9,2.259493365855,-11.727209739681276,33.6863572123,24.119198515,93.4,0.066,,,-35.84640825468128
2021-01-01,2021,5,39,CAPL,CROSSAMERICA PARTNERS LP,Energy,81.7,0.365653852176,23.30157415078706,33.6863572123,24.119198515,93.4,0.066,,,-0.8176243642129393
2021-01-01,2021,5,40,OMC,OMNICOM GROUP INC,Communication Svcs,81.6,11.018680588368,21.936943967535516,33.6863572123,24.119198515,93.4,0.066,,,-2.1822545474644848
2021-01-01,2021,5,41,RSG,REPUBLIC SERVICES INC,Utilities,81.2,28.585142098910005,47.03075173382692,33.6863572123,24.119198515,93.4,0.066,,,22.911553218826917
2021-01-01,2021,5,42,EBF,ENNIS INC,Communication Svcs,81.1,0.31260523348,14.74123539232053,33.6863572123,24.119198515,93.4,0.066,,,-9.377963122679471
2021-01-01,2021,5,43,MA,MASTERCARD INC,Financials,81.1,42.150753982579,1.5494050923974712,33.6863572123,24.119198515,93.4,0.066,,,-22.56979342260253
2021-01-01,2021,5,44,OLP,ONE LIBERTY PROPERTIES INC,Real Estate,80.9,0.272922691633,87.33881306085516,33.6863572123,24.119198515,93.4,0.066,,,63.21961454585516
2021-01-01,2021,5,45,VZ,VERIZON COMMUNICATIONS INC,Communication Svcs,80.9,171.35848773746997,-7.531997102149235,33.6863572123,24.119198515,93.4,0.066,,,-31.651195617149234
2021-01-01,2021,5,46,VLGEA,VILLAGE SUPER MARKET INC,Consumer Staples,80.7,0.249273463796,9.553432570539863,33.6863572123,24.119198515,93.4,0.066,,,-14.565765944460138
2021-01-01,2021,5,47,CXW,CORECIVIC INC,Real Estate,80.1,0.7836041147999999,52.21374045801528,33.6863572123,24.119198515,93.4,0.066,,,28.09454194301528
2021-01-01,2021,5,48,MNST,MONSTER BEVERAGE CORP,Consumer Staples,80.0,12.20543542184,3.849480968858132,33.6863572123,24.119198515,93.4,0.066,,,-20.26971754614187
2021-01-01,2021,5,49,AIV,APARTMENT INVESTMENT & MANAGEMENT CO,Real Estate,80.0,0.27689066142,46.182795698924714,33.6863572123,24.119198515,93.4,0.066,,,22.063597183924713
2021-01-01,2021,5,50,EVRG,EVERGY INC,Utilities,79.6,10.0652074614,27.969711310932333,33.6863572123,24.119198515,93.4,0.066,,,3.8505127959323318
2021-01-01,2021,5,51,WMK,WEIS MARKETS INC,Consumer Staples,78.5,1.150688493097,40.91259730241472,33.6863572123,24.119198515,93.4,0.066,,,16.793398787414716
2021-01-01,2021,5,52,CRAI,CRA INTERNATIONAL INC,Unclassified,78.2,0.368193814884,85.65303708709979,33.6863572123,24.119198515,93.4,0.066,,,61.53383857209979
2021-01-01,2021,5,53,WM,WASTE MANAGEMENT INC,Utilities,77.9,45.699788606772,43.815310066766536,33.6863572123,24.119198515,93.4,0.066,,,19.696111551766535
2021-01-01,2021,5,54,WMB,WILLIAMS COMPANIES INC,Energy,77.9,18.707423827555,38.43010055141096,33.6863572123,24.119198515,93.4,0.066,,,14.310902036410958
2021-01-01,2021,5,55,NJR,NEW JERSEY RESOURCES CORP,Energy,75.4,2.80034103585,19.61551664950223,33.6863572123,24.119198515,93.4,0.066,,,-4.5036818654977715
2021-01-01,2021,5,56,OMP,OASIS MIDSTREAM PARTNERS LP,Energy,75.2,0.359178141018,125.07766167749224,33.6863572123,24.119198515,93.4,0.066,,,100.95846316249225
2021-01-01,2021,5,57,UEIC,UNIVERSAL ELECTRONICS INC,Unclassified,70.0,0.684073880352,-22.320710725196975,33.6863572123,24.119198515,93.4,0.066,,,-46.439909240196975
2021-01-01,2021,5,58,VVV,VALVOLINE INC,Unclassified,69.1,4.152159807536,63.814028199179006,33.6863572123,24.119198515,93.4,0.066,,,39.694829684179005
2021-01-01,2021,5,59,MGPI,MGP INGREDIENTS INC,Unclassified,67.0,0.749727166245,81.8979716161639,33.6863572123,24.119198515,93.4,0.066,,,57.7787731011639
2021-01-01,2021,5,60,DFIN,DONNELLEY FINANCIAL SOLUTIONS INC,Unclassified,62.4,0.5663800288999999,177.78432527990574,33.6863572123,24.119198515,93.4,0.066,,,153.66512676490575
2021-01-01,2021,10,1,SGI,SOMNIGROUP INTERNATIONAL INC,Consumer Disc,96.5,1.313494696656,75.59404579553042,34.5030792027,24.119198515,98.85,0.0115,,,51.47484728053042
2021-01-01,2021,10,2,CHRS,COHERUS ONCOLOGY INC,Healthcare,95.9,1.2521944485599998,-8.170310701956263,34.5030792027,24.119198515,98.85,0.0115,,,-32.28950921695626
2021-01-01,2021,10,3,FTNT,FORTINET INC,Technology,95.0,4.82223661995,141.97131892546955,34.5030792027,24.119198515,98.85,0.0115,,,117.85212041046955
2021-01-01,2021,10,4,BIGGQ,BIG LOTS INC,Consumer Disc,94.7,1.445694893312,7.320892265831547,34.5030792027,24.119198515,98.85,0.0115,,,-16.798306249168455
2021-01-01,2021,10,5,CPRX,CATALYST PHARMACEUTICALS INC,Healthcare,94.2,0.3461850681599999,102.69461077844312,34.5030792027,24.119198515,98.85,0.0115,,,78.57541226344313
2021-01-01,2021,10,6,PRDO,PERDOCEO EDUCATION CORP,Industrials,94.0,0.8180711249129999,-6.885745744050142,34.5030792027,24.119198515,98.85,0.0115,,,-31.00494425905014
2021-01-01,2021,10,7,NVDA,NVIDIA CORP,Technology,93.6,8.048857,125.4864262093363,34.5030792027,24.119198515,98.85,0.0115,,,101.3672276943363
2021-01-01,2021,10,8,TSCO,TRACTOR SUPPLY CO,Consumer Disc,93.3,2.962179237238,71.55386007000433,34.5030792027,24.119198515,98.85,0.0115,,,47.43466155500433
2021-01-01,2021,10,9,SIGA,SIGA TECHNOLOGIES INC,Healthcare,93.1,0.36718325172,3.435919055649239,34.5030792027,24.119198515,98.85,0.0115,,,-20.68327945935076
2021-01-01,2021,10,10,DECK,DECKERS OUTDOOR CORP,Consumer Disc,92.9,1.34233381582,27.731866016695616,34.5030792027,24.119198515,98.85,0.0115,,,3.612667501695615
2021-01-01,2021,10,11,SEM,SELECT MEDICAL HOLDINGS CORP,Healthcare,92.6,1.83506627313,7.431886612322813,34.5030792027,24.119198515,98.85,0.0115,,,-16.687311902677187
2021-01-01,2021,10,12,VST,VISTRA CORP,Utilities,92.5,8.63076088982,19.54661377160669,34.5030792027,24.119198515,98.85,0.0115,,,-4.5725847433933104
2021-01-01,2021,10,13,REGI,RENEWABLE ENERGY GROUP INC,Materials,92.5,2.78554315958,-40.07342558599265,34.5030792027,24.119198515,98.85,0.0115,,,-64.19262410099265
2021-01-01,2021,10,14,BERY,BERRY GLOBAL GROUP INC,Materials,91.6,6.6051795,31.305455059926835,34.5030792027,24.119198515,98.85,0.0115,,,7.1862565449268345
2021-01-01,2021,10,15,SNX,TD SYNNEX CORP,Industrials,91.4,3.91607317815,41.47416913458375,34.5030792027,24.119198515,98.85,0.0115,,,17.354970619583746
2021-01-01,2021,10,16,APH,AMPHENOL CORP,Technology,91.0,4.64288173552,35.244845360824726,34.5030792027,24.119198515,98.85,0.0115,,,11.125646845824726
2021-01-01,2021,10,17,AMZN,AMAZON COM INC,Consumer Disc,90.9,81.70817314681801,2.3770924677302574,34.5030792027,24.119198515,98.85,0.0115,,,-21.742106047269743
2021-01-01,2021,10,18,CNSL,CONSOLIDATED COMMUNICATIONS HOLDINGS INC,Communication Svcs,90.9,0.38831746725,52.96523517382414,34.5030792027,24.119198515,98.85,0.0115,,,28.84603665882414
2021-01-01,2021,10,19,TBCH,TURTLE BEACH CORP,Technology,90.7,0.3272922628,3.2946635730858542,34.5030792027,24.119198515,98.85,0.0115,,,-20.824534941914145
2021-01-01,2021,10,20,THC,TENET HEALTHCARE CORP,Healthcare,90.5,4.21329564678,104.58302028549964,34.5030792027,24.119198515,98.85,0.0115,,,80.46382177049964
2021-01-01,2021,10,21,SGRY,SURGERY PARTNERS INC,Healthcare,90.5,1.4648538579,84.10892795587725,34.5030792027,24.119198515,98.85,0.0115,,,59.98972944087725
2021-01-01,2021,10,22,PLUS,EPLUS INC,Industrials,90.5,0.5845922219199999,22.525415896488,34.5030792027,24.119198515,98.85,0.0115,,,-1.5937826185120016
2021-01-01,2021,10,23,SUPN,SUPERNUS PHARMACEUTICALS INC,Healthcare,90.4,1.32555764436,15.898251192368829,34.5030792027,24.119198515,98.85,0.0115,,,-8.220947322631172
2021-01-01,2021,10,24,MHO,M/I HOMES INC,Industrials,89.7,1.27314479421,40.39286520659291,34.5030792027,24.119198515,98.85,0.0115,,,16.273666691592908
2021-01-01,2021,10,25,TPH,TRI POINTE HOMES INC,Industrials,89.7,2.1877345965,61.681159420289866,34.5030792027,24.119198515,98.85,0.0115,,,37.561960905289865
2021-01-01,2021,10,26,ESGR,ENSTAR GROUP LTD,Financials,89.6,2.8085147180299996,20.8404509736932,34.5030792027,24.119198515,98.85,0.0115,,,-3.2787475413067995
2021-01-01,2021,10,27,SWBI,SMITH & WESSON BRANDS INC,Industrials,89.2,0.81788747967,1.6084873374401232,34.5030792027,24.119198515,98.85,0.0115,,,-22.510711177559877
2021-01-01,2021,10,28,FKWL,FRANKLIN WIRELESS CORP,Technology,88.9,0.26910149685,-81.40253055972549,34.5030792027,24.119198515,98.85,0.0115,,,-105.5217290747255
2021-01-01,2021,10,29,UPBD,UPBOUND GROUP INC,Industrials,88.8,1.543804110534,28.39748763114496,34.5030792027,24.119198515,98.85,0.0115,,,4.278289116144958
2021-01-01,2021,10,30,WSM,WILLIAMS SONOMA INC,Consumer Disc,88.8,3.5077939805160003,68.62513918910066,34.5030792027,24.119198515,98.85,0.0115,,,44.505940674100664
2021-01-01,2021,10,31,VHC,VIRNETX HOLDING CORP,Financials,88.5,2.76027015165,-48.412923156133346,34.5030792027,24.119198515,98.85,0.0115,,,-72.53212167113335
2021-01-01,2021,10,32,INVA,INNOVIVA INC,Healthcare,87.8,1.25624234526,39.22518159806294,34.5030792027,24.119198515,98.85,0.0115,,,15.105983083062938
2021-01-01,2021,10,33,CMG,CHIPOTLE MEXICAN GRILL INC,Consumer Disc,87.6,0.776006999166,26.072690560323064,34.5030792027,24.119198515,98.85,0.0115,,,1.9534920453230633
2021-01-01,2021,10,34,WU,WESTERN UNION CO,Technology,87.5,5.918083210644999,-15.151094129906218,34.5030792027,24.119198515,98.85,0.0115,,,-39.27029264490622
2021-01-01,2021,10,35,SFM,SPROUTS FARMERS MARKET INC,Consumer Staples,87.2,2.3708005476000005,47.661691542288544,34.5030792027,24.119198515,98.85,0.0115,,,23.542493027288543
2021-01-01,2021,10,36,FF,FUTUREFUEL CORP,Materials,86.7,0.257997647214,-25.211936249576127,34.5030792027,24.119198515,98.85,0.0115,,,-49.33113476457613
2021-01-01,2021,10,37,TRTN-PA,TRITON INTERNATIONAL LTD,Industrials,86.5,1.17180971208,8.688524590163937,34.5030792027,24.119198515,98.85,0.0115,,,-15.430673924836064
2021-01-01,2021,10,38,BBY,BEST BUY CO INC,Consumer Disc,86.4,20.288329154199996,4.469687300574354,34.5030792027,24.119198515,98.85,0.0115,,,-19.649511214425647
2021-01-01,2021,10,39,USNA,USANA HEALTH SCIENCES INC,Healthcare,86.3,1.6220250198,31.258106355382644,34.5030792027,24.119198515,98.85,0.0115,,,7.138907840382643
2021-01-01,2021,10,40,RGR,STURM RUGER & CO INC,Industrials,86.2,0.89753967,9.274853801169591,34.5030792027,24.119198515,98.85,0.0115,,,-14.84434471383041
2021-01-01,2021,10,41,NATR,NATURES SUNSHINE PRODUCTS INC,Healthcare,86.0,0.278613585169,30.529880759190007,34.5030792027,24.119198515,98.85,0.0115,,,6.410682244190006
2021-01-01,2021,10,42,UCTT,ULTRA CLEAN HOLDINGS INC,Technology,86.0,1.261575,84.14125200642056,34.5030792027,24.119198515,98.85,0.0115,,,60.02205349142056
2021-01-01,2021,10,43,IBKR,INTERACTIVE BROKERS GROUP INC,Financials,86.0,0.623465863713,31.125110072478492,34.5030792027,24.119198515,98.85,0.0115,,,7.005911557478491
2021-01-01,2021,10,44,BKE,BUCKLE INC,Consumer Disc,85.8,0.842006551702,69.48128153972537,34.5030792027,24.119198515,98.85,0.0115,,,45.36208302472537
2021-01-01,2021,10,45,PDM,PIEDMONT REALTY TRUST INC,Real Estate,85.8,1.515747920574,19.896898644716067,34.5030792027,24.119198515,98.85,0.0115,,,-4.222299870283933
2021-01-01,2021,10,46,HIBB,HIBBETT INC,Consumer Disc,85.5,0.7288063242999999,57.18970621726261,34.5030792027,24.119198515,98.85,0.0115,,,33.07050770226261
2021-01-01,2021,10,47,BCC,BOISE CASCADE CO,Industrials,85.3,1.3901538764120005,62.77141729174891,34.5030792027,24.119198515,98.85,0.0115,,,38.65221877674891
2021-01-01,2021,10,48,ORCL,ORACLE CORP,Technology,85.1,175.914863602,36.87011530801803,34.5030792027,24.119198515,98.85,0.0115,,,12.750916793018028
2021-01-01,2021,10,49,VHI,VALHI INC,Materials,84.6,0.389688040819,91.6926648770224,34.5030792027,24.119198515,98.85,0.0115,,,67.5734663620224
2021-01-01,2021,10,50,WLKP,WESTLAKE CHEMICAL PARTNERS LP,Materials,84.6,0.527460645915,21.18502702342029,34.5030792027,24.119198515,98.85,0.0115,,,-2.9341714915797112
2021-01-01,2021,10,51,EXLS,EXLSERVICE HOLDINGS INC,Technology,84.2,0.5756413982999999,70.05755902736992,34.5030792027,24.119198515,98.85,0.0115,,,45.93836051236992
2021-01-01,2021,10,52,ANET,ARISTA NETWORKS INC,Technology,84.1,1.374087847704,97.8855789879412,34.5030792027,24.119198515,98.85,0.0115,,,73.7663804729412
2021-01-01,2021,10,53,COWN,COWEN INC,Financials,84.0,0.6712294640959999,40.36573780873973,34.5030792027,24.119198515,98.85,0.0115,,,16.24653929373973
2021-01-01,2021,10,54,NWPX,NWPX INFRASTRUCTURE INC,Materials,83.7,0.2774938671,12.367491166077738,34.5030792027,24.119198515,98.85,0.0115,,,-11.751707348922263
2021-01-01,2021,10,55,NGVC,NATURAL GROCERS BY VITAMIN COTTAGE INC,Consumer Staples,83.1,0.25699996211,6.2686567164178975,34.5030792027,24.119198515,98.85,0.0115,,,-17.850541798582103
2021-01-01,2021,10,56,WKC,WORLD KINECT CORP,Energy,83.0,1.73925573022,-13.72813903391872,34.5030792027,24.119198515,98.85,0.0115,,,-37.84733754891872
2021-01-01,2021,10,57,TROX,TRONOX HOLDINGS PLC,Materials,82.9,1.697854304133,67.22753022744567,34.5030792027,24.119198515,98.85,0.0115,,,43.10833171244567
2021-01-01,2021,10,58,NRG,NRG ENERGY INC,Utilities,82.9,7.849990267262,18.551473104563975,34.5030792027,24.119198515,98.85,0.0115,,,-5.567725410436026
2021-01-01,2021,10,59,CMCSA,COMCAST CORP,Communication Svcs,82.7,84.988298867395,-2.221143342638665,34.5030792027,24.119198515,98.85,0.0115,,,-26.340341857638666
2021-01-01,2021,10,60,NHI,NATIONAL HEALTH INVESTORS INC,Real Estate,81.9,2.259493365855,-11.727209739681276,34.5030792027,24.119198515,98.85,0.0115,,,-35.84640825468128
2021-01-01,2021,10,61,CAPL,CROSSAMERICA PARTNERS LP,Energy,81.7,0.365653852176,23.30157415078706,34.5030792027,24.119198515,98.85,0.0115,,,-0.8176243642129393
2021-01-01,2021,10,62,OMC,OMNICOM GROUP INC,Communication Svcs,81.6,11.018680588368,21.936943967535516,34.5030792027,24.119198515,98.85,0.0115,,,-2.1822545474644848
2021-01-01,2021,10,63,RSG,REPUBLIC SERVICES INC,Utilities,81.2,28.585142098910005,47.03075173382692,34.5030792027,24.119198515,98.85,0.0115,,,22.911553218826917
2021-01-01,2021,10,64,EBF,ENNIS INC,Communication Svcs,81.1,0.31260523348,14.74123539232053,34.5030792027,24.119198515,98.85,0.0115,,,-9.377963122679471
2021-01-01,2021,10,65,MA,MASTERCARD INC,Financials,81.1,42.150753982579,1.5494050923974712,34.5030792027,24.119198515,98.85,0.0115,,,-22.56979342260253
2021-01-01,2021,10,66,OLP,ONE LIBERTY PROPERTIES INC,Real Estate,80.9,0.272922691633,87.33881306085516,34.5030792027,24.119198515,98.85,0.0115,,,63.21961454585516
2021-01-01,2021,10,67,VZ,VERIZON COMMUNICATIONS INC,Communication Svcs,80.9,171.35848773746997,-7.531997102149235,34.5030792027,24.119198515,98.85,0.0115,,,-31.651195617149234
2021-01-01,2021,10,68,VLGEA,VILLAGE SUPER MARKET INC,Consumer Staples,80.7,0.249273463796,9.553432570539863,34.5030792027,24.119198515,98.85,0.0115,,,-14.565765944460138
2021-01-01,2021,10,69,NDAQ,NASDAQ INC,Financials,80.6,6.736860071193001,60.12077235871338,34.5030792027,24.119198515,98.85,0.0115,,,36.00157384371338
2021-01-01,2021,10,70,SEE,SEALED AIR CORP,Materials,80.6,6.430170795672,49.360582955313184,34.5030792027,24.119198515,98.85,0.0115,,,25.241384440313183
2021-01-01,2021,10,71,CXW,CORECIVIC INC,Real Estate,80.1,0.7836041147999999,52.21374045801528,34.5030792027,24.119198515,98.85,0.0115,,,28.09454194301528
2021-01-01,2021,10,72,MNST,MONSTER BEVERAGE CORP,Consumer Staples,80.0,12.20543542184,3.849480968858132,34.5030792027,24.119198515,98.85,0.0115,,,-20.26971754614187
2021-01-01,2021,10,73,AIV,APARTMENT INVESTMENT & MANAGEMENT CO,Real Estate,80.0,0.27689066142,46.182795698924714,34.5030792027,24.119198515,98.85,0.0115,,,22.063597183924713
2021-01-01,2021,10,74,HIW,HIGHWOODS PROPERTIES INC,Real Estate,79.8,2.793572736665,17.608331783522413,34.5030792027,24.119198515,98.85,0.0115,,,-6.510866731477588
2021-01-01,2021,10,75,LPX,LOUISIANA-PACIFIC CORP,Materials,79.6,3.760630118579,113.27654873688186,34.5030792027,24.119198515,98.85,0.0115,,,89.15735022188187
2021-01-01,2021,10,76,EVRG,EVERGY INC,Utilities,79.6,10.0652074614,27.969711310932333,34.5030792027,24.119198515,98.85,0.0115,,,3.8505127959323318
2021-01-01,2021,10,77,KIM,KIMCO REALTY CORP,Real Estate,78.9,5.155816549702,69.47403741296871,34.5030792027,24.119198515,98.85,0.0115,,,45.35483889796871
2021-01-01,2021,10,78,FOR,FORESTAR GROUP INC,Real Estate,78.8,0.97005960246,7.779980178394452,34.5030792027,24.119198515,98.85,0.0115,,,-16.339218336605548
2021-01-01,2021,10,79,NAVI,NAVIENT CORP,Financials,78.7,1.437337089564,124.02799377916018,34.5030792027,24.119198515,98.85,0.0115,,,99.90879526416018
2021-01-01,2021,10,80,WMK,WEIS MARKETS INC,Consumer Staples,78.5,1.150688493097,40.91259730241472,34.5030792027,24.119198515,98.85,0.0115,,,16.793398787414716
2021-01-01,2021,10,81,NGVT,INGEVITY CORP,Materials,78.2,3.1260960806200004,-5.321537039482371,34.5030792027,24.119198515,98.85,0.0115,,,-29.440735554482373
2021-01-01,2021,10,82,CRAI,CRA INTERNATIONAL INC,Unclassified,78.2,0.368193814884,85.65303708709979,34.5030792027,24.119198515,98.85,0.0115,,,61.53383857209979
2021-01-01,2021,10,83,WM,WASTE MANAGEMENT INC,Utilities,77.9,45.699788606772,43.815310066766536,34.5030792027,24.119198515,98.85,0.0115,,,19.696111551766535
2021-01-01,2021,10,84,WMB,WILLIAMS COMPANIES INC,Energy,77.9,18.707423827555,38.43010055141096,34.5030792027,24.119198515,98.85,0.0115,,,14.310902036410958
2021-01-01,2021,10,85,SENEB,SENECA FOODS CORP,Consumer Staples,77.7,0.4635574245,19.240506329113938,34.5030792027,24.119198515,98.85,0.0115,,,-4.878692185886063
2021-01-01,2021,10,86,ALL,ALLSTATE CORP,Financials,77.4,29.142487747892,9.876672022704035,34.5030792027,24.119198515,98.85,0.0115,,,-14.242526492295966
2021-01-01,2021,10,87,STWD,STARWOOD PROPERTY TRUST INC,Real Estate,77.4,3.2647977867119997,35.8388559469829,34.5030792027,24.119198515,98.85,0.0115,,,11.719657431982903
2021-01-01,2021,10,88,AHRT,AH REALTY TRUST INC,Real Estate,77.4,0.446555595736,42.138038401660594,34.5030792027,24.119198515,98.85,0.0115,,,18.018839886660594
2021-01-01,2021,10,89,DTE,DTE ENERGY CO,Utilities,77.1,16.588250679692997,20.15845789430697,34.5030792027,24.119198515,98.85,0.0115,,,-3.9607406206930307
2021-01-01,2021,10,90,CRTO,CRITEO SA,Communication Svcs,76.5,1.2355539238700002,89.5173086299366,34.5030792027,24.119198515,98.85,0.0115,,,65.3981101149366
2021-01-01,2021,10,91,ATLC,ATLANTICUS HOLDINGS CORP,Financials,76.2,0.39314445408,189.5655704425497,34.5030792027,24.119198515,98.85,0.0115,,,165.4463719275497
2021-01-01,2021,10,92,CAH,CARDINAL HEALTH INC,Consumer Staples,76.1,13.856785993225,-0.3515087347803147,34.5030792027,24.119198515,98.85,0.0115,,,-24.470707249780315
2021-01-01,2021,10,93,NJR,NEW JERSEY RESOURCES CORP,Energy,75.4,2.80034103585,19.61551664950223,34.5030792027,24.119198515,98.85,0.0115,,,-4.5036818654977715
2021-01-01,2021,10,94,OMP,OASIS MIDSTREAM PARTNERS LP,Energy,75.2,0.359178141018,125.07766167749224,34.5030792027,24.119198515,98.85,0.0115,,,100.95846316249225
2021-01-01,2021,10,95,PFSI,PENNYMAC FINANCIAL SERVICES INC,Financials,73.4,4.427862742773,7.671667675594307,34.5030792027,24.119198515,98.85,0.0115,,,-16.447530839405694
2021-01-01,2021,10,96,SO,SOUTHERN CO,Utilities,72.9,52.46248355031699,16.348225251162706,34.5030792027,24.119198515,98.85,0.0115,,,-7.770973263837295
2021-01-01,2021,10,97,ETRN,EQUITRANS MIDSTREAM CORP,Energy,72.0,2.69472057,38.27636013480982,34.5030792027,24.119198515,98.85,0.0115,,,14.15716161980982
2021-01-01,2021,10,98,WEC,WEC ENERGY GROUP INC,Utilities,71.6,23.955044587733,8.643324598712198,34.5030792027,24.119198515,98.85,0.0115,,,-15.475873916287803
2021-01-01,2021,10,99,SRLP,SPRAGUE RESOURCES LP,Energy,70.9,0.355957563588,-20.61476994458048,34.5030792027,24.119198515,98.85,0.0115,,,-44.73396845958048
2021-01-01,2021,10,100,ORA,ORMAT TECHNOLOGIES INC,Utilities,70.9,4.457164398020001,-11.58711244528976,34.5030792027,24.119198515,98.85,0.0115,,,-35.70631096028976
2021-01-01,2021,10,101,FE,FIRSTENERGY CORP,Utilities,70.5,13.11711813335,41.7828335056877,34.5030792027,24.119198515,98.85,0.0115,,,17.663634990687697
2021-01-01,2021,10,102,MO,ALTRIA GROUP INC,Consumer Staples,70.1,49.857669358619994,24.265692560011946,34.5030792027,24.119198515,98.85,0.0115,,,0.14649404501194496
2021-01-01,2021,10,103,UEIC,UNIVERSAL ELECTRONICS INC,Unclassified,70.0,0.684073880352,-22.320710725196975,34.5030792027,24.119198515,98.85,0.0115,,,-46.439909240196975
2021-01-01,2021,10,104,AD,ARRAY DIGITAL INFRASTRUCTURE INC,Communication Svcs,69.5,0.738225056128,2.7073732718893906,34.5030792027,24.119198515,98.85,0.0115,,,-21.41182524311061
2021-01-01,2021,10,105,MED,MEDIFAST INC,Consumer Staples,69.2,2.03631005813,9.390154383247308,34.5030792027,24.119198515,98.85,0.0115,,,-14.729044131752692
2021-01-01,2021,10,106,VVV,VALVOLINE INC,Unclassified,69.1,4.152159807536,63.814028199179006,34.5030792027,24.119198515,98.85,0.0115,,,39.694829684179005
2021-01-01,2021,10,107,JBSS,SANFILIPPO JOHN B & SON INC,Consumer Staples,69.0,0.4997530536599999,21.611388270471423,34.5030792027,24.119198515,98.85,0.0115,,,-2.507810244528578
2021-01-01,2021,10,108,TDS,TELEPHONE & DATA SYSTEMS INC,Communication Svcs,68.5,0.7819413275520001,12.080836414637265,34.5030792027,24.119198515,98.85,0.0115,,,-12.038362100362736
2021-01-01,2021,10,109,TGNA,TEGNA INC,Communication Svcs,67.8,2.6879014643000003,35.59543230016313,34.5030792027,24.119198515,98.85,0.0115,,,11.476233785163132
2021-01-01,2021,10,110,SHEN,SHENANDOAH TELECOMMUNICATIONS CO,Communication Svcs,67.6,1.284146966999,-3.424045964517264,34.5030792027,24.119198515,98.85,0.0115,,,-27.543244479517263
2021-01-01,2021,10,111,MGPI,MGP INGREDIENTS INC,Unclassified,67.0,0.749727166245,81.8979716161639,34.5030792027,24.119198515,98.85,0.0115,,,57.7787731011639
2021-01-01,2021,10,112,ATO,ATMOS ENERGY CORP,Energy,64.4,10.417100705088002,12.743510417170212,34.5030792027,24.119198515,98.85,0.0115,,,-11.375688097829789
2021-01-01,2021,10,113,SLB,SLB LIMITED,Energy,63.8,26.846690753574,39.583117287151296,34.5030792027,24.119198515,98.85,0.0115,,,15.463918772151295
2021-01-01,2021,10,114,AM,ANTERO MIDSTREAM CORP,Energy,62.5,2.389391317026,39.736684619988026,34.5030792027,24.119198515,98.85,0.0115,,,15.617486104988025
2021-01-01,2021,10,115,DFIN,DONNELLEY FINANCIAL SOLUTIONS INC,Unclassified,62.4,0.5663800288999999,177.78432527990574,34.5030792027,24.119198515,98.85,0.0115,,,153.66512676490575
2021-01-01,2021,10,116,MHK,MOHAWK INDUSTRIES INC,Unclassified,62.0,10.035445489,29.25150762681803,34.5030792027,24.119198515,98.85,0.0115,,,5.132309111818028
2021-01-01,2021,10,117,SONO,SONOS INC,Unclassified,56.9,2.63951593628,27.40487387772552,34.5030792027,24.119198515,98.85,0.0115,,,3.28567536272552
2021-01-01,2021,10,118,UFI,UNIFI INC,Unclassified,56.7,0.3273730020399999,30.496054114994365,34.5030792027,24.119198515,98.85,0.0115,,,6.376855599994364
2021-01-01,2021,10,119,ALLE,ALLEGION PLC,Unclassified,56.0,9.8941941125,15.048372093023254,34.5030792027,24.119198515,98.85,0.0115,,,-9.070826421976747
2021-01-01,2021,10,120,ADT,ADT INC,Unclassified,47.6,5.24180488806,8.867924528301895,34.5030792027,24.119198515,98.85,0.0115,,,-15.251273986698106
2021-01-01,2021,20,1,SGI,SOMNIGROUP INTERNATIONAL INC,Consumer Disc,96.5,1.313494696656,75.59404579553042,30.4507635096,24.119198515,97.8,0.022,,,51.47484728053042
2021-01-01,2021,20,2,CHRS,COHERUS ONCOLOGY INC,Healthcare,95.9,1.2521944485599998,-8.170310701956263,30.4507635096,24.119198515,97.8,0.022,,,-32.28950921695626
2021-01-01,2021,20,3,FTNT,FORTINET INC,Technology,95.0,4.82223661995,141.97131892546955,30.4507635096,24.119198515,97.8,0.022,,,117.85212041046955
2021-01-01,2021,20,4,BIGGQ,BIG LOTS INC,Consumer Disc,94.7,1.445694893312,7.320892265831547,30.4507635096,24.119198515,97.8,0.022,,,-16.798306249168455
2021-01-01,2021,20,5,CPRX,CATALYST PHARMACEUTICALS INC,Healthcare,94.2,0.3461850681599999,102.69461077844312,30.4507635096,24.119198515,97.8,0.022,,,78.57541226344313
2021-01-01,2021,20,6,PRDO,PERDOCEO EDUCATION CORP,Industrials,94.0,0.8180711249129999,-6.885745744050142,30.4507635096,24.119198515,97.8,0.022,,,-31.00494425905014
2021-01-01,2021,20,7,NVDA,NVIDIA CORP,Technology,93.6,8.048857,125.4864262093363,30.4507635096,24.119198515,97.8,0.022,,,101.3672276943363
2021-01-01,2021,20,8,TSCO,TRACTOR SUPPLY CO,Consumer Disc,93.3,2.962179237238,71.55386007000433,30.4507635096,24.119198515,97.8,0.022,,,47.43466155500433
2021-01-01,2021,20,9,SIGA,SIGA TECHNOLOGIES INC,Healthcare,93.1,0.36718325172,3.435919055649239,30.4507635096,24.119198515,97.8,0.022,,,-20.68327945935076
2021-01-01,2021,20,10,DECK,DECKERS OUTDOOR CORP,Consumer Disc,92.9,1.34233381582,27.731866016695616,30.4507635096,24.119198515,97.8,0.022,,,3.612667501695615
2021-01-01,2021,20,11,SEM,SELECT MEDICAL HOLDINGS CORP,Healthcare,92.6,1.83506627313,7.431886612322813,30.4507635096,24.119198515,97.8,0.022,,,-16.687311902677187
2021-01-01,2021,20,12,VST,VISTRA CORP,Utilities,92.5,8.63076088982,19.54661377160669,30.4507635096,24.119198515,97.8,0.022,,,-4.5725847433933104
2021-01-01,2021,20,13,REGI,RENEWABLE ENERGY GROUP INC,Materials,92.5,2.78554315958,-40.07342558599265,30.4507635096,24.119198515,97.8,0.022,,,-64.19262410099265
2021-01-01,2021,20,14,BERY,BERRY GLOBAL GROUP INC,Materials,91.6,6.6051795,31.305455059926835,30.4507635096,24.119198515,97.8,0.022,,,7.1862565449268345
2021-01-01,2021,20,15,SNX,TD SYNNEX CORP,Industrials,91.4,3.91607317815,41.47416913458375,30.4507635096,24.119198515,97.8,0.022,,,17.354970619583746
2021-01-01,2021,20,16,APH,AMPHENOL CORP,Technology,91.0,4.64288173552,35.244845360824726,30.4507635096,24.119198515,97.8,0.022,,,11.125646845824726
2021-01-01,2021,20,17,CNSL,CONSOLIDATED COMMUNICATIONS HOLDINGS INC,Communication Svcs,90.9,0.38831746725,52.96523517382414,30.4507635096,24.119198515,97.8,0.022,,,28.84603665882414
2021-01-01,2021,20,18,AMZN,AMAZON COM INC,Consumer Disc,90.9,81.70817314681801,2.3770924677302574,30.4507635096,24.119198515,97.8,0.022,,,-21.742106047269743
2021-01-01,2021,20,19,TBCH,TURTLE BEACH CORP,Technology,90.7,0.3272922628,3.2946635730858542,30.4507635096,24.119198515,97.8,0.022,,,-20.824534941914145
2021-01-01,2021,20,20,THC,TENET HEALTHCARE CORP,Healthcare,90.5,4.21329564678,104.58302028549964,30.4507635096,24.119198515,97.8,0.022,,,80.46382177049964
2021-01-01,2021,20,21,SGRY,SURGERY PARTNERS INC,Healthcare,90.5,1.4648538579,84.10892795587725,30.4507635096,24.119198515,97.8,0.022,,,59.98972944087725
2021-01-01,2021,20,22,PLUS,EPLUS INC,Industrials,90.5,0.5845922219199999,22.525415896488,30.4507635096,24.119198515,97.8,0.022,,,-1.5937826185120016
2021-01-01,2021,20,23,SUPN,SUPERNUS PHARMACEUTICALS INC,Healthcare,90.4,1.32555764436,15.898251192368829,30.4507635096,24.119198515,97.8,0.022,,,-8.220947322631172
2021-01-01,2021,20,24,MHO,M/I HOMES INC,Industrials,89.7,1.27314479421,40.39286520659291,30.4507635096,24.119198515,97.8,0.022,,,16.273666691592908
2021-01-01,2021,20,25,TPH,TRI POINTE HOMES INC,Industrials,89.7,2.1877345965,61.681159420289866,30.4507635096,24.119198515,97.8,0.022,,,37.561960905289865
2021-01-01,2021,20,26,ESGR,ENSTAR GROUP LTD,Financials,89.6,2.8085147180299996,20.8404509736932,30.4507635096,24.119198515,97.8,0.022,,,-3.2787475413067995
2021-01-01,2021,20,27,SWBI,SMITH & WESSON BRANDS INC,Industrials,89.2,0.81788747967,1.6084873374401232,30.4507635096,24.119198515,97.8,0.022,,,-22.510711177559877
2021-01-01,2021,20,28,FKWL,FRANKLIN WIRELESS CORP,Technology,88.9,0.26910149685,-81.40253055972549,30.4507635096,24.119198515,97.8,0.022,,,-105.5217290747255
2021-01-01,2021,20,29,UPBD,UPBOUND GROUP INC,Industrials,88.8,1.543804110534,28.39748763114496,30.4507635096,24.119198515,97.8,0.022,,,4.278289116144958
2021-01-01,2021,20,30,WSM,WILLIAMS SONOMA INC,Consumer Disc,88.8,3.5077939805160003,68.62513918910066,30.4507635096,24.119198515,97.8,0.022,,,44.505940674100664
2021-01-01,2021,20,31,VHC,VIRNETX HOLDING CORP,Financials,88.5,2.76027015165,-48.412923156133346,30.4507635096,24.119198515,97.8,0.022,,,-72.53212167113335
2021-01-01,2021,20,32,INVA,INNOVIVA INC,Healthcare,87.8,1.25624234526,39.22518159806294,30.4507635096,24.119198515,97.8,0.022,,,15.105983083062938
2021-01-01,2021,20,33,CMG,CHIPOTLE MEXICAN GRILL INC,Consumer Disc,87.6,0.776006999166,26.072690560323064,30.4507635096,24.119198515,97.8,0.022,,,1.9534920453230633
2021-01-01,2021,20,34,WU,WESTERN UNION CO,Technology,87.5,5.918083210644999,-15.151094129906218,30.4507635096,24.119198515,97.8,0.022,,,-39.27029264490622
2021-01-01,2021,20,35,SFM,SPROUTS FARMERS MARKET INC,Consumer Staples,87.2,2.3708005476000005,47.661691542288544,30.4507635096,24.119198515,97.8,0.022,,,23.542493027288543
2021-01-01,2021,20,36,FF,FUTUREFUEL CORP,Materials,86.7,0.257997647214,-25.211936249576127,30.4507635096,24.119198515,97.8,0.022,,,-49.33113476457613
2021-01-01,2021,20,37,TRTN-PA,TRITON INTERNATIONAL LTD,Industrials,86.5,1.17180971208,8.688524590163937,30.4507635096,24.119198515,97.8,0.022,,,-15.430673924836064
2021-01-01,2021,20,38,BBY,BEST BUY CO INC,Consumer Disc,86.4,20.288329154199996,4.469687300574354,30.4507635096,24.119198515,97.8,0.022,,,-19.649511214425647
2021-01-01,2021,20,39,USNA,USANA HEALTH SCIENCES INC,Healthcare,86.3,1.6220250198,31.258106355382644,30.4507635096,24.119198515,97.8,0.022,,,7.138907840382643
2021-01-01,2021,20,40,RGR,STURM RUGER & CO INC,Industrials,86.2,0.89753967,9.274853801169591,30.4507635096,24.119198515,97.8,0.022,,,-14.84434471383041
2021-01-01,2021,20,41,NATR,NATURES SUNSHINE PRODUCTS INC,Healthcare,86.0,0.278613585169,30.529880759190007,30.4507635096,24.119198515,97.8,0.022,,,6.410682244190006
2021-01-01,2021,20,42,UCTT,ULTRA CLEAN HOLDINGS INC,Technology,86.0,1.261575,84.14125200642056,30.4507635096,24.119198515,97.8,0.022,,,60.02205349142056
2021-01-01,2021,20,43,IBKR,INTERACTIVE BROKERS GROUP INC,Financials,86.0,0.623465863713,31.125110072478492,30.4507635096,24.119198515,97.8,0.022,,,7.005911557478491
2021-01-01,2021,20,44,BKE,BUCKLE INC,Consumer Disc,85.8,0.842006551702,69.48128153972537,30.4507635096,24.119198515,97.8,0.022,,,45.36208302472537
2021-01-01,2021,20,45,PDM,PIEDMONT REALTY TRUST INC,Real Estate,85.8,1.515747920574,19.896898644716067,30.4507635096,24.119198515,97.8,0.022,,,-4.222299870283933
2021-01-01,2021,20,46,COLL,COLLEGIUM PHARMACEUTICAL INC,Healthcare,85.7,0.69268394972,-6.739890164752882,30.4507635096,24.119198515,97.8,0.022,,,-30.859088679752883
2021-01-01,2021,20,47,BDSI,BIODELIVERY SCIENCES INTERNATIONAL INC,Healthcare,85.7,0.4246660782000001,-26.190476190476183,30.4507635096,24.119198515,97.8,0.022,,,-50.30967470547618
2021-01-01,2021,20,48,HIBB,HIBBETT INC,Consumer Disc,85.5,0.7288063242999999,57.18970621726261,30.4507635096,24.119198515,97.8,0.022,,,33.07050770226261
2021-01-01,2021,20,49,BCC,BOISE CASCADE CO,Industrials,85.3,1.3901538764120005,62.77141729174891,30.4507635096,24.119198515,97.8,0.022,,,38.65221877674891
2021-01-01,2021,20,50,KFRC,KFORCE INC,Industrials,85.2,0.7964567294499999,81.57133011716058,30.4507635096,24.119198515,97.8,0.022,,,57.452131602160584
2021-01-01,2021,20,51,ORCL,ORACLE CORP,Technology,85.1,175.914863602,36.87011530801803,30.4507635096,24.119198515,97.8,0.022,,,12.750916793018028
2021-01-01,2021,20,52,BZH,BEAZER HOMES USA INC,Industrials,84.7,0.4698443139,53.26732673267325,30.4507635096,24.119198515,97.8,0.022,,,29.148128217673246
2021-01-01,2021,20,53,VHI,VALHI INC,Materials,84.6,0.389688040819,91.6926648770224,30.4507635096,24.119198515,97.8,0.022,,,67.5734663620224
2021-01-01,2021,20,54,WLKP,WESTLAKE CHEMICAL PARTNERS LP,Materials,84.6,0.527460645915,21.18502702342029,30.4507635096,24.119198515,97.8,0.022,,,-2.9341714915797112
2021-01-01,2021,20,55,NHC,NATIONAL HEALTHCARE CORP,Healthcare,84.4,0.878009772032,5.356518088307327,30.4507635096,24.119198515,97.8,0.022,,,-18.762680426692675
2021-01-01,2021,20,56,CVS,CVS HEALTH CORP,Consumer Disc,84.4,74.33974211891001,54.87102737917071,30.4507635096,24.119198515,97.8,0.022,,,30.75182886417071
2021-01-01,2021,20,57,EXLS,EXLSERVICE HOLDINGS INC,Technology,84.2,0.5756413982999999,70.05755902736992,30.4507635096,24.119198515,97.8,0.022,,,45.93836051236992
2021-01-01,2021,20,58,ANET,ARISTA NETWORKS INC,Technology,84.1,1.374087847704,97.8855789879412,30.4507635096,24.119198515,97.8,0.022,,,73.7663804729412
2021-01-01,2021,20,59,COWN,COWEN INC,Financials,84.0,0.6712294640959999,40.36573780873973,30.4507635096,24.119198515,97.8,0.022,,,16.24653929373973
2021-01-01,2021,20,60,UTHR,UNITED THERAPEUTICS CORP,Healthcare,83.9,6.74562865586,42.35456881217472,30.4507635096,24.119198515,97.8,0.022,,,18.23537029717472
2021-01-01,2021,20,61,NWPX,NWPX INFRASTRUCTURE INC,Materials,83.7,0.2774938671,12.367491166077738,30.4507635096,24.119198515,97.8,0.022,,,-11.751707348922263
2021-01-01,2021,20,62,CSGP,COSTAR GROUP INC,Technology,83.7,3.643334020956,-14.495607391699483,30.4507635096,24.119198515,97.8,0.022,,,-38.61480590669949
2021-01-01,2021,20,63,LGIH,LGI HOMES INC,Industrials,83.6,2.6568800921,45.94237128011336,30.4507635096,24.119198515,97.8,0.022,,,21.823172765113362
2021-01-01,2021,20,64,RMNI,RIMINI STREET INC,Technology,83.5,0.33794255,34.76297968397291,30.4507635096,24.119198515,97.8,0.022,,,10.643781168972907
2021-01-01,2021,20,65,SPWH,SPORTSMAN'S WAREHOUSE HOLDINGS INC,Consumer Disc,83.4,0.76542199695,-32.763532763532766,30.4507635096,24.119198515,97.8,0.022,,,-56.882731278532766
2021-01-01,2021,20,66,DVA,DAVITA INC,Healthcare,83.3,13.1488,-3.100511073253831,30.4507635096,24.119198515,97.8,0.022,,,-27.21970958825383
2021-01-01,2021,20,67,HNGR,HANGER INC,Healthcare,83.2,0.83802542013,-17.55343337880855,30.4507635096,24.119198515,97.8,0.022,,,-41.67263189380855
2021-01-01,2021,20,68,NGVC,NATURAL GROCERS BY VITAMIN COTTAGE INC,Consumer Staples,83.1,0.25699996211,6.2686567164178975,30.4507635096,24.119198515,97.8,0.022,,,-17.850541798582103
2021-01-01,2021,20,69,WKC,WORLD KINECT CORP,Energy,83.0,1.73925573022,-13.72813903391872,30.4507635096,24.119198515,97.8,0.022,,,-37.84733754891872
2021-01-01,2021,20,70,PLAB,PHOTRONICS INC,Technology,83.0,0.7328058764400001,68.90681003584231,30.4507635096,24.119198515,97.8,0.022,,,44.78761152084231
2021-01-01,2021,20,71,TROX,TRONOX HOLDINGS PLC,Materials,82.9,1.697854304133,67.22753022744567,30.4507635096,24.119198515,97.8,0.022,,,43.10833171244567
2021-01-01,2021,20,72,NRG,NRG ENERGY INC,Utilities,82.9,7.849990267262,18.551473104563975,30.4507635096,24.119198515,97.8,0.022,,,-5.567725410436026
2021-01-01,2021,20,73,ABBV,ABBVIE INC,Healthcare,82.9,151.94021676122597,32.399897748135075,30.4507635096,24.119198515,97.8,0.022,,,8.280699233135074
2021-01-01,2021,20,74,GBX,GREENBRIER COMPANIES INC,Industrials,82.8,1.01928615624,29.526937815992007,30.4507635096,24.119198515,97.8,0.022,,,5.407739300992006
2021-01-01,2021,20,75,CMCSA,COMCAST CORP,Communication Svcs,82.7,84.988298867395,-2.221143342638665,30.4507635096,24.119198515,97.8,0.022,,,-26.340341857638666
2021-01-01,2021,20,76,GPI,GROUP 1 AUTOMOTIVE INC,Consumer Disc,82.5,2.309458131114,50.05075256538358,30.4507635096,24.119198515,97.8,0.022,,,25.931554050383582
2021-01-01,2021,20,77,TBIO1,TRANSLATE BIO INC,Healthcare,82.5,1.36975127161,,30.4507635096,24.119198515,97.8,0.022,,,
2021-01-01,2021,20,78,VMD,VIEMED HEALTHCARE INC,Healthcare,82.3,0.30376661232,-32.731958762886606,30.4507635096,24.119198515,97.8,0.022,,,-56.85115727788661
2021-01-01,2021,20,79,CTB,COOPER TIRE & RUBBER CO,Consumer Disc,82.2,2.032789288742,,30.4507635096,24.119198515,97.8,0.022,,,
2021-01-01,2021,20,80,MGI,MONEYGRAM INTERNATIONAL INC,Technology,82.1,0.396308350635,44.37328453796889,30.4507635096,24.119198515,97.8,0.022,,,20.25408602296889
2021-01-01,2021,20,81,NHI,NATIONAL HEALTH INVESTORS INC,Real Estate,81.9,2.259493365855,-11.727209739681276,30.4507635096,24.119198515,97.8,0.022,,,-35.84640825468128
2021-01-01,2021,20,82,TNET,TRINET GROUP INC,Technology,81.9,5.163111934560001,18.188036394140816,30.4507635096,24.119198515,97.8,0.022,,,-5.9311621208591845
2021-01-01,2021,20,83,ACLS,AXCELIS TECHNOLOGIES INC,Technology,81.8,0.97540369472,156.04395604395603,30.4507635096,24.119198515,97.8,0.022,,,131.92475752895604
2021-01-01,2021,20,84,CAPL,CROSSAMERICA PARTNERS LP,Energy,81.7,0.365653852176,23.30157415078706,30.4507635096,24.119198515,97.8,0.022,,,-0.8176243642129393
2021-01-01,2021,20,85,HZO,MARINEMAX INC,Consumer Disc,81.6,0.7732300810400001,68.54125035683698,30.4507635096,24.119198515,97.8,0.022,,,44.42205184183698
2021-01-01,2021,20,86,OMC,OMNICOM GROUP INC,Communication Svcs,81.6,11.018680588368,21.936943967535516,30.4507635096,24.119198515,97.8,0.022,,,-2.1822545474644848
2021-01-01,2021,20,87,RSG,REPUBLIC SERVICES INC,Utilities,81.2,28.585142098910005,47.03075173382692,30.4507635096,24.119198515,97.8,0.022,,,22.911553218826917
2021-01-01,2021,20,88,EBF,ENNIS INC,Communication Svcs,81.1,0.31260523348,14.74123539232053,30.4507635096,24.119198515,97.8,0.022,,,-9.377963122679471
2021-01-01,2021,20,89,MA,MASTERCARD INC,Financials,81.1,42.150753982579,1.5494050923974712,30.4507635096,24.119198515,97.8,0.022,,,-22.56979342260253
2021-01-01,2021,20,90,VZ,VERIZON COMMUNICATIONS INC,Communication Svcs,80.9,171.35848773746997,-7.531997102149235,30.4507635096,24.119198515,97.8,0.022,,,-31.651195617149234
2021-01-01,2021,20,91,OLP,ONE LIBERTY PROPERTIES INC,Real Estate,80.9,0.272922691633,87.33881306085516,30.4507635096,24.119198515,97.8,0.022,,,63.21961454585516
2021-01-01,2021,20,92,CSCO,CISCO SYSTEMS INC,Technology,80.8,160.772371929248,45.757989907485275,30.4507635096,24.119198515,97.8,0.022,,,21.638791392485274
2021-01-01,2021,20,93,VLGEA,VILLAGE SUPER MARKET INC,Consumer Staples,80.7,0.249273463796,9.553432570539863,30.4507635096,24.119198515,97.8,0.022,,,-14.565765944460138
2021-01-01,2021,20,94,NDAQ,NASDAQ INC,Financials,80.6,6.736860071193001,60.12077235871338,30.4507635096,24.119198515,97.8,0.022,,,36.00157384371338
2021-01-01,2021,20,95,SEE,SEALED AIR CORP,Materials,80.6,6.430170795672,49.360582955313184,30.4507635096,24.119198515,97.8,0.022,,,25.241384440313183
2021-01-01,2021,20,96,PLXS,PLEXUS CORP,Technology,80.6,2.2542773318999996,22.605804884285917,30.4507635096,24.119198515,97.8,0.022,,,-1.5133936307140843
2021-01-01,2021,20,97,VRTX,VERTEX PHARMACEUTICALS INC,Healthcare,80.5,61.45735586796,-7.0830159939070825,30.4507635096,24.119198515,97.8,0.022,,,-31.202214508907083
2021-01-01,2021,20,98,CSX,CSX CORP,Industrials,80.1,21.438171622655997,25.70633561643836,30.4507635096,24.119198515,97.8,0.022,,,1.5871371014383584
2021-01-01,2021,20,99,CXW,CORECIVIC INC,Real Estate,80.1,0.7836041147999999,52.21374045801528,30.4507635096,24.119198515,97.8,0.022,,,28.09454194301528
2021-01-01,2021,20,100,MNST,MONSTER BEVERAGE CORP,Consumer Staples,80.0,12.20543542184,3.849480968858132,30.4507635096,24.119198515,97.8,0.022,,,-20.26971754614187
2021-01-01,2021,20,101,AIV,APARTMENT INVESTMENT & MANAGEMENT CO,Real Estate,80.0,0.27689066142,46.182795698924714,30.4507635096,24.119198515,97.8,0.022,,,22.063597183924713
2021-01-01,2021,20,102,HIW,HIGHWOODS PROPERTIES INC,Real Estate,79.8,2.793572736665,17.608331783522413,30.4507635096,24.119198515,97.8,0.022,,,-6.510866731477588
2021-01-01,2021,20,103,TOL,TOLL BROTHERS INC,Industrials,79.7,5.10400163,68.43830255594963,30.4507635096,24.119198515,97.8,0.022,,,44.31910404094963
2021-01-01,2021,20,104,EVRG,EVERGY INC,Utilities,79.6,10.0652074614,27.969711310932333,30.4507635096,24.119198515,97.8,0.022,,,3.8505127959323318
2021-01-01,2021,20,105,LPX,LOUISIANA-PACIFIC CORP,Materials,79.6,3.760630118579,113.27654873688186,30.4507635096,24.119198515,97.8,0.022,,,89.15735022188187
2021-01-01,2021,20,106,LLFLQ,LL FLOORING HOLDINGS INC,Consumer Disc,79.4,0.88760855466,-44.469746258946,30.4507635096,24.119198515,97.8,0.022,,,-68.588944773946
2021-01-01,2021,20,107,CIEN,CIENA CORP,Technology,79.0,8.16872584465,45.63859981078524,30.4507635096,24.119198515,97.8,0.022,,,21.519401295785237
2021-01-01,2021,20,108,KIM,KIMCO REALTY CORP,Real Estate,78.9,5.155816549702,69.47403741296871,30.4507635096,24.119198515,97.8,0.022,,,45.35483889796871
2021-01-01,2021,20,109,FOR,FORESTAR GROUP INC,Real Estate,78.8,0.97005960246,7.779980178394452,30.4507635096,24.119198515,97.8,0.022,,,-16.339218336605548
2021-01-01,2021,20,110,STMP,STAMPSCOM INC,Technology,78.7,3.57770161338,,30.4507635096,24.119198515,97.8,0.022,,,
2021-01-01,2021,20,111,NAVI,NAVIENT CORP,Financials,78.7,1.437337089564,124.02799377916018,30.4507635096,24.119198515,97.8,0.022,,,99.90879526416018
2021-01-01,2021,20,112,LOW,LOWES COMPANIES INC,Consumer Disc,78.5,105.640318196325,63.33275533206173,30.4507635096,24.119198515,97.8,0.022,,,39.21355681706173
2021-01-01,2021,20,113,FL,FOOT LOCKER INC,Consumer Disc,78.5,3.737860126476,9.665997546559613,30.4507635096,24.119198515,97.8,0.022,,,-14.453200968440388
2021-01-01,2021,20,114,WMK,WEIS MARKETS INC,Consumer Staples,78.5,1.150688493097,40.91259730241472,30.4507635096,24.119198515,97.8,0.022,,,16.793398787414716
2021-01-01,2021,20,115,DKL,DELEK LOGISTICS PARTNERS LP,Industrials,78.4,0.816805492634,46.26183133042645,30.4507635096,24.119198515,97.8,0.022,,,22.142632815426452
2021-01-01,2021,20,116,NGVT,INGEVITY CORP,Materials,78.2,3.1260960806200004,-5.321537039482371,30.4507635096,24.119198515,97.8,0.022,,,-29.440735554482373
2021-01-01,2021,20,117,CRAI,CRA INTERNATIONAL INC,Unclassified,78.2,0.368193814884,85.65303708709979,30.4507635096,24.119198515,97.8,0.022,,,61.53383857209979
2021-01-01,2021,20,118,ORLY,O REILLY AUTOMOTIVE INC,Consumer Disc,78.1,2.185841249649,56.05051208113751,30.4507635096,24.119198515,97.8,0.022,,,31.93131356613751
2021-01-01,2021,20,119,WMB,WILLIAMS COMPANIES INC,Energy,77.9,18.707423827555,38.43010055141096,30.4507635096,24.119198515,97.8,0.022,,,14.310902036410958
2021-01-01,2021,20,120,WM,WASTE MANAGEMENT INC,Utilities,77.9,45.699788606772,43.815310066766536,30.4507635096,24.119198515,97.8,0.022,,,19.696111551766535
2021-01-01,2021,20,121,SENEB,SENECA FOODS CORP,Consumer Staples,77.7,0.4635574245,19.240506329113938,30.4507635096,24.119198515,97.8,0.022,,,-4.878692185886063
2021-01-01,2021,20,122,STWD,STARWOOD PROPERTY TRUST INC,Real Estate,77.4,3.2647977867119997,35.8388559469829,30.4507635096,24.119198515,97.8,0.022,,,11.719657431982903
2021-01-01,2021,20,123,AHRT,AH REALTY TRUST INC,Real Estate,77.4,0.446555595736,42.138038401660594,30.4507635096,24.119198515,97.8,0.022,,,18.018839886660594
2021-01-01,2021,20,124,CBRE,CBRE GROUP INC,Real Estate,77.4,21.03981574912,73.00701530612245,30.4507635096,24.119198515,97.8,0.022,,,48.887816791122454
2021-01-01,2021,20,125,ALL,ALLSTATE CORP,Financials,77.4,29.142487747892,9.876672022704035,30.4507635096,24.119198515,97.8,0.022,,,-14.242526492295966
2021-01-01,2021,20,126,PRIM,PRIMORIS SERVICES CORP,Industrials,77.2,1.278207747168,-12.37582781456954,30.4507635096,24.119198515,97.8,0.022,,,-36.49502632956954
2021-01-01,2021,20,127,GLPI,GAMING & LEISURE PROPERTIES INC,Real Estate,77.2,6.61013676325,22.1636060100167,30.4507635096,24.119198515,97.8,0.022,,,-1.9555925049833007
2021-01-01,2021,20,128,DTE,DTE ENERGY CO,Utilities,77.1,16.588250679692997,20.15845789430697,30.4507635096,24.119198515,97.8,0.022,,,-3.9607406206930307
2021-01-01,2021,20,129,AOS,SMITH A O CORP,Consumer Disc,77.1,3.720040806748,59.127460760163686,30.4507635096,24.119198515,97.8,0.022,,,35.008262245163685
2021-01-01,2021,20,130,BDN,BRANDYWINE REALTY TRUST,Real Estate,76.8,1.0979781692680002,19.54326549634924,30.4507635096,24.119198515,97.8,0.022,,,-4.575933018650762
2021-01-01,2021,20,131,NX,QUANEX BUILDING PRODUCTS CORP,Materials,76.6,0.6728495951519999,13.246487119437944,30.4507635096,24.119198515,97.8,0.022,,,-10.872711395562057
2021-01-01,2021,20,132,IESC,IES HOLDINGS INC,Industrials,76.5,0.47757232148,9.991311902693312,30.4507635096,24.119198515,97.8,0.022,,,-14.127886612306689
2021-01-01,2021,20,133,CRTO,CRITEO SA,Communication Svcs,76.5,1.2355539238700002,89.5173086299366,30.4507635096,24.119198515,97.8,0.022,,,65.3981101149366
2021-01-01,2021,20,134,HEI,HEICO CORP,Industrials,76.5,3.539668169062,9.062231580227609,30.4507635096,24.119198515,97.8,0.022,,,-15.056966934772392
2021-01-01,2021,20,135,MLI,MUELLER INDUSTRIES INC,Materials,76.3,0.465774636,70.95588235294117,30.4507635096,24.119198515,97.8,0.022,,,46.83668383794117
2021-01-01,2021,20,136,MPT,MEDICAL PROPERTIES TRUST INC,Real Estate,76.3,7.417122860444,14.257840728428972,30.4507635096,24.119198515,97.8,0.022,,,-9.861357786571029
2021-01-01,2021,20,137,ATLC,ATLANTICUS HOLDINGS CORP,Financials,76.2,0.39314445408,189.5655704425497,30.4507635096,24.119198515,97.8,0.022,,,165.4463719275497
2021-01-01,2021,20,138,CAH,CARDINAL HEALTH INC,Consumer Staples,76.1,13.856785993225,-0.3515087347803147,30.4507635096,24.119198515,97.8,0.022,,,-24.470707249780315
2021-01-01,2021,20,139,KMB,KIMBERLY CLARK CORP,Materials,76.1,37.253813847089994,9.68719756039662,30.4507635096,24.119198515,97.8,0.022,,,-14.432000954603382
2021-01-01,2021,20,140,BXP,BXP INC,Real Estate,75.9,11.176199240661,26.21624256605244,30.4507635096,24.119198515,97.8,0.022,,,2.097044051052439
2021-01-01,2021,20,141,BFS,SAUL CENTERS INC,Real Estate,75.7,0.5226624,76.5759312320917,30.4507635096,24.119198515,97.8,0.022,,,52.456732717091704
2021-01-01,2021,20,142,NJR,NEW JERSEY RESOURCES CORP,Energy,75.4,2.80034103585,19.61551664950223,30.4507635096,24.119198515,97.8,0.022,,,-4.5036818654977715
2021-01-01,2021,20,143,OMP,OASIS MIDSTREAM PARTNERS LP,Energy,75.2,0.359178141018,125.07766167749224,30.4507635096,24.119198515,97.8,0.022,,,100.95846316249225
2021-01-01,2021,20,144,UFPI,UFP INDUSTRIES INC,Materials,74.9,3.1700796111600003,67.08936498745415,30.4507635096,24.119198515,97.8,0.022,,,42.970166472454146
2021-01-01,2021,20,145,CUZ,COUSINS PROPERTIES INC,Real Estate,74.2,3.848856770892,23.3064422742888,30.4507635096,24.119198515,97.8,0.022,,,-0.8127562407112023
2021-01-01,2021,20,146,UHT,UNIVERSAL HEALTH REALTY INCOME TRUST,Real Estate,73.8,0.625305497271,-3.2702768173710095,30.4507635096,24.119198515,97.8,0.022,,,-27.38947533237101
2021-01-01,2021,20,147,DOOR,MASONITE INTERNATIONAL CORP,Materials,73.6,2.40962177478,19.94102094773236,30.4507635096,24.119198515,97.8,0.022,,,-4.1781775672676424
2021-01-01,2021,20,148,LTC,LTC PROPERTIES INC,Real Estate,73.5,1.065818831,-6.767304860088363,30.4507635096,24.119198515,97.8,0.022,,,-30.886503375088363
2021-01-01,2021,20,149,PFSI,PENNYMAC FINANCIAL SERVICES INC,Financials,73.4,4.427862742773,7.671667675594307,30.4507635096,24.119198515,97.8,0.022,,,-16.447530839405694
2021-01-01,2021,20,150,ECPG,ENCORE CAPITAL GROUP INC,Financials,73.3,1.22087548075,59.460847240051336,30.4507635096,24.119198515,97.8,0.022,,,35.341648725051336
2021-01-01,2021,20,151,VICI,VICI PROPERTIES INC,Real Estate,73.1,10.200481406054,23.77018993002575,30.4507635096,24.119198515,97.8,0.022,,,-0.3490085849742499
2021-01-01,2021,20,152,FAF,FIRST AMERICAN FINANCIAL CORP,Financials,73.0,4.767020259504,56.168907208768545,30.4507635096,24.119198515,97.8,0.022,,,32.049708693768544
2021-01-01,2021,20,153,SO,SOUTHERN CO,Utilities,72.9,52.46248355031699,16.348225251162706,30.4507635096,24.119198515,97.8,0.022,,,-7.770973263837295
2021-01-01,2021,20,154,AMWD,AMERICAN WOODMARK CORP,Materials,72.7,1.594817451,-30.52743740010655,30.4507635096,24.119198515,97.8,0.022,,,-54.64663591510655
2021-01-01,2021,20,155,AMSF,AMERISAFE INC,Financials,72.6,0.707536090459,2.2485724433758625,30.4507635096,24.119198515,97.8,0.022,,,-21.870626071624137
2021-01-01,2021,20,156,V,VISA INC,Financials,72.4,98.394583422982,-0.3205021199879754,30.4507635096,24.119198515,97.8,0.022,,,-24.439700634987975
2021-01-01,2021,20,157,ETRN,EQUITRANS MIDSTREAM CORP,Energy,72.0,2.69472057,38.27636013480982,30.4507635096,24.119198515,97.8,0.022,,,14.15716161980982
2021-01-01,2021,20,158,AFL,AFLAC INC,Financials,71.9,27.377803423875,34.555484284797934,30.4507635096,24.119198515,97.8,0.022,,,10.436285769797934
2021-01-01,2021,20,159,JEF,JEFFERIES FINANCIAL GROUP INC,Financials,71.9,5.061948994109001,61.886259272341945,30.4507635096,24.119198515,97.8,0.022,,,37.767060757341945
2021-01-01,2021,20,160,CUROQ,CURO GROUP HOLDINGS CORP,Financials,71.7,0.5519899106130001,14.443374564847057,30.4507635096,24.119198515,97.8,0.022,,,-9.675823950152944
2021-01-01,2021,20,161,NMIH,NMI HOLDINGS INC,Financials,71.6,1.9210226493,-3.53200883002206,30.4507635096,24.119198515,97.8,0.022,,,-27.651207345022062
2021-01-01,2021,20,162,WEC,WEC ENERGY GROUP INC,Utilities,71.6,23.955044587733,8.643324598712198,30.4507635096,24.119198515,97.8,0.022,,,-15.475873916287803
2021-01-01,2021,20,163,SF,STIFEL FINANCIAL CORP,Financials,71.0,2.116341431886,40.80357729992765,30.4507635096,24.119198515,97.8,0.022,,,16.684378784927652
2021-01-01,2021,20,164,PNC,PNC FINANCIAL SERVICES GROUP INC,Financials,70.9,51.46781333824,38.21786090621706,30.4507635096,24.119198515,97.8,0.022,,,14.098662391217061
2021-01-01,2021,20,165,ORA,ORMAT TECHNOLOGIES INC,Utilities,70.9,4.457164398020001,-11.58711244528976,30.4507635096,24.119198515,97.8,0.022,,,-35.70631096028976
2021-01-01,2021,20,166,SRLP,SPRAGUE RESOURCES LP,Energy,70.9,0.355957563588,-20.61476994458048,30.4507635096,24.119198515,97.8,0.022,,,-44.73396845958048
2021-01-01,2021,20,167,FE,FIRSTENERGY CORP,Utilities,70.5,13.11711813335,41.7828335056877,30.4507635096,24.119198515,97.8,0.022,,,17.663634990687697
2021-01-01,2021,20,168,MO,ALTRIA GROUP INC,Consumer Staples,70.1,49.857669358619994,24.265692560011946,30.4507635096,24.119198515,97.8,0.022,,,0.14649404501194496
2021-01-01,2021,20,169,UEIC,UNIVERSAL ELECTRONICS INC,Unclassified,70.0,0.684073880352,-22.320710725196975,30.4507635096,24.119198515,97.8,0.022,,,-46.439909240196975
2021-01-01,2021,20,170,EXP,EAGLE MATERIALS INC,Materials,69.5,4.112418234222,65.10000915182883,30.4507635096,24.119198515,97.8,0.022,,,40.98081063682883
2021-01-01,2021,20,171,AD,ARRAY DIGITAL INFRASTRUCTURE INC,Communication Svcs,69.5,0.738225056128,2.7073732718893906,30.4507635096,24.119198515,97.8,0.022,,,-21.41182524311061
2021-01-01,2021,20,172,MYE,MYERS INDUSTRIES INC,Materials,69.5,0.630557215479,-1.113573092437914,30.4507635096,24.119198515,97.8,0.022,,,-25.232771607437915
2021-01-01,2021,20,173,MED,MEDIFAST INC,Consumer Staples,69.2,2.03631005813,9.390154383247308,30.4507635096,24.119198515,97.8,0.022,,,-14.729044131752692
2021-01-01,2021,20,174,VVV,VALVOLINE INC,Unclassified,69.1,4.152159807536,63.814028199179006,30.4507635096,24.119198515,97.8,0.022,,,39.694829684179005
2021-01-01,2021,20,175,JBSS,SANFILIPPO JOHN B & SON INC,Consumer Staples,69.0,0.4997530536599999,21.611388270471423,30.4507635096,24.119198515,97.8,0.022,,,-2.507810244528578
2021-01-01,2021,20,176,NUS,NU SKIN ENTERPRISES INC,Consumer Staples,68.8,2.2729701229829997,-4.333086369861472,30.4507635096,24.119198515,97.8,0.022,,,-28.452284884861474
2021-01-01,2021,20,177,TDS,TELEPHONE & DATA SYSTEMS INC,Communication Svcs,68.5,0.7819413275520001,12.080836414637265,30.4507635096,24.119198515,97.8,0.022,,,-12.038362100362736
2021-01-01,2021,20,178,LYB,LYONDELLBASELL INDUSTRIES NV,Materials,68.4,21.03957244752,5.026345860843051,30.4507635096,24.119198515,97.8,0.022,,,-19.09285265415695
2021-01-01,2021,20,179,PM,PHILIP MORRIS INTERNATIONAL INC,Consumer Staples,68.2,99.358314096537,20.799047036880292,30.4507635096,24.119198515,97.8,0.022,,,-3.3201514781197083
2021-01-01,2021,20,180,TGNA,TEGNA INC,Communication Svcs,67.8,2.6879014643000003,35.59543230016313,30.4507635096,24.119198515,97.8,0.022,,,11.476233785163132
2021-01-01,2021,20,181,SHEN,SHENANDOAH TELECOMMUNICATIONS CO,Communication Svcs,67.6,1.284146966999,-3.424045964517264,30.4507635096,24.119198515,97.8,0.022,,,-27.543244479517263
2021-01-01,2021,20,182,WBD,WARNER BROS DISCOVERY INC,Communication Svcs,67.2,4.06896168393,-21.768029245596544,30.4507635096,24.119198515,97.8,0.022,,,-45.887227760596545
2021-01-01,2021,20,183,MGPI,MGP INGREDIENTS INC,Unclassified,67.0,0.749727166245,81.8979716161639,30.4507635096,24.119198515,97.8,0.022,,,57.7787731011639
2021-01-01,2021,20,184,CLW,CLEARWATER PAPER CORP,Materials,66.9,0.6256400365,-2.860927152317871,30.4507635096,24.119198515,97.8,0.022,,,-26.98012566731787
2021-01-01,2021,20,185,WOW,WIDEOPENWEST INC,Communication Svcs,66.8,0.92663635273,101.68697282099345,30.4507635096,24.119198515,97.8,0.022,,,77.56777430599345
2021-01-01,2021,20,186,LGF.B,LIONS GATE ENTERTAINMENT CORP,Communication Svcs,66.4,1.5396959898600002,48.26589595375721,30.4507635096,24.119198515,97.8,0.022,,,24.146697438757208
2021-01-01,2021,20,187,UGI,UGI CORP,Utilities,66.3,5.690109583688,35.44558807369695,30.4507635096,24.119198515,97.8,0.022,,,11.326389558696953
2021-01-01,2021,20,188,AWK,AMERICAN WATER WORKS COMPANY INC,Utilities,66.2,24.71208599037,24.811114534278133,30.4507635096,24.119198515,97.8,0.022,,,0.691916019278132
2021-01-01,2021,20,189,PPC,PILGRIMS PRIDE CORP,Consumer Staples,65.9,4.070258371056,43.80684538056487,30.4507635096,24.119198515,97.8,0.022,,,19.687646865564872
2021-01-01,2021,20,190,IPG,INTERPUBLIC GROUP OF COMPANIES INC,Communication Svcs,65.7,7.606846617579,64.66697431164437,30.4507635096,24.119198515,97.8,0.022,,,40.547775796644366
2021-01-01,2021,20,191,MCK,MCKESSON CORP,Consumer Staples,65.3,27.0268462737,44.223046030274936,30.4507635096,24.119198515,97.8,0.022,,,20.103847515274936
2021-01-01,2021,20,192,NXST,NEXSTAR MEDIA GROUP INC,Communication Svcs,65.2,4.008140410015001,40.94020944824781,30.4507635096,24.119198515,97.8,0.022,,,16.821010933247813
2021-01-01,2021,20,193,VGR,VECTOR GROUP LTD,Consumer Staples,64.6,0.96038288787,50.43894652833203,30.4507635096,24.119198515,97.8,0.022,,,26.31974801333203
2021-01-01,2021,20,194,ATO,ATMOS ENERGY CORP,Energy,64.4,10.417100705088002,12.743510417170212,30.4507635096,24.119198515,97.8,0.022,,,-11.375688097829789
2021-01-01,2021,20,195,CPB,CAMPBELL'S CO,Consumer Staples,63.9,11.756385994088,-7.171386605509323,30.4507635096,24.119198515,97.8,0.022,,,-31.290585120509324
2021-01-01,2021,20,196,SLB,SLB LIMITED,Energy,63.8,26.846690753574,39.583117287151296,30.4507635096,24.119198515,97.8,0.022,,,15.463918772151295
2021-01-01,2021,20,197,D,DOMINION ENERGY INC,Utilities,63.7,48.28670059486,8.091167128471977,30.4507635096,24.119198515,97.8,0.022,,,-16.028031386528024
2021-01-01,2021,20,198,ZD,ZIFF DAVIS INC,Communication Svcs,63.5,3.744384210912,34.984414572374824,30.4507635096,24.119198515,97.8,0.022,,,10.865216057374823
2021-01-01,2021,20,199,NFLX,NETFLIX INC,Communication Svcs,63.4,23.889181467584,11.412349971335043,30.4507635096,24.119198515,97.8,0.022,,,-12.706848543664957
2021-01-01,2021,20,200,AM,ANTERO MIDSTREAM CORP,Energy,62.5,2.389391317026,39.736684619988026,30.4507635096,24.119198515,97.8,0.022,,,15.617486104988025
2021-01-01,2021,20,201,DFIN,DONNELLEY FINANCIAL SOLUTIONS INC,Unclassified,62.4,0.5663800288999999,177.78432527990574,30.4507635096,24.119198515,97.8,0.022,,,153.66512676490575
2021-01-01,2021,20,202,HP,HELMERICH & PAYNE INC,Energy,62.0,1.996662489328,6.2082345333045685,30.4507635096,24.119198515,97.8,0.022,,,-17.91096398169543
2021-01-01,2021,20,203,MHK,MOHAWK INDUSTRIES INC,Unclassified,62.0,10.035445489,29.25150762681803,30.4507635096,24.119198515,97.8,0.022,,,5.132309111818028
2021-01-01,2021,20,204,CLH,CLEAN HARBORS INC,Utilities,62.0,4.2042432778,31.10381077529567,30.4507635096,24.119198515,97.8,0.022,,,6.98461226029567
2021-01-01,2021,20,205,PEG,PUBLIC SERVICE ENTERPRISE GROUP INC,Utilities,61.6,24.542732875856,18.329279854899205,30.4507635096,24.119198515,97.8,0.022,,,-5.7899186601007955
2021-01-01,2021,20,206,NWN,NORTHWEST NATURAL HOLDING CO,Energy,61.6,1.0955778355200003,10.315290178571423,30.4507635096,24.119198515,97.8,0.022,,,-13.803908336428577
2021-01-01,2021,20,207,BGS,B&G FOODS INC,Consumer Staples,61.2,1.067818263721,17.642457428244775,30.4507635096,24.119198515,97.8,0.022,,,-6.476741086755226
2021-01-01,2021,20,208,HE,HAWAIIAN ELECTRIC INDUSTRIES INC,Utilities,60.9,3.442371658596,21.269307621554766,30.4507635096,24.119198515,97.8,0.022,,,-2.8498908934452345
2021-01-01,2021,20,209,HLF,HERBALIFE LTD,Consumer Staples,60.3,6.324150049299999,-14.817898022892816,30.4507635096,24.119198515,97.8,0.022,,,-38.93709653789281
2021-01-01,2021,20,210,PUMP,PROPETRO HOLDING CORP,Energy,60.1,0.7457454220299999,9.607577807848443,30.4507635096,24.119198515,97.8,0.022,,,-14.511620707151557
2021-01-01,2021,20,211,ED,CONSOLIDATED EDISON INC,Utilities,60.0,19.731556675599997,22.98175647008911,30.4507635096,24.119198515,97.8,0.022,,,-1.137442044910891
2021-01-01,2021,20,212,CCOI,COGENT COMMUNICATIONS HOLDINGS INC,Communication Svcs,59.9,2.12243479176,27.721626074179607,30.4507635096,24.119198515,97.8,0.022,,,3.602427559179606
2021-01-01,2021,20,213,DAR,DARLING INGREDIENTS INC,Consumer Staples,59.7,9.34811015712,20.12829403606105,30.4507635096,24.119198515,97.8,0.022,,,-3.990904478938951
2021-01-01,2021,20,214,OTTR,OTTER TAIL CORP,Utilities,59.6,1.512142614024,72.7786226374104,30.4507635096,24.119198515,97.8,0.022,,,48.65942412241039
2021-01-01,2021,20,215,AWR,AMERICAN STATES WATER CO,Utilities,59.5,2.6012690254760003,32.25650916104146,30.4507635096,24.119198515,97.8,0.022,,,8.137310646041456
2021-01-01,2021,20,216,RIG,TRANSOCEAN LTD,Energy,59.5,1.4209047976200002,19.480519480519476,30.4507635096,24.119198515,97.8,0.022,,,-4.638679034480525
2021-01-01,2021,20,217,EPD,ENTERPRISE PRODUCTS PARTNERS LP,Energy,59.5,28.233382582385996,21.37776403278182,30.4507635096,24.119198515,97.8,0.022,,,-2.7414344822181818
2021-01-01,2021,20,218,CTRA,COTERRA ENERGY INC,Energy,59.0,4.973479755118,23.49735534540791,30.4507635096,24.119198515,97.8,0.022,,,-0.6218431695920899
2021-01-01,2021,20,219,ACCO,ACCO BRANDS CORP,Communication Svcs,59.0,0.574162781612,0.7735352205398449,30.4507635096,24.119198515,97.8,0.022,,,-23.345663294460156
2021-01-01,2021,20,220,LW,LAMB WESTON HOLDINGS INC,Consumer Staples,58.4,10.34836676933,-18.389309198896985,30.4507635096,24.119198515,97.8,0.022,,,-42.50850771389699
2021-01-01,2021,20,221,IDA,IDACORP INC,Utilities,58.0,4.090591783755,21.447516129430188,30.4507635096,24.119198515,97.8,0.022,,,-2.671682385569813
2021-01-01,2021,20,222,T,AT&T INC,Communication Svcs,57.1,111.928082,-8.0601005920927,30.4507635096,24.119198515,97.8,0.022,,,-32.1792991070927
2021-01-01,2021,20,223,SONO,SONOS INC,Unclassified,56.9,2.63951593628,27.40487387772552,30.4507635096,24.119198515,97.8,0.022,,,3.28567536272552
2021-01-01,2021,20,224,UFI,UNIFI INC,Unclassified,56.7,0.3273730020399999,30.496054114994365,30.4507635096,24.119198515,97.8,0.022,,,6.376855599994364
2021-01-01,2021,20,225,NBR,NABORS INDUSTRIES LTD,Energy,56.0,0.4247304934499999,39.258114374034015,30.4507635096,24.119198515,97.8,0.022,,,15.138915859034014
2021-01-01,2021,20,226,ALLE,ALLEGION PLC,Unclassified,56.0,9.8941941125,15.048372093023254,30.4507635096,24.119198515,97.8,0.022,,,-9.070826421976747
2021-01-01,2021,20,227,CQP,CHENIERE ENERGY PARTNERS LP,Energy,54.2,11.620827128607,27.8228997459286,30.4507635096,24.119198515,97.8,0.022,,,3.7037012309285977
2021-01-01,2021,20,228,RES,RPC INC,Energy,53.0,0.61294258305,44.14035087719297,30.4507635096,24.119198515,97.8,0.022,,,20.02115236219297
2021-01-01,2021,20,229,LNG,CHENIERE ENERGY INC,Energy,52.8,14.40837809271,69.4785866862766,30.4507635096,24.119198515,97.8,0.022,,,45.3593881712766
2021-01-01,2021,20,230,ADT,ADT INC,Unclassified,47.6,5.24180488806,8.867924528301895,30.4507635096,24.119198515,97.8,0.022,,,-15.251273986698106
2021-01-01,2021,20,231,KN,KNOWLES CORP,Unclassified,45.9,1.6895477101099998,26.6956049918611,30.4507635096,24.119198515,97.8,0.022,,,2.5764064768610986
2021-01-01,2021,20,232,KWR,QUAKER CHEMICAL CORP,Unclassified,44.6,4.239635509759999,-8.329407806191114,30.4507635096,24.119198515,97.8,0.022,,,-32.448606321191114
2021-01-01,2021,20,233,TILE,INTERFACE INC,Unclassified,40.6,0.6054098481700001,52.320961333462535,30.4507635096,24.119198515,97.8,0.022,,,28.201762818462534
2021-01-01,2021,20,234,ARLO,ARLO TECHNOLOGIES INC,Unclassified,40.4,0.61569954651,34.65982028241334,30.4507635096,24.119198515,97.8,0.022,,,10.540621767413342
2021-01-01,2021,20,235,NPO,ENPRO INC,Unclassified,36.2,1.475409997675,47.48973484584871,30.4507635096,24.119198515,97.8,0.022,,,23.370536330848708
2021-01-01,2021,20,236,ASPS,ALTISOURCE PORTFOLIO SOLUTIONS SA,Unclassified,21.8,1.6125460153600002,-12.88819875776398,30.4507635096,24.119198515,97.8,0.022,,,-37.00739727276398
2021-01-01,2021,20,237,NVRI1,ENVIRI CORP,Unclassified,20.8,1.41891158588,-7.0634037819799715,30.4507635096,24.119198515,97.8,0.022,,,-31.182602296979972
2022-01-01,2022,1,1,X,UNITED STATES STEEL CORP,Materials,97.9,6.291829420929,6.120345316325193,-11.8470460169,-18.3991948455,76.15,0.2385,,,24.51954016182519
2022-01-01,2022,1,2,QURE,UNIQURE NV,Healthcare,97.3,0.95848342056,9.305689488910328,-11.8470460169,-18.3991948455,76.15,0.2385,,,27.704884334410327
2022-01-01,2022,1,3,RILY,BRC GROUP HOLDINGS INC,Financials,95.7,1.935465329259,-58.42912696038631,-11.8470460169,-18.3991948455,76.15,0.2385,,,-40.029932114886314
2022-01-01,2022,1,4,BCC,BOISE CASCADE CO,Industrials,94.6,2.2702528416540004,1.6059734589931152,-11.8470460169,-18.3991948455,76.15,0.2385,,,20.005168304493115
2022-01-01,2022,1,5,KLIC,KULICKE & SOFFA INDUSTRIES INC,Technology,93.3,3.51368613947,-25.78077811334163,-11.8470460169,-18.3991948455,76.15,0.2385,,,-7.381583267841631
2022-01-01,2022,1,6,HCCI,HERITAGE-CRYSTAL CLEAN INC,Utilities,93.0,0.7745150015200001,1.4366021236726922,-11.8470460169,-18.3991948455,76.15,0.2385,,,19.83579696917269
2022-01-01,2022,1,7,HOUS,ANYWHERE REAL ESTATE INC,Real Estate,92.7,1.95984775967,-61.98691255205235,-11.8470460169,-18.3991948455,76.15,0.2385,,,-43.587717706552354
2022-01-01,2022,1,8,SIG,SIGNET JEWELERS LTD,Consumer Disc,92.1,4.2981146626090005,-20.98632417938955,-11.8470460169,-18.3991948455,76.15,0.2385,,,-2.58712933388955
2022-01-01,2022,1,9,SAFM,SANDERSON FARMS INC,Consumer Staples,88.3,4.244623886208,,-11.8470460169,-18.3991948455,76.15,0.2385,,,
2022-01-01,2022,1,10,OMC,OMNICOM GROUP INC,Communication Svcs,85.3,13.284907625,15.713599999999994,-11.8470460169,-18.3991948455,76.15,0.2385,,,34.11279484549999
2022-01-01,2022,1,11,ETRN,EQUITRANS MIDSTREAM CORP,Energy,82.4,3.726428616,-30.246053853296196,-11.8470460169,-18.3991948455,76.15,0.2385,,,-11.846859007796198
2022-01-01,2022,1,12,CRAI,CRA INTERNATIONAL INC,Unclassified,78.9,0.6528625253370001,32.92947908490041,-11.8470460169,-18.3991948455,76.15,0.2385,,,51.328673930400406
2022-01-01,2022,3,1,X,UNITED STATES STEEL CORP,Materials,97.9,6.291829420929,6.120345316325193,-9.4655509705,-18.3991948455,93.05,0.0695,,,24.51954016182519
2022-01-01,2022,3,2,QURE,UNIQURE NV,Healthcare,97.3,0.95848342056,9.305689488910328,-9.4655509705,-18.3991948455,93.05,0.0695,,,27.704884334410327
2022-01-01,2022,3,3,RILY,BRC GROUP HOLDINGS INC,Financials,95.7,1.935465329259,-58.42912696038631,-9.4655509705,-18.3991948455,93.05,0.0695,,,-40.029932114886314
2022-01-01,2022,3,4,BCC,BOISE CASCADE CO,Industrials,94.6,2.2702528416540004,1.6059734589931152,-9.4655509705,-18.3991948455,93.05,0.0695,,,20.005168304493115
2022-01-01,2022,3,5,RGR,STURM RUGER & CO INC,Industrials,94.2,0.9864302028,-15.553533839951484,-9.4655509705,-18.3991948455,93.05,0.0695,,,2.8456610055485143
2022-01-01,2022,3,6,KLIC,KULICKE & SOFFA INDUSTRIES INC,Technology,93.3,3.51368613947,-25.78077811334163,-9.4655509705,-18.3991948455,93.05,0.0695,,,-7.381583267841631
2022-01-01,2022,3,7,RFP,RESOLUTE FOREST PRODUCTS INC,Materials,93.2,1.18591364352,41.38834315651605,-9.4655509705,-18.3991948455,93.05,0.0695,,,59.78753800201605
2022-01-01,2022,3,8,SWBI,SMITH & WESSON BRANDS INC,Industrials,93.1,0.716934480065,-49.54530144829909,-9.4655509705,-18.3991948455,93.05,0.0695,,,-31.146106602799094
2022-01-01,2022,3,9,LPX,LOUISIANA-PACIFIC CORP,Materials,93.1,6.455324870129999,-23.365364956041702,-9.4655509705,-18.3991948455,93.05,0.0695,,,-4.966170110541704
2022-01-01,2022,3,10,HCCI,HERITAGE-CRYSTAL CLEAN INC,Utilities,93.0,0.7745150015200001,1.4366021236726922,-9.4655509705,-18.3991948455,93.05,0.0695,,,19.83579696917269
2022-01-01,2022,3,11,HOUS,ANYWHERE REAL ESTATE INC,Real Estate,92.7,1.95984775967,-61.98691255205235,-9.4655509705,-18.3991948455,93.05,0.0695,,,-43.587717706552354
2022-01-01,2022,3,12,SEM,SELECT MEDICAL HOLDINGS CORP,Healthcare,92.2,1.962407102597,-13.849203636612206,-9.4655509705,-18.3991948455,93.05,0.0695,,,4.549991208887793
2022-01-01,2022,3,13,SIG,SIGNET JEWELERS LTD,Consumer Disc,92.1,4.2981146626090005,-20.98632417938955,-9.4655509705,-18.3991948455,93.05,0.0695,,,-2.58712933388955
2022-01-01,2022,3,14,NAVI,NAVIENT CORP,Financials,92.0,2.786025622392,-19.362489876200396,-9.4655509705,-18.3991948455,93.05,0.0695,,,-0.9632950307003973
2022-01-01,2022,3,15,COWN,COWEN INC,Financials,91.8,0.96765425365,8.572556539394283,-9.4655509705,-18.3991948455,93.05,0.0695,,,26.971751384894283
2022-01-01,2022,3,16,ANET,ARISTA NETWORKS INC,Technology,91.7,2.76078932451,-15.585174467137852,-9.4655509705,-18.3991948455,93.05,0.0695,,,2.8140203783621462
2022-01-01,2022,3,17,DCH,DAUCH CORP,Consumer Disc,91.3,1.06418671353,-16.184351554126476,-9.4655509705,-18.3991948455,93.05,0.0695,,,2.2148432913735228
2022-01-01,2022,3,18,DECK,DECKERS OUTDOOR CORP,Consumer Disc,91.1,1.67576262224,8.967765183777775,-9.4655509705,-18.3991948455,93.05,0.0695,,,27.366960029277774
2022-01-01,2022,3,19,THC,TENET HEALTHCARE CORP,Healthcare,91.1,8.75111330058,-40.27420736932304,-9.4655509705,-18.3991948455,93.05,0.0695,,,-21.875012523823038
2022-01-01,2022,3,20,NVDA,NVIDIA CORP,Technology,89.6,73.3,-50.26603001364256,-9.4655509705,-18.3991948455,93.05,0.0695,,,-31.866835168142565
2022-01-01,2022,3,21,BOC,BOSTON OMAHA CORP,Real Estate,89.4,0.8215042409600001,-7.761921336581967,-9.4655509705,-18.3991948455,93.05,0.0695,,,10.637273508918032
2022-01-01,2022,3,22,SAFM,SANDERSON FARMS INC,Consumer Staples,88.3,4.244623886208,,-9.4655509705,-18.3991948455,93.05,0.0695,,,
2022-01-01,2022,3,23,OHI,OMEGA HEALTHCARE INVESTORS INC,Real Estate,87.9,4.868858761627999,3.6173554530283702,-9.4655509705,-18.3991948455,93.05,0.0695,,,22.01655029852837
2022-01-01,2022,3,24,MNST,MONSTER BEVERAGE CORP,Consumer Staples,87.7,12.70463015115,5.7184506455643325,-9.4655509705,-18.3991948455,93.05,0.0695,,,24.11764549106433
2022-01-01,2022,3,25,DTE,DTE ENERGY CO,Utilities,86.9,19.949453906606,1.265331093350941,-9.4655509705,-18.3991948455,93.05,0.0695,,,19.66452593885094
2022-01-01,2022,3,26,OMC,OMNICOM GROUP INC,Communication Svcs,85.3,13.284907625,15.713599999999994,-9.4655509705,-18.3991948455,93.05,0.0695,,,34.11279484549999
2022-01-01,2022,3,27,CMCSA,COMCAST CORP,Communication Svcs,85.2,83.10058692508001,-28.68669314796425,-9.4655509705,-18.3991948455,93.05,0.0695,,,-10.28749830246425
2022-01-01,2022,3,28,NRG,NRG ENERGY INC,Utilities,84.4,9.329821635006,-23.46612082086811,-9.4655509705,-18.3991948455,93.05,0.0695,,,-5.066925975368111
2022-01-01,2022,3,29,CAH,CARDINAL HEALTH INC,Consumer Staples,83.5,13.260661586118,54.129922012792456,-9.4655509705,-18.3991948455,93.05,0.0695,,,72.52911685829245
2022-01-01,2022,3,30,ETRN,EQUITRANS MIDSTREAM CORP,Energy,82.4,3.726428616,-30.246053853296196,-9.4655509705,-18.3991948455,93.05,0.0695,,,-11.846859007796198
2022-01-01,2022,3,31,VZ,VERIZON COMMUNICATIONS INC,Communication Svcs,79.9,158.53101574173598,-20.009924003029425,-9.4655509705,-18.3991948455,93.05,0.0695,,,-1.610729157529427
2022-01-01,2022,3,32,CRAI,CRA INTERNATIONAL INC,Unclassified,78.9,0.6528625253370001,32.92947908490041,-9.4655509705,-18.3991948455,93.05,0.0695,,,51.328673930400406
2022-01-01,2022,3,33,WKC,WORLD KINECT CORP,Energy,75.1,1.492635305415,5.323966312581985,-9.4655509705,-18.3991948455,93.05,0.0695,,,23.723161158081982
2022-01-01,2022,3,34,MTDR,MATADOR RESOURCES CO,Energy,74.4,3.988940989608,55.85068831627249,-9.4655509705,-18.3991948455,93.05,0.0695,,,74.24988316177249
2022-01-01,2022,3,35,DFIN,DONNELLEY FINANCIAL SOLUTIONS INC,Unclassified,74.1,1.562401089,-18.010182435299114,-9.4655509705,-18.3991948455,93.05,0.0695,,,0.38901241020088406
2022-01-01,2022,3,36,MHK,MOHAWK INDUSTRIES INC,Unclassified,72.5,12.339483713140002,-43.890657591393136,-9.4655509705,-18.3991948455,93.05,0.0695,,,-25.491462745893138
2022-01-01,2022,5,1,X,UNITED STATES STEEL CORP,Materials,97.9,6.291829420929,6.120345316325193,-11.7160449944,-18.3991948455,92.7,0.073,,,24.51954016182519
2022-01-01,2022,5,2,QURE,UNIQURE NV,Healthcare,97.3,0.95848342056,9.305689488910328,-11.7160449944,-18.3991948455,92.7,0.073,,,27.704884334410327
2022-01-01,2022,5,3,RILY,BRC GROUP HOLDINGS INC,Financials,95.7,1.935465329259,-58.42912696038631,-11.7160449944,-18.3991948455,92.7,0.073,,,-40.029932114886314
2022-01-01,2022,5,4,BCC,BOISE CASCADE CO,Industrials,94.6,2.2702528416540004,1.6059734589931152,-11.7160449944,-18.3991948455,92.7,0.073,,,20.005168304493115
2022-01-01,2022,5,5,RGR,STURM RUGER & CO INC,Industrials,94.2,0.9864302028,-15.553533839951484,-11.7160449944,-18.3991948455,92.7,0.073,,,2.8456610055485143
2022-01-01,2022,5,6,KLIC,KULICKE & SOFFA INDUSTRIES INC,Technology,93.3,3.51368613947,-25.78077811334163,-11.7160449944,-18.3991948455,92.7,0.073,,,-7.381583267841631
2022-01-01,2022,5,7,RFP,RESOLUTE FOREST PRODUCTS INC,Materials,93.2,1.18591364352,41.38834315651605,-11.7160449944,-18.3991948455,92.7,0.073,,,59.78753800201605
2022-01-01,2022,5,8,LPX,LOUISIANA-PACIFIC CORP,Materials,93.1,6.455324870129999,-23.365364956041702,-11.7160449944,-18.3991948455,92.7,0.073,,,-4.966170110541704
2022-01-01,2022,5,9,SWBI,SMITH & WESSON BRANDS INC,Industrials,93.1,0.716934480065,-49.54530144829909,-11.7160449944,-18.3991948455,92.7,0.073,,,-31.146106602799094
2022-01-01,2022,5,10,HCCI,HERITAGE-CRYSTAL CLEAN INC,Utilities,93.0,0.7745150015200001,1.4366021236726922,-11.7160449944,-18.3991948455,92.7,0.073,,,19.83579696917269
2022-01-01,2022,5,11,HOUS,ANYWHERE REAL ESTATE INC,Real Estate,92.7,1.95984775967,-61.98691255205235,-11.7160449944,-18.3991948455,92.7,0.073,,,-43.587717706552354
2022-01-01,2022,5,12,SEM,SELECT MEDICAL HOLDINGS CORP,Healthcare,92.2,1.962407102597,-13.849203636612206,-11.7160449944,-18.3991948455,92.7,0.073,,,4.549991208887793
2022-01-01,2022,5,13,HSII,HEIDRICK & STRUGGLES INTERNATIONAL INC,Industrials,92.2,0.799236343965,-34.83760264738326,-11.7160449944,-18.3991948455,92.7,0.073,,,-16.43840780188326
2022-01-01,2022,5,14,SIG,SIGNET JEWELERS LTD,Consumer Disc,92.1,4.2981146626090005,-20.98632417938955,-11.7160449944,-18.3991948455,92.7,0.073,,,-2.58712933388955
2022-01-01,2022,5,15,AAWW,ATLAS AIR WORLDWIDE HOLDINGS INC,Industrials,92.0,2.73214274892,7.097322566935826,-11.7160449944,-18.3991948455,92.7,0.073,,,25.496517412435825
2022-01-01,2022,5,16,NAVI,NAVIENT CORP,Financials,92.0,2.786025622392,-19.362489876200396,-11.7160449944,-18.3991948455,92.7,0.073,,,-0.9632950307003973
2022-01-01,2022,5,17,VHI,VALHI INC,Materials,91.8,0.747109074153,-22.67135990310737,-11.7160449944,-18.3991948455,92.7,0.073,,,-4.272165057607371
2022-01-01,2022,5,18,COWN,COWEN INC,Financials,91.8,0.96765425365,8.572556539394283,-11.7160449944,-18.3991948455,92.7,0.073,,,26.971751384894283
2022-01-01,2022,5,19,ANET,ARISTA NETWORKS INC,Technology,91.7,2.76078932451,-15.585174467137852,-11.7160449944,-18.3991948455,92.7,0.073,,,2.8140203783621462
2022-01-01,2022,5,20,MA,MASTERCARD INC,Financials,91.5,42.803839911269,-2.655632304992672,-11.7160449944,-18.3991948455,92.7,0.073,,,15.743562540507327
2022-01-01,2022,5,21,DCH,DAUCH CORP,Consumer Disc,91.3,1.06418671353,-16.184351554126476,-11.7160449944,-18.3991948455,92.7,0.073,,,2.2148432913735228
2022-01-01,2022,5,22,THC,TENET HEALTHCARE CORP,Healthcare,91.1,8.75111330058,-40.27420736932304,-11.7160449944,-18.3991948455,92.7,0.073,,,-21.875012523823038
2022-01-01,2022,5,23,DECK,DECKERS OUTDOOR CORP,Consumer Disc,91.1,1.67576262224,8.967765183777775,-11.7160449944,-18.3991948455,92.7,0.073,,,27.366960029277774
2022-01-01,2022,5,24,CRSP,CRISPR THERAPEUTICS AG,Healthcare,90.7,5.79921333192,-46.35787806809185,-11.7160449944,-18.3991948455,92.7,0.073,,,-27.95868322259185
2022-01-01,2022,5,25,FLGT,FULGENT GENETICS INC,Healthcare,90.5,3.0007456560900003,-70.39467143851277,-11.7160449944,-18.3991948455,92.7,0.073,,,-51.995476593012775
2022-01-01,2022,5,26,LYB,LYONDELLBASELL INDUSTRIES NV,Materials,90.5,22.0219774942,-0.8462410275783983,-11.7160449944,-18.3991948455,92.7,0.073,,,17.5529538179216
2022-01-01,2022,5,27,BKE,BUCKLE INC,Consumer Disc,90.4,1.4378933934229998,10.864522383408936,-11.7160449944,-18.3991948455,92.7,0.073,,,29.263717228908934
2022-01-01,2022,5,28,PIPR,PIPER SANDLER COMPANIES,Financials,90.1,0.6967311373449999,-23.35326268250749,-11.7160449944,-18.3991948455,92.7,0.073,,,-4.954067837007493
2022-01-01,2022,5,29,WSM,WILLIAMS SONOMA INC,Consumer Disc,89.8,5.634423411408,-30.479593950694017,-11.7160449944,-18.3991948455,92.7,0.073,,,-12.080399105194019
2022-01-01,2022,5,30,NVDA,NVIDIA CORP,Technology,89.6,73.3,-50.26603001364256,-11.7160449944,-18.3991948455,92.7,0.073,,,-31.866835168142565
2022-01-01,2022,5,31,BOC,BOSTON OMAHA CORP,Real Estate,89.4,0.8215042409600001,-7.761921336581967,-11.7160449944,-18.3991948455,92.7,0.073,,,10.637273508918032
2022-01-01,2022,5,32,VSH,VISHAY INTERTECHNOLOGY INC,Technology,88.9,2.6223461058639996,0.6701340268053579,-11.7160449944,-18.3991948455,92.7,0.073,,,19.069328872305356
2022-01-01,2022,5,33,APH,AMPHENOL CORP,Technology,88.8,12.55260314418,-11.953311100524044,-11.7160449944,-18.3991948455,92.7,0.073,,,6.445883744975955
2022-01-01,2022,5,34,SAFM,SANDERSON FARMS INC,Consumer Staples,88.3,4.244623886208,,-11.7160449944,-18.3991948455,92.7,0.073,,,
2022-01-01,2022,5,35,OHI,OMEGA HEALTHCARE INVESTORS INC,Real Estate,87.9,4.868858761627999,3.6173554530283702,-11.7160449944,-18.3991948455,92.7,0.073,,,22.01655029852837
2022-01-01,2022,5,36,MNST,MONSTER BEVERAGE CORP,Consumer Staples,87.7,12.70463015115,5.7184506455643325,-11.7160449944,-18.3991948455,92.7,0.073,,,24.11764549106433
2022-01-01,2022,5,37,PCH,POTLATCHDELTIC CORP,Real Estate,87.3,3.376440425214,-22.653470855939105,-11.7160449944,-18.3991948455,92.7,0.073,,,-4.254276010439106
2022-01-01,2022,5,38,FOR,FORESTAR GROUP INC,Real Estate,87.1,1.07854746075,-29.149425287356323,-11.7160449944,-18.3991948455,92.7,0.073,,,-10.750230441856324
2022-01-01,2022,5,39,DTE,DTE ENERGY CO,Utilities,86.9,19.949453906606,1.265331093350941,-11.7160449944,-18.3991948455,92.7,0.073,,,19.66452593885094
2022-01-01,2022,5,40,OMC,OMNICOM GROUP INC,Communication Svcs,85.3,13.284907625,15.713599999999994,-11.7160449944,-18.3991948455,92.7,0.073,,,34.11279484549999
2022-01-01,2022,5,41,CMCSA,COMCAST CORP,Communication Svcs,85.2,83.10058692508001,-28.68669314796425,-11.7160449944,-18.3991948455,92.7,0.073,,,-10.28749830246425
2022-01-01,2022,5,42,NRG,NRG ENERGY INC,Utilities,84.4,9.329821635006,-23.46612082086811,-11.7160449944,-18.3991948455,92.7,0.073,,,-5.066925975368111
2022-01-01,2022,5,43,CAH,CARDINAL HEALTH INC,Consumer Staples,83.5,13.260661586118,54.129922012792456,-11.7160449944,-18.3991948455,92.7,0.073,,,72.52911685829245
2022-01-01,2022,5,44,UGI,UGI CORP,Utilities,82.8,7.73659983771,-16.18529936719131,-11.7160449944,-18.3991948455,92.7,0.073,,,2.2138954783086895
2022-01-01,2022,5,45,ETRN,EQUITRANS MIDSTREAM CORP,Energy,82.4,3.726428616,-30.246053853296196,-11.7160449944,-18.3991948455,92.7,0.073,,,-11.846859007796198
2022-01-01,2022,5,46,FE,FIRSTENERGY CORP,Utilities,82.0,18.660526860844,4.8284513945617835,-11.7160449944,-18.3991948455,92.7,0.073,,,23.22764624006178
2022-01-01,2022,5,47,VZ,VERIZON COMMUNICATIONS INC,Communication Svcs,79.9,158.53101574173598,-20.009924003029425,-11.7160449944,-18.3991948455,92.7,0.073,,,-1.610729157529427
2022-01-01,2022,5,48,AD,ARRAY DIGITAL INFRASTRUCTURE INC,Communication Svcs,79.3,0.7582115639839999,-33.854458777341556,-11.7160449944,-18.3991948455,92.7,0.073,,,-15.455263931841557
2022-01-01,2022,5,49,CRAI,CRA INTERNATIONAL INC,Unclassified,78.9,0.6528625253370001,32.92947908490041,-11.7160449944,-18.3991948455,92.7,0.073,,,51.328673930400406
2022-01-01,2022,5,50,VGR,VECTOR GROUP LTD,Consumer Staples,76.9,1.4510675994750002,11.628647214854103,-11.7160449944,-18.3991948455,92.7,0.073,,,30.027842060354104
2022-01-01,2022,5,51,TDS,TELEPHONE & DATA SYSTEMS INC,Communication Svcs,76.1,0.876406380192,-45.2704624310335,-11.7160449944,-18.3991948455,92.7,0.073,,,-26.871267585533502
2022-01-01,2022,5,52,WKC,WORLD KINECT CORP,Energy,75.1,1.492635305415,5.323966312581985,-11.7160449944,-18.3991948455,92.7,0.073,,,23.723161158081982
2022-01-01,2022,5,53,MTDR,MATADOR RESOURCES CO,Energy,74.4,3.988940989608,55.85068831627249,-11.7160449944,-18.3991948455,92.7,0.073,,,74.24988316177249
2022-01-01,2022,5,54,MED,MEDIFAST INC,Consumer Staples,74.2,2.198453408881,-42.311248725278325,-11.7160449944,-18.3991948455,92.7,0.073,,,-23.912053879778327
2022-01-01,2022,5,55,DFIN,DONNELLEY FINANCIAL SOLUTIONS INC,Unclassified,74.1,1.562401089,-18.010182435299114,-11.7160449944,-18.3991948455,92.7,0.073,,,0.38901241020088406
2022-01-01,2022,5,56,MHK,MOHAWK INDUSTRIES INC,Unclassified,72.5,12.339483713140002,-43.890657591393136,-11.7160449944,-18.3991948455,92.7,0.073,,,-25.491462745893138
2022-01-01,2022,5,57,SONO,SONOS INC,Unclassified,72.2,3.7884309688,-43.28859060402686,-11.7160449944,-18.3991948455,92.7,0.073,,,-24.88939575852686
2022-01-01,2022,5,58,ARLP,ALLIANCE RESOURCE PARTNERS LP,Energy,71.7,0.973933791883,73.26629228157242,-11.7160449944,-18.3991948455,92.7,0.073,,,91.66548712707242
2022-01-01,2022,5,59,EOG,EOG RESOURCES INC,Energy,71.5,42.177966550327994,56.88741538120077,-11.7160449944,-18.3991948455,92.7,0.073,,,75.28661022670076
2022-01-01,2022,5,60,UEIC,UNIVERSAL ELECTRONICS INC,Unclassified,70.0,0.506341477194,-48.93264677724014,-11.7160449944,-18.3991948455,92.7,0.073,,,-30.53345193174014
2022-01-01,2022,10,1,X,UNITED STATES STEEL CORP,Materials,97.9,6.291829420929,6.120345316325193,-10.9891369125,-18.3991948455,99.35,0.0065,,,24.51954016182519
2022-01-01,2022,10,2,QURE,UNIQURE NV,Healthcare,97.3,0.95848342056,9.305689488910328,-10.9891369125,-18.3991948455,99.35,0.0065,,,27.704884334410327
2022-01-01,2022,10,3,RILY,BRC GROUP HOLDINGS INC,Financials,95.7,1.935465329259,-58.42912696038631,-10.9891369125,-18.3991948455,99.35,0.0065,,,-40.029932114886314
2022-01-01,2022,10,4,BCC,BOISE CASCADE CO,Industrials,94.6,2.2702528416540004,1.6059734589931152,-10.9891369125,-18.3991948455,99.35,0.0065,,,20.005168304493115
2022-01-01,2022,10,5,RGR,STURM RUGER & CO INC,Industrials,94.2,0.9864302028,-15.553533839951484,-10.9891369125,-18.3991948455,99.35,0.0065,,,2.8456610055485143
2022-01-01,2022,10,6,KLIC,KULICKE & SOFFA INDUSTRIES INC,Technology,93.3,3.51368613947,-25.78077811334163,-10.9891369125,-18.3991948455,99.35,0.0065,,,-7.381583267841631
2022-01-01,2022,10,7,RFP,RESOLUTE FOREST PRODUCTS INC,Materials,93.2,1.18591364352,41.38834315651605,-10.9891369125,-18.3991948455,99.35,0.0065,,,59.78753800201605
2022-01-01,2022,10,8,LPX,LOUISIANA-PACIFIC CORP,Materials,93.1,6.455324870129999,-23.365364956041702,-10.9891369125,-18.3991948455,99.35,0.0065,,,-4.966170110541704
2022-01-01,2022,10,9,SWBI,SMITH & WESSON BRANDS INC,Industrials,93.1,0.716934480065,-49.54530144829909,-10.9891369125,-18.3991948455,99.35,0.0065,,,-31.146106602799094
2022-01-01,2022,10,10,HCCI,HERITAGE-CRYSTAL CLEAN INC,Utilities,93.0,0.7745150015200001,1.4366021236726922,-10.9891369125,-18.3991948455,99.35,0.0065,,,19.83579696917269
2022-01-01,2022,10,11,HOUS,ANYWHERE REAL ESTATE INC,Real Estate,92.7,1.95984775967,-61.98691255205235,-10.9891369125,-18.3991948455,99.35,0.0065,,,-43.587717706552354
2022-01-01,2022,10,12,SEM,SELECT MEDICAL HOLDINGS CORP,Healthcare,92.2,1.962407102597,-13.849203636612206,-10.9891369125,-18.3991948455,99.35,0.0065,,,4.549991208887793
2022-01-01,2022,10,13,HSII,HEIDRICK & STRUGGLES INTERNATIONAL INC,Industrials,92.2,0.799236343965,-34.83760264738326,-10.9891369125,-18.3991948455,99.35,0.0065,,,-16.43840780188326
2022-01-01,2022,10,14,SIG,SIGNET JEWELERS LTD,Consumer Disc,92.1,4.2981146626090005,-20.98632417938955,-10.9891369125,-18.3991948455,99.35,0.0065,,,-2.58712933388955
2022-01-01,2022,10,15,AAWW,ATLAS AIR WORLDWIDE HOLDINGS INC,Industrials,92.0,2.73214274892,7.097322566935826,-10.9891369125,-18.3991948455,99.35,0.0065,,,25.496517412435825
2022-01-01,2022,10,16,NAVI,NAVIENT CORP,Financials,92.0,2.786025622392,-19.362489876200396,-10.9891369125,-18.3991948455,99.35,0.0065,,,-0.9632950307003973
2022-01-01,2022,10,17,VHI,VALHI INC,Materials,91.8,0.747109074153,-22.67135990310737,-10.9891369125,-18.3991948455,99.35,0.0065,,,-4.272165057607371
2022-01-01,2022,10,18,COWN,COWEN INC,Financials,91.8,0.96765425365,8.572556539394283,-10.9891369125,-18.3991948455,99.35,0.0065,,,26.971751384894283
2022-01-01,2022,10,19,ANET,ARISTA NETWORKS INC,Technology,91.7,2.76078932451,-15.585174467137852,-10.9891369125,-18.3991948455,99.35,0.0065,,,2.8140203783621462
2022-01-01,2022,10,20,MA,MASTERCARD INC,Financials,91.5,42.803839911269,-2.655632304992672,-10.9891369125,-18.3991948455,99.35,0.0065,,,15.743562540507327
2022-01-01,2022,10,21,DCH,DAUCH CORP,Consumer Disc,91.3,1.06418671353,-16.184351554126476,-10.9891369125,-18.3991948455,99.35,0.0065,,,2.2148432913735228
2022-01-01,2022,10,22,THC,TENET HEALTHCARE CORP,Healthcare,91.1,8.75111330058,-40.27420736932304,-10.9891369125,-18.3991948455,99.35,0.0065,,,-21.875012523823038
2022-01-01,2022,10,23,DECK,DECKERS OUTDOOR CORP,Consumer Disc,91.1,1.67576262224,8.967765183777775,-10.9891369125,-18.3991948455,99.35,0.0065,,,27.366960029277774
2022-01-01,2022,10,24,CRSP,CRISPR THERAPEUTICS AG,Healthcare,90.7,5.79921333192,-46.35787806809185,-10.9891369125,-18.3991948455,99.35,0.0065,,,-27.95868322259185
2022-01-01,2022,10,25,UHAL,U-HAUL HOLDING CO,Industrials,90.6,1.4213097287559997,-16.964421206561177,-10.9891369125,-18.3991948455,99.35,0.0065,,,1.4347736389388217
2022-01-01,2022,10,26,FLGT,FULGENT GENETICS INC,Healthcare,90.5,3.0007456560900003,-70.39467143851277,-10.9891369125,-18.3991948455,99.35,0.0065,,,-51.995476593012775
2022-01-01,2022,10,27,LYB,LYONDELLBASELL INDUSTRIES NV,Materials,90.5,22.0219774942,-0.8462410275783983,-10.9891369125,-18.3991948455,99.35,0.0065,,,17.5529538179216
2022-01-01,2022,10,28,BKE,BUCKLE INC,Consumer Disc,90.4,1.4378933934229998,10.864522383408936,-10.9891369125,-18.3991948455,99.35,0.0065,,,29.263717228908934
2022-01-01,2022,10,29,PIPR,PIPER SANDLER COMPANIES,Financials,90.1,0.6967311373449999,-23.35326268250749,-10.9891369125,-18.3991948455,99.35,0.0065,,,-4.954067837007493
2022-01-01,2022,10,30,WSM,WILLIAMS SONOMA INC,Consumer Disc,89.8,5.634423411408,-30.479593950694017,-10.9891369125,-18.3991948455,99.35,0.0065,,,-12.080399105194019
2022-01-01,2022,10,31,NVDA,NVIDIA CORP,Technology,89.6,73.3,-50.26603001364256,-10.9891369125,-18.3991948455,99.35,0.0065,,,-31.866835168142565
2022-01-01,2022,10,32,BOC,BOSTON OMAHA CORP,Real Estate,89.4,0.8215042409600001,-7.761921336581967,-10.9891369125,-18.3991948455,99.35,0.0065,,,10.637273508918032
2022-01-01,2022,10,33,VSH,VISHAY INTERTECHNOLOGY INC,Technology,88.9,2.6223461058639996,0.6701340268053579,-10.9891369125,-18.3991948455,99.35,0.0065,,,19.069328872305356
2022-01-01,2022,10,34,APH,AMPHENOL CORP,Technology,88.8,12.55260314418,-11.953311100524044,-10.9891369125,-18.3991948455,99.35,0.0065,,,6.445883744975955
2022-01-01,2022,10,35,GSKY,GREENSKY INC,Technology,88.4,0.7114510128,,-10.9891369125,-18.3991948455,99.35,0.0065,,,
2022-01-01,2022,10,36,SAFM,SANDERSON FARMS INC,Consumer Staples,88.3,4.244623886208,,-10.9891369125,-18.3991948455,99.35,0.0065,,,
2022-01-01,2022,10,37,OHI,OMEGA HEALTHCARE INVESTORS INC,Real Estate,87.9,4.868858761627999,3.6173554530283702,-10.9891369125,-18.3991948455,99.35,0.0065,,,22.01655029852837
2022-01-01,2022,10,38,COLL,COLLEGIUM PHARMACEUTICAL INC,Healthcare,87.9,0.64574348412,24.19700214132763,-10.9891369125,-18.3991948455,99.35,0.0065,,,42.59619698682763
2022-01-01,2022,10,39,MLI,MUELLER INDUSTRIES INC,Materials,87.8,0.8002655905499999,1.0179211469534044,-10.9891369125,-18.3991948455,99.35,0.0065,,,19.417115992453404
2022-01-01,2022,10,40,AGX,ARGAN INC,Industrials,87.7,0.5589106206700001,-1.9625485013777255,-10.9891369125,-18.3991948455,99.35,0.0065,,,16.436646344122273
2022-01-01,2022,10,41,MNST,MONSTER BEVERAGE CORP,Consumer Staples,87.7,12.70463015115,5.7184506455643325,-10.9891369125,-18.3991948455,99.35,0.0065,,,24.11764549106433
2022-01-01,2022,10,42,CMG,CHIPOTLE MEXICAN GRILL INC,Consumer Disc,87.4,0.98375447079,-20.63492063492064,-10.9891369125,-18.3991948455,99.35,0.0065,,,-2.2357257894206413
2022-01-01,2022,10,43,TROX,TRONOX HOLDINGS PLC,Materials,87.4,3.043184314698,-41.161897057336425,-10.9891369125,-18.3991948455,99.35,0.0065,,,-22.762702211836427
2022-01-01,2022,10,44,PCH,POTLATCHDELTIC CORP,Real Estate,87.3,3.376440425214,-22.653470855939105,-10.9891369125,-18.3991948455,99.35,0.0065,,,-4.254276010439106
2022-01-01,2022,10,45,FOR,FORESTAR GROUP INC,Real Estate,87.1,1.07854746075,-29.149425287356323,-10.9891369125,-18.3991948455,99.35,0.0065,,,-10.750230441856324
2022-01-01,2022,10,46,SHOE,SHOE STATION GROUP INC,Consumer Disc,87.1,0.994290467446,-37.99501444677355,-10.9891369125,-18.3991948455,99.35,0.0065,,,-19.595819601273554
2022-01-01,2022,10,47,LOGI,LOGITECH INTERNATIONAL SA,Technology,86.9,12.9278359206,-22.86606298498568,-10.9891369125,-18.3991948455,99.35,0.0065,,,-4.46686813948568
2022-01-01,2022,10,48,DTE,DTE ENERGY CO,Utilities,86.9,19.949453906606,1.265331093350941,-10.9891369125,-18.3991948455,99.35,0.0065,,,19.66452593885094
2022-01-01,2022,10,49,TPH,TRI POINTE HOMES INC,Industrials,86.4,3.0996482189299996,-33.34528504840445,-10.9891369125,-18.3991948455,99.35,0.0065,,,-14.94609020290445
2022-01-01,2022,10,50,REGN,REGENERON PHARMACEUTICALS INC,Healthcare,86.4,58.789403518979995,14.246673421573307,-10.9891369125,-18.3991948455,99.35,0.0065,,,32.645868267073304
2022-01-01,2022,10,51,ALX,ALEXANDERS INC,Real Estate,86.3,0.90821916612,-9.141417549542252,-10.9891369125,-18.3991948455,99.35,0.0065,,,9.257777295957746
2022-01-01,2022,10,52,MMI,MARCUS & MILLICHAP INC,Real Estate,86.2,1.85684634768,-30.751976073488574,-10.9891369125,-18.3991948455,99.35,0.0065,,,-12.352781227988576
2022-01-01,2022,10,53,ORI,OLD REPUBLIC INTERNATIONAL CORP,Financials,86.2,5.537823543892,6.713604612484736,-10.9891369125,-18.3991948455,99.35,0.0065,,,25.112799457984735
2022-01-01,2022,10,54,IBKR,INTERACTIVE BROKERS GROUP INC,Financials,86.1,0.8175203000579999,-8.353135654509769,-10.9891369125,-18.3991948455,99.35,0.0065,,,10.04605919099023
2022-01-01,2022,10,55,UPBD,UPBOUND GROUP INC,Industrials,86.0,2.420203588896,-49.937144731088765,-10.9891369125,-18.3991948455,99.35,0.0065,,,-31.537949885588766
2022-01-01,2022,10,56,GPI,GROUP 1 AUTOMOTIVE INC,Consumer Disc,85.9,3.424950880267,-6.848221882811812,-10.9891369125,-18.3991948455,99.35,0.0065,,,11.550972962688187
2022-01-01,2022,10,57,MRNA,MODERNA INC,Healthcare,85.8,102.97607086746,-29.277895897314743,-10.9891369125,-18.3991948455,99.35,0.0065,,,-10.878701051814744
2022-01-01,2022,10,58,EXLS,EXLSERVICE HOLDINGS INC,Technology,85.8,0.964252514048,17.033915866546945,-10.9891369125,-18.3991948455,99.35,0.0065,,,35.43311071204694
2022-01-01,2022,10,59,ETD,ETHAN ALLEN INTERIORS INC,Consumer Disc,85.4,0.421766821092,7.510331197221065,-10.9891369125,-18.3991948455,99.35,0.0065,,,25.909526042721062
2022-01-01,2022,10,60,UCTT,ULTRA CLEAN HOLDINGS INC,Technology,85.3,2.575464,-42.2071129707113,-10.9891369125,-18.3991948455,99.35,0.0065,,,-23.8079181252113
2022-01-01,2022,10,61,OMC,OMNICOM GROUP INC,Communication Svcs,85.3,13.284907625,15.713599999999994,-10.9891369125,-18.3991948455,99.35,0.0065,,,34.11279484549999
2022-01-01,2022,10,62,EBIXQ,EBIX INC,Technology,85.3,0.929448077243,-33.54862336451709,-10.9891369125,-18.3991948455,99.35,0.0065,,,-15.149428519017093
2022-01-01,2022,10,63,CMCSA,COMCAST CORP,Communication Svcs,85.2,83.10058692508001,-28.68669314796425,-10.9891369125,-18.3991948455,99.35,0.0065,,,-10.28749830246425
2022-01-01,2022,10,64,TOL,TOLL BROTHERS INC,Industrials,85.2,8.28871176,-29.971248511602244,-10.9891369125,-18.3991948455,99.35,0.0065,,,-11.572053666102246
2022-01-01,2022,10,65,HZO,MARINEMAX INC,Consumer Disc,84.9,1.29090452256,-47.12059620596206,-10.9891369125,-18.3991948455,99.35,0.0065,,,-28.72140136046206
2022-01-01,2022,10,66,LAZ,LAZARD INC,Financials,84.4,3.890655671682,-16.14399165265783,-10.9891369125,-18.3991948455,99.35,0.0065,,,2.255203192842167
2022-01-01,2022,10,67,NRG,NRG ENERGY INC,Utilities,84.4,9.329821635006,-23.46612082086811,-10.9891369125,-18.3991948455,99.35,0.0065,,,-5.066925975368111
2022-01-01,2022,10,68,BERY,BERRY GLOBAL GROUP INC,Materials,84.0,8.8093896,-17.74466644090754,-10.9891369125,-18.3991948455,99.35,0.0065,,,0.6545284045924582
2022-01-01,2022,10,69,ALEC,ALECTOR INC,Healthcare,83.8,1.67835140305,-55.30266343825665,-10.9891369125,-18.3991948455,99.35,0.0065,,,-36.90346859275665
2022-01-01,2022,10,70,NGVT,INGEVITY CORP,Materials,83.7,2.8168204683,-1.7573221757322233,-10.9891369125,-18.3991948455,99.35,0.0065,,,16.641872669767775
2022-01-01,2022,10,71,DVA,DAVITA INC,Healthcare,83.6,11.592144,-34.36181434599156,-10.9891369125,-18.3991948455,99.35,0.0065,,,-15.962619500491563
2022-01-01,2022,10,72,CAH,CARDINAL HEALTH INC,Consumer Staples,83.5,13.260661586118,54.129922012792456,-10.9891369125,-18.3991948455,99.35,0.0065,,,72.52911685829245
2022-01-01,2022,10,73,DHIL,DIAMOND HILL INVESTMENT GROUP INC,Financials,83.2,0.50263119343,0.5376276234587474,-10.9891369125,-18.3991948455,99.35,0.0065,,,18.936822468958745
2022-01-01,2022,10,74,UGI,UGI CORP,Utilities,82.8,7.73659983771,-16.18529936719131,-10.9891369125,-18.3991948455,99.35,0.0065,,,2.2138954783086895
2022-01-01,2022,10,75,ETRN,EQUITRANS MIDSTREAM CORP,Energy,82.4,3.726428616,-30.246053853296196,-10.9891369125,-18.3991948455,99.35,0.0065,,,-11.846859007796198
2022-01-01,2022,10,76,FE,FIRSTENERGY CORP,Utilities,82.0,18.660526860844,4.8284513945617835,-10.9891369125,-18.3991948455,99.35,0.0065,,,23.22764624006178
2022-01-01,2022,10,77,FNF,FIDELITY NATIONAL FINANCIAL INC,Financials,82.0,12.367741012179,-24.666988750086272,-10.9891369125,-18.3991948455,99.35,0.0065,,,-6.267793904586274
2022-01-01,2022,10,78,WIRE,ENCORE WIRE CORP,Materials,81.1,2.894766990544,-3.806618197594269,-10.9891369125,-18.3991948455,99.35,0.0065,,,14.59257664790573
2022-01-01,2022,10,79,STWD,STARWOOD PROPERTY TRUST INC,Real Estate,80.5,4.495752195564,-17.120297855950696,-10.9891369125,-18.3991948455,99.35,0.0065,,,1.2788969895493025
2022-01-01,2022,10,80,KW,KENNEDY-WILSON HOLDINGS INC,Real Estate,80.3,2.5624122000739997,-30.537587650160347,-10.9891369125,-18.3991948455,99.35,0.0065,,,-12.138392804660349
2022-01-01,2022,10,81,WY,WEYERHAEUSER CO,Real Estate,80.2,25.586628155,-20.35188383734886,-10.9891369125,-18.3991948455,99.35,0.0065,,,-1.9526889918488628
2022-01-01,2022,10,82,VZ,VERIZON COMMUNICATIONS INC,Communication Svcs,79.9,158.53101574173598,-20.009924003029425,-10.9891369125,-18.3991948455,99.35,0.0065,,,-1.610729157529427
2022-01-01,2022,10,83,AD,ARRAY DIGITAL INFRASTRUCTURE INC,Communication Svcs,79.3,0.7582115639839999,-33.854458777341556,-10.9891369125,-18.3991948455,99.35,0.0065,,,-15.455263931841557
2022-01-01,2022,10,84,CRAI,CRA INTERNATIONAL INC,Unclassified,78.9,0.6528625253370001,32.92947908490041,-10.9891369125,-18.3991948455,99.35,0.0065,,,51.328673930400406
2022-01-01,2022,10,85,WM,WASTE MANAGEMENT INC,Utilities,78.5,65.056141524283,-4.499771732071334,-10.9891369125,-18.3991948455,99.35,0.0065,,,13.899423113428664
2022-01-01,2022,10,86,SO,SOUTHERN CO,Utilities,78.1,61.24500936855899,8.210905189568951,-10.9891369125,-18.3991948455,99.35,0.0065,,,26.61010003506895
2022-01-01,2022,10,87,VGR,VECTOR GROUP LTD,Consumer Staples,76.9,1.4510675994750002,11.628647214854103,-10.9891369125,-18.3991948455,99.35,0.0065,,,30.027842060354104
2022-01-01,2022,10,88,EVRG,EVERGY INC,Utilities,76.2,13.0207245168,-4.915116934347696,-10.9891369125,-18.3991948455,99.35,0.0065,,,13.484077911152301
2022-01-01,2022,10,89,TDS,TELEPHONE & DATA SYSTEMS INC,Communication Svcs,76.1,0.876406380192,-45.2704624310335,-10.9891369125,-18.3991948455,99.35,0.0065,,,-26.871267585533502
2022-01-01,2022,10,90,RSG,REPUBLIC SERVICES INC,Utilities,75.6,41.81402223747,-6.155491180440764,-10.9891369125,-18.3991948455,99.35,0.0065,,,12.243703665059234
2022-01-01,2022,10,91,WKC,WORLD KINECT CORP,Energy,75.1,1.492635305415,5.323966312581985,-10.9891369125,-18.3991948455,99.35,0.0065,,,23.723161158081982
2022-01-01,2022,10,92,MTDR,MATADOR RESOURCES CO,Energy,74.4,3.988940989608,55.85068831627249,-10.9891369125,-18.3991948455,99.35,0.0065,,,74.24988316177249
2022-01-01,2022,10,93,MED,MEDIFAST INC,Consumer Staples,74.2,2.198453408881,-42.311248725278325,-10.9891369125,-18.3991948455,99.35,0.0065,,,-23.912053879778327
2022-01-01,2022,10,94,DFIN,DONNELLEY FINANCIAL SOLUTIONS INC,Unclassified,74.1,1.562401089,-18.010182435299114,-10.9891369125,-18.3991948455,99.35,0.0065,,,0.38901241020088406
2022-01-01,2022,10,95,SFM,SPROUTS FARMERS MARKET INC,Consumer Staples,73.6,3.33183429824,9.063342318059298,-10.9891369125,-18.3991948455,99.35,0.0065,,,27.462537163559297
2022-01-01,2022,10,96,LUMN,LUMEN TECHNOLOGIES INC,Communication Svcs,73.0,12.017445826342,-55.52526199199115,-10.9891369125,-18.3991948455,99.35,0.0065,,,-37.12606714649115
2022-01-01,2022,10,97,JBSS,SANFILIPPO JOHN B & SON INC,Consumer Staples,72.8,0.6077566264800001,-5.808701694371687,-10.9891369125,-18.3991948455,99.35,0.0065,,,12.59049315112831
2022-01-01,2022,10,98,MHK,MOHAWK INDUSTRIES INC,Unclassified,72.5,12.339483713140002,-43.890657591393136,-10.9891369125,-18.3991948455,99.35,0.0065,,,-25.491462745893138
2022-01-01,2022,10,99,SONO,SONOS INC,Unclassified,72.2,3.7884309688,-43.28859060402686,-10.9891369125,-18.3991948455,99.35,0.0065,,,-24.88939575852686
2022-01-01,2022,10,100,CRTO,CRITEO SA,Communication Svcs,72.1,2.36027436281,-32.956007203498835,-10.9891369125,-18.3991948455,99.35,0.0065,,,-14.556812357998837
2022-01-01,2022,10,101,WEC,WEC ENERGY GROUP INC,Utilities,71.9,26.025556849217004,-0.4896554231762273,-10.9891369125,-18.3991948455,99.35,0.0065,,,17.90953942232377
2022-01-01,2022,10,102,TDAY,USA TODAY CO INC,Communication Svcs,71.9,0.75860585216,-61.91369606003752,-10.9891369125,-18.3991948455,99.35,0.0065,,,-43.514501214537525
2022-01-01,2022,10,103,ARLP,ALLIANCE RESOURCE PARTNERS LP,Energy,71.7,0.973933791883,73.26629228157242,-10.9891369125,-18.3991948455,99.35,0.0065,,,91.66548712707242
2022-01-01,2022,10,104,EOG,EOG RESOURCES INC,Energy,71.5,42.177966550327994,56.88741538120077,-10.9891369125,-18.3991948455,99.35,0.0065,,,75.28661022670076
2022-01-01,2022,10,105,COKE,COCA-COLA CONSOLIDATED INC,Consumer Staples,71.4,0.422323751239,-17.087441026768357,-10.9891369125,-18.3991948455,99.35,0.0065,,,1.311753818731642
2022-01-01,2022,10,106,AMR,ALPHA METALLURGICAL RESOURCES INC,Energy,70.5,1.066931286912,149.99482615894038,-10.9891369125,-18.3991948455,99.35,0.0065,,,168.3940210044404
2022-01-01,2022,10,107,KHC,KRAFT HEINZ CO,Consumer Staples,70.4,35.173581449895,18.249904204549395,-10.9891369125,-18.3991948455,99.35,0.0065,,,36.649099050049394
2022-01-01,2022,10,108,UEIC,UNIVERSAL ELECTRONICS INC,Unclassified,70.0,0.506341477194,-48.93264677724014,-10.9891369125,-18.3991948455,99.35,0.0065,,,-30.53345193174014
2022-01-01,2022,10,109,BRBR,BELLRING BRANDS INC,Consumer Staples,70.0,1.1248971306300002,-10.129688047669116,-10.9891369125,-18.3991948455,99.35,0.0065,,,8.269506797830882
2022-01-01,2022,10,110,IPG,INTERPUBLIC GROUP OF COMPANIES INC,Communication Svcs,69.3,12.645450174900002,-7.796979604546161,-10.9891369125,-18.3991948455,99.35,0.0065,,,10.602215240953837
2022-01-01,2022,10,111,TGNA,TEGNA INC,Communication Svcs,69.2,3.678581943728,16.1934552454283,-10.9891369125,-18.3991948455,99.35,0.0065,,,34.5926500909283
2022-01-01,2022,10,112,VTLE,VITAL ENERGY INC,Energy,69.2,1.0264581845,-14.485281889239976,-10.9891369125,-18.3991948455,99.35,0.0065,,,3.913912956260022
2022-01-01,2022,10,113,WMB,WILLIAMS COMPANIES INC,Energy,67.9,25.927520880861,32.94437415061624,-10.9891369125,-18.3991948455,99.35,0.0065,,,51.34356899611624
2022-01-01,2022,10,114,UFI,UNIFI INC,Unclassified,66.0,0.4289457017999999,-62.807775377969755,-10.9891369125,-18.3991948455,99.35,0.0065,,,-44.408580532469756
2022-01-01,2022,10,115,ET,ENERGY TRANSFER LP,Energy,65.0,15.231258763188,55.782554627820225,-10.9891369125,-18.3991948455,99.35,0.0065,,,74.18174947332022
2022-01-01,2022,10,116,FANG,DIAMONDBACK ENERGY INC,Energy,64.6,15.863462335891,35.50291803241243,-10.9891369125,-18.3991948455,99.35,0.0065,,,53.90211287791243
2022-01-01,2022,10,117,MGPI,MGP INGREDIENTS INC,Unclassified,59.5,1.770739579224,25.77804239695356,-10.9891369125,-18.3991948455,99.35,0.0065,,,44.17723724245356
2022-01-01,2022,10,118,VVV,VALVOLINE INC,Unclassified,58.7,6.609984962028,-11.069346843166096,-10.9891369125,-18.3991948455,99.35,0.0065,,,7.329848002333902
2022-01-01,2022,10,119,KN,KNOWLES CORP,Unclassified,58.6,2.1562667478499997,-29.67880085653105,-10.9891369125,-18.3991948455,99.35,0.0065,,,-11.279606011031053
2022-01-01,2022,10,120,ALLE,ALLEGION PLC,Unclassified,51.1,11.093315124574,-19.248526403454168,-10.9891369125,-18.3991948455,99.35,0.0065,,,-0.8493315579541694
2022-01-01,2022,20,1,X,UNITED STATES STEEL CORP,Materials,97.9,6.291829420929,6.120345316325193,-9.1414728293,-18.3991948455,100.0,0.0,,,24.51954016182519
2022-01-01,2022,20,2,QURE,UNIQURE NV,Healthcare,97.3,0.95848342056,9.305689488910328,-9.1414728293,-18.3991948455,100.0,0.0,,,27.704884334410327
2022-01-01,2022,20,3,RILY,BRC GROUP HOLDINGS INC,Financials,95.7,1.935465329259,-58.42912696038631,-9.1414728293,-18.3991948455,100.0,0.0,,,-40.029932114886314
2022-01-01,2022,20,4,BCC,BOISE CASCADE CO,Industrials,94.6,2.2702528416540004,1.6059734589931152,-9.1414728293,-18.3991948455,100.0,0.0,,,20.005168304493115
2022-01-01,2022,20,5,RGR,STURM RUGER & CO INC,Industrials,94.2,0.9864302028,-15.553533839951484,-9.1414728293,-18.3991948455,100.0,0.0,,,2.8456610055485143
2022-01-01,2022,20,6,KLIC,KULICKE & SOFFA INDUSTRIES INC,Technology,93.3,3.51368613947,-25.78077811334163,-9.1414728293,-18.3991948455,100.0,0.0,,,-7.381583267841631
2022-01-01,2022,20,7,RFP,RESOLUTE FOREST PRODUCTS INC,Materials,93.2,1.18591364352,41.38834315651605,-9.1414728293,-18.3991948455,100.0,0.0,,,59.78753800201605
2022-01-01,2022,20,8,LPX,LOUISIANA-PACIFIC CORP,Materials,93.1,6.455324870129999,-23.365364956041702,-9.1414728293,-18.3991948455,100.0,0.0,,,-4.966170110541704
2022-01-01,2022,20,9,SWBI,SMITH & WESSON BRANDS INC,Industrials,93.1,0.716934480065,-49.54530144829909,-9.1414728293,-18.3991948455,100.0,0.0,,,-31.146106602799094
2022-01-01,2022,20,10,HCCI,HERITAGE-CRYSTAL CLEAN INC,Utilities,93.0,0.7745150015200001,1.4366021236726922,-9.1414728293,-18.3991948455,100.0,0.0,,,19.83579696917269
2022-01-01,2022,20,11,HOUS,ANYWHERE REAL ESTATE INC,Real Estate,92.7,1.95984775967,-61.98691255205235,-9.1414728293,-18.3991948455,100.0,0.0,,,-43.587717706552354
2022-01-01,2022,20,12,SEM,SELECT MEDICAL HOLDINGS CORP,Healthcare,92.2,1.962407102597,-13.849203636612206,-9.1414728293,-18.3991948455,100.0,0.0,,,4.549991208887793
2022-01-01,2022,20,13,HSII,HEIDRICK & STRUGGLES INTERNATIONAL INC,Industrials,92.2,0.799236343965,-34.83760264738326,-9.1414728293,-18.3991948455,100.0,0.0,,,-16.43840780188326
2022-01-01,2022,20,14,SIG,SIGNET JEWELERS LTD,Consumer Disc,92.1,4.2981146626090005,-20.98632417938955,-9.1414728293,-18.3991948455,100.0,0.0,,,-2.58712933388955
2022-01-01,2022,20,15,NAVI,NAVIENT CORP,Financials,92.0,2.786025622392,-19.362489876200396,-9.1414728293,-18.3991948455,100.0,0.0,,,-0.9632950307003973
2022-01-01,2022,20,16,AAWW,ATLAS AIR WORLDWIDE HOLDINGS INC,Industrials,92.0,2.73214274892,7.097322566935826,-9.1414728293,-18.3991948455,100.0,0.0,,,25.496517412435825
2022-01-01,2022,20,17,COWN,COWEN INC,Financials,91.8,0.96765425365,8.572556539394283,-9.1414728293,-18.3991948455,100.0,0.0,,,26.971751384894283
2022-01-01,2022,20,18,VHI,VALHI INC,Materials,91.8,0.747109074153,-22.67135990310737,-9.1414728293,-18.3991948455,100.0,0.0,,,-4.272165057607371
2022-01-01,2022,20,19,ANET,ARISTA NETWORKS INC,Technology,91.7,2.76078932451,-15.585174467137852,-9.1414728293,-18.3991948455,100.0,0.0,,,2.8140203783621462
2022-01-01,2022,20,20,MA,MASTERCARD INC,Financials,91.5,42.803839911269,-2.655632304992672,-9.1414728293,-18.3991948455,100.0,0.0,,,15.743562540507327
2022-01-01,2022,20,21,DCH,DAUCH CORP,Consumer Disc,91.3,1.06418671353,-16.184351554126476,-9.1414728293,-18.3991948455,100.0,0.0,,,2.2148432913735228
2022-01-01,2022,20,22,THC,TENET HEALTHCARE CORP,Healthcare,91.1,8.75111330058,-40.27420736932304,-9.1414728293,-18.3991948455,100.0,0.0,,,-21.875012523823038
2022-01-01,2022,20,23,DECK,DECKERS OUTDOOR CORP,Consumer Disc,91.1,1.67576262224,8.967765183777775,-9.1414728293,-18.3991948455,100.0,0.0,,,27.366960029277774
2022-01-01,2022,20,24,CRSP,CRISPR THERAPEUTICS AG,Healthcare,90.7,5.79921333192,-46.35787806809185,-9.1414728293,-18.3991948455,100.0,0.0,,,-27.95868322259185
2022-01-01,2022,20,25,UHAL,U-HAUL HOLDING CO,Industrials,90.6,1.4213097287559997,-16.964421206561177,-9.1414728293,-18.3991948455,100.0,0.0,,,1.4347736389388217
2022-01-01,2022,20,26,FLGT,FULGENT GENETICS INC,Healthcare,90.5,3.0007456560900003,-70.39467143851277,-9.1414728293,-18.3991948455,100.0,0.0,,,-51.995476593012775
2022-01-01,2022,20,27,LYB,LYONDELLBASELL INDUSTRIES NV,Materials,90.5,22.0219774942,-0.8462410275783983,-9.1414728293,-18.3991948455,100.0,0.0,,,17.5529538179216
2022-01-01,2022,20,28,BKE,BUCKLE INC,Consumer Disc,90.4,1.4378933934229998,10.864522383408936,-9.1414728293,-18.3991948455,100.0,0.0,,,29.263717228908934
2022-01-01,2022,20,29,PIPR,PIPER SANDLER COMPANIES,Financials,90.1,0.6967311373449999,-23.35326268250749,-9.1414728293,-18.3991948455,100.0,0.0,,,-4.954067837007493
2022-01-01,2022,20,30,WSM,WILLIAMS SONOMA INC,Consumer Disc,89.8,5.634423411408,-30.479593950694017,-9.1414728293,-18.3991948455,100.0,0.0,,,-12.080399105194019
2022-01-01,2022,20,31,NVDA,NVIDIA CORP,Technology,89.6,73.3,-50.26603001364256,-9.1414728293,-18.3991948455,100.0,0.0,,,-31.866835168142565
2022-01-01,2022,20,32,BOC,BOSTON OMAHA CORP,Real Estate,89.4,0.8215042409600001,-7.761921336581967,-9.1414728293,-18.3991948455,100.0,0.0,,,10.637273508918032
2022-01-01,2022,20,33,VSH,VISHAY INTERTECHNOLOGY INC,Technology,88.9,2.6223461058639996,0.6701340268053579,-9.1414728293,-18.3991948455,100.0,0.0,,,19.069328872305356
2022-01-01,2022,20,34,APH,AMPHENOL CORP,Technology,88.8,12.55260314418,-11.953311100524044,-9.1414728293,-18.3991948455,100.0,0.0,,,6.445883744975955
2022-01-01,2022,20,35,GSKY,GREENSKY INC,Technology,88.4,0.7114510128,,-9.1414728293,-18.3991948455,100.0,0.0,,,
2022-01-01,2022,20,36,SAFM,SANDERSON FARMS INC,Consumer Staples,88.3,4.244623886208,,-9.1414728293,-18.3991948455,100.0,0.0,,,
2022-01-01,2022,20,37,OHI,OMEGA HEALTHCARE INVESTORS INC,Real Estate,87.9,4.868858761627999,3.6173554530283702,-9.1414728293,-18.3991948455,100.0,0.0,,,22.01655029852837
2022-01-01,2022,20,38,COLL,COLLEGIUM PHARMACEUTICAL INC,Healthcare,87.9,0.64574348412,24.19700214132763,-9.1414728293,-18.3991948455,100.0,0.0,,,42.59619698682763
2022-01-01,2022,20,39,MLI,MUELLER INDUSTRIES INC,Materials,87.8,0.8002655905499999,1.0179211469534044,-9.1414728293,-18.3991948455,100.0,0.0,,,19.417115992453404
2022-01-01,2022,20,40,AGX,ARGAN INC,Industrials,87.7,0.5589106206700001,-1.9625485013777255,-9.1414728293,-18.3991948455,100.0,0.0,,,16.436646344122273
2022-01-01,2022,20,41,MNST,MONSTER BEVERAGE CORP,Consumer Staples,87.7,12.70463015115,5.7184506455643325,-9.1414728293,-18.3991948455,100.0,0.0,,,24.11764549106433
2022-01-01,2022,20,42,CMG,CHIPOTLE MEXICAN GRILL INC,Consumer Disc,87.4,0.98375447079,-20.63492063492064,-9.1414728293,-18.3991948455,100.0,0.0,,,-2.2357257894206413
2022-01-01,2022,20,43,TROX,TRONOX HOLDINGS PLC,Materials,87.4,3.043184314698,-41.161897057336425,-9.1414728293,-18.3991948455,100.0,0.0,,,-22.762702211836427
2022-01-01,2022,20,44,PCH,POTLATCHDELTIC CORP,Real Estate,87.3,3.376440425214,-22.653470855939105,-9.1414728293,-18.3991948455,100.0,0.0,,,-4.254276010439106
2022-01-01,2022,20,45,FOR,FORESTAR GROUP INC,Real Estate,87.1,1.07854746075,-29.149425287356323,-9.1414728293,-18.3991948455,100.0,0.0,,,-10.750230441856324
2022-01-01,2022,20,46,SHOE,SHOE STATION GROUP INC,Consumer Disc,87.1,0.994290467446,-37.99501444677355,-9.1414728293,-18.3991948455,100.0,0.0,,,-19.595819601273554
2022-01-01,2022,20,47,LOGI,LOGITECH INTERNATIONAL SA,Technology,86.9,12.9278359206,-22.86606298498568,-9.1414728293,-18.3991948455,100.0,0.0,,,-4.46686813948568
2022-01-01,2022,20,48,DTE,DTE ENERGY CO,Utilities,86.9,19.949453906606,1.265331093350941,-9.1414728293,-18.3991948455,100.0,0.0,,,19.66452593885094
2022-01-01,2022,20,49,TPH,TRI POINTE HOMES INC,Industrials,86.4,3.0996482189299996,-33.34528504840445,-9.1414728293,-18.3991948455,100.0,0.0,,,-14.94609020290445
2022-01-01,2022,20,50,REGN,REGENERON PHARMACEUTICALS INC,Healthcare,86.4,58.789403518979995,14.246673421573307,-9.1414728293,-18.3991948455,100.0,0.0,,,32.645868267073304
2022-01-01,2022,20,51,ALX,ALEXANDERS INC,Real Estate,86.3,0.90821916612,-9.141417549542252,-9.1414728293,-18.3991948455,100.0,0.0,,,9.257777295957746
2022-01-01,2022,20,52,MMI,MARCUS & MILLICHAP INC,Real Estate,86.2,1.85684634768,-30.751976073488574,-9.1414728293,-18.3991948455,100.0,0.0,,,-12.352781227988576
2022-01-01,2022,20,53,ORI,OLD REPUBLIC INTERNATIONAL CORP,Financials,86.2,5.537823543892,6.713604612484736,-9.1414728293,-18.3991948455,100.0,0.0,,,25.112799457984735
2022-01-01,2022,20,54,IBKR,INTERACTIVE BROKERS GROUP INC,Financials,86.1,0.8175203000579999,-8.353135654509769,-9.1414728293,-18.3991948455,100.0,0.0,,,10.04605919099023
2022-01-01,2022,20,55,UPBD,UPBOUND GROUP INC,Industrials,86.0,2.420203588896,-49.937144731088765,-9.1414728293,-18.3991948455,100.0,0.0,,,-31.537949885588766
2022-01-01,2022,20,56,GPI,GROUP 1 AUTOMOTIVE INC,Consumer Disc,85.9,3.424950880267,-6.848221882811812,-9.1414728293,-18.3991948455,100.0,0.0,,,11.550972962688187
2022-01-01,2022,20,57,MRNA,MODERNA INC,Healthcare,85.8,102.97607086746,-29.277895897314743,-9.1414728293,-18.3991948455,100.0,0.0,,,-10.878701051814744
2022-01-01,2022,20,58,EXLS,EXLSERVICE HOLDINGS INC,Technology,85.8,0.964252514048,17.033915866546945,-9.1414728293,-18.3991948455,100.0,0.0,,,35.43311071204694
2022-01-01,2022,20,59,ETD,ETHAN ALLEN INTERIORS INC,Consumer Disc,85.4,0.421766821092,7.510331197221065,-9.1414728293,-18.3991948455,100.0,0.0,,,25.909526042721062
2022-01-01,2022,20,60,UCTT,ULTRA CLEAN HOLDINGS INC,Technology,85.3,2.575464,-42.2071129707113,-9.1414728293,-18.3991948455,100.0,0.0,,,-23.8079181252113
2022-01-01,2022,20,61,EBIXQ,EBIX INC,Technology,85.3,0.929448077243,-33.54862336451709,-9.1414728293,-18.3991948455,100.0,0.0,,,-15.149428519017093
2022-01-01,2022,20,62,OMC,OMNICOM GROUP INC,Communication Svcs,85.3,13.284907625,15.713599999999994,-9.1414728293,-18.3991948455,100.0,0.0,,,34.11279484549999
2022-01-01,2022,20,63,CMCSA,COMCAST CORP,Communication Svcs,85.2,83.10058692508001,-28.68669314796425,-9.1414728293,-18.3991948455,100.0,0.0,,,-10.28749830246425
2022-01-01,2022,20,64,TOL,TOLL BROTHERS INC,Industrials,85.2,8.28871176,-29.971248511602244,-9.1414728293,-18.3991948455,100.0,0.0,,,-11.572053666102246
2022-01-01,2022,20,65,LGIH,LGI HOMES INC,Industrials,85.0,3.74972254568,-40.05696530295184,-9.1414728293,-18.3991948455,100.0,0.0,,,-21.65777045745184
2022-01-01,2022,20,66,HZO,MARINEMAX INC,Consumer Disc,84.9,1.29090452256,-47.12059620596206,-9.1414728293,-18.3991948455,100.0,0.0,,,-28.72140136046206
2022-01-01,2022,20,67,LAZ,LAZARD INC,Financials,84.4,3.890655671682,-16.14399165265783,-9.1414728293,-18.3991948455,100.0,0.0,,,2.255203192842167
2022-01-01,2022,20,68,NRG,NRG ENERGY INC,Utilities,84.4,9.329821635006,-23.46612082086811,-9.1414728293,-18.3991948455,100.0,0.0,,,-5.066925975368111
2022-01-01,2022,20,69,BERY,BERRY GLOBAL GROUP INC,Materials,84.0,8.8093896,-17.74466644090754,-9.1414728293,-18.3991948455,100.0,0.0,,,0.6545284045924582
2022-01-01,2022,20,70,COHU,COHU INC,Technology,83.9,1.85454446983,-15.857180362299829,-9.1414728293,-18.3991948455,100.0,0.0,,,2.5420144832001696
2022-01-01,2022,20,71,ALEC,ALECTOR INC,Healthcare,83.8,1.67835140305,-55.30266343825665,-9.1414728293,-18.3991948455,100.0,0.0,,,-36.90346859275665
2022-01-01,2022,20,72,NGVT,INGEVITY CORP,Materials,83.7,2.8168204683,-1.7573221757322233,-9.1414728293,-18.3991948455,100.0,0.0,,,16.641872669767775
2022-01-01,2022,20,73,PRDO,PERDOCEO EDUCATION CORP,Industrials,83.7,0.770740097874,18.200836820083687,-9.1414728293,-18.3991948455,100.0,0.0,,,36.600031665583685
2022-01-01,2022,20,74,DVA,DAVITA INC,Healthcare,83.6,11.592144,-34.36181434599156,-9.1414728293,-18.3991948455,100.0,0.0,,,-15.962619500491563
2022-01-01,2022,20,75,CAH,CARDINAL HEALTH INC,Consumer Staples,83.5,13.260661586118,54.129922012792456,-9.1414728293,-18.3991948455,100.0,0.0,,,72.52911685829245
2022-01-01,2022,20,76,CMI,CUMMINS INC,Industrials,83.4,27.999485468936,14.095025976082589,-9.1414728293,-18.3991948455,100.0,0.0,,,32.49422082158259
2022-01-01,2022,20,77,DGX,QUEST DIAGNOSTICS INC,Healthcare,83.3,19.342621842654,-7.791392366528404,-9.1414728293,-18.3991948455,100.0,0.0,,,10.607802478971594
2022-01-01,2022,20,78,DHIL,DIAMOND HILL INVESTMENT GROUP INC,Financials,83.2,0.50263119343,0.5376276234587474,-9.1414728293,-18.3991948455,100.0,0.0,,,18.936822468958745
2022-01-01,2022,20,79,LEVI,LEVI STRAUSS & CO,Consumer Disc,83.0,0.8254952123789999,-36.48248530952489,-9.1414728293,-18.3991948455,100.0,0.0,,,-18.08329046402489
2022-01-01,2022,20,80,UGI,UGI CORP,Utilities,82.8,7.73659983771,-16.18529936719131,-9.1414728293,-18.3991948455,100.0,0.0,,,2.2138954783086895
2022-01-01,2022,20,81,MAN,MANPOWERGROUP INC,Industrials,82.8,4.409974500365001,-11.861509132279693,-9.1414728293,-18.3991948455,100.0,0.0,,,6.537685713220306
2022-01-01,2022,20,82,USNA,USANA HEALTH SCIENCES INC,Healthcare,82.6,1.9695450896,-47.430830039525695,-9.1414728293,-18.3991948455,100.0,0.0,,,-29.031635194025696
2022-01-01,2022,20,83,ETRN,EQUITRANS MIDSTREAM CORP,Energy,82.4,3.726428616,-30.246053853296196,-9.1414728293,-18.3991948455,100.0,0.0,,,-11.846859007796198
2022-01-01,2022,20,84,ABBV,ABBVIE INC,Healthcare,82.4,201.44290746488997,24.04033489547681,-9.1414728293,-18.3991948455,100.0,0.0,,,42.43952974097681
2022-01-01,2022,20,85,GDEN,GOLDEN ENTERTAINMENT INC,Consumer Disc,82.4,1.2911066519519998,-25.984606382499887,-9.1414728293,-18.3991948455,100.0,0.0,,,-7.585411536999889
2022-01-01,2022,20,86,FNF,FIDELITY NATIONAL FINANCIAL INC,Financials,82.0,12.367741012179,-24.666988750086272,-9.1414728293,-18.3991948455,100.0,0.0,,,-6.267793904586274
2022-01-01,2022,20,87,FE,FIRSTENERGY CORP,Utilities,82.0,18.660526860844,4.8284513945617835,-9.1414728293,-18.3991948455,100.0,0.0,,,23.22764624006178
2022-01-01,2022,20,88,DKL,DELEK LOGISTICS PARTNERS LP,Industrials,81.8,1.195384986878,14.335054169999273,-9.1414728293,-18.3991948455,100.0,0.0,,,32.73424901549927
2022-01-01,2022,20,89,HIBB,HIBBETT INC,Consumer Disc,81.7,0.944821727488,-3.446727130480143,-9.1414728293,-18.3991948455,100.0,0.0,,,14.952467715019855
2022-01-01,2022,20,90,DVAX,DYNAVAX TECHNOLOGIES CORP,Healthcare,81.7,1.68772649724,-24.37810945273632,-9.1414728293,-18.3991948455,100.0,0.0,,,-5.978914607236323
2022-01-01,2022,20,91,CPRX,CATALYST PHARMACEUTICALS INC,Healthcare,81.5,0.6981060098299999,174.74150664697197,-9.1414728293,-18.3991948455,100.0,0.0,,,193.14070149247198
2022-01-01,2022,20,92,NTAP,NETAPP INC,Technology,81.5,18.350138908255,-32.93804130579614,-9.1414728293,-18.3991948455,100.0,0.0,,,-14.538846460296142
2022-01-01,2022,20,93,AN,AUTONATION INC,Consumer Disc,81.4,7.6581321264,-8.172871202396237,-9.1414728293,-18.3991948455,100.0,0.0,,,10.226323643103761
2022-01-01,2022,20,94,ANF,ABERCROMBIE & FITCH CO,Consumer Disc,81.3,1.96767090378,-34.22337065747918,-9.1414728293,-18.3991948455,100.0,0.0,,,-15.824175811979181
2022-01-01,2022,20,95,VNDA,VANDA PHARMACEUTICALS INC,Healthcare,81.3,0.8741248886999999,-52.89993626513703,-9.1414728293,-18.3991948455,100.0,0.0,,,-34.50074141963703
2022-01-01,2022,20,96,LRCX,LAM RESEARCH CORP,Technology,81.2,9.661324990745998,-40.72400827771139,-9.1414728293,-18.3991948455,100.0,0.0,,,-22.324813432211393
2022-01-01,2022,20,97,SUPN,SUPERNUS PHARMACEUTICALS INC,Healthcare,81.1,1.55075119488,22.32510288065843,-9.1414728293,-18.3991948455,100.0,0.0,,,40.724297726158426
2022-01-01,2022,20,98,WIRE,ENCORE WIRE CORP,Materials,81.1,2.894766990544,-3.806618197594269,-9.1414728293,-18.3991948455,100.0,0.0,,,14.59257664790573
2022-01-01,2022,20,99,FTNT,FORTINET INC,Technology,80.8,11.7523649052,-31.983861992209228,-9.1414728293,-18.3991948455,100.0,0.0,,,-13.58466714670923
2022-01-01,2022,20,100,LEU,CENTRUS ENERGY CORP,Materials,80.7,0.6318943391599999,-34.922861150070126,-9.1414728293,-18.3991948455,100.0,0.0,,,-16.523666304570128
2022-01-01,2022,20,101,FL,FOOT LOCKER INC,Consumer Disc,80.6,3.94799345277,-9.035210372441847,-9.1414728293,-18.3991948455,100.0,0.0,,,9.363984473058151
2022-01-01,2022,20,102,STWD,STARWOOD PROPERTY TRUST INC,Real Estate,80.5,4.495752195564,-17.120297855950696,-9.1414728293,-18.3991948455,100.0,0.0,,,1.2788969895493025
2022-01-01,2022,20,103,TPL,TEXAS PACIFIC LAND CORP,Financials,80.5,1.015325431575,91.17146671752816,-9.1414728293,-18.3991948455,100.0,0.0,,,109.57066156302815
2022-01-01,2022,20,104,WLKP,WESTLAKE CHEMICAL PARTNERS LP,Materials,80.3,0.6395642233919999,-5.671181587930829,-9.1414728293,-18.3991948455,100.0,0.0,,,12.72801325756917
2022-01-01,2022,20,105,KW,KENNEDY-WILSON HOLDINGS INC,Real Estate,80.3,2.5624122000739997,-30.537587650160347,-9.1414728293,-18.3991948455,100.0,0.0,,,-12.138392804660349
2022-01-01,2022,20,106,COF,CAPITAL ONE FINANCIAL CORP,Financials,80.3,56.77840815925801,-34.64291871875024,-9.1414728293,-18.3991948455,100.0,0.0,,,-16.24372387325024
2022-01-01,2022,20,107,WY,WEYERHAEUSER CO,Real Estate,80.2,25.586628155,-20.35188383734886,-9.1414728293,-18.3991948455,100.0,0.0,,,-1.9526889918488628
2022-01-01,2022,20,108,ARCB,ARCBEST CORP,Industrials,80.1,2.991572719026,-41.23911352700359,-9.1414728293,-18.3991948455,100.0,0.0,,,-22.83991868150359
2022-01-01,2022,20,109,HEES,H&E EQUIPMENT SERVICES INC,Industrials,80.0,1.480491163518,5.534397734485608,-9.1414728293,-18.3991948455,100.0,0.0,,,23.933592579985607
2022-01-01,2022,20,110,VZ,VERIZON COMMUNICATIONS INC,Communication Svcs,79.9,158.53101574173598,-20.009924003029425,-9.1414728293,-18.3991948455,100.0,0.0,,,-1.610729157529427
2022-01-01,2022,20,111,BKNG,BOOKING HOLDINGS INC,Industrials,79.8,3.859023129845,-16.002851761601246,-9.1414728293,-18.3991948455,100.0,0.0,,,2.3963430838987527
2022-01-01,2022,20,112,BXC,BLUELINX HOLDINGS INC,Industrials,79.7,0.9295121556,-25.741436925647456,-9.1414728293,-18.3991948455,100.0,0.0,,,-7.342242080147457
2022-01-01,2022,20,113,FBRT-PE,FRANKLIN BSP REALTY TRUST INC,Real Estate,79.6,0.7366691137020001,-22.612015989499433,-9.1414728293,-18.3991948455,100.0,0.0,,,-4.2128211439994345
2022-01-01,2022,20,114,AFG,AMERICAN FINANCIAL GROUP INC,Financials,79.5,8.39131588449,11.005103845570783,-9.1414728293,-18.3991948455,100.0,0.0,,,29.40429869107078
2022-01-01,2022,20,115,ALLY,ALLY FINANCIAL INC,Financials,79.4,14.036525104,-46.89011748445059,-9.1414728293,-18.3991948455,100.0,0.0,,,-28.490922638950593
2022-01-01,2022,20,116,TSCO,TRACTOR SUPPLY CO,Consumer Disc,79.4,4.964720799804,-3.963687214873568,-9.1414728293,-18.3991948455,100.0,0.0,,,14.43550763062643
2022-01-01,2022,20,117,AD,ARRAY DIGITAL INFRASTRUCTURE INC,Communication Svcs,79.3,0.7582115639839999,-33.854458777341556,-9.1414728293,-18.3991948455,100.0,0.0,,,-15.455263931841557
2022-01-01,2022,20,118,CG,CARLYLE GROUP INC,Financials,79.3,16.707236395886,-43.716523334969374,-9.1414728293,-18.3991948455,100.0,0.0,,,-25.317328489469375
2022-01-01,2022,20,119,CTS,CTS CORP,Technology,79.1,1.164079716448,7.809212711770552,-9.1414728293,-18.3991948455,100.0,0.0,,,26.20840755727055
2022-01-01,2022,20,120,JEF,JEFFERIES FINANCIAL GROUP INC,Financials,79.0,7.877847188988001,-8.553349334497062,-9.1414728293,-18.3991948455,100.0,0.0,,,9.845845511002937
2022-01-01,2022,20,121,CRAI,CRA INTERNATIONAL INC,Unclassified,78.9,0.6528625253370001,32.92947908490041,-9.1414728293,-18.3991948455,100.0,0.0,,,51.328673930400406
2022-01-01,2022,20,122,CAL,CALERES INC,Consumer Disc,78.9,0.811734157254,-0.5865515461498716,-9.1414728293,-18.3991948455,100.0,0.0,,,17.81264329935013
2022-01-01,2022,20,123,CTT,CATCHMARK TIMBER TRUST INC,Real Estate,78.9,0.4179960252,,-9.1414728293,-18.3991948455,100.0,0.0,,,
2022-01-01,2022,20,124,KE,KIMBALL ELECTRONICS INC,Technology,78.8,0.54619582336,3.814338235294112,-9.1414728293,-18.3991948455,100.0,0.0,,,22.21353308079411
2022-01-01,2022,20,125,GES,GUESS INC,Consumer Disc,78.8,1.207293915907,-8.57327377428556,-9.1414728293,-18.3991948455,100.0,0.0,,,9.825921071214438
2022-01-01,2022,20,126,KFY,KORN FERRY,Industrials,78.7,3.753603241644,-32.31422689977095,-9.1414728293,-18.3991948455,100.0,0.0,,,-13.915032054270952
2022-01-01,2022,20,127,WM,WASTE MANAGEMENT INC,Utilities,78.5,65.056141524283,-4.499771732071334,-9.1414728293,-18.3991948455,100.0,0.0,,,13.899423113428664
2022-01-01,2022,20,128,LAD,LITHIA MOTORS INC,Consumer Disc,78.4,8.691657146367001,-30.628433671140975,-9.1414728293,-18.3991948455,100.0,0.0,,,-12.229238825640977
2022-01-01,2022,20,129,FCX,FREEPORT-MCMORAN INC,Materials,78.4,57.40703516098801,-7.333793773821407,-9.1414728293,-18.3991948455,100.0,0.0,,,11.065401071678592
2022-01-01,2022,20,130,JELD,JELD-WEN HOLDING INC,Materials,78.4,2.41520647848,-63.39150227617603,-9.1414728293,-18.3991948455,100.0,0.0,,,-44.99230743067603
2022-01-01,2022,20,131,SO,SOUTHERN CO,Utilities,78.1,61.24500936855899,8.210905189568951,-9.1414728293,-18.3991948455,100.0,0.0,,,26.61010003506895
2022-01-01,2022,20,132,SLG,SL GREEN REALTY CORP,Real Estate,78.1,3.639673269096,-50.947823855094775,-9.1414728293,-18.3991948455,100.0,0.0,,,-32.54862900959478
2022-01-01,2022,20,133,FAF,FIRST AMERICAN FINANCIAL CORP,Financials,77.6,7.319372393466,-30.626415320706045,-9.1414728293,-18.3991948455,100.0,0.0,,,-12.227220475206046
2022-01-01,2022,20,134,VICI,VICI PROPERTIES INC,Real Estate,77.5,14.795955426325,13.0499468650372,-9.1414728293,-18.3991948455,100.0,0.0,,,31.449141710537198
2022-01-01,2022,20,135,SANM,SANMINA CORP,Technology,77.2,2.6690601379200003,38.18137964302941,-9.1414728293,-18.3991948455,100.0,0.0,,,56.58057448852941
2022-01-01,2022,20,136,CORT,CORCEPT THERAPEUTICS INC,Healthcare,77.2,2.3227843518,2.5757575757575646,-9.1414728293,-18.3991948455,100.0,0.0,,,20.974952421257562
2022-01-01,2022,20,137,SPG,SIMON PROPERTY GROUP INC,Real Estate,77.1,35.442677550186,-21.90782216680255,-9.1414728293,-18.3991948455,100.0,0.0,,,-3.5086273213025514
2022-01-01,2022,20,138,ATVI,ACTIVISION BLIZZARD INC,Technology,77.1,50.964237828288,15.744589803154408,-9.1414728293,-18.3991948455,100.0,0.0,,,34.1437846486544
2022-01-01,2022,20,139,PRTA,PROTHENA CORP PUBLIC LTD CO,Healthcare,77.0,2.3017328308,21.963562753036435,-9.1414728293,-18.3991948455,100.0,0.0,,,40.36275759853643
2022-01-01,2022,20,140,GTY,GETTY REALTY CORP,Real Estate,77.0,1.10795684031,11.667689789236755,-9.1414728293,-18.3991948455,100.0,0.0,,,30.066884634736752
2022-01-01,2022,20,141,AOSL,ALPHA & OMEGA SEMICONDUCTOR LTD,Technology,76.9,1.5974225506400002,-52.82364597093792,-9.1414728293,-18.3991948455,100.0,0.0,,,-34.42445112543792
2022-01-01,2022,20,142,VGR,VECTOR GROUP LTD,Consumer Staples,76.9,1.4510675994750002,11.628647214854103,-9.1414728293,-18.3991948455,100.0,0.0,,,30.027842060354104
2022-01-01,2022,20,143,UTHR,UNITED THERAPEUTICS CORP,Healthcare,76.8,9.73148713608,28.69770455386891,-9.1414728293,-18.3991948455,100.0,0.0,,,47.09689939936891
2022-01-01,2022,20,144,KEY,KEYCORP,Financials,76.5,17.013228041805,-21.660373228260276,-9.1414728293,-18.3991948455,100.0,0.0,,,-3.261178382760278
2022-01-01,2022,20,145,PFSI,PENNYMAC FINANCIAL SERVICES INC,Financials,76.5,3.8847123101,-17.608266220939072,-9.1414728293,-18.3991948455,100.0,0.0,,,0.7909286245609266
2022-01-01,2022,20,146,VRTS,VIRTUS INVESTMENT PARTNERS INC,Financials,76.5,1.846435139408,-33.536886054309946,-9.1414728293,-18.3991948455,100.0,0.0,,,-15.137691208809947
2022-01-01,2022,20,147,POLY,PLANTRONICS INC,Technology,76.2,1.25374394106,,-9.1414728293,-18.3991948455,100.0,0.0,,,
2022-01-01,2022,20,148,EVRG,EVERGY INC,Utilities,76.2,13.0207245168,-4.915116934347696,-9.1414728293,-18.3991948455,100.0,0.0,,,13.484077911152301
2022-01-01,2022,20,149,TDS,TELEPHONE & DATA SYSTEMS INC,Communication Svcs,76.1,0.876406380192,-45.2704624310335,-9.1414728293,-18.3991948455,100.0,0.0,,,-26.871267585533502
2022-01-01,2022,20,150,HIW,HIGHWOODS PROPERTIES INC,Real Estate,75.9,3.300488037378,-33.57791201492773,-9.1414728293,-18.3991948455,100.0,0.0,,,-15.178717169427735
2022-01-01,2022,20,151,RSG,REPUBLIC SERVICES INC,Utilities,75.6,41.81402223747,-6.155491180440764,-9.1414728293,-18.3991948455,100.0,0.0,,,12.243703665059234
2022-01-01,2022,20,152,WKC,WORLD KINECT CORP,Energy,75.1,1.492635305415,5.323966312581985,-9.1414728293,-18.3991948455,100.0,0.0,,,23.723161158081982
2022-01-01,2022,20,153,CIO,CITY OFFICE REIT INC,Real Estate,75.0,0.641468835,-54.936175991309064,-9.1414728293,-18.3991948455,100.0,0.0,,,-36.536981145809065
2022-01-01,2022,20,154,UHT,UNIVERSAL HEALTH REALTY INCOME TRUST,Real Estate,74.9,0.605466512688,-15.151170203078046,-9.1414728293,-18.3991948455,100.0,0.0,,,3.248024642421953
2022-01-01,2022,20,155,PSA,PUBLIC STORAGE,Real Estate,74.7,53.386520437440005,-20.211923836176183,-9.1414728293,-18.3991948455,100.0,0.0,,,-1.8127289906761845
2022-01-01,2022,20,156,SCCO,SOUTHERN COPPER CORP,Materials,74.7,38.880576261817,4.1735430377985105,-9.1414728293,-18.3991948455,100.0,0.0,,,22.572737883298508
2022-01-01,2022,20,157,MTDR,MATADOR RESOURCES CO,Energy,74.4,3.988940989608,55.85068831627249,-9.1414728293,-18.3991948455,100.0,0.0,,,74.24988316177249
2022-01-01,2022,20,158,MED,MEDIFAST INC,Consumer Staples,74.2,2.198453408881,-42.311248725278325,-9.1414728293,-18.3991948455,100.0,0.0,,,-23.912053879778327
2022-01-01,2022,20,159,DFIN,DONNELLEY FINANCIAL SOLUTIONS INC,Unclassified,74.1,1.562401089,-18.010182435299114,-9.1414728293,-18.3991948455,100.0,0.0,,,0.38901241020088406
2022-01-01,2022,20,160,SFM,SPROUTS FARMERS MARKET INC,Consumer Staples,73.6,3.33183429824,9.063342318059298,-9.1414728293,-18.3991948455,100.0,0.0,,,27.462537163559297
2022-01-01,2022,20,161,MOS,MOSAIC CO,Materials,73.2,13.26791515302,12.818096135721024,-9.1414728293,-18.3991948455,100.0,0.0,,,31.217290981221023
2022-01-01,2022,20,162,LUMN,LUMEN TECHNOLOGIES INC,Communication Svcs,73.0,12.017445826342,-55.52526199199115,-9.1414728293,-18.3991948455,100.0,0.0,,,-37.12606714649115
2022-01-01,2022,20,163,JBSS,SANFILIPPO JOHN B & SON INC,Consumer Staples,72.8,0.6077566264800001,-5.808701694371687,-9.1414728293,-18.3991948455,100.0,0.0,,,12.59049315112831
2022-01-01,2022,20,164,DOOR,MASONITE INTERNATIONAL CORP,Materials,72.7,2.8047280961,-31.65748198389148,-9.1414728293,-18.3991948455,100.0,0.0,,,-13.25828713839148
2022-01-01,2022,20,165,WLK,WESTLAKE CORP,Materials,72.5,11.405553847720002,6.823938137397745,-9.1414728293,-18.3991948455,100.0,0.0,,,25.223132982897745
2022-01-01,2022,20,166,MHK,MOHAWK INDUSTRIES INC,Unclassified,72.5,12.339483713140002,-43.890657591393136,-9.1414728293,-18.3991948455,100.0,0.0,,,-25.491462745893138
2022-01-01,2022,20,167,SONO,SONOS INC,Unclassified,72.2,3.7884309688,-43.28859060402686,-9.1414728293,-18.3991948455,100.0,0.0,,,-24.88939575852686
2022-01-01,2022,20,168,CRTO,CRITEO SA,Communication Svcs,72.1,2.36027436281,-32.956007203498835,-9.1414728293,-18.3991948455,100.0,0.0,,,-14.556812357998837
2022-01-01,2022,20,169,WEC,WEC ENERGY GROUP INC,Utilities,71.9,26.025556849217004,-0.4896554231762273,-9.1414728293,-18.3991948455,100.0,0.0,,,17.90953942232377
2022-01-01,2022,20,170,TDAY,USA TODAY CO INC,Communication Svcs,71.9,0.75860585216,-61.91369606003752,-9.1414728293,-18.3991948455,100.0,0.0,,,-43.514501214537525
2022-01-01,2022,20,171,MATV,MATIV HOLDINGS INC,Materials,71.9,0.75034229826,-25.255743753144387,-9.1414728293,-18.3991948455,100.0,0.0,,,-6.856548907644388
2022-01-01,2022,20,172,ARLP,ALLIANCE RESOURCE PARTNERS LP,Energy,71.7,0.973933791883,73.26629228157242,-9.1414728293,-18.3991948455,100.0,0.0,,,91.66548712707242
2022-01-01,2022,20,173,NX,QUANEX BUILDING PRODUCTS CORP,Materials,71.6,0.771720233229,-3.0502778854853196,-9.1414728293,-18.3991948455,100.0,0.0,,,15.348916960014678
2022-01-01,2022,20,174,EOG,EOG RESOURCES INC,Energy,71.5,42.177966550327994,56.88741538120077,-9.1414728293,-18.3991948455,100.0,0.0,,,75.28661022670076
2022-01-01,2022,20,175,COKE,COCA-COLA CONSOLIDATED INC,Consumer Staples,71.4,0.422323751239,-17.087441026768357,-9.1414728293,-18.3991948455,100.0,0.0,,,1.311753818731642
2022-01-01,2022,20,176,AMR,ALPHA METALLURGICAL RESOURCES INC,Energy,70.5,1.066931286912,149.99482615894038,-9.1414728293,-18.3991948455,100.0,0.0,,,168.3940210044404
2022-01-01,2022,20,177,KHC,KRAFT HEINZ CO,Consumer Staples,70.4,35.173581449895,18.249904204549395,-9.1414728293,-18.3991948455,100.0,0.0,,,36.649099050049394
2022-01-01,2022,20,178,OTTR,OTTER TAIL CORP,Utilities,70.2,2.6429399420160005,-15.630894002263297,-9.1414728293,-18.3991948455,100.0,0.0,,,2.768300843236702
2022-01-01,2022,20,179,BRBR,BELLRING BRANDS INC,Consumer Staples,70.0,1.1248971306300002,-10.129688047669116,-9.1414728293,-18.3991948455,100.0,0.0,,,8.269506797830882
2022-01-01,2022,20,180,UEIC,UNIVERSAL ELECTRONICS INC,Unclassified,70.0,0.506341477194,-48.93264677724014,-9.1414728293,-18.3991948455,100.0,0.0,,,-30.53345193174014
2022-01-01,2022,20,181,PM,PHILIP MORRIS INTERNATIONAL INC,Consumer Staples,69.9,119.98626612528,12.361329164017596,-9.1414728293,-18.3991948455,100.0,0.0,,,30.760524009517596
2022-01-01,2022,20,182,IPG,INTERPUBLIC GROUP OF COMPANIES INC,Communication Svcs,69.3,12.645450174900002,-7.796979604546161,-9.1414728293,-18.3991948455,100.0,0.0,,,10.602215240953837
2022-01-01,2022,20,183,TGNA,TEGNA INC,Communication Svcs,69.2,3.678581943728,16.1934552454283,-9.1414728293,-18.3991948455,100.0,0.0,,,34.5926500909283
2022-01-01,2022,20,184,VTLE,VITAL ENERGY INC,Energy,69.2,1.0264581845,-14.485281889239976,-9.1414728293,-18.3991948455,100.0,0.0,,,3.913912956260022
2022-01-01,2022,20,185,CLH,CLEAN HARBORS INC,Utilities,68.5,5.428696813319999,14.383081086498953,-9.1414728293,-18.3991948455,100.0,0.0,,,32.78227593199895
2022-01-01,2022,20,186,WMB,WILLIAMS COMPANIES INC,Energy,67.9,25.927520880861,32.94437415061624,-9.1414728293,-18.3991948455,100.0,0.0,,,51.34356899611624
2022-01-01,2022,20,187,MO,ALTRIA GROUP INC,Consumer Staples,66.7,61.241533347836,4.376387305777185,-9.1414728293,-18.3991948455,100.0,0.0,,,22.775582151277185
2022-01-01,2022,20,188,CNSL,CONSOLIDATED COMMUNICATIONS HOLDINGS INC,Communication Svcs,66.3,0.7386813038000001,-52.13903743315509,-9.1414728293,-18.3991948455,100.0,0.0,,,-33.73984258765509
2022-01-01,2022,20,189,UFI,UNIFI INC,Unclassified,66.0,0.4289457017999999,-62.807775377969755,-9.1414728293,-18.3991948455,100.0,0.0,,,-44.408580532469756
2022-01-01,2022,20,190,WMK,WEIS MARKETS INC,Consumer Staples,65.0,1.621465042483,27.073207146530407,-9.1414728293,-18.3991948455,100.0,0.0,,,45.472401992030406
2022-01-01,2022,20,191,ET,ENERGY TRANSFER LP,Energy,65.0,15.231258763188,55.782554627820225,-9.1414728293,-18.3991948455,100.0,0.0,,,74.18174947332022
2022-01-01,2022,20,192,IDA,IDACORP INC,Utilities,64.8,4.973296841071,-2.0619813304350476,-9.1414728293,-18.3991948455,100.0,0.0,,,16.337213515064953
2022-01-01,2022,20,193,NFLX,NETFLIX INC,Communication Svcs,64.8,26.685211975336,-51.05238695969723,-9.1414728293,-18.3991948455,100.0,0.0,,,-32.65319211419723
2022-01-01,2022,20,194,NXST,NEXSTAR MEDIA GROUP INC,Communication Svcs,64.8,5.244587127395,18.31478983603234,-9.1414728293,-18.3991948455,100.0,0.0,,,36.71398468153234
2022-01-01,2022,20,195,FANG,DIAMONDBACK ENERGY INC,Energy,64.6,15.863462335891,35.50291803241243,-9.1414728293,-18.3991948455,100.0,0.0,,,53.90211287791243
2022-01-01,2022,20,196,CVI,CVR ENERGY INC,Energy,64.5,1.18726637419,114.68247248094832,-9.1414728293,-18.3991948455,100.0,0.0,,,133.08166732644833
2022-01-01,2022,20,197,HESM,HESS MIDSTREAM LP,Energy,64.5,0.6437791867079999,16.65446559297219,-9.1414728293,-18.3991948455,100.0,0.0,,,35.05366043847219
2022-01-01,2022,20,198,TWNK,HOSTESS BRANDS INC,Consumer Staples,64.1,2.8256621585400006,9.892262487757096,-9.1414728293,-18.3991948455,100.0,0.0,,,28.291457333257092
2022-01-01,2022,20,199,HE,HAWAIIAN ELECTRIC INDUSTRIES INC,Utilities,64.1,4.179517134915,4.312802406172356,-9.1414728293,-18.3991948455,100.0,0.0,,,22.711997251672354
2022-01-01,2022,20,200,ZD,ZIFF DAVIS INC,Communication Svcs,64.1,5.345756890260001,-28.64874616633593,-9.1414728293,-18.3991948455,100.0,0.0,,,-10.24955132083593
2022-01-01,2022,20,201,NI,NISOURCE INC,Utilities,63.9,9.307493596979,2.6201426100164404,-9.1414728293,-18.3991948455,100.0,0.0,,,21.01933745551644
2022-01-01,2022,20,202,D,DOMINION ENERGY INC,Utilities,63.6,51.815510218616,-19.142816949841347,-9.1414728293,-18.3991948455,100.0,0.0,,,-0.7436221043413482
2022-01-01,2022,20,203,WBD,WARNER BROS DISCOVERY INC,Communication Svcs,63.6,3.18322891458,-59.72812234494478,-9.1414728293,-18.3991948455,100.0,0.0,,,-41.32892749944478
2022-01-01,2022,20,204,CPB,CAMPBELL'S CO,Consumer Staples,63.6,10.869805317072,34.81290250943814,-9.1414728293,-18.3991948455,100.0,0.0,,,53.21209735493814
2022-01-01,2022,20,205,NUS,NU SKIN ENTERPRISES INC,Consumer Staples,63.3,2.1230209345769997,-13.942409237051455,-9.1414728293,-18.3991948455,100.0,0.0,,,4.456785608448543
2022-01-01,2022,20,206,PPL,PPL CORP,Utilities,62.9,19.423272532446,0.3246627758667353,-9.1414728293,-18.3991948455,100.0,0.0,,,18.723857621366733
2022-01-01,2022,20,207,TRGP,TARGA RESOURCES CORP,Energy,62.6,10.7891479176,43.67996604414262,-9.1414728293,-18.3991948455,100.0,0.0,,,62.079160889642615
2022-01-01,2022,20,208,HLF,HERBALIFE LTD,Consumer Staples,62.5,4.5896012342,-63.64524798436355,-9.1414728293,-18.3991948455,100.0,0.0,,,-45.24605313886355
2022-01-01,2022,20,209,HOS,HORNBECK OFFSHORE SERVICES INC,Energy,62.3,0.47077270032,136.53846153846155,-9.1414728293,-18.3991948455,100.0,0.0,,,154.93765638396155
2022-01-01,2022,20,210,CLR,CONTINENTAL RESOURCES INC,Energy,61.5,16.1513630575,,-9.1414728293,-18.3991948455,100.0,0.0,,,
2022-01-01,2022,20,211,COR,CENCORA INC,Consumer Staples,61.4,26.413372311066,26.260381699840817,-9.1414728293,-18.3991948455,100.0,0.0,,,44.65957654534081
2022-01-01,2022,20,212,FIZZ,NATIONAL BEVERAGE CORP,Consumer Staples,61.2,3.5694825872540004,2.6458208057726917,-9.1414728293,-18.3991948455,100.0,0.0,,,21.045015651272692
2022-01-01,2022,20,213,MPC,MARATHON PETROLEUM CORP,Energy,60.5,35.530489771958,86.58823937073355,-9.1414728293,-18.3991948455,100.0,0.0,,,104.98743421623354
2022-01-01,2022,20,214,DAR,DARLING INGREDIENTS INC,Consumer Staples,60.4,11.21169107877,-9.669504979073462,-9.1414728293,-18.3991948455,100.0,0.0,,,8.729689866426536
2022-01-01,2022,20,215,AWK,AMERICAN WATER WORKS COMPANY INC,Utilities,60.2,30.8886478222,-17.88657067293564,-9.1414728293,-18.3991948455,100.0,0.0,,,0.5126241725643581
2022-01-01,2022,20,216,MGPI,MGP INGREDIENTS INC,Unclassified,59.5,1.770739579224,25.77804239695356,-9.1414728293,-18.3991948455,100.0,0.0,,,44.17723724245356
2022-01-01,2022,20,217,SCHL,SCHOLASTIC CORP,Communication Svcs,59.4,1.1029710105679995,0.4718040889687858,-9.1414728293,-18.3991948455,100.0,0.0,,,18.870998934468783
2022-01-01,2022,20,218,QUOT,QUOTIENT TECHNOLOGY INC,Communication Svcs,59.3,0.7006087023600001,-53.77358490566038,-9.1414728293,-18.3991948455,100.0,0.0,,,-35.37439006016038
2022-01-01,2022,20,219,OMP,OASIS MIDSTREAM PARTNERS LP,Energy,59.1,1.1626878288,,-9.1414728293,-18.3991948455,100.0,0.0,,,
2022-01-01,2022,20,220,EPD,ENTERPRISE PRODUCTS PARTNERS LP,Energy,59.0,34.257258194943,18.236830371361236,-9.1414728293,-18.3991948455,100.0,0.0,,,36.636025216861235
2022-01-01,2022,20,221,VVV,VALVOLINE INC,Unclassified,58.7,6.609984962028,-11.069346843166096,-9.1414728293,-18.3991948455,100.0,0.0,,,7.329848002333902
2022-01-01,2022,20,222,SWN,SOUTHWESTERN ENERGY CO,Energy,58.7,4.729798398020001,25.53648068669527,-9.1414728293,-18.3991948455,100.0,0.0,,,43.93567553219527
2022-01-01,2022,20,223,CRK,COMSTOCK RESOURCES INC,Energy,58.6,1.786997884112,70.62043795620438,-9.1414728293,-18.3991948455,100.0,0.0,,,89.01963280170438
2022-01-01,2022,20,224,KN,KNOWLES CORP,Unclassified,58.6,2.1562667478499997,-29.67880085653105,-9.1414728293,-18.3991948455,100.0,0.0,,,-11.279606011031053
2022-01-01,2022,20,225,WLY,JOHN WILEY & SONS INC,Communication Svcs,57.9,2.9756126159429996,-27.76584208049434,-9.1414728293,-18.3991948455,100.0,0.0,,,-9.366647234994343
2022-01-01,2022,20,226,ACCO,ACCO BRANDS CORP,Communication Svcs,56.4,0.5861600741490001,-29.266699330393596,-9.1414728293,-18.3991948455,100.0,0.0,,,-10.867504484893598
2022-01-01,2022,20,227,OPTU,OPTIMUM COMMUNICATIONS INC,Communication Svcs,56.2,7.35629542598,-71.56983930778739,-9.1414728293,-18.3991948455,100.0,0.0,,,-53.17064446228739
2022-01-01,2022,20,228,UTL,UNITIL CORP,Utilities,56.2,0.629528624828,15.036029635643969,-9.1414728293,-18.3991948455,100.0,0.0,,,33.43522448114397
2022-01-01,2022,20,229,WCN,WASTE CONNECTIONS INC,Utilities,56.1,34.279347263415,-2.0292300326044677,-9.1414728293,-18.3991948455,100.0,0.0,,,16.36996481289553
2022-01-01,2022,20,230,ALLE,ALLEGION PLC,Unclassified,51.1,11.093315124574,-19.248526403454168,-9.1414728293,-18.3991948455,100.0,0.0,,,-0.8493315579541694
2022-01-01,2022,20,231,TILE,INTERFACE INC,Unclassified,49.9,0.928225499766,-37.91831021758494,-9.1414728293,-18.3991948455,100.0,0.0,,,-19.51911537208494
2022-01-01,2022,20,232,CTHR,CHARLES & COLVARD LTD,Unclassified,42.5,0.8789921128,-71.53979238754326,-9.1414728293,-18.3991948455,100.0,0.0,,,-53.14059754204326
2022-01-01,2022,20,233,ARLO,ARLO TECHNOLOGIES INC,Unclassified,40.8,0.8843007794300001,-66.53956148713061,-9.1414728293,-18.3991948455,100.0,0.0,,,-48.140366641630614
2022-01-01,2022,20,234,NPO,ENPRO INC,Unclassified,39.1,2.183372113472,-0.1594881280434834,-9.1414728293,-18.3991948455,100.0,0.0,,,18.239706717456514
2022-01-01,2022,20,235,ADT,ADT INC,Unclassified,33.8,5.706644189454001,9.758698840154656,-9.1414728293,-18.3991948455,100.0,0.0,,,28.157893685654656
2022-01-01,2022,20,236,KWR,QUAKER CHEMICAL CORP,Unclassified,32.9,3.90020928288,-26.89671309805649,-9.1414728293,-18.3991948455,100.0,0.0,,,-8.497518252556493
2022-01-01,2022,20,237,NVRI1,ENVIRI CORP,Unclassified,24.4,1.3234931586,-62.35786953919808,-9.1414728293,-18.3991948455,100.0,0.0,,,-43.95867469369808
2022-01-01,2022,20,238,ASPS,ALTISOURCE PORTFOLIO SOLUTIONS SA,Unclassified,18.4,1.42757203248,-15.68627450980392,-9.1414728293,-18.3991948455,100.0,0.0,,,2.7129203356960794
2023-01-01,2023,1,1,HCCI,HERITAGE-CRYSTAL CLEAN INC,Utilities,97.1,0.78527867152,,46.7967458368,14.0877088729,97.85,0.0215,,,
2023-01-01,2023,1,2,BKNG,BOOKING HOLDINGS INC,Industrials,96.4,3.0619567099440004,76.01535382198688,46.7967458368,14.0877088729,97.85,0.0215,,,61.927644949086876
2023-01-01,2023,1,3,HCC,WARRIOR MET COAL INC,Materials,96.3,1.698162701568,81.39980532911548,46.7967458368,14.0877088729,97.85,0.0215,,,67.31209645621549
2023-01-01,2023,1,4,AVGO,BROADCOM INC,Technology,95.7,22.25703370254,104.23198963594372,46.7967458368,14.0877088729,97.85,0.0215,,,90.14428076304372
2023-01-01,2023,1,5,DVAX,DYNAVAX TECHNOLOGIES CORP,Healthcare,95.2,1.35750311256,31.390977443609017,46.7967458368,14.0877088729,97.85,0.0215,,,17.303268570709015
2023-01-01,2023,1,6,AMR,ALPHA METALLURGICAL RESOURCES INC,Energy,94.7,2.311143528093,133.80726698262245,46.7967458368,14.0877088729,97.85,0.0215,,,119.71955810972246
2023-01-01,2023,1,7,EQH,EQUITABLE HOLDINGS INC,Financials,94.3,9.661436212221,19.5641349726148,46.7967458368,14.0877088729,97.85,0.0215,,,5.476426099714798
2023-01-01,2023,1,8,RITM,RITHM CAPITAL CORP,Real Estate,90.6,2.757021882,45.53264604810996,46.7967458368,14.0877088729,97.85,0.0215,,,31.444937175209958
2023-01-01,2023,1,9,CMG,CHIPOTLE MEXICAN GRILL INC,Consumer Disc,90.5,0.769260858,64.82522522522522,46.7967458368,14.0877088729,97.85,0.0215,,,50.73751635232522
2023-01-01,2023,1,10,MED,MEDIFAST INC,Consumer Staples,89.8,1.19300865902,-38.43194724308482,46.7967458368,14.0877088729,97.85,0.0215,,,-52.51965611598482
2023-01-01,2023,1,11,LUMN,LUMEN TECHNOLOGIES INC,Communication Svcs,85.1,5.40052244046,-64.94252873563218,46.7967458368,14.0877088729,97.85,0.0215,,,-79.03023760853218
2023-01-01,2023,1,12,DFIN,DONNELLEY FINANCIAL SOLUTIONS INC,Unclassified,79.2,1.1248656577,61.371280724450195,46.7967458368,14.0877088729,97.85,0.0215,,,47.28357185155019
2023-01-01,2023,3,1,HCCI,HERITAGE-CRYSTAL CLEAN INC,Utilities,97.1,0.78527867152,,31.0775257114,14.0877088729,98.05,0.0195,,,
2023-01-01,2023,3,2,BKNG,BOOKING HOLDINGS INC,Industrials,96.4,3.0619567099440004,76.01535382198688,31.0775257114,14.0877088729,98.05,0.0195,,,61.927644949086876
2023-01-01,2023,3,3,HCC,WARRIOR MET COAL INC,Materials,96.3,1.698162701568,81.39980532911548,31.0775257114,14.0877088729,98.05,0.0195,,,67.31209645621549
2023-01-01,2023,3,4,AVGO,BROADCOM INC,Technology,95.7,22.25703370254,104.23198963594372,31.0775257114,14.0877088729,98.05,0.0195,,,90.14428076304372
2023-01-01,2023,3,5,PAGP,PLAINS GP HOLDINGS LP,Industrials,95.3,1.828037594994,38.12307365288552,31.0775257114,14.0877088729,98.05,0.0195,,,24.03536477998552
2023-01-01,2023,3,6,DVAX,DYNAVAX TECHNOLOGIES CORP,Healthcare,95.2,1.35750311256,31.390977443609017,31.0775257114,14.0877088729,98.05,0.0195,,,17.303268570709015
2023-01-01,2023,3,7,AMR,ALPHA METALLURGICAL RESOURCES INC,Energy,94.7,2.311143528093,133.80726698262245,31.0775257114,14.0877088729,98.05,0.0195,,,119.71955810972246
2023-01-01,2023,3,8,EQH,EQUITABLE HOLDINGS INC,Financials,94.3,9.661436212221,19.5641349726148,31.0775257114,14.0877088729,98.05,0.0195,,,5.476426099714798
2023-01-01,2023,3,9,LRCX,LAM RESEARCH CORP,Technology,94.2,5.547093112464,88.61188965924175,31.0775257114,14.0877088729,98.05,0.0195,,,74.52418078634176
2023-01-01,2023,3,10,SIGA,SIGA TECHNOLOGIES INC,Healthcare,93.9,0.372131053112,-18.01412872841445,31.0775257114,14.0877088729,98.05,0.0195,,,-32.10183760131445
2023-01-01,2023,3,11,MLI,MUELLER INDUSTRIES INC,Materials,93.4,0.801337183296,62.34743116661936,31.0775257114,14.0877088729,98.05,0.0195,,,48.259722293719356
2023-01-01,2023,3,12,X,UNITED STATES STEEL CORP,Materials,93.3,5.788317068351999,95.70179698882954,31.0775257114,14.0877088729,98.05,0.0195,,,81.61408811592955
2023-01-01,2023,3,13,RGNX,REGENXBIO INC,Healthcare,92.4,0.98189955108,-20.85537918871252,31.0775257114,14.0877088729,98.05,0.0195,,,-34.94308806161252
2023-01-01,2023,3,14,RYZ,RYERSON HOLDING CORP,Industrials,92.3,1.006046982556,17.092822191972346,31.0775257114,14.0877088729,98.05,0.0195,,,3.005113319072345
2023-01-01,2023,3,15,PLAB,PHOTRONICS INC,Technology,91.8,1.0390558077899998,86.39334521687465,31.0775257114,14.0877088729,98.05,0.0195,,,72.30563634397465
2023-01-01,2023,3,16,MA,MASTERCARD INC,Financials,91.0,41.667127310808,23.394676170983608,31.0775257114,14.0877088729,98.05,0.0195,,,9.306967298083608
2023-01-01,2023,3,17,PFG,PRINCIPAL FINANCIAL GROUP INC,Financials,91.0,17.9866318929,-2.825465923003667,31.0775257114,14.0877088729,98.05,0.0195,,,-16.913174795903668
2023-01-01,2023,3,18,RITM,RITHM CAPITAL CORP,Real Estate,90.6,2.757021882,45.53264604810996,31.0775257114,14.0877088729,98.05,0.0195,,,31.444937175209958
2023-01-01,2023,3,19,CMG,CHIPOTLE MEXICAN GRILL INC,Consumer Disc,90.5,0.769260858,64.82522522522522,31.0775257114,14.0877088729,98.05,0.0195,,,50.73751635232522
2023-01-01,2023,3,20,MED,MEDIFAST INC,Consumer Staples,89.8,1.19300865902,-38.43194724308482,31.0775257114,14.0877088729,98.05,0.0195,,,-52.51965611598482
2023-01-01,2023,3,21,SKY,CHAMPION HOMES INC,Consumer Disc,89.6,2.93218243728,44.16618132401477,31.0775257114,14.0877088729,98.05,0.0195,,,30.07847245111477
2023-01-01,2023,3,22,EGY,VAALCO ENERGY INC,Energy,89.4,0.402395773494,4.309183948289785,31.0775257114,14.0877088729,98.05,0.0195,,,-9.778524924610215
2023-01-01,2023,3,23,SD,SANDRIDGE ENERGY INC,Energy,89.2,0.435999939138,-8.159986470488755,31.0775257114,14.0877088729,98.05,0.0195,,,-22.247695343388756
2023-01-01,2023,3,24,PPC,PILGRIMS PRIDE CORP,Consumer Staples,88.8,4.78235643776,16.55953322784811,31.0775257114,14.0877088729,98.05,0.0195,,,2.47182435494811
2023-01-01,2023,3,25,OTTR,OTTER TAIL CORP,Utilities,88.6,2.234707872408,48.05417388550457,31.0775257114,14.0877088729,98.05,0.0195,,,33.966465012604566
2023-01-01,2023,3,26,AN,AUTONATION INC,Consumer Disc,88.6,5.319113369599999,39.96272134203169,31.0775257114,14.0877088729,98.05,0.0195,,,25.87501246913169
2023-01-01,2023,3,27,DTE,DTE ENERGY CO,Utilities,87.2,20.20341482148,-2.813578826237051,31.0775257114,14.0877088729,98.05,0.0195,,,-16.90128769913705
2023-01-01,2023,3,28,AIV,APARTMENT INVESTMENT & MANAGEMENT CO,Real Estate,86.2,0.3810516658269999,9.988062077198556,31.0775257114,14.0877088729,98.05,0.0195,,,-4.099646795701444
2023-01-01,2023,3,29,MMI,MARCUS & MILLICHAP INC,Real Estate,86.0,1.276039911045,29.708468301712188,31.0775257114,14.0877088729,98.05,0.0195,,,15.620759428812187
2023-01-01,2023,3,30,LUMN,LUMEN TECHNOLOGIES INC,Communication Svcs,85.1,5.40052244046,-64.94252873563218,31.0775257114,14.0877088729,98.05,0.0195,,,-79.03023760853218
2023-01-01,2023,3,31,CMCSA,COMCAST CORP,Communication Svcs,83.0,59.261776549725006,29.054830287206254,31.0775257114,14.0877088729,98.05,0.0195,,,14.967121414306254
2023-01-01,2023,3,32,MNST,MONSTER BEVERAGE CORP,Consumer Staples,79.8,13.243418103396,13.481463971949736,31.0775257114,14.0877088729,98.05,0.0195,,,-0.606244900950264
2023-01-01,2023,3,33,DFIN,DONNELLEY FINANCIAL SOLUTIONS INC,Unclassified,79.2,1.1248656577,61.371280724450195,31.0775257114,14.0877088729,98.05,0.0195,,,47.28357185155019
2023-01-01,2023,3,34,EBF,ENNIS INC,Communication Svcs,77.1,0.42410437468,3.667377398720695,31.0775257114,14.0877088729,98.05,0.0195,,,-10.420331474179306
2023-01-01,2023,3,35,CRAI,CRA INTERNATIONAL INC,Unclassified,76.2,0.833704177365,-18.05064656094618,31.0775257114,14.0877088729,98.05,0.0195,,,-32.13835543384618
2023-01-01,2023,3,36,MGPI,MGP INGREDIENTS INC,Unclassified,74.8,2.230217244436,-6.948649421603326,31.0775257114,14.0877088729,98.05,0.0195,,,-21.036358294503327
2023-01-01,2023,5,1,HCCI,HERITAGE-CRYSTAL CLEAN INC,Utilities,97.1,0.78527867152,,32.4082397793,14.0877088729,99.65,0.0035,,,
2023-01-01,2023,5,2,BKNG,BOOKING HOLDINGS INC,Industrials,96.4,3.0619567099440004,76.01535382198688,32.4082397793,14.0877088729,99.65,0.0035,,,61.927644949086876
2023-01-01,2023,5,3,HCC,WARRIOR MET COAL INC,Materials,96.3,1.698162701568,81.39980532911548,32.4082397793,14.0877088729,99.65,0.0035,,,67.31209645621549
2023-01-01,2023,5,4,AVGO,BROADCOM INC,Technology,95.7,22.25703370254,104.23198963594372,32.4082397793,14.0877088729,99.65,0.0035,,,90.14428076304372
2023-01-01,2023,5,5,PAGP,PLAINS GP HOLDINGS LP,Industrials,95.3,1.828037594994,38.12307365288552,32.4082397793,14.0877088729,99.65,0.0035,,,24.03536477998552
2023-01-01,2023,5,6,DVAX,DYNAVAX TECHNOLOGIES CORP,Healthcare,95.2,1.35750311256,31.390977443609017,32.4082397793,14.0877088729,99.65,0.0035,,,17.303268570709015
2023-01-01,2023,5,7,AMR,ALPHA METALLURGICAL RESOURCES INC,Energy,94.7,2.311143528093,133.80726698262245,32.4082397793,14.0877088729,99.65,0.0035,,,119.71955810972246
2023-01-01,2023,5,8,EQH,EQUITABLE HOLDINGS INC,Financials,94.3,9.661436212221,19.5641349726148,32.4082397793,14.0877088729,99.65,0.0035,,,5.476426099714798
2023-01-01,2023,5,9,LRCX,LAM RESEARCH CORP,Technology,94.2,5.547093112464,88.61188965924175,32.4082397793,14.0877088729,99.65,0.0035,,,74.52418078634176
2023-01-01,2023,5,10,SIGA,SIGA TECHNOLOGIES INC,Healthcare,93.9,0.372131053112,-18.01412872841445,32.4082397793,14.0877088729,99.65,0.0035,,,-32.10183760131445
2023-01-01,2023,5,11,MLI,MUELLER INDUSTRIES INC,Materials,93.4,0.801337183296,62.34743116661936,32.4082397793,14.0877088729,99.65,0.0035,,,48.259722293719356
2023-01-01,2023,5,12,X,UNITED STATES STEEL CORP,Materials,93.3,5.788317068351999,95.70179698882954,32.4082397793,14.0877088729,99.65,0.0035,,,81.61408811592955
2023-01-01,2023,5,13,RGNX,REGENXBIO INC,Healthcare,92.4,0.98189955108,-20.85537918871252,32.4082397793,14.0877088729,99.65,0.0035,,,-34.94308806161252
2023-01-01,2023,5,14,RYZ,RYERSON HOLDING CORP,Industrials,92.3,1.006046982556,17.092822191972346,32.4082397793,14.0877088729,99.65,0.0035,,,3.005113319072345
2023-01-01,2023,5,15,METC,RAMACO RESOURCES INC,Materials,92.2,0.284187882582,150.38037571805617,32.4082397793,14.0877088729,99.65,0.0035,,,136.29266684515616
2023-01-01,2023,5,16,RCUS,ARCUS BIOSCIENCES INC,Healthcare,92.1,1.49739136008,-7.640232108317202,32.4082397793,14.0877088729,99.65,0.0035,,,-21.727940981217202
2023-01-01,2023,5,17,PLAB,PHOTRONICS INC,Technology,91.8,1.0390558077899998,86.39334521687465,32.4082397793,14.0877088729,99.65,0.0035,,,72.30563634397465
2023-01-01,2023,5,18,HSII,HEIDRICK & STRUGGLES INTERNATIONAL INC,Industrials,91.4,0.527955074124,7.922356393183616,32.4082397793,14.0877088729,99.65,0.0035,,,-6.165352479716384
2023-01-01,2023,5,19,WIRE,ENCORE WIRE CORP,Materials,91.0,2.52153613002,55.35429805992624,32.4082397793,14.0877088729,99.65,0.0035,,,41.26658918702624
2023-01-01,2023,5,20,MA,MASTERCARD INC,Financials,91.0,41.667127310808,23.394676170983608,32.4082397793,14.0877088729,99.65,0.0035,,,9.306967298083608
2023-01-01,2023,5,21,PFG,PRINCIPAL FINANCIAL GROUP INC,Financials,91.0,17.9866318929,-2.825465923003667,32.4082397793,14.0877088729,99.65,0.0035,,,-16.913174795903668
2023-01-01,2023,5,22,SCPL,SCIPLAY CORP,Technology,90.9,0.3537599999999999,,32.4082397793,14.0877088729,99.65,0.0035,,,
2023-01-01,2023,5,23,SNEX,STONEX GROUP INC,Financials,90.9,0.3839172570749999,16.207171314741053,32.4082397793,14.0877088729,99.65,0.0035,,,2.119462441841053
2023-01-01,2023,5,24,RITM,RITHM CAPITAL CORP,Real Estate,90.6,2.757021882,45.53264604810996,32.4082397793,14.0877088729,99.65,0.0035,,,31.444937175209958
2023-01-01,2023,5,25,BCC,BOISE CASCADE CO,Industrials,90.5,2.3135686851410004,106.8253508158707,32.4082397793,14.0877088729,99.65,0.0035,,,92.73764194297071
2023-01-01,2023,5,26,CMG,CHIPOTLE MEXICAN GRILL INC,Consumer Disc,90.5,0.769260858,64.82522522522522,32.4082397793,14.0877088729,99.65,0.0035,,,50.73751635232522
2023-01-01,2023,5,27,TPL,TEXAS PACIFIC LAND CORP,Financials,90.1,1.930577198688,-32.39989145096537,32.4082397793,14.0877088729,99.65,0.0035,,,-46.48760032386537
2023-01-01,2023,5,28,ANET,ARISTA NETWORKS INC,Technology,89.9,9.270156451592,94.07654019843756,32.4082397793,14.0877088729,99.65,0.0035,,,79.98883132553756
2023-01-01,2023,5,29,MED,MEDIFAST INC,Consumer Staples,89.8,1.19300865902,-38.43194724308482,32.4082397793,14.0877088729,99.65,0.0035,,,-52.51965611598482
2023-01-01,2023,5,30,MRNA,MODERNA INC,Healthcare,89.6,69.00649584178,-44.633114352521986,32.4082397793,14.0877088729,99.65,0.0035,,,-58.72082322542199
2023-01-01,2023,5,31,SKY,CHAMPION HOMES INC,Consumer Disc,89.6,2.93218243728,44.16618132401477,32.4082397793,14.0877088729,99.65,0.0035,,,30.07847245111477
2023-01-01,2023,5,32,EGY,VAALCO ENERGY INC,Energy,89.4,0.402395773494,4.309183948289785,32.4082397793,14.0877088729,99.65,0.0035,,,-9.778524924610215
2023-01-01,2023,5,33,SD,SANDRIDGE ENERGY INC,Energy,89.2,0.435999939138,-8.159986470488755,32.4082397793,14.0877088729,99.65,0.0035,,,-22.247695343388756
2023-01-01,2023,5,34,PPC,PILGRIMS PRIDE CORP,Consumer Staples,88.8,4.78235643776,16.55953322784811,32.4082397793,14.0877088729,99.65,0.0035,,,2.47182435494811
2023-01-01,2023,5,35,CVI,CVR ENERGY INC,Energy,88.7,2.548852807046,11.193500039441506,32.4082397793,14.0877088729,99.65,0.0035,,,-2.894208833458494
2023-01-01,2023,5,36,OTTR,OTTER TAIL CORP,Utilities,88.6,2.234707872408,48.05417388550457,32.4082397793,14.0877088729,99.65,0.0035,,,33.966465012604566
2023-01-01,2023,5,37,AN,AUTONATION INC,Consumer Disc,88.6,5.319113369599999,39.96272134203169,32.4082397793,14.0877088729,99.65,0.0035,,,25.87501246913169
2023-01-01,2023,5,38,BLDR,BUILDERS FIRSTSOURCE INC,Consumer Disc,87.6,9.548759675519998,157.30579531442666,32.4082397793,14.0877088729,99.65,0.0035,,,143.21808644152665
2023-01-01,2023,5,39,ETD,ETHAN ALLEN INTERIORS INC,Consumer Disc,87.3,0.45501153642,28.67806807420199,32.4082397793,14.0877088729,99.65,0.0035,,,14.590359201301988
2023-01-01,2023,5,40,DTE,DTE ENERGY CO,Utilities,87.2,20.20341482148,-2.813578826237051,32.4082397793,14.0877088729,99.65,0.0035,,,-16.90128769913705
2023-01-01,2023,5,41,MPC,MARATHON PETROLEUM CORP,Energy,86.3,50.472428409935,30.51209434049864,32.4082397793,14.0877088729,99.65,0.0035,,,16.42438546759864
2023-01-01,2023,5,42,RSG,REPUBLIC SERVICES INC,Utilities,86.3,39.10479982906399,29.632562687375263,32.4082397793,14.0877088729,99.65,0.0035,,,15.544853814475262
2023-01-01,2023,5,43,AIV,APARTMENT INVESTMENT & MANAGEMENT CO,Real Estate,86.2,0.3810516658269999,9.988062077198556,32.4082397793,14.0877088729,99.65,0.0035,,,-4.099646795701444
2023-01-01,2023,5,44,MMI,MARCUS & MILLICHAP INC,Real Estate,86.0,1.276039911045,29.708468301712188,32.4082397793,14.0877088729,99.65,0.0035,,,15.620759428812187
2023-01-01,2023,5,45,LUMN,LUMEN TECHNOLOGIES INC,Communication Svcs,85.1,5.40052244046,-64.94252873563218,32.4082397793,14.0877088729,99.65,0.0035,,,-79.03023760853218
2023-01-01,2023,5,46,CIO,CITY OFFICE REIT INC,Real Estate,83.1,0.263613456579,-19.496760584601468,32.4082397793,14.0877088729,99.65,0.0035,,,-33.58446945750147
2023-01-01,2023,5,47,CMCSA,COMCAST CORP,Communication Svcs,83.0,59.261776549725006,29.054830287206254,32.4082397793,14.0877088729,99.65,0.0035,,,14.967121414306254
2023-01-01,2023,5,48,SITC,SITE CENTERS CORP,Real Estate,82.9,0.934416688628,5.1171253127132,32.4082397793,14.0877088729,99.65,0.0035,,,-8.9705835601868
2023-01-01,2023,5,49,FE,FIRSTENERGY CORP,Utilities,82.3,20.543664049544997,-8.861428849739772,32.4082397793,14.0877088729,99.65,0.0035,,,-22.949137722639772
2023-01-01,2023,5,50,MNST,MONSTER BEVERAGE CORP,Consumer Staples,79.8,13.243418103396,13.481463971949736,32.4082397793,14.0877088729,99.65,0.0035,,,-0.606244900950264
2023-01-01,2023,5,51,VLGEA,VILLAGE SUPER MARKET INC,Consumer Staples,79.5,0.284302449766,17.604947891302245,32.4082397793,14.0877088729,99.65,0.0035,,,3.517239018402245
2023-01-01,2023,5,52,DFIN,DONNELLEY FINANCIAL SOLUTIONS INC,Unclassified,79.2,1.1248656577,61.371280724450195,32.4082397793,14.0877088729,99.65,0.0035,,,47.28357185155019
2023-01-01,2023,5,53,EBF,ENNIS INC,Communication Svcs,77.1,0.42410437468,3.667377398720695,32.4082397793,14.0877088729,99.65,0.0035,,,-10.420331474179306
2023-01-01,2023,5,54,CRAI,CRA INTERNATIONAL INC,Unclassified,76.2,0.833704177365,-18.05064656094618,32.4082397793,14.0877088729,99.65,0.0035,,,-32.13835543384618
2023-01-01,2023,5,55,SFM,SPROUTS FARMERS MARKET INC,Consumer Staples,75.4,3.4264444538999994,48.62527031201731,32.4082397793,14.0877088729,99.65,0.0035,,,34.537561439117304
2023-01-01,2023,5,56,VZ,VERIZON COMMUNICATIONS INC,Communication Svcs,74.9,128.636208584163,2.7653530967383766,32.4082397793,14.0877088729,99.65,0.0035,,,-11.322355776161624
2023-01-01,2023,5,57,MGPI,MGP INGREDIENTS INC,Unclassified,74.8,2.230217244436,-6.948649421603326,32.4082397793,14.0877088729,99.65,0.0035,,,-21.036358294503327
2023-01-01,2023,5,58,AD,ARRAY DIGITAL INFRASTRUCTURE INC,Communication Svcs,74.8,0.50152314261,99.23688394276628,32.4082397793,14.0877088729,99.65,0.0035,,,85.14917506986629
2023-01-01,2023,5,59,VVV,VALVOLINE INC,Unclassified,64.9,5.7013528603,15.09954058192955,32.4082397793,14.0877088729,99.65,0.0035,,,1.0118317090295488
2023-01-01,2023,5,60,TILE,INTERFACE INC,Unclassified,62.5,0.5676209376739999,28.458700553392102,32.4082397793,14.0877088729,99.65,0.0035,,,14.370991680492102
2023-01-01,2023,10,1,HCCI,HERITAGE-CRYSTAL CLEAN INC,Utilities,97.1,0.78527867152,,25.1470907277,14.0877088729,99.2,0.008,,,
2023-01-01,2023,10,2,BKNG,BOOKING HOLDINGS INC,Industrials,96.4,3.0619567099440004,76.01535382198688,25.1470907277,14.0877088729,99.2,0.008,,,61.927644949086876
2023-01-01,2023,10,3,HCC,WARRIOR MET COAL INC,Materials,96.3,1.698162701568,81.39980532911548,25.1470907277,14.0877088729,99.2,0.008,,,67.31209645621549
2023-01-01,2023,10,4,AVGO,BROADCOM INC,Technology,95.7,22.25703370254,104.23198963594372,25.1470907277,14.0877088729,99.2,0.008,,,90.14428076304372
2023-01-01,2023,10,5,PAGP,PLAINS GP HOLDINGS LP,Industrials,95.3,1.828037594994,38.12307365288552,25.1470907277,14.0877088729,99.2,0.008,,,24.03536477998552
2023-01-01,2023,10,6,DVAX,DYNAVAX TECHNOLOGIES CORP,Healthcare,95.2,1.35750311256,31.390977443609017,25.1470907277,14.0877088729,99.2,0.008,,,17.303268570709015
2023-01-01,2023,10,7,AMR,ALPHA METALLURGICAL RESOURCES INC,Energy,94.7,2.311143528093,133.80726698262245,25.1470907277,14.0877088729,99.2,0.008,,,119.71955810972246
2023-01-01,2023,10,8,EQH,EQUITABLE HOLDINGS INC,Financials,94.3,9.661436212221,19.5641349726148,25.1470907277,14.0877088729,99.2,0.008,,,5.476426099714798
2023-01-01,2023,10,9,LRCX,LAM RESEARCH CORP,Technology,94.2,5.547093112464,88.61188965924175,25.1470907277,14.0877088729,99.2,0.008,,,74.52418078634176
2023-01-01,2023,10,10,SIGA,SIGA TECHNOLOGIES INC,Healthcare,93.9,0.372131053112,-18.01412872841445,25.1470907277,14.0877088729,99.2,0.008,,,-32.10183760131445
2023-01-01,2023,10,11,MLI,MUELLER INDUSTRIES INC,Materials,93.4,0.801337183296,62.34743116661936,25.1470907277,14.0877088729,99.2,0.008,,,48.259722293719356
2023-01-01,2023,10,12,X,UNITED STATES STEEL CORP,Materials,93.3,5.788317068351999,95.70179698882954,25.1470907277,14.0877088729,99.2,0.008,,,81.61408811592955
2023-01-01,2023,10,13,RGNX,REGENXBIO INC,Healthcare,92.4,0.98189955108,-20.85537918871252,25.1470907277,14.0877088729,99.2,0.008,,,-34.94308806161252
2023-01-01,2023,10,14,RYZ,RYERSON HOLDING CORP,Industrials,92.3,1.006046982556,17.092822191972346,25.1470907277,14.0877088729,99.2,0.008,,,3.005113319072345
2023-01-01,2023,10,15,METC,RAMACO RESOURCES INC,Materials,92.2,0.284187882582,150.38037571805617,25.1470907277,14.0877088729,99.2,0.008,,,136.29266684515616
2023-01-01,2023,10,16,RCUS,ARCUS BIOSCIENCES INC,Healthcare,92.1,1.49739136008,-7.640232108317202,25.1470907277,14.0877088729,99.2,0.008,,,-21.727940981217202
2023-01-01,2023,10,17,PLAB,PHOTRONICS INC,Technology,91.8,1.0390558077899998,86.39334521687465,25.1470907277,14.0877088729,99.2,0.008,,,72.30563634397465
2023-01-01,2023,10,18,HSII,HEIDRICK & STRUGGLES INTERNATIONAL INC,Industrials,91.4,0.527955074124,7.922356393183616,25.1470907277,14.0877088729,99.2,0.008,,,-6.165352479716384
2023-01-01,2023,10,19,WIRE,ENCORE WIRE CORP,Materials,91.0,2.52153613002,55.35429805992624,25.1470907277,14.0877088729,99.2,0.008,,,41.26658918702624
2023-01-01,2023,10,20,MA,MASTERCARD INC,Financials,91.0,41.667127310808,23.394676170983608,25.1470907277,14.0877088729,99.2,0.008,,,9.306967298083608
2023-01-01,2023,10,21,PFG,PRINCIPAL FINANCIAL GROUP INC,Financials,91.0,17.9866318929,-2.825465923003667,25.1470907277,14.0877088729,99.2,0.008,,,-16.913174795903668
2023-01-01,2023,10,22,SCPL,SCIPLAY CORP,Technology,90.9,0.3537599999999999,,25.1470907277,14.0877088729,99.2,0.008,,,
2023-01-01,2023,10,23,SNEX,STONEX GROUP INC,Financials,90.9,0.3839172570749999,16.207171314741053,25.1470907277,14.0877088729,99.2,0.008,,,2.119462441841053
2023-01-01,2023,10,24,RITM,RITHM CAPITAL CORP,Real Estate,90.6,2.757021882,45.53264604810996,25.1470907277,14.0877088729,99.2,0.008,,,31.444937175209958
2023-01-01,2023,10,25,BCC,BOISE CASCADE CO,Industrials,90.5,2.3135686851410004,106.8253508158707,25.1470907277,14.0877088729,99.2,0.008,,,92.73764194297071
2023-01-01,2023,10,26,CMG,CHIPOTLE MEXICAN GRILL INC,Consumer Disc,90.5,0.769260858,64.82522522522522,25.1470907277,14.0877088729,99.2,0.008,,,50.73751635232522
2023-01-01,2023,10,27,TPL,TEXAS PACIFIC LAND CORP,Financials,90.1,1.930577198688,-32.39989145096537,25.1470907277,14.0877088729,99.2,0.008,,,-46.48760032386537
2023-01-01,2023,10,28,ANET,ARISTA NETWORKS INC,Technology,89.9,9.270156451592,94.07654019843756,25.1470907277,14.0877088729,99.2,0.008,,,79.98883132553756
2023-01-01,2023,10,29,MED,MEDIFAST INC,Consumer Staples,89.8,1.19300865902,-38.43194724308482,25.1470907277,14.0877088729,99.2,0.008,,,-52.51965611598482
2023-01-01,2023,10,30,PAA,PLAINS ALL AMERICAN PIPELINE LP,Industrials,89.7,6.119489318655,39.22172771881775,25.1470907277,14.0877088729,99.2,0.008,,,25.13401884591775
2023-01-01,2023,10,31,VHI,VALHI INC,Materials,89.7,0.577778321483,-29.41608340267241,25.1470907277,14.0877088729,99.2,0.008,,,-43.50379227557241
2023-01-01,2023,10,32,AIG,AMERICAN INTERNATIONAL GROUP INC,Financials,89.6,43.42346668445,9.72196081786294,25.1470907277,14.0877088729,99.2,0.008,,,-4.365748055037061
2023-01-01,2023,10,33,SKY,CHAMPION HOMES INC,Consumer Disc,89.6,2.93218243728,44.16618132401477,25.1470907277,14.0877088729,99.2,0.008,,,30.07847245111477
2023-01-01,2023,10,34,MRNA,MODERNA INC,Healthcare,89.6,69.00649584178,-44.633114352521986,25.1470907277,14.0877088729,99.2,0.008,,,-58.72082322542199
2023-01-01,2023,10,35,EGY,VAALCO ENERGY INC,Energy,89.4,0.402395773494,4.309183948289785,25.1470907277,14.0877088729,99.2,0.008,,,-9.778524924610215
2023-01-01,2023,10,36,SD,SANDRIDGE ENERGY INC,Energy,89.2,0.435999939138,-8.159986470488755,25.1470907277,14.0877088729,99.2,0.008,,,-22.247695343388756
2023-01-01,2023,10,37,APH,AMPHENOL CORP,Technology,89.2,10.997942193740002,31.491802391645464,25.1470907277,14.0877088729,99.2,0.008,,,17.404093518745462
2023-01-01,2023,10,38,TRTN-PA,TRITON INTERNATIONAL LTD,Industrials,88.9,1.087441105464,10.74751189961056,25.1470907277,14.0877088729,99.2,0.008,,,-3.3401969732894408
2023-01-01,2023,10,39,PPC,PILGRIMS PRIDE CORP,Consumer Staples,88.8,4.78235643776,16.55953322784811,25.1470907277,14.0877088729,99.2,0.008,,,2.47182435494811
2023-01-01,2023,10,40,CVI,CVR ENERGY INC,Energy,88.7,2.548852807046,11.193500039441506,25.1470907277,14.0877088729,99.2,0.008,,,-2.894208833458494
2023-01-01,2023,10,41,OTTR,OTTER TAIL CORP,Utilities,88.6,2.234707872408,48.05417388550457,25.1470907277,14.0877088729,99.2,0.008,,,33.966465012604566
2023-01-01,2023,10,42,AN,AUTONATION INC,Consumer Disc,88.6,5.319113369599999,39.96272134203169,25.1470907277,14.0877088729,99.2,0.008,,,25.87501246913169
2023-01-01,2023,10,43,KLIC,KULICKE & SOFFA INDUSTRIES INC,Technology,88.1,2.382139280664,25.467949638565756,25.1470907277,14.0877088729,99.2,0.008,,,11.380240765665755
2023-01-01,2023,10,44,BLDR,BUILDERS FIRSTSOURCE INC,Consumer Disc,87.6,9.548759675519998,157.30579531442666,25.1470907277,14.0877088729,99.2,0.008,,,143.21808644152665
2023-01-01,2023,10,45,MOS,MOSAIC CO,Materials,87.5,13.449341324033998,-16.39452165767955,25.1470907277,14.0877088729,99.2,0.008,,,-30.48223053057955
2023-01-01,2023,10,46,ETD,ETHAN ALLEN INTERIORS INC,Consumer Disc,87.3,0.45501153642,28.67806807420199,25.1470907277,14.0877088729,99.2,0.008,,,14.590359201301988
2023-01-01,2023,10,47,DTE,DTE ENERGY CO,Utilities,87.2,20.20341482148,-2.813578826237051,25.1470907277,14.0877088729,99.2,0.008,,,-16.90128769913705
2023-01-01,2023,10,48,EXPD,EXPEDITORS INTERNATIONAL OF WASHINGTON INC,Industrials,87.2,15.870830712704,23.87422165625532,25.1470907277,14.0877088729,99.2,0.008,,,9.786512783355318
2023-01-01,2023,10,49,WSM,WILLIAMS SONOMA INC,Consumer Disc,86.8,3.574138773712,80.28384116814425,25.1470907277,14.0877088729,99.2,0.008,,,66.19613229524425
2023-01-01,2023,10,50,AMN,AMN HEALTHCARE SERVICES INC,Industrials,86.7,4.455798369019999,-27.17370161447189,25.1470907277,14.0877088729,99.2,0.008,,,-41.26141048737189
2023-01-01,2023,10,51,PFSI,PENNYMAC FINANCIAL SERVICES INC,Financials,86.4,2.715514429908,57.81785990926191,25.1470907277,14.0877088729,99.2,0.008,,,43.73015103636191
2023-01-01,2023,10,52,MPC,MARATHON PETROLEUM CORP,Energy,86.3,50.472428409935,30.51209434049864,25.1470907277,14.0877088729,99.2,0.008,,,16.42438546759864
2023-01-01,2023,10,53,RSG,REPUBLIC SERVICES INC,Utilities,86.3,39.10479982906399,29.632562687375263,25.1470907277,14.0877088729,99.2,0.008,,,15.544853814475262
2023-01-01,2023,10,54,SM,SM ENERGY CO,Energy,86.3,3.902826730018,13.154831199068685,25.1470907277,14.0877088729,99.2,0.008,,,-0.9328776738313156
2023-01-01,2023,10,55,AIV,APARTMENT INVESTMENT & MANAGEMENT CO,Real Estate,86.2,0.3810516658269999,9.988062077198556,25.1470907277,14.0877088729,99.2,0.008,,,-4.099646795701444
2023-01-01,2023,10,56,MMI,MARCUS & MILLICHAP INC,Real Estate,86.0,1.276039911045,29.708468301712188,25.1470907277,14.0877088729,99.2,0.008,,,15.620759428812187
2023-01-01,2023,10,57,BHF,BRIGHTHOUSE FINANCIAL INC,Financials,85.9,3.54427936011,3.2182562902282053,25.1470907277,14.0877088729,99.2,0.008,,,-10.869452582671794
2023-01-01,2023,10,58,ZEUS,OLYMPIC STEEL INC,Industrials,85.9,0.358628668904,100.60828005710384,25.1470907277,14.0877088729,99.2,0.008,,,86.52057118420385
2023-01-01,2023,10,59,LYB,LYONDELLBASELL INDUSTRIES NV,Materials,85.4,21.365847171295,20.67819858264119,25.1470907277,14.0877088729,99.2,0.008,,,6.59048970974119
2023-01-01,2023,10,60,BLMN,BLOOMIN' BRANDS INC,Consumer Disc,85.3,1.529277484836,45.553705723635105,25.1470907277,14.0877088729,99.2,0.008,,,31.465996850735102
2023-01-01,2023,10,61,LUMN,LUMEN TECHNOLOGIES INC,Communication Svcs,85.1,5.40052244046,-64.94252873563218,25.1470907277,14.0877088729,99.2,0.008,,,-79.03023760853218
2023-01-01,2023,10,62,FLGT,FULGENT GENETICS INC,Healthcare,84.9,0.8766651885600001,-2.9214237743452,25.1470907277,14.0877088729,99.2,0.008,,,-17.0091326472452
2023-01-01,2023,10,63,UCTT,ULTRA CLEAN HOLDINGS INC,Technology,84.8,1.5082136823,2.986425339366527,25.1470907277,14.0877088729,99.2,0.008,,,-11.101283533533474
2023-01-01,2023,10,64,GPI,GROUP 1 AUTOMOTIVE INC,Consumer Disc,84.6,2.569988061732,70.19726652256055,25.1470907277,14.0877088729,99.2,0.008,,,56.10955764966055
2023-01-01,2023,10,65,V,VISA INC,Financials,84.6,94.753902650746,26.30786526870483,25.1470907277,14.0877088729,99.2,0.008,,,12.22015639580483
2023-01-01,2023,10,66,THC,TENET HEALTHCARE CORP,Healthcare,84.2,5.275330244939999,54.88829678212747,25.1470907277,14.0877088729,99.2,0.008,,,40.80058790922747
2023-01-01,2023,10,67,EXEL,EXELIXIS INC,Healthcare,84.1,5.173885144719999,49.5635910224439,25.1470907277,14.0877088729,99.2,0.008,,,35.4758821495439
2023-01-01,2023,10,68,RGP,RESOURCES CONNECTION INC,Technology,84.1,0.508794229575,-20.099502487562184,25.1470907277,14.0877088729,99.2,0.008,,,-34.187211360462186
2023-01-01,2023,10,69,ABCL,ABCELLERA BIOLOGICS INC,Healthcare,84.0,2.8981973255100004,-43.632773938795665,25.1470907277,14.0877088729,99.2,0.008,,,-57.72048281169567
2023-01-01,2023,10,70,MX,MAGNACHIP SEMICONDUCTOR CORP,Technology,83.8,0.41480561628,-20.127795527156557,25.1470907277,14.0877088729,99.2,0.008,,,-34.21550440005656
2023-01-01,2023,10,71,ENVA,ENOVA INTERNATIONAL INC,Financials,83.4,1.20711732225,44.27938493614805,25.1470907277,14.0877088729,99.2,0.008,,,30.191676063248046
2023-01-01,2023,10,72,CIO,CITY OFFICE REIT INC,Real Estate,83.1,0.263613456579,-19.496760584601468,25.1470907277,14.0877088729,99.2,0.008,,,-33.58446945750147
2023-01-01,2023,10,73,CMCSA,COMCAST CORP,Communication Svcs,83.0,59.261776549725006,29.054830287206254,25.1470907277,14.0877088729,99.2,0.008,,,14.967121414306254
2023-01-01,2023,10,74,CHS,CHICO'S FAS INC,Consumer Disc,83.0,0.6153410445599999,54.06504065040651,25.1470907277,14.0877088729,99.2,0.008,,,39.97733177750651
2023-01-01,2023,10,75,LPX,LOUISIANA-PACIFIC CORP,Materials,82.9,4.030933566465,21.567685822528148,25.1470907277,14.0877088729,99.2,0.008,,,7.479976949628147
2023-01-01,2023,10,76,SITC,SITE CENTERS CORP,Real Estate,82.9,0.934416688628,5.1171253127132,25.1470907277,14.0877088729,99.2,0.008,,,-8.9705835601868
2023-01-01,2023,10,77,SIG,SIGNET JEWELERS LTD,Consumer Disc,82.8,2.932332299616,59.65197719102515,25.1470907277,14.0877088729,99.2,0.008,,,45.56426831812515
2023-01-01,2023,10,78,DVA,DAVITA INC,Healthcare,82.8,6.727767,40.2973081558859,25.1470907277,14.0877088729,99.2,0.008,,,26.2095992829859
2023-01-01,2023,10,79,CF,CF INDUSTRIES HOLDINGS INC,Materials,82.6,15.373798699606,-4.733161481330228,25.1470907277,14.0877088729,99.2,0.008,,,-18.82087035423023
2023-01-01,2023,10,80,BRT,BRT APARTMENTS CORP,Real Estate,82.4,0.301263600594,-0.0754432289702067,25.1470907277,14.0877088729,99.2,0.008,,,-14.163152101870207
2023-01-01,2023,10,81,FE,FIRSTENERGY CORP,Utilities,82.3,20.543664049544997,-8.861428849739772,25.1470907277,14.0877088729,99.2,0.008,,,-22.949137722639772
2023-01-01,2023,10,82,CLH,CLEAN HARBORS INC,Utilities,81.2,6.17095865952,52.917981072555186,25.1470907277,14.0877088729,99.2,0.008,,,38.830272199655184
2023-01-01,2023,10,83,PSA,PUBLIC STORAGE,Real Estate,80.0,42.66502338263199,13.606461546061578,25.1470907277,14.0877088729,99.2,0.008,,,-0.48124732683842275
2023-01-01,2023,10,84,WM,WASTE MANAGEMENT INC,Utilities,80.0,60.964468775015995,16.174817029241684,25.1470907277,14.0877088729,99.2,0.008,,,2.0871081563416833
2023-01-01,2023,10,85,REPX,RILEY EXPLORATION PERMIAN INC,Energy,79.9,0.4925144189,-3.794514940646742,25.1470907277,14.0877088729,99.2,0.008,,,-17.882223813546744
2023-01-01,2023,10,86,HT,HERSHA HOSPITALITY TRUST,Real Estate,79.8,1.6912744489650002,,25.1470907277,14.0877088729,99.2,0.008,,,
2023-01-01,2023,10,87,MNST,MONSTER BEVERAGE CORP,Consumer Staples,79.8,13.243418103396,13.481463971949736,25.1470907277,14.0877088729,99.2,0.008,,,-0.606244900950264
2023-01-01,2023,10,88,VLGEA,VILLAGE SUPER MARKET INC,Consumer Staples,79.5,0.284302449766,17.604947891302245,25.1470907277,14.0877088729,99.2,0.008,,,3.517239018402245
2023-01-01,2023,10,89,DFIN,DONNELLEY FINANCIAL SOLUTIONS INC,Unclassified,79.2,1.1248656577,61.371280724450195,25.1470907277,14.0877088729,99.2,0.008,,,47.28357185155019
2023-01-01,2023,10,90,HST,HOST HOTELS & RESORTS INC,Real Estate,79.0,9.343267752987,27.535011861942294,25.1470907277,14.0877088729,99.2,0.008,,,13.447302989042294
2023-01-01,2023,10,91,SO,SOUTHERN CO,Utilities,78.8,68.079066626152,2.190808200339034,25.1470907277,14.0877088729,99.2,0.008,,,-11.896900672560967
2023-01-01,2023,10,92,VLO,VALERO ENERGY CORP,Energy,78.6,43.886813397686005,5.875945430747476,25.1470907277,14.0877088729,99.2,0.008,,,-8.211763442152524
2023-01-01,2023,10,93,WTI,W&T OFFSHORE INC,Energy,77.8,0.7574680679280001,-41.40994140994141,25.1470907277,14.0877088729,99.2,0.008,,,-55.49765028284141
2023-01-01,2023,10,94,VAC,MARRIOTT VACATIONS WORLDWIDE CORP,Real Estate,77.7,4.5315100720679995,-35.22925228744905,25.1470907277,14.0877088729,99.2,0.008,,,-49.31696116034905
2023-01-01,2023,10,95,NRG,NRG ENERGY INC,Utilities,77.2,6.71892495462,69.22575778356878,25.1470907277,14.0877088729,99.2,0.008,,,55.13804891066878
2023-01-01,2023,10,96,EBF,ENNIS INC,Communication Svcs,77.1,0.42410437468,3.667377398720695,25.1470907277,14.0877088729,99.2,0.008,,,-10.420331474179306
2023-01-01,2023,10,97,WEC,WEC ENERGY GROUP INC,Utilities,76.9,25.898121298692995,-6.9973082591379026,25.1470907277,14.0877088729,99.2,0.008,,,-21.085017132037905
2023-01-01,2023,10,98,CRAI,CRA INTERNATIONAL INC,Unclassified,76.2,0.833704177365,-18.05064656094618,25.1470907277,14.0877088729,99.2,0.008,,,-32.13835543384618
2023-01-01,2023,10,99,SFM,SPROUTS FARMERS MARKET INC,Consumer Staples,75.4,3.4264444538999994,48.62527031201731,25.1470907277,14.0877088729,99.2,0.008,,,34.537561439117304
2023-01-01,2023,10,100,VZ,VERIZON COMMUNICATIONS INC,Communication Svcs,74.9,128.636208584163,2.7653530967383766,25.1470907277,14.0877088729,99.2,0.008,,,-11.322355776161624
2023-01-01,2023,10,101,MGPI,MGP INGREDIENTS INC,Unclassified,74.8,2.230217244436,-6.948649421603326,25.1470907277,14.0877088729,99.2,0.008,,,-21.036358294503327
2023-01-01,2023,10,102,AD,ARRAY DIGITAL INFRASTRUCTURE INC,Communication Svcs,74.8,0.50152314261,99.23688394276628,25.1470907277,14.0877088729,99.2,0.008,,,85.14917506986629
2023-01-01,2023,10,103,MUR,MURPHY OIL CORP,Energy,73.3,5.8135612183509995,1.919940102147244,25.1470907277,14.0877088729,99.2,0.008,,,-12.167768770752756
2023-01-01,2023,10,104,DAR,DARLING INGREDIENTS INC,Consumer Staples,72.8,10.03138805262,-20.37066624061351,25.1470907277,14.0877088729,99.2,0.008,,,-34.45837511351351
2023-01-01,2023,10,105,COKE,COCA-COLA CONSOLIDATED INC,Consumer Staples,72.7,0.3501594293039999,82.90504160548215,25.1470907277,14.0877088729,99.2,0.008,,,68.81733273258216
2023-01-01,2023,10,106,JBSS,SANFILIPPO JOHN B & SON INC,Consumer Staples,71.7,0.57245385702,30.868646171743094,25.1470907277,14.0877088729,99.2,0.008,,,16.780937298843092
2023-01-01,2023,10,107,PM,PHILIP MORRIS INTERNATIONAL INC,Consumer Staples,69.4,134.24441920839,-1.784105868495811,25.1470907277,14.0877088729,99.2,0.008,,,-15.871814741395811
2023-01-01,2023,10,108,MCK,MCKESSON CORP,Consumer Staples,68.8,52.26039754316,24.132654307086643,25.1470907277,14.0877088729,99.2,0.008,,,10.044945434186642
2023-01-01,2023,10,109,SCHL,SCHOLASTIC CORP,Communication Svcs,68.6,1.108174872896,-2.532423971377473,25.1470907277,14.0877088729,99.2,0.008,,,-16.620132844277475
2023-01-01,2023,10,110,OMC,OMNICOM GROUP INC,Communication Svcs,67.5,14.747418293088,9.579513557611197,25.1470907277,14.0877088729,99.2,0.008,,,-4.508195315288804
2023-01-01,2023,10,111,T,AT&T INC,Communication Svcs,67.3,106.940635,-2.719093635454861,25.1470907277,14.0877088729,99.2,0.008,,,-16.806802508354863
2023-01-01,2023,10,112,NFLX,NETFLIX INC,Communication Svcs,65.9,13.122764327072,65.1112316874661,25.1470907277,14.0877088729,99.2,0.008,,,51.0235228145661
2023-01-01,2023,10,113,VVV,VALVOLINE INC,Unclassified,64.9,5.7013528603,15.09954058192955,25.1470907277,14.0877088729,99.2,0.008,,,1.0118317090295488
2023-01-01,2023,10,114,STGW,STAGWELL INC,Communication Svcs,63.7,0.90045,6.763285024154597,25.1470907277,14.0877088729,99.2,0.008,,,-7.324423848745403
2023-01-01,2023,10,115,TILE,INTERFACE INC,Unclassified,62.5,0.5676209376739999,28.458700553392102,25.1470907277,14.0877088729,99.2,0.008,,,14.370991680492102
2023-01-01,2023,10,116,ALLE,ALLEGION PLC,Unclassified,62.1,8.773150217962,22.311782199036756,25.1470907277,14.0877088729,99.2,0.008,,,8.224073326136756
2023-01-01,2023,10,117,MHK,MOHAWK INDUSTRIES INC,Unclassified,54.0,6.49444875104,1.2522011348072848,25.1470907277,14.0877088729,99.2,0.008,,,-12.835507738092716
2023-01-01,2023,10,118,NPO,ENPRO INC,Unclassified,52.0,2.2008350824650003,45.64582447185597,25.1470907277,14.0877088729,99.2,0.008,,,31.558115598955965
2023-01-01,2023,10,119,SONO,SONOS INC,Unclassified,51.9,2.1409857105,1.4201183431952868,25.1470907277,14.0877088729,99.2,0.008,,,-12.667590529704714
2023-01-01,2023,10,120,ADT,ADT INC,Unclassified,47.8,6.263538409782001,-23.138588606826193,25.1470907277,14.0877088729,99.2,0.008,,,-37.22629747972619
2023-01-01,2023,20,1,HCCI,HERITAGE-CRYSTAL CLEAN INC,Utilities,97.1,0.78527867152,,19.1162750734,14.0877088729,96.15,0.0385,,,
2023-01-01,2023,20,2,BKNG,BOOKING HOLDINGS INC,Industrials,96.4,3.0619567099440004,76.01535382198688,19.1162750734,14.0877088729,96.15,0.0385,,,61.927644949086876
2023-01-01,2023,20,3,HCC,WARRIOR MET COAL INC,Materials,96.3,1.698162701568,81.39980532911548,19.1162750734,14.0877088729,96.15,0.0385,,,67.31209645621549
2023-01-01,2023,20,4,AVGO,BROADCOM INC,Technology,95.7,22.25703370254,104.23198963594372,19.1162750734,14.0877088729,96.15,0.0385,,,90.14428076304372
2023-01-01,2023,20,5,PAGP,PLAINS GP HOLDINGS LP,Industrials,95.3,1.828037594994,38.12307365288552,19.1162750734,14.0877088729,96.15,0.0385,,,24.03536477998552
2023-01-01,2023,20,6,DVAX,DYNAVAX TECHNOLOGIES CORP,Healthcare,95.2,1.35750311256,31.390977443609017,19.1162750734,14.0877088729,96.15,0.0385,,,17.303268570709015
2023-01-01,2023,20,7,AMR,ALPHA METALLURGICAL RESOURCES INC,Energy,94.7,2.311143528093,133.80726698262245,19.1162750734,14.0877088729,96.15,0.0385,,,119.71955810972246
2023-01-01,2023,20,8,EQH,EQUITABLE HOLDINGS INC,Financials,94.3,9.661436212221,19.5641349726148,19.1162750734,14.0877088729,96.15,0.0385,,,5.476426099714798
2023-01-01,2023,20,9,LRCX,LAM RESEARCH CORP,Technology,94.2,5.547093112464,88.61188965924175,19.1162750734,14.0877088729,96.15,0.0385,,,74.52418078634176
2023-01-01,2023,20,10,SIGA,SIGA TECHNOLOGIES INC,Healthcare,93.9,0.372131053112,-18.01412872841445,19.1162750734,14.0877088729,96.15,0.0385,,,-32.10183760131445
2023-01-01,2023,20,11,MLI,MUELLER INDUSTRIES INC,Materials,93.4,0.801337183296,62.34743116661936,19.1162750734,14.0877088729,96.15,0.0385,,,48.259722293719356
2023-01-01,2023,20,12,X,UNITED STATES STEEL CORP,Materials,93.3,5.788317068351999,95.70179698882954,19.1162750734,14.0877088729,96.15,0.0385,,,81.61408811592955
2023-01-01,2023,20,13,RGNX,REGENXBIO INC,Healthcare,92.4,0.98189955108,-20.85537918871252,19.1162750734,14.0877088729,96.15,0.0385,,,-34.94308806161252
2023-01-01,2023,20,14,RYZ,RYERSON HOLDING CORP,Industrials,92.3,1.006046982556,17.092822191972346,19.1162750734,14.0877088729,96.15,0.0385,,,3.005113319072345
2023-01-01,2023,20,15,METC,RAMACO RESOURCES INC,Materials,92.2,0.284187882582,150.38037571805617,19.1162750734,14.0877088729,96.15,0.0385,,,136.29266684515616
2023-01-01,2023,20,16,RCUS,ARCUS BIOSCIENCES INC,Healthcare,92.1,1.49739136008,-7.640232108317202,19.1162750734,14.0877088729,96.15,0.0385,,,-21.727940981217202
2023-01-01,2023,20,17,PLAB,PHOTRONICS INC,Technology,91.8,1.0390558077899998,86.39334521687465,19.1162750734,14.0877088729,96.15,0.0385,,,72.30563634397465
2023-01-01,2023,20,18,HSII,HEIDRICK & STRUGGLES INTERNATIONAL INC,Industrials,91.4,0.527955074124,7.922356393183616,19.1162750734,14.0877088729,96.15,0.0385,,,-6.165352479716384
2023-01-01,2023,20,19,WIRE,ENCORE WIRE CORP,Materials,91.0,2.52153613002,55.35429805992624,19.1162750734,14.0877088729,96.15,0.0385,,,41.26658918702624
2023-01-01,2023,20,20,MA,MASTERCARD INC,Financials,91.0,41.667127310808,23.394676170983608,19.1162750734,14.0877088729,96.15,0.0385,,,9.306967298083608
2023-01-01,2023,20,21,PFG,PRINCIPAL FINANCIAL GROUP INC,Financials,91.0,17.9866318929,-2.825465923003667,19.1162750734,14.0877088729,96.15,0.0385,,,-16.913174795903668
2023-01-01,2023,20,22,SCPL,SCIPLAY CORP,Technology,90.9,0.3537599999999999,,19.1162750734,14.0877088729,96.15,0.0385,,,
2023-01-01,2023,20,23,SNEX,STONEX GROUP INC,Financials,90.9,0.3839172570749999,16.207171314741053,19.1162750734,14.0877088729,96.15,0.0385,,,2.119462441841053
2023-01-01,2023,20,24,RITM,RITHM CAPITAL CORP,Real Estate,90.6,2.757021882,45.53264604810996,19.1162750734,14.0877088729,96.15,0.0385,,,31.444937175209958
2023-01-01,2023,20,25,BCC,BOISE CASCADE CO,Industrials,90.5,2.3135686851410004,106.8253508158707,19.1162750734,14.0877088729,96.15,0.0385,,,92.73764194297071
2023-01-01,2023,20,26,CMG,CHIPOTLE MEXICAN GRILL INC,Consumer Disc,90.5,0.769260858,64.82522522522522,19.1162750734,14.0877088729,96.15,0.0385,,,50.73751635232522
2023-01-01,2023,20,27,TPL,TEXAS PACIFIC LAND CORP,Financials,90.1,1.930577198688,-32.39989145096537,19.1162750734,14.0877088729,96.15,0.0385,,,-46.48760032386537
2023-01-01,2023,20,28,ANET,ARISTA NETWORKS INC,Technology,89.9,9.270156451592,94.07654019843756,19.1162750734,14.0877088729,96.15,0.0385,,,79.98883132553756
2023-01-01,2023,20,29,MED,MEDIFAST INC,Consumer Staples,89.8,1.19300865902,-38.43194724308482,19.1162750734,14.0877088729,96.15,0.0385,,,-52.51965611598482
2023-01-01,2023,20,30,PAA,PLAINS ALL AMERICAN PIPELINE LP,Industrials,89.7,6.119489318655,39.22172771881775,19.1162750734,14.0877088729,96.15,0.0385,,,25.13401884591775
2023-01-01,2023,20,31,VHI,VALHI INC,Materials,89.7,0.577778321483,-29.41608340267241,19.1162750734,14.0877088729,96.15,0.0385,,,-43.50379227557241
2023-01-01,2023,20,32,AIG,AMERICAN INTERNATIONAL GROUP INC,Financials,89.6,43.42346668445,9.72196081786294,19.1162750734,14.0877088729,96.15,0.0385,,,-4.365748055037061
2023-01-01,2023,20,33,SKY,CHAMPION HOMES INC,Consumer Disc,89.6,2.93218243728,44.16618132401477,19.1162750734,14.0877088729,96.15,0.0385,,,30.07847245111477
2023-01-01,2023,20,34,MRNA,MODERNA INC,Healthcare,89.6,69.00649584178,-44.633114352521986,19.1162750734,14.0877088729,96.15,0.0385,,,-58.72082322542199
2023-01-01,2023,20,35,EGY,VAALCO ENERGY INC,Energy,89.4,0.402395773494,4.309183948289785,19.1162750734,14.0877088729,96.15,0.0385,,,-9.778524924610215
2023-01-01,2023,20,36,SD,SANDRIDGE ENERGY INC,Energy,89.2,0.435999939138,-8.159986470488755,19.1162750734,14.0877088729,96.15,0.0385,,,-22.247695343388756
2023-01-01,2023,20,37,APH,AMPHENOL CORP,Technology,89.2,10.997942193740002,31.491802391645464,19.1162750734,14.0877088729,96.15,0.0385,,,17.404093518745462
2023-01-01,2023,20,38,TRTN-PA,TRITON INTERNATIONAL LTD,Industrials,88.9,1.087441105464,10.74751189961056,19.1162750734,14.0877088729,96.15,0.0385,,,-3.3401969732894408
2023-01-01,2023,20,39,PPC,PILGRIMS PRIDE CORP,Consumer Staples,88.8,4.78235643776,16.55953322784811,19.1162750734,14.0877088729,96.15,0.0385,,,2.47182435494811
2023-01-01,2023,20,40,CVI,CVR ENERGY INC,Energy,88.7,2.548852807046,11.193500039441506,19.1162750734,14.0877088729,96.15,0.0385,,,-2.894208833458494
2023-01-01,2023,20,41,OTTR,OTTER TAIL CORP,Utilities,88.6,2.234707872408,48.05417388550457,19.1162750734,14.0877088729,96.15,0.0385,,,33.966465012604566
2023-01-01,2023,20,42,AN,AUTONATION INC,Consumer Disc,88.6,5.319113369599999,39.96272134203169,19.1162750734,14.0877088729,96.15,0.0385,,,25.87501246913169
2023-01-01,2023,20,43,KLIC,KULICKE & SOFFA INDUSTRIES INC,Technology,88.1,2.382139280664,25.467949638565756,19.1162750734,14.0877088729,96.15,0.0385,,,11.380240765665755
2023-01-01,2023,20,44,BLDR,BUILDERS FIRSTSOURCE INC,Consumer Disc,87.6,9.548759675519998,157.30579531442666,19.1162750734,14.0877088729,96.15,0.0385,,,143.21808644152665
2023-01-01,2023,20,45,MOS,MOSAIC CO,Materials,87.5,13.449341324033998,-16.39452165767955,19.1162750734,14.0877088729,96.15,0.0385,,,-30.48223053057955
2023-01-01,2023,20,46,ETD,ETHAN ALLEN INTERIORS INC,Consumer Disc,87.3,0.45501153642,28.67806807420199,19.1162750734,14.0877088729,96.15,0.0385,,,14.590359201301988
2023-01-01,2023,20,47,DTE,DTE ENERGY CO,Utilities,87.2,20.20341482148,-2.813578826237051,19.1162750734,14.0877088729,96.15,0.0385,,,-16.90128769913705
2023-01-01,2023,20,48,EXPD,EXPEDITORS INTERNATIONAL OF WASHINGTON INC,Industrials,87.2,15.870830712704,23.87422165625532,19.1162750734,14.0877088729,96.15,0.0385,,,9.786512783355318
2023-01-01,2023,20,49,WSM,WILLIAMS SONOMA INC,Consumer Disc,86.8,3.574138773712,80.28384116814425,19.1162750734,14.0877088729,96.15,0.0385,,,66.19613229524425
2023-01-01,2023,20,50,AMN,AMN HEALTHCARE SERVICES INC,Industrials,86.7,4.455798369019999,-27.17370161447189,19.1162750734,14.0877088729,96.15,0.0385,,,-41.26141048737189
2023-01-01,2023,20,51,PFSI,PENNYMAC FINANCIAL SERVICES INC,Financials,86.4,2.715514429908,57.81785990926191,19.1162750734,14.0877088729,96.15,0.0385,,,43.73015103636191
2023-01-01,2023,20,52,MPC,MARATHON PETROLEUM CORP,Energy,86.3,50.472428409935,30.51209434049864,19.1162750734,14.0877088729,96.15,0.0385,,,16.42438546759864
2023-01-01,2023,20,53,RSG,REPUBLIC SERVICES INC,Utilities,86.3,39.10479982906399,29.632562687375263,19.1162750734,14.0877088729,96.15,0.0385,,,15.544853814475262
2023-01-01,2023,20,54,SM,SM ENERGY CO,Energy,86.3,3.902826730018,13.154831199068685,19.1162750734,14.0877088729,96.15,0.0385,,,-0.9328776738313156
2023-01-01,2023,20,55,AIV,APARTMENT INVESTMENT & MANAGEMENT CO,Real Estate,86.2,0.3810516658269999,9.988062077198556,19.1162750734,14.0877088729,96.15,0.0385,,,-4.099646795701444
2023-01-01,2023,20,56,MMI,MARCUS & MILLICHAP INC,Real Estate,86.0,1.276039911045,29.708468301712188,19.1162750734,14.0877088729,96.15,0.0385,,,15.620759428812187
2023-01-01,2023,20,57,BHF,BRIGHTHOUSE FINANCIAL INC,Financials,85.9,3.54427936011,3.2182562902282053,19.1162750734,14.0877088729,96.15,0.0385,,,-10.869452582671794
2023-01-01,2023,20,58,ZEUS,OLYMPIC STEEL INC,Industrials,85.9,0.358628668904,100.60828005710384,19.1162750734,14.0877088729,96.15,0.0385,,,86.52057118420385
2023-01-01,2023,20,59,ARCB,ARCBEST CORP,Industrials,85.8,1.67877808576,72.44298347684432,19.1162750734,14.0877088729,96.15,0.0385,,,58.355274603944316
2023-01-01,2023,20,60,TOL,TOLL BROTHERS INC,Industrials,85.5,5.339920302,108.63019947746028,19.1162750734,14.0877088729,96.15,0.0385,,,94.54249060456029
2023-01-01,2023,20,61,LYB,LYONDELLBASELL INDUSTRIES NV,Materials,85.4,21.365847171295,20.67819858264119,19.1162750734,14.0877088729,96.15,0.0385,,,6.59048970974119
2023-01-01,2023,20,62,BLMN,BLOOMIN' BRANDS INC,Consumer Disc,85.3,1.529277484836,45.553705723635105,19.1162750734,14.0877088729,96.15,0.0385,,,31.465996850735102
2023-01-01,2023,20,63,LUMN,LUMEN TECHNOLOGIES INC,Communication Svcs,85.1,5.40052244046,-64.94252873563218,19.1162750734,14.0877088729,96.15,0.0385,,,-79.03023760853218
2023-01-01,2023,20,64,FLGT,FULGENT GENETICS INC,Healthcare,84.9,0.8766651885600001,-2.9214237743452,19.1162750734,14.0877088729,96.15,0.0385,,,-17.0091326472452
2023-01-01,2023,20,65,UCTT,ULTRA CLEAN HOLDINGS INC,Technology,84.8,1.5082136823,2.986425339366527,19.1162750734,14.0877088729,96.15,0.0385,,,-11.101283533533474
2023-01-01,2023,20,66,GPI,GROUP 1 AUTOMOTIVE INC,Consumer Disc,84.6,2.569988061732,70.19726652256055,19.1162750734,14.0877088729,96.15,0.0385,,,56.10955764966055
2023-01-01,2023,20,67,V,VISA INC,Financials,84.6,94.753902650746,26.30786526870483,19.1162750734,14.0877088729,96.15,0.0385,,,12.22015639580483
2023-01-01,2023,20,68,VRTV,VERITIV CORP,Industrials,84.3,1.617618827516,,19.1162750734,14.0877088729,96.15,0.0385,,,
2023-01-01,2023,20,69,THC,TENET HEALTHCARE CORP,Healthcare,84.2,5.275330244939999,54.88829678212747,19.1162750734,14.0877088729,96.15,0.0385,,,40.80058790922747
2023-01-01,2023,20,70,EXEL,EXELIXIS INC,Healthcare,84.1,5.173885144719999,49.5635910224439,19.1162750734,14.0877088729,96.15,0.0385,,,35.4758821495439
2023-01-01,2023,20,71,RGP,RESOURCES CONNECTION INC,Technology,84.1,0.508794229575,-20.099502487562184,19.1162750734,14.0877088729,96.15,0.0385,,,-34.187211360462186
2023-01-01,2023,20,72,PRG,PROG HOLDINGS INC,Industrials,84.1,0.8095281151999999,83.00370828182942,19.1162750734,14.0877088729,96.15,0.0385,,,68.91599940892942
2023-01-01,2023,20,73,ABCL,ABCELLERA BIOLOGICS INC,Healthcare,84.0,2.8981973255100004,-43.632773938795665,19.1162750734,14.0877088729,96.15,0.0385,,,-57.72048281169567
2023-01-01,2023,20,74,KFY,KORN FERRY,Industrials,84.0,2.46108027545,19.145017241010052,19.1162750734,14.0877088729,96.15,0.0385,,,5.057308368110052
2023-01-01,2023,20,75,MX,MAGNACHIP SEMICONDUCTOR CORP,Technology,83.8,0.41480561628,-20.127795527156557,19.1162750734,14.0877088729,96.15,0.0385,,,-34.21550440005656
2023-01-01,2023,20,76,AAWW,ATLAS AIR WORLDWIDE HOLDINGS INC,Industrials,83.7,2.8591111584,,19.1162750734,14.0877088729,96.15,0.0385,,,
2023-01-01,2023,20,77,EBIXQ,EBIX INC,Technology,83.7,0.6168418240400001,,19.1162750734,14.0877088729,96.15,0.0385,,,
2023-01-01,2023,20,78,ENVA,ENOVA INTERNATIONAL INC,Financials,83.4,1.20711732225,44.27938493614805,19.1162750734,14.0877088729,96.15,0.0385,,,30.191676063248046
2023-01-01,2023,20,79,CIO,CITY OFFICE REIT INC,Real Estate,83.1,0.263613456579,-19.496760584601468,19.1162750734,14.0877088729,96.15,0.0385,,,-33.58446945750147
2023-01-01,2023,20,80,RHI,ROBERT HALF INC,Industrials,83.0,6.731357671976,22.14986863525734,19.1162750734,14.0877088729,96.15,0.0385,,,8.062159762357341
2023-01-01,2023,20,81,CMCSA,COMCAST CORP,Communication Svcs,83.0,59.261776549725006,29.054830287206254,19.1162750734,14.0877088729,96.15,0.0385,,,14.967121414306254
2023-01-01,2023,20,82,CHS,CHICO'S FAS INC,Consumer Disc,83.0,0.6153410445599999,54.06504065040651,19.1162750734,14.0877088729,96.15,0.0385,,,39.97733177750651
2023-01-01,2023,20,83,SITC,SITE CENTERS CORP,Real Estate,82.9,0.934416688628,5.1171253127132,19.1162750734,14.0877088729,96.15,0.0385,,,-8.9705835601868
2023-01-01,2023,20,84,LPX,LOUISIANA-PACIFIC CORP,Materials,82.9,4.030933566465,21.567685822528148,19.1162750734,14.0877088729,96.15,0.0385,,,7.479976949628147
2023-01-01,2023,20,85,SIG,SIGNET JEWELERS LTD,Consumer Disc,82.8,2.932332299616,59.65197719102515,19.1162750734,14.0877088729,96.15,0.0385,,,45.56426831812515
2023-01-01,2023,20,86,VSH,VISHAY INTERTECHNOLOGY INC,Technology,82.8,2.63991933942,12.97069051167412,19.1162750734,14.0877088729,96.15,0.0385,,,-1.117018361225881
2023-01-01,2023,20,87,BZH,BEAZER HOMES USA INC,Industrials,82.8,0.39403056088,164.81191222570533,19.1162750734,14.0877088729,96.15,0.0385,,,150.72420335280532
2023-01-01,2023,20,88,DVA,DAVITA INC,Healthcare,82.8,6.727767,40.2973081558859,19.1162750734,14.0877088729,96.15,0.0385,,,26.2095992829859
2023-01-01,2023,20,89,MUSA,MURPHY USA INC,Consumer Disc,82.7,6.2023472710259995,28.190286070240766,19.1162750734,14.0877088729,96.15,0.0385,,,14.102577197340766
2023-01-01,2023,20,90,CF,CF INDUSTRIES HOLDINGS INC,Materials,82.6,15.373798699606,-4.733161481330228,19.1162750734,14.0877088729,96.15,0.0385,,,-18.82087035423023
2023-01-01,2023,20,91,BRT,BRT APARTMENTS CORP,Real Estate,82.4,0.301263600594,-0.0754432289702067,19.1162750734,14.0877088729,96.15,0.0385,,,-14.163152101870207
2023-01-01,2023,20,92,STLD,STEEL DYNAMICS INC,Materials,82.4,16.328843322636,22.73880693303514,19.1162750734,14.0877088729,96.15,0.0385,,,8.651098060135139
2023-01-01,2023,20,93,NXPI,NXP SEMICONDUCTORS NV,Technology,82.4,38.390311535576,48.348273348273366,19.1162750734,14.0877088729,96.15,0.0385,,,34.260564475373364
2023-01-01,2023,20,94,FE,FIRSTENERGY CORP,Utilities,82.3,20.543664049544997,-8.861428849739772,19.1162750734,14.0877088729,96.15,0.0385,,,-22.949137722639772
2023-01-01,2023,20,95,NTAP,NETAPP INC,Technology,82.3,11.934787763591,51.140653505048505,19.1162750734,14.0877088729,96.15,0.0385,,,37.0529446321485
2023-01-01,2023,20,96,USNA,USANA HEALTH SCIENCES INC,Healthcare,82.2,1.0217745748,0.7518796992481258,19.1162750734,14.0877088729,96.15,0.0385,,,-13.335829173651874
2023-01-01,2023,20,97,COF,CAPITAL ONE FINANCIAL CORP,Financials,82.2,33.279153396964,44.31050500648033,19.1162750734,14.0877088729,96.15,0.0385,,,30.222796133580324
2023-01-01,2023,20,98,GDEN,GOLDEN ENTERTAINMENT INC,Consumer Disc,82.2,0.937485167656,12.271953296035033,19.1162750734,14.0877088729,96.15,0.0385,,,-1.8157555768649676
2023-01-01,2023,20,99,TWI,TITAN INTERNATIONAL INC,Materials,82.2,0.96276948252,-2.8720626631853707,19.1162750734,14.0877088729,96.15,0.0385,,,-16.95977153608537
2023-01-01,2023,20,100,HDSN,HUDSON TECHNOLOGIES INC,Industrials,82.1,0.4561682294399999,33.300395256917014,19.1162750734,14.0877088729,96.15,0.0385,,,19.21268638401701
2023-01-01,2023,20,101,PLYA,PLAYA HOTELS & RESORTS NV,Consumer Disc,82.0,1.06038912124,32.465543644716696,19.1162750734,14.0877088729,96.15,0.0385,,,18.377834771816694
2023-01-01,2023,20,102,RMNI,RIMINI STREET INC,Technology,82.0,0.33633918,-14.173228346456687,19.1162750734,14.0877088729,96.15,0.0385,,,-28.260937219356688
2023-01-01,2023,20,103,RFP,RESOLUTE FOREST PRODUCTS INC,Materials,82.0,1.65836699949,,19.1162750734,14.0877088729,96.15,0.0385,,,
2023-01-01,2023,20,104,ATKR,ATKORE INC,Industrials,81.8,4.309852165089,41.06821972594157,19.1162750734,14.0877088729,96.15,0.0385,,,26.980510853041565
2023-01-01,2023,20,105,CVCO,CAVCO INDUSTRIES INC,Consumer Disc,81.4,2.01573794875,53.202209944751374,19.1162750734,14.0877088729,96.15,0.0385,,,39.11450107185137
2023-01-01,2023,20,106,BKE,BUCKLE INC,Consumer Disc,81.3,1.603991641186,15.258736454201928,19.1162750734,14.0877088729,96.15,0.0385,,,1.171027581301928
2023-01-01,2023,20,107,CLH,CLEAN HARBORS INC,Utilities,81.2,6.17095865952,52.917981072555186,19.1162750734,14.0877088729,96.15,0.0385,,,38.830272199655184
2023-01-01,2023,20,108,ACLS,AXCELIS TECHNOLOGIES INC,Technology,81.0,2.60686664192,63.41985887096775,19.1162750734,14.0877088729,96.15,0.0385,,,49.33214999806775
2023-01-01,2023,20,109,CORT,CORCEPT THERAPEUTICS INC,Healthcare,81.0,2.1863685347399997,59.921221073362865,19.1162750734,14.0877088729,96.15,0.0385,,,45.83351220046286
2023-01-01,2023,20,110,RLI,RLI CORP,Financials,80.9,2.687885202843,3.773234514544277,19.1162750734,14.0877088729,96.15,0.0385,,,-10.314474358355724
2023-01-01,2023,20,111,GM,GENERAL MOTORS CO,Consumer Disc,80.9,46.118659099594005,7.904626948431992,19.1162750734,14.0877088729,96.15,0.0385,,,-6.183081924468008
2023-01-01,2023,20,112,UTHR,UNITED THERAPEUTICS CORP,Healthcare,80.8,12.67449513786,-20.92847639253479,19.1162750734,14.0877088729,96.15,0.0385,,,-35.01618526543479
2023-01-01,2023,20,113,ATLC,ATLANTICUS HOLDINGS CORP,Financials,80.7,0.378466729,47.595419847328245,19.1162750734,14.0877088729,96.15,0.0385,,,33.50771097442824
2023-01-01,2023,20,114,AOSL,ALPHA & OMEGA SEMICONDUCTOR LTD,Technology,80.7,0.78304584575,-8.785439271963602,19.1162750734,14.0877088729,96.15,0.0385,,,-22.873148144863602
2023-01-01,2023,20,115,EXLS,EXLSERVICE HOLDINGS INC,Technology,80.5,1.1204274083460002,-8.95945228117807,19.1162750734,14.0877088729,96.15,0.0385,,,-23.04716115407807
2023-01-01,2023,20,116,PSA,PUBLIC STORAGE,Real Estate,80.0,42.66502338263199,13.606461546061578,19.1162750734,14.0877088729,96.15,0.0385,,,-0.48124732683842275
2023-01-01,2023,20,117,WM,WASTE MANAGEMENT INC,Utilities,80.0,60.964468775015995,16.174817029241684,19.1162750734,14.0877088729,96.15,0.0385,,,2.0871081563416833
2023-01-01,2023,20,118,REPX,RILEY EXPLORATION PERMIAN INC,Energy,79.9,0.4925144189,-3.794514940646742,19.1162750734,14.0877088729,96.15,0.0385,,,-17.882223813546744
2023-01-01,2023,20,119,MNST,MONSTER BEVERAGE CORP,Consumer Staples,79.8,13.243418103396,13.481463971949736,19.1162750734,14.0877088729,96.15,0.0385,,,-0.606244900950264
2023-01-01,2023,20,120,HT,HERSHA HOSPITALITY TRUST,Real Estate,79.8,1.6912744489650002,,19.1162750734,14.0877088729,96.15,0.0385,,,
2023-01-01,2023,20,121,PTVE,PACTIV EVERGREEN INC,Materials,79.7,1.868176772434,26.449033977348435,19.1162750734,14.0877088729,96.15,0.0385,,,12.361325104448435
2023-01-01,2023,20,122,VLGEA,VILLAGE SUPER MARKET INC,Consumer Staples,79.5,0.284302449766,17.604947891302245,19.1162750734,14.0877088729,96.15,0.0385,,,3.517239018402245
2023-01-01,2023,20,123,AMPH,AMPHASTAR PHARMACEUTICALS INC,Healthcare,79.2,1.35423983172,120.73518915060671,19.1162750734,14.0877088729,96.15,0.0385,,,106.64748027770672
2023-01-01,2023,20,124,BERY,BERRY GLOBAL GROUP INC,Materials,79.2,6.6316558,13.355664508402263,19.1162750734,14.0877088729,96.15,0.0385,,,-0.732044364497737
2023-01-01,2023,20,125,DFIN,DONNELLEY FINANCIAL SOLUTIONS INC,Unclassified,79.2,1.1248656577,61.371280724450195,19.1162750734,14.0877088729,96.15,0.0385,,,47.28357185155019
2023-01-01,2023,20,126,HST,HOST HOTELS & RESORTS INC,Real Estate,79.0,9.343267752987,27.535011861942294,19.1162750734,14.0877088729,96.15,0.0385,,,13.447302989042294
2023-01-01,2023,20,127,SO,SOUTHERN CO,Utilities,78.8,68.079066626152,2.190808200339034,19.1162750734,14.0877088729,96.15,0.0385,,,-11.896900672560967
2023-01-01,2023,20,128,VRTX,VERTEX PHARMACEUTICALS INC,Healthcare,78.7,74.12735750856,40.89964678994391,19.1162750734,14.0877088729,96.15,0.0385,,,26.811937917043906
2023-01-01,2023,20,129,UFPI,UFP INDUSTRIES INC,Materials,78.7,4.650242243729999,60.29027768573134,19.1162750734,14.0877088729,96.15,0.0385,,,46.20256881283134
2023-01-01,2023,20,130,VLO,VALERO ENERGY CORP,Energy,78.6,43.886813397686005,5.875945430747476,19.1162750734,14.0877088729,96.15,0.0385,,,-8.211763442152524
2023-01-01,2023,20,131,CRUS,CIRRUS LOGIC INC,Technology,78.6,4.10091356248,11.694414607948444,19.1162750734,14.0877088729,96.15,0.0385,,,-2.3932942649515567
2023-01-01,2023,20,132,SGRY,SURGERY PARTNERS INC,Healthcare,78.5,2.50602466324,14.82412060301508,19.1162750734,14.0877088729,96.15,0.0385,,,0.7364117301150799
2023-01-01,2023,20,133,LQDT,LIQUIDITY SERVICES INC,Technology,78.2,0.50332172186,22.403982930298728,19.1162750734,14.0877088729,96.15,0.0385,,,8.316274057398727
2023-01-01,2023,20,134,DECK,DECKERS OUTDOOR CORP,Consumer Disc,78.1,1.760756537492,67.45832519127572,19.1162750734,14.0877088729,96.15,0.0385,,,53.37061631837572
2023-01-01,2023,20,135,UTMD,UTAH MEDICAL PRODUCTS INC,Healthcare,77.9,0.342784828002,-15.10995407115796,19.1162750734,14.0877088729,96.15,0.0385,,,-29.19766294405796
2023-01-01,2023,20,136,WTI,W&T OFFSHORE INC,Energy,77.8,0.7574680679280001,-41.40994140994141,19.1162750734,14.0877088729,96.15,0.0385,,,-55.49765028284141
2023-01-01,2023,20,137,VAC,MARRIOTT VACATIONS WORLDWIDE CORP,Real Estate,77.7,4.5315100720679995,-35.22925228744905,19.1162750734,14.0877088729,96.15,0.0385,,,-49.31696116034905
2023-01-01,2023,20,138,EGRX,EAGLE PHARMACEUTICALS INC,Healthcare,77.6,0.38045347088,-82.10742387957578,19.1162750734,14.0877088729,96.15,0.0385,,,-96.19513275247577
2023-01-01,2023,20,139,TECH,BIO-TECHNE CORP,Healthcare,77.5,3.188757639072,-6.486745920401682,19.1162750734,14.0877088729,96.15,0.0385,,,-20.574454793301683
2023-01-01,2023,20,140,MD,PEDIATRIX MEDICAL GROUP INC,Healthcare,77.2,1.23441658902,-37.415881561238216,19.1162750734,14.0877088729,96.15,0.0385,,,-51.50359043413822
2023-01-01,2023,20,141,NRG,NRG ENERGY INC,Utilities,77.2,6.71892495462,69.22575778356878,19.1162750734,14.0877088729,96.15,0.0385,,,55.13804891066878
2023-01-01,2023,20,142,LAZ,LAZARD INC,Financials,77.1,3.2625485448119997,6.829807825245404,19.1162750734,14.0877088729,96.15,0.0385,,,-7.257901047654596
2023-01-01,2023,20,143,EBF,ENNIS INC,Communication Svcs,77.1,0.42410437468,3.667377398720695,19.1162750734,14.0877088729,96.15,0.0385,,,-10.420331474179306
2023-01-01,2023,20,144,FOR,FORESTAR GROUP INC,Real Estate,77.1,0.7669476867999999,114.60090850097338,19.1162750734,14.0877088729,96.15,0.0385,,,100.51319962807338
2023-01-01,2023,20,145,RH,RH,Consumer Disc,77.1,6.309024142189999,9.090909090909104,19.1162750734,14.0877088729,96.15,0.0385,,,-4.996799781990896
2023-01-01,2023,20,146,WEC,WEC ENERGY GROUP INC,Utilities,76.9,25.898121298692995,-6.9973082591379026,19.1162750734,14.0877088729,96.15,0.0385,,,-21.085017132037905
2023-01-01,2023,20,147,STWD,STARWOOD PROPERTY TRUST INC,Real Estate,76.5,3.997042871477999,26.612965688172885,19.1162750734,14.0877088729,96.15,0.0385,,,12.525256815272884
2023-01-01,2023,20,148,ECPG,ENCORE CAPITAL GROUP INC,Financials,76.5,1.12111275912,5.86149353358365,19.1162750734,14.0877088729,96.15,0.0385,,,-8.22621533931635
2023-01-01,2023,20,149,CRAI,CRA INTERNATIONAL INC,Unclassified,76.2,0.833704177365,-18.05064656094618,19.1162750734,14.0877088729,96.15,0.0385,,,-32.13835543384618
2023-01-01,2023,20,150,JLL,JONES LANG LASALLE INC,Real Estate,76.1,7.56410882468,18.510384639518108,19.1162750734,14.0877088729,96.15,0.0385,,,4.422675766618108
2023-01-01,2023,20,151,PIPR,PIPER SANDLER COMPANIES,Financials,76.0,0.53267036585,37.79712085704718,19.1162750734,14.0877088729,96.15,0.0385,,,23.70941198414718
2023-01-01,2023,20,152,CWK,CUSHMAN & WAKEFIELD LTD,Real Estate,76.0,2.81292793376,-13.32263242375602,19.1162750734,14.0877088729,96.15,0.0385,,,-27.41034129665602
2023-01-01,2023,20,153,DXLG,DESTINATION XL GROUP INC,Consumer Disc,75.9,0.42166749825,-34.81481481481481,19.1162750734,14.0877088729,96.15,0.0385,,,-48.90252368771481
2023-01-01,2023,20,154,AOS,SMITH A O CORP,Consumer Disc,75.7,4.020394664356,47.277111157157115,19.1162750734,14.0877088729,96.15,0.0385,,,33.18940228425711
2023-01-01,2023,20,155,SFM,SPROUTS FARMERS MARKET INC,Consumer Staples,75.4,3.4264444538999994,48.62527031201731,19.1162750734,14.0877088729,96.15,0.0385,,,34.537561439117304
2023-01-01,2023,20,156,NGVT,INGEVITY CORP,Materials,75.3,2.6324575467599995,-32.96422487223168,19.1162750734,14.0877088729,96.15,0.0385,,,-47.051933745131684
2023-01-01,2023,20,157,BANC,BANC OF CALIFORNIA INC,Financials,75.1,0.54195653875,-13.121327341859656,19.1162750734,14.0877088729,96.15,0.0385,,,-27.209036214759657
2023-01-01,2023,20,158,AHRT,AH REALTY TRUST INC,Real Estate,75.0,0.5948711759369999,15.04041899123305,19.1162750734,14.0877088729,96.15,0.0385,,,0.9527101183330497
2023-01-01,2023,20,159,VZ,VERIZON COMMUNICATIONS INC,Communication Svcs,74.9,128.636208584163,2.7653530967383766,19.1162750734,14.0877088729,96.15,0.0385,,,-11.322355776161624
2023-01-01,2023,20,160,UHT,UNIVERSAL HEALTH REALTY INCOME TRUST,Real Estate,74.9,0.514394489952,-3.5418175963937815,19.1162750734,14.0877088729,96.15,0.0385,,,-17.629526469293783
2023-01-01,2023,20,161,MGPI,MGP INGREDIENTS INC,Unclassified,74.8,2.230217244436,-6.948649421603326,19.1162750734,14.0877088729,96.15,0.0385,,,-21.036358294503327
2023-01-01,2023,20,162,AD,ARRAY DIGITAL INFRASTRUCTURE INC,Communication Svcs,74.8,0.50152314261,99.23688394276628,19.1162750734,14.0877088729,96.15,0.0385,,,85.14917506986629
2023-01-01,2023,20,163,ARL,AMERICAN REALTY INVESTORS INC,Real Estate,74.7,0.4142999029499999,-32.12475633528265,19.1162750734,14.0877088729,96.15,0.0385,,,-46.21246520818265
2023-01-01,2023,20,164,UAN,CVR PARTNERS LP,Materials,74.4,0.587090487165,-13.547574039067422,19.1162750734,14.0877088729,96.15,0.0385,,,-27.635282911967423
2023-01-01,2023,20,165,BKU,BANKUNITED INC,Financials,74.3,2.291599622613,-0.3237009812185998,19.1162750734,14.0877088729,96.15,0.0385,,,-14.4114098541186
2023-01-01,2023,20,166,D,DOMINION ENERGY INC,Utilities,74.3,43.10532635465,-19.11076744635607,19.1162750734,14.0877088729,96.15,0.0385,,,-33.19847631925607
2023-01-01,2023,20,167,TCI,TRANSCONTINENTAL REALTY INVESTORS INC,Real Estate,74.1,0.3816849808799999,-21.774558623811668,19.1162750734,14.0877088729,96.15,0.0385,,,-35.86226749671167
2023-01-01,2023,20,168,ALX,ALEXANDERS INC,Real Estate,74.0,0.82519505988,6.274602035006072,19.1162750734,14.0877088729,96.15,0.0385,,,-7.813106837893929
2023-01-01,2023,20,169,AEL,AMERICAN EQUITY INVESTMENT LIFE HOLDING CO,Financials,73.9,3.88299799608,22.313940143021107,19.1162750734,14.0877088729,96.15,0.0385,,,8.226231270121106
2023-01-01,2023,20,170,SICPQ,SILVERGATE CAPITAL CORP,Financials,73.6,0.5508596922,,19.1162750734,14.0877088729,96.15,0.0385,,,
2023-01-01,2023,20,171,MUR,MURPHY OIL CORP,Energy,73.3,5.8135612183509995,1.919940102147244,19.1162750734,14.0877088729,96.15,0.0385,,,-12.167768770752756
2023-01-01,2023,20,172,WY,WEYERHAEUSER CO,Real Estate,73.1,20.022093819,18.09828352997389,19.1162750734,14.0877088729,96.15,0.0385,,,4.0105746570738905
2023-01-01,2023,20,173,REI,RING ENERGY INC,Energy,72.9,0.42905187918,-40.65040650406504,19.1162750734,14.0877088729,96.15,0.0385,,,-54.73811537696504
2023-01-01,2023,20,174,DAR,DARLING INGREDIENTS INC,Consumer Staples,72.8,10.03138805262,-20.37066624061351,19.1162750734,14.0877088729,96.15,0.0385,,,-34.45837511351351
2023-01-01,2023,20,175,COKE,COCA-COLA CONSOLIDATED INC,Consumer Staples,72.7,0.3501594293039999,82.90504160548215,19.1162750734,14.0877088729,96.15,0.0385,,,68.81733273258216
2023-01-01,2023,20,176,NX,QUANEX BUILDING PRODUCTS CORP,Materials,72.5,0.74553001575,30.715904546060525,19.1162750734,14.0877088729,96.15,0.0385,,,16.628195673160526
2023-01-01,2023,20,177,OLN,OLIN CORP,Materials,72.2,6.5976774399639995,3.454288798472138,19.1162750734,14.0877088729,96.15,0.0385,,,-10.633420074427862
2023-01-01,2023,20,178,MTDR,MATADOR RESOURCES CO,Energy,71.8,6.26055181416,0.5681067512220972,19.1162750734,14.0877088729,96.15,0.0385,,,-13.519602121677902
2023-01-01,2023,20,179,JBSS,SANFILIPPO JOHN B & SON INC,Consumer Staples,71.7,0.57245385702,30.868646171743094,19.1162750734,14.0877088729,96.15,0.0385,,,16.780937298843092
2023-01-01,2023,20,180,ETRN,EQUITRANS MIDSTREAM CORP,Energy,70.4,2.60101381,65.09151414309487,19.1162750734,14.0877088729,96.15,0.0385,,,51.00380527019487
2023-01-01,2023,20,181,UGI,UGI CORP,Utilities,70.0,6.498932087759999,-29.887393927661076,19.1162750734,14.0877088729,96.15,0.0385,,,-43.975102800561075
2023-01-01,2023,20,182,HE,HAWAIIAN ELECTRIC INDUSTRIES INC,Utilities,69.6,4.366118989076,-64.42182328753385,19.1162750734,14.0877088729,96.15,0.0385,,,-78.50953216043385
2023-01-01,2023,20,183,PM,PHILIP MORRIS INTERNATIONAL INC,Consumer Staples,69.4,134.24441920839,-1.784105868495811,19.1162750734,14.0877088729,96.15,0.0385,,,-15.871814741395811
2023-01-01,2023,20,184,CLNE,CLEAN ENERGY FUELS CORP,Utilities,69.1,1.1566263436000002,-26.346153846153857,19.1162750734,14.0877088729,96.15,0.0385,,,-40.433862719053856
2023-01-01,2023,20,185,MCK,MCKESSON CORP,Consumer Staples,68.8,52.26039754316,24.132654307086643,19.1162750734,14.0877088729,96.15,0.0385,,,10.044945434186642
2023-01-01,2023,20,186,SCHL,SCHOLASTIC CORP,Communication Svcs,68.6,1.108174872896,-2.532423971377473,19.1162750734,14.0877088729,96.15,0.0385,,,-16.620132844277475
2023-01-01,2023,20,187,SWN,SOUTHWESTERN ENERGY CO,Energy,68.6,6.455935213649999,11.965811965811968,19.1162750734,14.0877088729,96.15,0.0385,,,-2.1218969070880327
2023-01-01,2023,20,188,AR,ANTERO RESOURCES CORP,Energy,68.4,9.30122846154,-26.815101645692152,19.1162750734,14.0877088729,96.15,0.0385,,,-40.902810518592155
2023-01-01,2023,20,189,MO,ALTRIA GROUP INC,Consumer Staples,68.3,62.362230588546,-3.575020835129461,19.1162750734,14.0877088729,96.15,0.0385,,,-17.66272970802946
2023-01-01,2023,20,190,OMC,OMNICOM GROUP INC,Communication Svcs,67.5,14.747418293088,9.579513557611197,19.1162750734,14.0877088729,96.15,0.0385,,,-4.508195315288804
2023-01-01,2023,20,191,T,AT&T INC,Communication Svcs,67.3,106.940635,-2.719093635454861,19.1162750734,14.0877088729,96.15,0.0385,,,-16.806802508354863
2023-01-01,2023,20,192,NI,NISOURCE INC,Utilities,66.9,9.877999466124,0.4481539347093166,19.1162750734,14.0877088729,96.15,0.0385,,,-13.639554938190685
2023-01-01,2023,20,193,MNTK,MONTAUK RENEWABLES INC,Utilities,66.2,1.58394860143,-19.220308250226648,19.1162750734,14.0877088729,96.15,0.0385,,,-33.308017123126646
2023-01-01,2023,20,194,NFLX,NETFLIX INC,Communication Svcs,65.9,13.122764327072,65.1112316874661,19.1162750734,14.0877088729,96.15,0.0385,,,51.0235228145661
2023-01-01,2023,20,195,TWNK,HOSTESS BRANDS INC,Consumer Staples,65.7,3.00441837828,,19.1162750734,14.0877088729,96.15,0.0385,,,
2023-01-01,2023,20,196,PDCE,PDC ENERGY INC,Energy,65.7,5.783183339206,,19.1162750734,14.0877088729,96.15,0.0385,,,
2023-01-01,2023,20,197,OGE,OGE ENERGY CORP,Utilities,65.5,6.757841193360001,-7.569249000148137,19.1162750734,14.0877088729,96.15,0.0385,,,-21.656957873048135
2023-01-01,2023,20,198,VGR,VECTOR GROUP LTD,Consumer Staples,65.3,1.628607684942,1.976998384183992,19.1162750734,14.0877088729,96.15,0.0385,,,-12.110710488716009
2023-01-01,2023,20,199,ARLP,ALLIANCE RESOURCE PARTNERS LP,Energy,65.2,1.687498970473,18.98696012662999,19.1162750734,14.0877088729,96.15,0.0385,,,4.899251253729991
2023-01-01,2023,20,200,VVV,VALVOLINE INC,Unclassified,64.9,5.7013528603,15.09954058192955,19.1162750734,14.0877088729,96.15,0.0385,,,1.0118317090295488
2023-01-01,2023,20,201,TALO,TALOS ENERGY INC,Energy,64.8,1.5589277926399998,-24.629237288135585,19.1162750734,14.0877088729,96.15,0.0385,,,-38.71694616103559
2023-01-01,2023,20,202,MRO,MARATHON OIL CORP,Energy,64.7,16.6324267296,-9.278350515463918,19.1162750734,14.0877088729,96.15,0.0385,,,-23.36605938836392
2023-01-01,2023,20,203,COR,CENCORA INC,Consumer Staples,64.6,32.954695601696,25.32452943232313,19.1162750734,14.0877088729,96.15,0.0385,,,11.236820559423128
2023-01-01,2023,20,204,OVV,OVINTIV INC,Energy,64.6,11.439418601666,-10.937974738486922,19.1162750734,14.0877088729,96.15,0.0385,,,-25.025683611386924
2023-01-01,2023,20,205,HLF,HERBALIFE LTD,Consumer Staples,64.3,1.45650523008,2.5537634408602017,19.1162750734,14.0877088729,96.15,0.0385,,,-11.533945432039799
2023-01-01,2023,20,206,STGW,STAGWELL INC,Communication Svcs,63.7,0.90045,6.763285024154597,19.1162750734,14.0877088729,96.15,0.0385,,,-7.324423848745403
2023-01-01,2023,20,207,IPG,INTERPUBLIC GROUP OF COMPANIES INC,Communication Svcs,63.5,11.504605424698,1.610887845733,19.1162750734,14.0877088729,96.15,0.0385,,,-12.476821027167
2023-01-01,2023,20,208,THRY,THRYV HOLDINGS INC,Communication Svcs,63.3,0.655028591,7.105263157894748,19.1162750734,14.0877088729,96.15,0.0385,,,-6.982445715005253
2023-01-01,2023,20,209,WCN,WASTE CONNECTIONS INC,Utilities,63.1,33.155054166636,13.474830691894146,19.1162750734,14.0877088729,96.15,0.0385,,,-0.6128781810058541
2023-01-01,2023,20,210,WMK,WEIS MARKETS INC,Consumer Staples,62.9,2.060447632243,-20.815655148105115,19.1162750734,14.0877088729,96.15,0.0385,,,-34.90336402100512
2023-01-01,2023,20,211,TILE,INTERFACE INC,Unclassified,62.5,0.5676209376739999,28.458700553392102,19.1162750734,14.0877088729,96.15,0.0385,,,14.370991680492102
2023-01-01,2023,20,212,ALLE,ALLEGION PLC,Unclassified,62.1,8.773150217962,22.311782199036756,19.1162750734,14.0877088729,96.15,0.0385,,,8.224073326136756
2023-01-01,2023,20,213,MGEE,MGE ENERGY INC,Utilities,61.9,2.3389382814900004,5.11000819456684,19.1162750734,14.0877088729,96.15,0.0385,,,-8.97770067833316
2023-01-01,2023,20,214,NXST,NEXSTAR MEDIA GROUP INC,Communication Svcs,61.7,5.722143099921,-7.45714907049233,19.1162750734,14.0877088729,96.15,0.0385,,,-21.54485794339233
2023-01-01,2023,20,215,PEP,PEPSICO INC,Consumer Staples,61.5,221.174680994442,-3.309496816953006,19.1162750734,14.0877088729,96.15,0.0385,,,-17.397205689853006
2023-01-01,2023,20,216,CELH,CELSIUS HOLDINGS INC,Consumer Staples,61.3,2.6434899706799997,57.208765859284895,19.1162750734,14.0877088729,96.15,0.0385,,,43.12105698638489
2023-01-01,2023,20,217,TGNA,TEGNA INC,Communication Svcs,61.1,4.313133904332,-25.85421412300683,19.1162750734,14.0877088729,96.15,0.0385,,,-39.94192299590683
2023-01-01,2023,20,218,CPB,CAMPBELL'S CO,Consumer Staples,60.8,14.54364224566,-21.466076392463705,19.1162750734,14.0877088729,96.15,0.0385,,,-35.55378526536371
2023-01-01,2023,20,219,TDS,TELEPHONE & DATA SYSTEMS INC,Communication Svcs,60.8,0.4796531591039999,86.32300976927876,19.1162750734,14.0877088729,96.15,0.0385,,,72.23530089637876
2023-01-01,2023,20,220,UTL,UNITIL CORP,Utilities,60.2,0.727218709044,5.635449291984651,19.1162750734,14.0877088729,96.15,0.0385,,,-8.45225958091535
2023-01-01,2023,20,221,LW,LAMB WESTON HOLDINGS INC,Consumer Staples,57.9,11.863341537124,22.313017543434267,19.1162750734,14.0877088729,96.15,0.0385,,,8.225308670534266
2023-01-01,2023,20,222,MCS,MARCUS CORP,Communication Svcs,57.3,0.256587430368,2.9433570581257396,19.1162750734,14.0877088729,96.15,0.0385,,,-11.14435181477426
2023-01-01,2023,20,223,GOGO,GOGO INC,Communication Svcs,55.4,1.87850900808,-31.36856368563685,19.1162750734,14.0877088729,96.15,0.0385,,,-45.45627255853685
2023-01-01,2023,20,224,PMTS,CPI CARD GROUP INC,Communication Svcs,54.9,0.4107931335199999,-46.81263858093126,19.1162750734,14.0877088729,96.15,0.0385,,,-60.90034745383126
2023-01-01,2023,20,225,MHK,MOHAWK INDUSTRIES INC,Unclassified,54.0,6.49444875104,1.2522011348072848,19.1162750734,14.0877088729,96.15,0.0385,,,-12.835507738092716
2023-01-01,2023,20,226,OPTU,OPTIMUM COMMUNICATIONS INC,Communication Svcs,53.0,2.0914747688,-29.34782608695652,19.1162750734,14.0877088729,96.15,0.0385,,,-43.43553495985652
2023-01-01,2023,20,227,CABO,CABLE ONE INC,Communication Svcs,53.0,3.901148636586,-20.353912455585977,19.1162750734,14.0877088729,96.15,0.0385,,,-34.44162132848598
2023-01-01,2023,20,228,NPO,ENPRO INC,Unclassified,52.0,2.2008350824650003,45.64582447185597,19.1162750734,14.0877088729,96.15,0.0385,,,31.558115598955965
2023-01-01,2023,20,229,SONO,SONOS INC,Unclassified,51.9,2.1409857105,1.4201183431952868,19.1162750734,14.0877088729,96.15,0.0385,,,-12.667590529704714
2023-01-01,2023,20,230,ADT,ADT INC,Unclassified,47.8,6.263538409782001,-23.138588606826193,19.1162750734,14.0877088729,96.15,0.0385,,,-37.22629747972619
2023-01-01,2023,20,231,ARLO,ARLO TECHNOLOGIES INC,Unclassified,44.0,0.31053621456,171.22507122507122,19.1162750734,14.0877088729,96.15,0.0385,,,157.1373623521712
2023-01-01,2023,20,232,VZIO,VIZIO HOLDING CORP,Unclassified,43.5,1.36319631474,3.9136302294197063,19.1162750734,14.0877088729,96.15,0.0385,,,-10.174078643480295
2023-01-01,2023,20,233,KWR,QUAKER CHEMICAL CORP,Unclassified,43.4,2.857105820112,29.1270483829464,19.1162750734,14.0877088729,96.15,0.0385,,,15.039339510046398
2023-01-01,2023,20,234,ASPS,ALTISOURCE PORTFOLIO SOLUTIONS SA,Unclassified,40.5,1.22022140944,-62.36786469344609,19.1162750734,14.0877088729,96.15,0.0385,,,-76.45557356634609
2023-01-01,2023,20,235,PHLT,PERFORMANT HEALTHCARE INC,Unclassified,40.1,0.2681453669499999,-13.434903047091408,19.1162750734,14.0877088729,96.15,0.0385,,,-27.52261191999141
2023-01-01,2023,20,236,NVRI1,ENVIRI CORP,Unclassified,30.4,0.49989542899,43.084260731319546,19.1162750734,14.0877088729,96.15,0.0385,,,28.996551858419544
2023-01-01,2023,20,237,VVNT,VIVINT SMART HOME INC,Unclassified,27.1,2.5392477992000004,,19.1162750734,14.0877088729,96.15,0.0385,,,
2023-01-01,2023,20,238,HYFM,HYDROFARM HOLDINGS GROUP INC,Unclassified,24.8,0.7001416495,-40.80645161290322,19.1162750734,14.0877088729,96.15,0.0385,,,-54.89416048580322
2024-01-01,2024,1,1,BKNG,BOOKING HOLDINGS INC,Industrials,97.9,4.847703624239,43.26450414918348,15.1695338216,8.3121012015,71.75,0.2825,,,34.95240294768348
2024-01-01,2024,1,2,COLL,COLLEGIUM PHARMACEUTICAL INC,Healthcare,95.3,1.00376267094,-5.425601039636129,15.1695338216,8.3121012015,71.75,0.2825,,,-13.73770224113613
2024-01-01,2024,1,3,SMCI,SUPER MICRO COMPUTER INC,Technology,95.1,1.515490744892,12.502638429606703,15.1695338216,8.3121012015,71.75,0.2825,,,4.190537228106702
2024-01-01,2024,1,4,SLCA,US SILICA HOLDINGS INC,Materials,95.0,0.87261639972,,15.1695338216,8.3121012015,71.75,0.2825,,,
2024-01-01,2024,1,5,CMG,CHIPOTLE MEXICAN GRILL INC,Consumer Disc,94.6,1.25529130374,32.88440936618642,15.1695338216,8.3121012015,71.75,0.2825,,,24.57230816468642
2024-01-01,2024,1,6,ATH-PA,ATHENE HOLDING LTD,Financials,94.6,3.896148443544,13.485379505152473,15.1695338216,8.3121012015,71.75,0.2825,,,5.173278303652472
2024-01-01,2024,1,7,CVI,CVR ENERGY INC,Energy,94.0,2.834158647008,-35.825766174801366,15.1695338216,8.3121012015,71.75,0.2825,,,-44.137867376301365
2024-01-01,2024,1,8,HNRG,HALLADOR ENERGY CO,Utilities,92.4,0.29297884252,26.01809954751133,15.1695338216,8.3121012015,71.75,0.2825,,,17.705998346011327
2024-01-01,2024,1,9,TCI,TRANSCONTINENTAL REALTY INVESTORS INC,Real Estate,89.9,0.29857476096,-15.306712962962964,15.1695338216,8.3121012015,71.75,0.2825,,,-23.618814164462965
2024-01-01,2024,1,10,VGR,VECTOR GROUP LTD,Consumer Staples,88.1,1.67300537158,,15.1695338216,8.3121012015,71.75,0.2825,,,
2024-01-01,2024,1,11,CRAI,CRA INTERNATIONAL INC,Unclassified,87.9,0.6704633190120001,90.9990914502334,15.1695338216,8.3121012015,71.75,0.2825,,,82.6869902487334
2024-01-01,2024,1,12,CMCSA,COMCAST CORP,Communication Svcs,84.4,76.480185151431,-10.900704054382128,15.1695338216,8.3121012015,71.75,0.2825,,,-19.21280525588213
2024-01-01,2024,3,1,BKNG,BOOKING HOLDINGS INC,Industrials,97.9,4.847703624239,43.26450414918348,31.0038342494,8.3121012015,99.45,0.0055,,,34.95240294768348
2024-01-01,2024,3,2,COLL,COLLEGIUM PHARMACEUTICAL INC,Healthcare,95.3,1.00376267094,-5.425601039636129,31.0038342494,8.3121012015,99.45,0.0055,,,-13.73770224113613
2024-01-01,2024,3,3,SMCI,SUPER MICRO COMPUTER INC,Technology,95.1,1.515490744892,12.502638429606703,31.0038342494,8.3121012015,99.45,0.0055,,,4.190537228106702
2024-01-01,2024,3,4,SLCA,US SILICA HOLDINGS INC,Materials,95.0,0.87261639972,,31.0038342494,8.3121012015,99.45,0.0055,,,
2024-01-01,2024,3,5,CMG,CHIPOTLE MEXICAN GRILL INC,Consumer Disc,94.6,1.25529130374,32.88440936618642,31.0038342494,8.3121012015,99.45,0.0055,,,24.57230816468642
2024-01-01,2024,3,6,ATH-PA,ATHENE HOLDING LTD,Financials,94.6,3.896148443544,13.485379505152473,31.0038342494,8.3121012015,99.45,0.0055,,,5.173278303652472
2024-01-01,2024,3,7,DECK,DECKERS OUTDOOR CORP,Consumer Disc,94.1,2.8665480179700005,85.9072752569454,31.0038342494,8.3121012015,99.45,0.0055,,,77.5951740554454
2024-01-01,2024,3,8,CVI,CVR ENERGY INC,Energy,94.0,2.834158647008,-35.825766174801366,31.0038342494,8.3121012015,99.45,0.0055,,,-44.137867376301365
2024-01-01,2024,3,9,TH,TARGET HOSPITALITY CORP,Consumer Disc,93.4,0.98916552903,1.4902363823227072,31.0038342494,8.3121012015,99.45,0.0055,,,-6.821864819177294
2024-01-01,2024,3,10,AVGO,BROADCOM INC,Technology,93.1,50.922458533543995,119.42799882326986,31.0038342494,8.3121012015,99.45,0.0055,,,111.11589762176986
2024-01-01,2024,3,11,ARCT,ARCTURUS THERAPEUTICS HOLDINGS INC,Healthcare,92.8,0.84258665796,-46.019663812242314,31.0038342494,8.3121012015,99.45,0.0055,,,-54.33176501374231
2024-01-01,2024,3,12,HNRG,HALLADOR ENERGY CO,Utilities,92.4,0.29297884252,26.01809954751133,31.0038342494,8.3121012015,99.45,0.0055,,,17.705998346011327
2024-01-01,2024,3,13,VST,VISTRA CORP,Utilities,92.2,13.530137984417,266.05797944028967,31.0038342494,8.3121012015,99.45,0.0055,,,257.74587823878966
2024-01-01,2024,3,14,ANET,ARISTA NETWORKS INC,Technology,91.8,18.316643060534,91.97649336752892,31.0038342494,8.3121012015,99.45,0.0055,,,83.66439216602892
2024-01-01,2024,3,15,POWL,POWELL INDUSTRIES INC,Industrials,91.6,0.3480644276319999,163.00508521165477,31.0038342494,8.3121012015,99.45,0.0055,,,154.69298401015476
2024-01-01,2024,3,16,USLM,UNITED STATES LIME & MINERALS INC,Materials,91.1,0.260899209928,195.07340732325443,31.0038342494,8.3121012015,99.45,0.0055,,,186.76130612175442
2024-01-01,2024,3,17,MPX,MARINE PRODUCTS CORP,Industrials,90.3,0.315990943968,-10.31849912739965,31.0038342494,8.3121012015,99.45,0.0055,,,-18.63060032889965
2024-01-01,2024,3,18,OSUR,ORASURE TECHNOLOGIES INC,Healthcare,90.0,0.6025710303999999,-55.85365853658536,31.0038342494,8.3121012015,99.45,0.0055,,,-64.16575973808536
2024-01-01,2024,3,19,TCI,TRANSCONTINENTAL REALTY INVESTORS INC,Real Estate,89.9,0.29857476096,-15.306712962962964,31.0038342494,8.3121012015,99.45,0.0055,,,-23.618814164462965
2024-01-01,2024,3,20,MLI,MUELLER INDUSTRIES INC,Materials,89.8,2.59732584198,71.81571815718158,31.0038342494,8.3121012015,99.45,0.0055,,,63.50361695568158
2024-01-01,2024,3,21,FBRT-PE,FRANKLIN BSP REALTY TRUST INC,Real Estate,89.1,1.3529763723,8.231725811343637,31.0038342494,8.3121012015,99.45,0.0055,,,-0.08037539015636419
2024-01-01,2024,3,22,ARL,AMERICAN REALTY INVESTORS INC,Real Estate,88.9,0.28120706863,-15.163699023549691,31.0038342494,8.3121012015,99.45,0.0055,,,-23.475800225049692
2024-01-01,2024,3,23,MPC,MARATHON PETROLEUM CORP,Energy,88.3,53.368350768735,-6.682081747358682,31.0038342494,8.3121012015,99.45,0.0055,,,-14.994182948858683
2024-01-01,2024,3,24,VGR,VECTOR GROUP LTD,Consumer Staples,88.1,1.67300537158,,31.0038342494,8.3121012015,99.45,0.0055,,,
2024-01-01,2024,3,25,COKE,COCA-COLA CONSOLIDATED INC,Consumer Staples,88.0,0.6404592498539999,35.769719676189204,31.0038342494,8.3121012015,99.45,0.0055,,,27.457618474689205
2024-01-01,2024,3,26,MED,MEDIFAST INC,Consumer Staples,87.9,0.7322007064399999,-73.81731627491817,31.0038342494,8.3121012015,99.45,0.0055,,,-82.12941747641817
2024-01-01,2024,3,27,CRAI,CRA INTERNATIONAL INC,Unclassified,87.9,0.6704633190120001,90.9990914502334,31.0038342494,8.3121012015,99.45,0.0055,,,82.6869902487334
2024-01-01,2024,3,28,EGY,VAALCO ENERGY INC,Energy,87.7,0.407279865861,-0.903692228246844,31.0038342494,8.3121012015,99.45,0.0055,,,-9.215793429746846
2024-01-01,2024,3,29,AEL,AMERICAN EQUITY INVESTMENT LIFE HOLDING CO,Financials,87.7,4.379397807268,,31.0038342494,8.3121012015,99.45,0.0055,,,
2024-01-01,2024,3,30,V,VISA INC,Financials,86.1,119.681631696944,23.335502995702505,31.0038342494,8.3121012015,99.45,0.0055,,,15.023401794202504
2024-01-01,2024,3,31,CMCSA,COMCAST CORP,Communication Svcs,84.4,76.480185151431,-10.900704054382128,31.0038342494,8.3121012015,99.45,0.0055,,,-19.21280525588213
2024-01-01,2024,3,32,EBF,ENNIS INC,Communication Svcs,83.2,0.4403097528829999,13.016395369336545,31.0038342494,8.3121012015,99.45,0.0055,,,4.704294167836544
2024-01-01,2024,3,33,CWCO,CONSOLIDATED WATER CO LTD,Utilities,81.4,0.537712905744,-27.385345282024243,31.0038342494,8.3121012015,99.45,0.0055,,,-35.697446483524246
2024-01-01,2024,3,34,NFLX,NETFLIX INC,Communication Svcs,81.1,21.309747724272,86.40116661189614,31.0038342494,8.3121012015,99.45,0.0055,,,78.08906541039615
2024-01-01,2024,3,35,ALLE,ALLEGION PLC,Unclassified,73.4,10.723602337164,5.7124613193182405,31.0038342494,8.3121012015,99.45,0.0055,,,-2.5996398821817603
2024-01-01,2024,3,36,MGPI,MGP INGREDIENTS INC,Unclassified,69.6,2.077330342115,-59.64601769911504,31.0038342494,8.3121012015,99.45,0.0055,,,-67.95811890061505
2024-01-01,2024,5,1,BKNG,BOOKING HOLDINGS INC,Industrials,97.9,4.847703624239,43.26450414918348,22.6160919636,8.3121012015,98.75,0.0125,,,34.95240294768348
2024-01-01,2024,5,2,COLL,COLLEGIUM PHARMACEUTICAL INC,Healthcare,95.3,1.00376267094,-5.425601039636129,22.6160919636,8.3121012015,98.75,0.0125,,,-13.73770224113613
2024-01-01,2024,5,3,SMCI,SUPER MICRO COMPUTER INC,Technology,95.1,1.515490744892,12.502638429606703,22.6160919636,8.3121012015,98.75,0.0125,,,4.190537228106702
2024-01-01,2024,5,4,SLCA,US SILICA HOLDINGS INC,Materials,95.0,0.87261639972,,22.6160919636,8.3121012015,98.75,0.0125,,,
2024-01-01,2024,5,5,CMG,CHIPOTLE MEXICAN GRILL INC,Consumer Disc,94.6,1.25529130374,32.88440936618642,22.6160919636,8.3121012015,98.75,0.0125,,,24.57230816468642
2024-01-01,2024,5,6,ATH-PA,ATHENE HOLDING LTD,Financials,94.6,3.896148443544,13.485379505152473,22.6160919636,8.3121012015,98.75,0.0125,,,5.173278303652472
2024-01-01,2024,5,7,DECK,DECKERS OUTDOOR CORP,Consumer Disc,94.1,2.8665480179700005,85.9072752569454,22.6160919636,8.3121012015,98.75,0.0125,,,77.5951740554454
2024-01-01,2024,5,8,CVI,CVR ENERGY INC,Energy,94.0,2.834158647008,-35.825766174801366,22.6160919636,8.3121012015,98.75,0.0125,,,-44.137867376301365
2024-01-01,2024,5,9,TH,TARGET HOSPITALITY CORP,Consumer Disc,93.4,0.98916552903,1.4902363823227072,22.6160919636,8.3121012015,98.75,0.0125,,,-6.821864819177294
2024-01-01,2024,5,10,AVGO,BROADCOM INC,Technology,93.1,50.922458533543995,119.42799882326986,22.6160919636,8.3121012015,98.75,0.0125,,,111.11589762176986
2024-01-01,2024,5,11,ARCT,ARCTURUS THERAPEUTICS HOLDINGS INC,Healthcare,92.8,0.84258665796,-46.019663812242314,22.6160919636,8.3121012015,98.75,0.0125,,,-54.33176501374231
2024-01-01,2024,5,12,HNRG,HALLADOR ENERGY CO,Utilities,92.4,0.29297884252,26.01809954751133,22.6160919636,8.3121012015,98.75,0.0125,,,17.705998346011327
2024-01-01,2024,5,13,VST,VISTRA CORP,Utilities,92.2,13.530137984417,266.05797944028967,22.6160919636,8.3121012015,98.75,0.0125,,,257.74587823878966
2024-01-01,2024,5,14,ANET,ARISTA NETWORKS INC,Technology,91.8,18.316643060534,91.97649336752892,22.6160919636,8.3121012015,98.75,0.0125,,,83.66439216602892
2024-01-01,2024,5,15,POWL,POWELL INDUSTRIES INC,Industrials,91.6,0.3480644276319999,163.00508521165477,22.6160919636,8.3121012015,98.75,0.0125,,,154.69298401015476
2024-01-01,2024,5,16,USLM,UNITED STATES LIME & MINERALS INC,Materials,91.1,0.260899209928,195.07340732325443,22.6160919636,8.3121012015,98.75,0.0125,,,186.76130612175442
2024-01-01,2024,5,17,MPX,MARINE PRODUCTS CORP,Industrials,90.3,0.315990943968,-10.31849912739965,22.6160919636,8.3121012015,98.75,0.0125,,,-18.63060032889965
2024-01-01,2024,5,18,LRCX,LAM RESEARCH CORP,Technology,90.1,10.110555072,-5.360029198602634,22.6160919636,8.3121012015,98.75,0.0125,,,-13.672130400102635
2024-01-01,2024,5,19,OSUR,ORASURE TECHNOLOGIES INC,Healthcare,90.0,0.6025710303999999,-55.85365853658536,22.6160919636,8.3121012015,98.75,0.0125,,,-64.16575973808536
2024-01-01,2024,5,20,TCI,TRANSCONTINENTAL REALTY INVESTORS INC,Real Estate,89.9,0.29857476096,-15.306712962962964,22.6160919636,8.3121012015,98.75,0.0125,,,-23.618814164462965
2024-01-01,2024,5,21,MLI,MUELLER INDUSTRIES INC,Materials,89.8,2.59732584198,71.81571815718158,22.6160919636,8.3121012015,98.75,0.0125,,,63.50361695568158
2024-01-01,2024,5,22,FBRT-PE,FRANKLIN BSP REALTY TRUST INC,Real Estate,89.1,1.3529763723,8.231725811343637,22.6160919636,8.3121012015,98.75,0.0125,,,-0.08037539015636419
2024-01-01,2024,5,23,ARL,AMERICAN REALTY INVESTORS INC,Real Estate,88.9,0.28120706863,-15.163699023549691,22.6160919636,8.3121012015,98.75,0.0125,,,-23.475800225049692
2024-01-01,2024,5,24,NVDA,NVIDIA CORP,Technology,88.8,122.10692,176.7416457642204,22.6160919636,8.3121012015,98.75,0.0125,,,168.4295445627204
2024-01-01,2024,5,25,UTHR,UNITED THERAPEUTICS CORP,Healthcare,88.4,10.33342292389,63.700031834098866,22.6160919636,8.3121012015,98.75,0.0125,,,55.38793063259887
2024-01-01,2024,5,26,MPC,MARATHON PETROLEUM CORP,Energy,88.3,53.368350768735,-6.682081747358682,22.6160919636,8.3121012015,98.75,0.0125,,,-14.994182948858683
2024-01-01,2024,5,27,SCYX,SCYNEXIS INC,Healthcare,88.3,0.66378713416,-55.190582959641254,22.6160919636,8.3121012015,98.75,0.0125,,,-63.502684161141254
2024-01-01,2024,5,28,VGR,VECTOR GROUP LTD,Consumer Staples,88.1,1.67300537158,,22.6160919636,8.3121012015,98.75,0.0125,,,
2024-01-01,2024,5,29,COKE,COCA-COLA CONSOLIDATED INC,Consumer Staples,88.0,0.6404592498539999,35.769719676189204,22.6160919636,8.3121012015,98.75,0.0125,,,27.457618474689205
2024-01-01,2024,5,30,CRAI,CRA INTERNATIONAL INC,Unclassified,87.9,0.6704633190120001,90.9990914502334,22.6160919636,8.3121012015,98.75,0.0125,,,82.6869902487334
2024-01-01,2024,5,31,TRN,TRINITY INDUSTRIES INC,Industrials,87.9,1.951898264613,38.70223564447799,22.6160919636,8.3121012015,98.75,0.0125,,,30.39013444297799
2024-01-01,2024,5,32,MED,MEDIFAST INC,Consumer Staples,87.9,0.7322007064399999,-73.81731627491817,22.6160919636,8.3121012015,98.75,0.0125,,,-82.12941747641817
2024-01-01,2024,5,33,AEL,AMERICAN EQUITY INVESTMENT LIFE HOLDING CO,Financials,87.7,4.379397807268,,22.6160919636,8.3121012015,98.75,0.0125,,,
2024-01-01,2024,5,34,EGY,VAALCO ENERGY INC,Energy,87.7,0.407279865861,-0.903692228246844,22.6160919636,8.3121012015,98.75,0.0125,,,-9.215793429746846
2024-01-01,2024,5,35,PRG,PROG HOLDINGS INC,Industrials,87.4,1.32422617782,38.05133400878083,22.6160919636,8.3121012015,98.75,0.0125,,,29.73923280728083
2024-01-01,2024,5,36,GM,GENERAL MOTORS CO,Consumer Disc,86.8,47.970187683768,52.68356743176887,22.6160919636,8.3121012015,98.75,0.0125,,,44.37146623026887
2024-01-01,2024,5,37,V,VISA INC,Financials,86.1,119.681631696944,23.335502995702505,22.6160919636,8.3121012015,98.75,0.0125,,,15.023401794202504
2024-01-01,2024,5,38,STWD,STARWOOD PROPERTY TRUST INC,Real Estate,86.1,5.120306206656,-1.3641646785343076,22.6160919636,8.3121012015,98.75,0.0125,,,-9.676265880034308
2024-01-01,2024,5,39,GES,GUESS INC,Consumer Disc,85.9,1.072287470592,-31.59054487179487,22.6160919636,8.3121012015,98.75,0.0125,,,-39.90264607329487
2024-01-01,2024,5,40,GLRE,GREENLIGHT CAPITAL RE LTD,Financials,85.5,0.40355318794,21.103327495621716,22.6160919636,8.3121012015,98.75,0.0125,,,12.791226294121715
2024-01-01,2024,5,41,VLO,VALERO ENERGY CORP,Energy,85.1,41.033431287492,-5.2992715264756125,22.6160919636,8.3121012015,98.75,0.0125,,,-13.611372727975613
2024-01-01,2024,5,42,ALX,ALEXANDERS INC,Real Estate,85.0,0.8769727659000001,0.5386989691922306,22.6160919636,8.3121012015,98.75,0.0125,,,-7.77340223230777
2024-01-01,2024,5,43,RES,RPC INC,Energy,84.9,1.460406424488,-18.64080544862303,22.6160919636,8.3121012015,98.75,0.0125,,,-26.952906650123033
2024-01-01,2024,5,44,UVE,UNIVERSAL INSURANCE HOLDINGS INC,Financials,84.5,0.430694968656,33.96354272548621,22.6160919636,8.3121012015,98.75,0.0125,,,25.651441523986207
2024-01-01,2024,5,45,TWI,TITAN INTERNATIONAL INC,Materials,84.5,0.92091989664,-53.494623655913976,22.6160919636,8.3121012015,98.75,0.0125,,,-61.806724857413975
2024-01-01,2024,5,46,CMCSA,COMCAST CORP,Communication Svcs,84.4,76.480185151431,-10.900704054382128,22.6160919636,8.3121012015,98.75,0.0125,,,-19.21280525588213
2024-01-01,2024,5,47,EBF,ENNIS INC,Communication Svcs,83.2,0.4403097528829999,13.016395369336545,22.6160919636,8.3121012015,98.75,0.0125,,,4.704294167836544
2024-01-01,2024,5,48,VLGEA,VILLAGE SUPER MARKET INC,Consumer Staples,81.8,0.334353747901,24.66768810302704,22.6160919636,8.3121012015,98.75,0.0125,,,16.35558690152704
2024-01-01,2024,5,49,BERY,BERRY GLOBAL GROUP INC,Materials,81.8,6.9964125,6.8774246801485805,22.6160919636,8.3121012015,98.75,0.0125,,,-1.4346765213514203
2024-01-01,2024,5,50,CWCO,CONSOLIDATED WATER CO LTD,Utilities,81.4,0.537712905744,-27.385345282024243,22.6160919636,8.3121012015,98.75,0.0125,,,-35.697446483524246
2024-01-01,2024,5,51,NFLX,NETFLIX INC,Communication Svcs,81.1,21.309747724272,86.40116661189614,22.6160919636,8.3121012015,98.75,0.0125,,,78.08906541039615
2024-01-01,2024,5,52,VZ,VERIZON COMMUNICATIONS INC,Communication Svcs,80.9,132.328303818684,12.971788028974451,22.6160919636,8.3121012015,98.75,0.0125,,,4.6596868274744505
2024-01-01,2024,5,53,RSG,REPUBLIC SERVICES INC,Utilities,80.1,50.473673174757,24.071338183132916,22.6160919636,8.3121012015,98.75,0.0125,,,15.759236981632915
2024-01-01,2024,5,54,DAR,DARLING INGREDIENTS INC,Consumer Staples,76.9,7.951089134240001,-32.86516853932585,22.6160919636,8.3121012015,98.75,0.0125,,,-41.17726974082585
2024-01-01,2024,5,55,OTTR,OTTER TAIL CORP,Utilities,76.2,3.314901945954,-10.107708181291995,22.6160919636,8.3121012015,98.75,0.0125,,,-18.419809382791996
2024-01-01,2024,5,56,OMC,OMNICOM GROUP INC,Communication Svcs,74.0,15.68608503833,3.023381998511021,22.6160919636,8.3121012015,98.75,0.0125,,,-5.28871920298898
2024-01-01,2024,5,57,ALLE,ALLEGION PLC,Unclassified,73.4,10.723602337164,5.7124613193182405,22.6160919636,8.3121012015,98.75,0.0125,,,-2.5996398821817603
2024-01-01,2024,5,58,MGPI,MGP INGREDIENTS INC,Unclassified,69.6,2.077330342115,-59.64601769911504,22.6160919636,8.3121012015,98.75,0.0125,,,-67.95811890061505
2024-01-01,2024,5,59,DFIN,DONNELLEY FINANCIAL SOLUTIONS INC,Unclassified,68.5,1.8154435068,0.2244668911335567,22.6160919636,8.3121012015,98.75,0.0125,,,-8.087634310366445
2024-01-01,2024,5,60,AIN,ALBANY INTERNATIONAL CORP,Unclassified,64.4,2.9299608,-17.416861003737672,22.6160919636,8.3121012015,98.75,0.0125,,,-25.72896220523767
2024-01-01,2024,10,1,BKNG,BOOKING HOLDINGS INC,Industrials,97.9,4.847703624239,43.26450414918348,18.2900667349,8.3121012015,98.85,0.0115,,,34.95240294768348
2024-01-01,2024,10,2,COLL,COLLEGIUM PHARMACEUTICAL INC,Healthcare,95.3,1.00376267094,-5.425601039636129,18.2900667349,8.3121012015,98.85,0.0115,,,-13.73770224113613
2024-01-01,2024,10,3,SMCI,SUPER MICRO COMPUTER INC,Technology,95.1,1.515490744892,12.502638429606703,18.2900667349,8.3121012015,98.85,0.0115,,,4.190537228106702
2024-01-01,2024,10,4,SLCA,US SILICA HOLDINGS INC,Materials,95.0,0.87261639972,,18.2900667349,8.3121012015,98.85,0.0115,,,
2024-01-01,2024,10,5,CMG,CHIPOTLE MEXICAN GRILL INC,Consumer Disc,94.6,1.25529130374,32.88440936618642,18.2900667349,8.3121012015,98.85,0.0115,,,24.57230816468642
2024-01-01,2024,10,6,ATH-PA,ATHENE HOLDING LTD,Financials,94.6,3.896148443544,13.485379505152473,18.2900667349,8.3121012015,98.85,0.0115,,,5.173278303652472
2024-01-01,2024,10,7,DECK,DECKERS OUTDOOR CORP,Consumer Disc,94.1,2.8665480179700005,85.9072752569454,18.2900667349,8.3121012015,98.85,0.0115,,,77.5951740554454
2024-01-01,2024,10,8,CVI,CVR ENERGY INC,Energy,94.0,2.834158647008,-35.825766174801366,18.2900667349,8.3121012015,98.85,0.0115,,,-44.137867376301365
2024-01-01,2024,10,9,TH,TARGET HOSPITALITY CORP,Consumer Disc,93.4,0.98916552903,1.4902363823227072,18.2900667349,8.3121012015,98.85,0.0115,,,-6.821864819177294
2024-01-01,2024,10,10,AVGO,BROADCOM INC,Technology,93.1,50.922458533543995,119.42799882326986,18.2900667349,8.3121012015,98.85,0.0115,,,111.11589762176986
2024-01-01,2024,10,11,ARCT,ARCTURUS THERAPEUTICS HOLDINGS INC,Healthcare,92.8,0.84258665796,-46.019663812242314,18.2900667349,8.3121012015,98.85,0.0115,,,-54.33176501374231
2024-01-01,2024,10,12,HNRG,HALLADOR ENERGY CO,Utilities,92.4,0.29297884252,26.01809954751133,18.2900667349,8.3121012015,98.85,0.0115,,,17.705998346011327
2024-01-01,2024,10,13,VST,VISTRA CORP,Utilities,92.2,13.530137984417,266.05797944028967,18.2900667349,8.3121012015,98.85,0.0115,,,257.74587823878966
2024-01-01,2024,10,14,ANET,ARISTA NETWORKS INC,Technology,91.8,18.316643060534,91.97649336752892,18.2900667349,8.3121012015,98.85,0.0115,,,83.66439216602892
2024-01-01,2024,10,15,POWL,POWELL INDUSTRIES INC,Industrials,91.6,0.3480644276319999,163.00508521165477,18.2900667349,8.3121012015,98.85,0.0115,,,154.69298401015476
2024-01-01,2024,10,16,USLM,UNITED STATES LIME & MINERALS INC,Materials,91.1,0.260899209928,195.07340732325443,18.2900667349,8.3121012015,98.85,0.0115,,,186.76130612175442
2024-01-01,2024,10,17,MPX,MARINE PRODUCTS CORP,Industrials,90.3,0.315990943968,-10.31849912739965,18.2900667349,8.3121012015,98.85,0.0115,,,-18.63060032889965
2024-01-01,2024,10,18,LRCX,LAM RESEARCH CORP,Technology,90.1,10.110555072,-5.360029198602634,18.2900667349,8.3121012015,98.85,0.0115,,,-13.672130400102635
2024-01-01,2024,10,19,OSUR,ORASURE TECHNOLOGIES INC,Healthcare,90.0,0.6025710303999999,-55.85365853658536,18.2900667349,8.3121012015,98.85,0.0115,,,-64.16575973808536
2024-01-01,2024,10,20,TCI,TRANSCONTINENTAL REALTY INVESTORS INC,Real Estate,89.9,0.29857476096,-15.306712962962964,18.2900667349,8.3121012015,98.85,0.0115,,,-23.618814164462965
2024-01-01,2024,10,21,MLI,MUELLER INDUSTRIES INC,Materials,89.8,2.59732584198,71.81571815718158,18.2900667349,8.3121012015,98.85,0.0115,,,63.50361695568158
2024-01-01,2024,10,22,FBRT-PE,FRANKLIN BSP REALTY TRUST INC,Real Estate,89.1,1.3529763723,8.231725811343637,18.2900667349,8.3121012015,98.85,0.0115,,,-0.08037539015636419
2024-01-01,2024,10,23,ARL,AMERICAN REALTY INVESTORS INC,Real Estate,88.9,0.28120706863,-15.163699023549691,18.2900667349,8.3121012015,98.85,0.0115,,,-23.475800225049692
2024-01-01,2024,10,24,NVDA,NVIDIA CORP,Technology,88.8,122.10692,176.7416457642204,18.2900667349,8.3121012015,98.85,0.0115,,,168.4295445627204
2024-01-01,2024,10,25,UTHR,UNITED THERAPEUTICS CORP,Healthcare,88.4,10.33342292389,63.700031834098866,18.2900667349,8.3121012015,98.85,0.0115,,,55.38793063259887
2024-01-01,2024,10,26,MPC,MARATHON PETROLEUM CORP,Energy,88.3,53.368350768735,-6.682081747358682,18.2900667349,8.3121012015,98.85,0.0115,,,-14.994182948858683
2024-01-01,2024,10,27,SCYX,SCYNEXIS INC,Healthcare,88.3,0.66378713416,-55.190582959641254,18.2900667349,8.3121012015,98.85,0.0115,,,-63.502684161141254
2024-01-01,2024,10,28,VGR,VECTOR GROUP LTD,Consumer Staples,88.1,1.67300537158,,18.2900667349,8.3121012015,98.85,0.0115,,,
2024-01-01,2024,10,29,COKE,COCA-COLA CONSOLIDATED INC,Consumer Staples,88.0,0.6404592498539999,35.769719676189204,18.2900667349,8.3121012015,98.85,0.0115,,,27.457618474689205
2024-01-01,2024,10,30,CRAI,CRA INTERNATIONAL INC,Unclassified,87.9,0.6704633190120001,90.9990914502334,18.2900667349,8.3121012015,98.85,0.0115,,,82.6869902487334
2024-01-01,2024,10,31,THC,TENET HEALTHCARE CORP,Healthcare,87.9,7.674284639999999,69.33968506020909,18.2900667349,8.3121012015,98.85,0.0115,,,61.02758385870909
2024-01-01,2024,10,32,TRN,TRINITY INDUSTRIES INC,Industrials,87.9,1.951898264613,38.70223564447799,18.2900667349,8.3121012015,98.85,0.0115,,,30.39013444297799
2024-01-01,2024,10,33,MED,MEDIFAST INC,Consumer Staples,87.9,0.7322007064399999,-73.81731627491817,18.2900667349,8.3121012015,98.85,0.0115,,,-82.12941747641817
2024-01-01,2024,10,34,EGY,VAALCO ENERGY INC,Energy,87.7,0.407279865861,-0.903692228246844,18.2900667349,8.3121012015,98.85,0.0115,,,-9.215793429746846
2024-01-01,2024,10,35,AEL,AMERICAN EQUITY INVESTMENT LIFE HOLDING CO,Financials,87.7,4.379397807268,,18.2900667349,8.3121012015,98.85,0.0115,,,
2024-01-01,2024,10,36,PRG,PROG HOLDINGS INC,Industrials,87.4,1.32422617782,38.05133400878083,18.2900667349,8.3121012015,98.85,0.0115,,,29.73923280728083
2024-01-01,2024,10,37,PLAB,PHOTRONICS INC,Technology,87.4,1.96391841082,-23.748804590372963,18.2900667349,8.3121012015,98.85,0.0115,,,-32.06090579187296
2024-01-01,2024,10,38,GM,GENERAL MOTORS CO,Consumer Disc,86.8,47.970187683768,52.68356743176887,18.2900667349,8.3121012015,98.85,0.0115,,,44.37146623026887
2024-01-01,2024,10,39,DAKT,DAKTRONICS INC,Industrials,86.7,0.39160780768,99.8820754716981,18.2900667349,8.3121012015,98.85,0.0115,,,91.5699742701981
2024-01-01,2024,10,40,V,VISA INC,Financials,86.1,119.681631696944,23.335502995702505,18.2900667349,8.3121012015,98.85,0.0115,,,15.023401794202504
2024-01-01,2024,10,41,STWD,STARWOOD PROPERTY TRUST INC,Real Estate,86.1,5.120306206656,-1.3641646785343076,18.2900667349,8.3121012015,98.85,0.0115,,,-9.676265880034308
2024-01-01,2024,10,42,GES,GUESS INC,Consumer Disc,85.9,1.072287470592,-31.59054487179487,18.2900667349,8.3121012015,98.85,0.0115,,,-39.90264607329487
2024-01-01,2024,10,43,PRDO,PERDOCEO EDUCATION CORP,Industrials,85.8,1.09239020938,53.078773301262785,18.2900667349,8.3121012015,98.85,0.0115,,,44.766672099762786
2024-01-01,2024,10,44,APH,AMPHENOL CORP,Technology,85.8,14.539536923530996,43.924118349039155,18.2900667349,8.3121012015,98.85,0.0115,,,35.612017147539156
2024-01-01,2024,10,45,GLRE,GREENLIGHT CAPITAL RE LTD,Financials,85.5,0.40355318794,21.103327495621716,18.2900667349,8.3121012015,98.85,0.0115,,,12.791226294121715
2024-01-01,2024,10,46,VLO,VALERO ENERGY CORP,Energy,85.1,41.033431287492,-5.2992715264756125,18.2900667349,8.3121012015,98.85,0.0115,,,-13.611372727975613
2024-01-01,2024,10,47,ALX,ALEXANDERS INC,Real Estate,85.0,0.8769727659000001,0.5386989691922306,18.2900667349,8.3121012015,98.85,0.0115,,,-7.77340223230777
2024-01-01,2024,10,48,SMLR,SEMLER SCIENTIFIC INC,Healthcare,85.0,0.30441385084,42.85391736283586,18.2900667349,8.3121012015,98.85,0.0115,,,34.54181616133586
2024-01-01,2024,10,49,RES,RPC INC,Energy,84.9,1.460406424488,-18.64080544862303,18.2900667349,8.3121012015,98.85,0.0115,,,-26.952906650123033
2024-01-01,2024,10,50,ARLP,ALLIANCE RESOURCE PARTNERS LP,Energy,84.8,2.006802148482,38.040035474471054,18.2900667349,8.3121012015,98.85,0.0115,,,29.727934272971055
2024-01-01,2024,10,51,WSM,WILLIAMS SONOMA INC,Consumer Disc,84.6,6.209061150161999,87.41916155292463,18.2900667349,8.3121012015,98.85,0.0115,,,79.10706035142464
2024-01-01,2024,10,52,HEES,H&E EQUIPMENT SERVICES INC,Industrials,84.5,1.861716420376,-3.506539274806175,18.2900667349,8.3121012015,98.85,0.0115,,,-11.818640476306175
2024-01-01,2024,10,53,UVE,UNIVERSAL INSURANCE HOLDINGS INC,Financials,84.5,0.430694968656,33.96354272548621,18.2900667349,8.3121012015,98.85,0.0115,,,25.651441523986207
2024-01-01,2024,10,54,TWI,TITAN INTERNATIONAL INC,Materials,84.5,0.92091989664,-53.494623655913976,18.2900667349,8.3121012015,98.85,0.0115,,,-61.806724857413975
2024-01-01,2024,10,55,CMCSA,COMCAST CORP,Communication Svcs,84.4,76.480185151431,-10.900704054382128,18.2900667349,8.3121012015,98.85,0.0115,,,-19.21280525588213
2024-01-01,2024,10,56,MHO,M/I HOMES INC,Industrials,84.4,3.83585542028,-2.7370408015100933,18.2900667349,8.3121012015,98.85,0.0115,,,-11.049142003010093
2024-01-01,2024,10,57,USNA,USANA HEALTH SCIENCES INC,Healthcare,84.1,1.0253576016,-33.41417910447761,18.2900667349,8.3121012015,98.85,0.0115,,,-41.72628030597761
2024-01-01,2024,10,58,GLPI,GAMING & LEISURE PROPERTIES INC,Real Estate,83.9,11.19196432295,3.3138494572348964,18.2900667349,8.3121012015,98.85,0.0115,,,-4.998251744265104
2024-01-01,2024,10,59,JAKK,JAKKS PACIFIC INC,Consumer Disc,83.8,0.329556905024,-22.869543954028604,18.2900667349,8.3121012015,98.85,0.0115,,,-31.181645155528606
2024-01-01,2024,10,60,HRMY,HARMONY BIOSCIENCES HOLDINGS INC,Healthcare,83.7,1.8918737912,5.882352941176494,18.2900667349,8.3121012015,98.85,0.0115,,,-2.4297482603235068
2024-01-01,2024,10,61,DXLG,DESTINATION XL GROUP INC,Consumer Disc,83.6,0.264801152,-36.13636363636365,18.2900667349,8.3121012015,98.85,0.0115,,,-44.448464837863646
2024-01-01,2024,10,62,LNWO,LIGHT & WONDER INC,Technology,83.5,7.39379184978,4.774083546462071,18.2900667349,8.3121012015,98.85,0.0115,,,-3.5380176550379296
2024-01-01,2024,10,63,VICI,VICI PROPERTIES INC,Real Estate,83.3,28.513773878010003,-3.969233001959227,18.2900667349,8.3121012015,98.85,0.0115,,,-12.281334203459227
2024-01-01,2024,10,64,EBF,ENNIS INC,Communication Svcs,83.2,0.4403097528829999,13.016395369336545,18.2900667349,8.3121012015,98.85,0.0115,,,4.704294167836544
2024-01-01,2024,10,65,UTMD,UTAH MEDICAL PRODUCTS INC,Healthcare,83.1,0.2911459774,-25.169542235962897,18.2900667349,8.3121012015,98.85,0.0115,,,-33.4816434374629
2024-01-01,2024,10,66,CSCO,CISCO SYSTEMS INC,Technology,83.0,190.99961067470397,21.82580205939919,18.2900667349,8.3121012015,98.85,0.0115,,,13.51370085789919
2024-01-01,2024,10,67,WFRD,WEATHERFORD INTERNATIONAL PLC,Industrials,82.6,6.840881447319999,-29.53951252424728,18.2900667349,8.3121012015,98.85,0.0115,,,-37.85161372574728
2024-01-01,2024,10,68,RGP,RESOURCES CONNECTION INC,Technology,82.6,0.405889627605,-37.418015774180155,18.2900667349,8.3121012015,98.85,0.0115,,,-45.730116975680154
2024-01-01,2024,10,69,LTC,LTC PROPERTIES INC,Real Estate,82.4,1.121677116598,14.479805065347406,18.2900667349,8.3121012015,98.85,0.0115,,,6.1677038638474055
2024-01-01,2024,10,70,VAC,MARRIOTT VACATIONS WORLDWIDE CORP,Real Estate,82.3,2.720404646582,10.570018539311189,18.2900667349,8.3121012015,98.85,0.0115,,,2.257917337811188
2024-01-01,2024,10,71,SPG,SIMON PROPERTY GROUP INC,Real Estate,82.0,35.782638967386,26.783367377638424,18.2900667349,8.3121012015,98.85,0.0115,,,18.47126617613842
2024-01-01,2024,10,72,VLGEA,VILLAGE SUPER MARKET INC,Consumer Staples,81.8,0.334353747901,24.66768810302704,18.2900667349,8.3121012015,98.85,0.0115,,,16.35558690152704
2024-01-01,2024,10,73,BERY,BERRY GLOBAL GROUP INC,Materials,81.8,6.9964125,6.8774246801485805,18.2900667349,8.3121012015,98.85,0.0115,,,-1.4346765213514203
2024-01-01,2024,10,74,REI,RING ENERGY INC,Energy,81.7,0.28562023946,-14.383561643835618,18.2900667349,8.3121012015,98.85,0.0115,,,-22.69566284533562
2024-01-01,2024,10,75,CWCO,CONSOLIDATED WATER CO LTD,Utilities,81.4,0.537712905744,-27.385345282024243,18.2900667349,8.3121012015,98.85,0.0115,,,-35.697446483524246
2024-01-01,2024,10,76,NFLX,NETFLIX INC,Communication Svcs,81.1,21.309747724272,86.40116661189614,18.2900667349,8.3121012015,98.85,0.0115,,,78.08906541039615
2024-01-01,2024,10,77,VZ,VERIZON COMMUNICATIONS INC,Communication Svcs,80.9,132.328303818684,12.971788028974451,18.2900667349,8.3121012015,98.85,0.0115,,,4.6596868274744505
2024-01-01,2024,10,78,NGVT,INGEVITY CORP,Materials,80.8,1.71084038052,-14.019483269800926,18.2900667349,8.3121012015,98.85,0.0115,,,-22.33158447130093
2024-01-01,2024,10,79,WIRE,ENCORE WIRE CORP,Materials,80.7,3.369251228148,,18.2900667349,8.3121012015,98.85,0.0115,,,
2024-01-01,2024,10,80,TPL,TEXAS PACIFIC LAND CORP,Financials,80.2,1.300053395997,122.97229486808624,18.2900667349,8.3121012015,98.85,0.0115,,,114.66019366658624
2024-01-01,2024,10,81,RSG,REPUBLIC SERVICES INC,Utilities,80.1,50.473673174757,24.071338183132916,18.2900667349,8.3121012015,98.85,0.0115,,,15.759236981632915
2024-01-01,2024,10,82,ARHS,ARHAUS INC,Consumer Disc,80.0,1.4953176542480002,-19.168422016668195,18.2900667349,8.3121012015,98.85,0.0115,,,-27.480523218168194
2024-01-01,2024,10,83,GDEN,GOLDEN ENTERTAINMENT INC,Consumer Disc,79.9,1.056639301476,-18.88202794930126,18.2900667349,8.3121012015,98.85,0.0115,,,-27.19412915080126
2024-01-01,2024,10,84,JELD,JELD-WEN HOLDING INC,Materials,79.5,1.6088608236799995,-56.51483050847457,18.2900667349,8.3121012015,98.85,0.0115,,,-64.82693170997457
2024-01-01,2024,10,85,HCC,WARRIOR MET COAL INC,Materials,78.3,3.102252510951,-10.8137565605245,18.2900667349,8.3121012015,98.85,0.0115,,,-19.125857762024502
2024-01-01,2024,10,86,LYB,LYONDELLBASELL INDUSTRIES NV,Materials,78.2,25.683938271459,-17.513860298296358,18.2900667349,8.3121012015,98.85,0.0115,,,-25.825961499796357
2024-01-01,2024,10,87,ACT,ENACT HOLDINGS INC,Financials,77.9,4.339779566598,14.64267314344594,18.2900667349,8.3121012015,98.85,0.0115,,,6.330571941945939
2024-01-01,2024,10,88,AMG,AFFILIATED MANAGERS GROUP INC,Financials,77.6,5.116565163604,23.95020450776073,18.2900667349,8.3121012015,98.85,0.0115,,,15.63810330626073
2024-01-01,2024,10,89,ACGL,ARCH CAPITAL GROUP LTD,Financials,77.3,26.356758760761,30.739497939939685,18.2900667349,8.3121012015,98.85,0.0115,,,22.427396738439683
2024-01-01,2024,10,90,DAR,DARLING INGREDIENTS INC,Consumer Staples,76.9,7.951089134240001,-32.86516853932585,18.2900667349,8.3121012015,98.85,0.0115,,,-41.17726974082585
2024-01-01,2024,10,91,SD,SANDRIDGE ENERGY INC,Energy,76.7,0.402848272609,-8.240493508885017,18.2900667349,8.3121012015,98.85,0.0115,,,-16.552594710385016
2024-01-01,2024,10,92,OTTR,OTTER TAIL CORP,Utilities,76.2,3.314901945954,-10.107708181291995,18.2900667349,8.3121012015,98.85,0.0115,,,-18.419809382791996
2024-01-01,2024,10,93,EIG,EMPLOYERS HOLDINGS INC,Financials,76.1,0.9390104759160002,32.45863920236658,18.2900667349,8.3121012015,98.85,0.0115,,,24.146538000866578
2024-01-01,2024,10,94,JBSS,SANFILIPPO JOHN B & SON INC,Consumer Staples,76.0,0.74916261264,-13.908160610528142,18.2900667349,8.3121012015,98.85,0.0115,,,-22.22026181202814
2024-01-01,2024,10,95,SM,SM ENERGY CO,Energy,75.8,4.183112632068,-0.6284061839617383,18.2900667349,8.3121012015,98.85,0.0115,,,-8.94050738546174
2024-01-01,2024,10,96,DTE,DTE ENERGY CO,Utilities,75.3,20.903496946542,14.03607443806365,18.2900667349,8.3121012015,98.85,0.0115,,,5.7239732365636495
2024-01-01,2024,10,97,AMR,ALPHA METALLURGICAL RESOURCES INC,Energy,75.3,4.502075678480001,-41.28997993626815,18.2900667349,8.3121012015,98.85,0.0115,,,-49.60208113776815
2024-01-01,2024,10,98,PEG,PUBLIC SERVICE ENTERPRISE GROUP INC,Utilities,75.2,28.13233391941,43.36196971038881,18.2900667349,8.3121012015,98.85,0.0115,,,35.049868508888814
2024-01-01,2024,10,99,AWK,AMERICAN WATER WORKS COMPANY INC,Utilities,75.1,24.026401924803,-2.9027787907519587,18.2900667349,8.3121012015,98.85,0.0115,,,-11.214879992251959
2024-01-01,2024,10,100,OMC,OMNICOM GROUP INC,Communication Svcs,74.0,15.68608503833,3.023381998511021,18.2900667349,8.3121012015,98.85,0.0115,,,-5.28871920298898
2024-01-01,2024,10,101,ALLE,ALLEGION PLC,Unclassified,73.4,10.723602337164,5.7124613193182405,18.2900667349,8.3121012015,98.85,0.0115,,,-2.5996398821817603
2024-01-01,2024,10,102,WM,WASTE MANAGEMENT INC,Utilities,73.0,69.496483276288,15.550236461424326,18.2900667349,8.3121012015,98.85,0.0115,,,7.238135259924325
2024-01-01,2024,10,103,PMTS,CPI CARD GROUP INC,Communication Svcs,71.6,0.21984344174,66.23241271495569,18.2900667349,8.3121012015,98.85,0.0115,,,57.92031151345569
2024-01-01,2024,10,104,SPOK,SPOK HOLDINGS INC,Communication Svcs,71.5,0.2424123794159999,13.410814375206082,18.2900667349,8.3121012015,98.85,0.0115,,,5.098713173706081
2024-01-01,2024,10,105,WEC,WEC ENERGY GROUP INC,Utilities,71.0,24.085949918098,17.08268943660127,18.2900667349,8.3121012015,98.85,0.0115,,,8.77058823510127
2024-01-01,2024,10,106,TGNA,TEGNA INC,Communication Svcs,71.0,2.820974793714,24.13070800167574,18.2900667349,8.3121012015,98.85,0.0115,,,15.818606800175738
2024-01-01,2024,10,107,NGVC,NATURAL GROCERS BY VITAMIN COTTAGE INC,Consumer Staples,70.9,0.347315584445,149.72158532590893,18.2900667349,8.3121012015,98.85,0.0115,,,141.40948412440892
2024-01-01,2024,10,108,AD,ARRAY DIGITAL INFRASTRUCTURE INC,Communication Svcs,70.6,0.999219081588,53.37269922332164,18.2900667349,8.3121012015,98.85,0.0115,,,45.06059802182164
2024-01-01,2024,10,109,MO,ALTRIA GROUP INC,Consumer Staples,70.3,59.34340185272199,41.105117277143634,18.2900667349,8.3121012015,98.85,0.0115,,,32.793016075643635
2024-01-01,2024,10,110,DMC,DEL MONTE CORP,Consumer Staples,70.1,1.144761571296,30.77440511225091,18.2900667349,8.3121012015,98.85,0.0115,,,22.46230391075091
2024-01-01,2024,10,111,MGPI,MGP INGREDIENTS INC,Unclassified,69.6,2.077330342115,-59.64601769911504,18.2900667349,8.3121012015,98.85,0.0115,,,-67.95811890061505
2024-01-01,2024,10,112,DFIN,DONNELLEY FINANCIAL SOLUTIONS INC,Unclassified,68.5,1.8154435068,0.2244668911335567,18.2900667349,8.3121012015,98.85,0.0115,,,-8.087634310366445
2024-01-01,2024,10,113,MNST,MONSTER BEVERAGE CORP,Consumer Staples,68.1,29.96991302914,-8.783197361569172,18.2900667349,8.3121012015,98.85,0.0115,,,-17.09529856306917
2024-01-01,2024,10,114,IPG,INTERPUBLIC GROUP OF COMPANIES INC,Communication Svcs,66.5,11.523828293528,-10.16352034033502,18.2900667349,8.3121012015,98.85,0.0115,,,-18.47562154183502
2024-01-01,2024,10,115,AIN,ALBANY INTERNATIONAL CORP,Unclassified,64.4,2.9299608,-17.416861003737672,18.2900667349,8.3121012015,98.85,0.0115,,,-25.72896220523767
2024-01-01,2024,10,116,TILE,INTERFACE INC,Unclassified,62.5,0.728370931625,98.27682489030714,18.2900667349,8.3121012015,98.85,0.0115,,,89.96472368880714
2024-01-01,2024,10,117,SONO,SONOS INC,Unclassified,55.3,2.1450781131000003,-12.368728121353566,18.2900667349,8.3121012015,98.85,0.0115,,,-20.68082932285357
2024-01-01,2024,10,118,ADT,ADT INC,Unclassified,52.4,4.814244024912001,5.420353982300874,18.2900667349,8.3121012015,98.85,0.0115,,,-2.891747219199127
2024-01-01,2024,10,119,MHK,MOHAWK INDUSTRIES INC,Unclassified,52.1,6.591103146,14.80193236714975,18.2900667349,8.3121012015,98.85,0.0115,,,6.489831165649749
2024-01-01,2024,10,120,KWR,QUAKER CHEMICAL CORP,Unclassified,49.9,3.700252587672,-33.58769721301436,18.2900667349,8.3121012015,98.85,0.0115,,,-41.89979841451436
2024-01-01,2024,20,1,BKNG,BOOKING HOLDINGS INC,Industrials,97.9,4.847703624239,43.26450414918348,16.1497003072,8.3121012015,99.8,0.002,,,34.95240294768348
2024-01-01,2024,20,2,COLL,COLLEGIUM PHARMACEUTICAL INC,Healthcare,95.3,1.00376267094,-5.425601039636129,16.1497003072,8.3121012015,99.8,0.002,,,-13.73770224113613
2024-01-01,2024,20,3,SMCI,SUPER MICRO COMPUTER INC,Technology,95.1,1.515490744892,12.502638429606703,16.1497003072,8.3121012015,99.8,0.002,,,4.190537228106702
2024-01-01,2024,20,4,SLCA,US SILICA HOLDINGS INC,Materials,95.0,0.87261639972,,16.1497003072,8.3121012015,99.8,0.002,,,
2024-01-01,2024,20,5,CMG,CHIPOTLE MEXICAN GRILL INC,Consumer Disc,94.6,1.25529130374,32.88440936618642,16.1497003072,8.3121012015,99.8,0.002,,,24.57230816468642
2024-01-01,2024,20,6,ATH-PA,ATHENE HOLDING LTD,Financials,94.6,3.896148443544,13.485379505152473,16.1497003072,8.3121012015,99.8,0.002,,,5.173278303652472
2024-01-01,2024,20,7,DECK,DECKERS OUTDOOR CORP,Consumer Disc,94.1,2.8665480179700005,85.9072752569454,16.1497003072,8.3121012015,99.8,0.002,,,77.5951740554454
2024-01-01,2024,20,8,CVI,CVR ENERGY INC,Energy,94.0,2.834158647008,-35.825766174801366,16.1497003072,8.3121012015,99.8,0.002,,,-44.137867376301365
2024-01-01,2024,20,9,TH,TARGET HOSPITALITY CORP,Consumer Disc,93.4,0.98916552903,1.4902363823227072,16.1497003072,8.3121012015,99.8,0.002,,,-6.821864819177294
2024-01-01,2024,20,10,AVGO,BROADCOM INC,Technology,93.1,50.922458533543995,119.42799882326986,16.1497003072,8.3121012015,99.8,0.002,,,111.11589762176986
2024-01-01,2024,20,11,ARCT,ARCTURUS THERAPEUTICS HOLDINGS INC,Healthcare,92.8,0.84258665796,-46.019663812242314,16.1497003072,8.3121012015,99.8,0.002,,,-54.33176501374231
2024-01-01,2024,20,12,HNRG,HALLADOR ENERGY CO,Utilities,92.4,0.29297884252,26.01809954751133,16.1497003072,8.3121012015,99.8,0.002,,,17.705998346011327
2024-01-01,2024,20,13,VST,VISTRA CORP,Utilities,92.2,13.530137984417,266.05797944028967,16.1497003072,8.3121012015,99.8,0.002,,,257.74587823878966
2024-01-01,2024,20,14,ANET,ARISTA NETWORKS INC,Technology,91.8,18.316643060534,91.97649336752892,16.1497003072,8.3121012015,99.8,0.002,,,83.66439216602892
2024-01-01,2024,20,15,POWL,POWELL INDUSTRIES INC,Industrials,91.6,0.3480644276319999,163.00508521165477,16.1497003072,8.3121012015,99.8,0.002,,,154.69298401015476
2024-01-01,2024,20,16,USLM,UNITED STATES LIME & MINERALS INC,Materials,91.1,0.260899209928,195.07340732325443,16.1497003072,8.3121012015,99.8,0.002,,,186.76130612175442
2024-01-01,2024,20,17,MPX,MARINE PRODUCTS CORP,Industrials,90.3,0.315990943968,-10.31849912739965,16.1497003072,8.3121012015,99.8,0.002,,,-18.63060032889965
2024-01-01,2024,20,18,LRCX,LAM RESEARCH CORP,Technology,90.1,10.110555072,-5.360029198602634,16.1497003072,8.3121012015,99.8,0.002,,,-13.672130400102635
2024-01-01,2024,20,19,OSUR,ORASURE TECHNOLOGIES INC,Healthcare,90.0,0.6025710303999999,-55.85365853658536,16.1497003072,8.3121012015,99.8,0.002,,,-64.16575973808536
2024-01-01,2024,20,20,TCI,TRANSCONTINENTAL REALTY INVESTORS INC,Real Estate,89.9,0.29857476096,-15.306712962962964,16.1497003072,8.3121012015,99.8,0.002,,,-23.618814164462965
2024-01-01,2024,20,21,MLI,MUELLER INDUSTRIES INC,Materials,89.8,2.59732584198,71.81571815718158,16.1497003072,8.3121012015,99.8,0.002,,,63.50361695568158
2024-01-01,2024,20,22,FBRT-PE,FRANKLIN BSP REALTY TRUST INC,Real Estate,89.1,1.3529763723,8.231725811343637,16.1497003072,8.3121012015,99.8,0.002,,,-0.08037539015636419
2024-01-01,2024,20,23,ARL,AMERICAN REALTY INVESTORS INC,Real Estate,88.9,0.28120706863,-15.163699023549691,16.1497003072,8.3121012015,99.8,0.002,,,-23.475800225049692
2024-01-01,2024,20,24,NVDA,NVIDIA CORP,Technology,88.8,122.10692,176.7416457642204,16.1497003072,8.3121012015,99.8,0.002,,,168.4295445627204
2024-01-01,2024,20,25,UTHR,UNITED THERAPEUTICS CORP,Healthcare,88.4,10.33342292389,63.700031834098866,16.1497003072,8.3121012015,99.8,0.002,,,55.38793063259887
2024-01-01,2024,20,26,MPC,MARATHON PETROLEUM CORP,Energy,88.3,53.368350768735,-6.682081747358682,16.1497003072,8.3121012015,99.8,0.002,,,-14.994182948858683
2024-01-01,2024,20,27,SCYX,SCYNEXIS INC,Healthcare,88.3,0.66378713416,-55.190582959641254,16.1497003072,8.3121012015,99.8,0.002,,,-63.502684161141254
2024-01-01,2024,20,28,VGR,VECTOR GROUP LTD,Consumer Staples,88.1,1.67300537158,,16.1497003072,8.3121012015,99.8,0.002,,,
2024-01-01,2024,20,29,COKE,COCA-COLA CONSOLIDATED INC,Consumer Staples,88.0,0.6404592498539999,35.769719676189204,16.1497003072,8.3121012015,99.8,0.002,,,27.457618474689205
2024-01-01,2024,20,30,CRAI,CRA INTERNATIONAL INC,Unclassified,87.9,0.6704633190120001,90.9990914502334,16.1497003072,8.3121012015,99.8,0.002,,,82.6869902487334
2024-01-01,2024,20,31,THC,TENET HEALTHCARE CORP,Healthcare,87.9,7.674284639999999,69.33968506020909,16.1497003072,8.3121012015,99.8,0.002,,,61.02758385870909
2024-01-01,2024,20,32,MED,MEDIFAST INC,Consumer Staples,87.9,0.7322007064399999,-73.81731627491817,16.1497003072,8.3121012015,99.8,0.002,,,-82.12941747641817
2024-01-01,2024,20,33,TRN,TRINITY INDUSTRIES INC,Industrials,87.9,1.951898264613,38.70223564447799,16.1497003072,8.3121012015,99.8,0.002,,,30.39013444297799
2024-01-01,2024,20,34,AEL,AMERICAN EQUITY INVESTMENT LIFE HOLDING CO,Financials,87.7,4.379397807268,,16.1497003072,8.3121012015,99.8,0.002,,,
2024-01-01,2024,20,35,EGY,VAALCO ENERGY INC,Energy,87.7,0.407279865861,-0.903692228246844,16.1497003072,8.3121012015,99.8,0.002,,,-9.215793429746846
2024-01-01,2024,20,36,PRG,PROG HOLDINGS INC,Industrials,87.4,1.32422617782,38.05133400878083,16.1497003072,8.3121012015,99.8,0.002,,,29.73923280728083
2024-01-01,2024,20,37,PLAB,PHOTRONICS INC,Technology,87.4,1.96391841082,-23.748804590372963,16.1497003072,8.3121012015,99.8,0.002,,,-32.06090579187296
2024-01-01,2024,20,38,GM,GENERAL MOTORS CO,Consumer Disc,86.8,47.970187683768,52.68356743176887,16.1497003072,8.3121012015,99.8,0.002,,,44.37146623026887
2024-01-01,2024,20,39,DAKT,DAKTRONICS INC,Industrials,86.7,0.39160780768,99.8820754716981,16.1497003072,8.3121012015,99.8,0.002,,,91.5699742701981
2024-01-01,2024,20,40,V,VISA INC,Financials,86.1,119.681631696944,23.335502995702505,16.1497003072,8.3121012015,99.8,0.002,,,15.023401794202504
2024-01-01,2024,20,41,STWD,STARWOOD PROPERTY TRUST INC,Real Estate,86.1,5.120306206656,-1.3641646785343076,16.1497003072,8.3121012015,99.8,0.002,,,-9.676265880034308
2024-01-01,2024,20,42,GES,GUESS INC,Consumer Disc,85.9,1.072287470592,-31.59054487179487,16.1497003072,8.3121012015,99.8,0.002,,,-39.90264607329487
2024-01-01,2024,20,43,PRDO,PERDOCEO EDUCATION CORP,Industrials,85.8,1.09239020938,53.078773301262785,16.1497003072,8.3121012015,99.8,0.002,,,44.766672099762786
2024-01-01,2024,20,44,APH,AMPHENOL CORP,Technology,85.8,14.539536923530996,43.924118349039155,16.1497003072,8.3121012015,99.8,0.002,,,35.612017147539156
2024-01-01,2024,20,45,GLRE,GREENLIGHT CAPITAL RE LTD,Financials,85.5,0.40355318794,21.103327495621716,16.1497003072,8.3121012015,99.8,0.002,,,12.791226294121715
2024-01-01,2024,20,46,VLO,VALERO ENERGY CORP,Energy,85.1,41.033431287492,-5.2992715264756125,16.1497003072,8.3121012015,99.8,0.002,,,-13.611372727975613
2024-01-01,2024,20,47,SMLR,SEMLER SCIENTIFIC INC,Healthcare,85.0,0.30441385084,42.85391736283586,16.1497003072,8.3121012015,99.8,0.002,,,34.54181616133586
2024-01-01,2024,20,48,ALX,ALEXANDERS INC,Real Estate,85.0,0.8769727659000001,0.5386989691922306,16.1497003072,8.3121012015,99.8,0.002,,,-7.77340223230777
2024-01-01,2024,20,49,RES,RPC INC,Energy,84.9,1.460406424488,-18.64080544862303,16.1497003072,8.3121012015,99.8,0.002,,,-26.952906650123033
2024-01-01,2024,20,50,ARLP,ALLIANCE RESOURCE PARTNERS LP,Energy,84.8,2.006802148482,38.040035474471054,16.1497003072,8.3121012015,99.8,0.002,,,29.727934272971055
2024-01-01,2024,20,51,WSM,WILLIAMS SONOMA INC,Consumer Disc,84.6,6.209061150161999,87.41916155292463,16.1497003072,8.3121012015,99.8,0.002,,,79.10706035142464
2024-01-01,2024,20,52,HEES,H&E EQUIPMENT SERVICES INC,Industrials,84.5,1.861716420376,-3.506539274806175,16.1497003072,8.3121012015,99.8,0.002,,,-11.818640476306175
2024-01-01,2024,20,53,UVE,UNIVERSAL INSURANCE HOLDINGS INC,Financials,84.5,0.430694968656,33.96354272548621,16.1497003072,8.3121012015,99.8,0.002,,,25.651441523986207
2024-01-01,2024,20,54,TWI,TITAN INTERNATIONAL INC,Materials,84.5,0.92091989664,-53.494623655913976,16.1497003072,8.3121012015,99.8,0.002,,,-61.806724857413975
2024-01-01,2024,20,55,CMCSA,COMCAST CORP,Communication Svcs,84.4,76.480185151431,-10.900704054382128,16.1497003072,8.3121012015,99.8,0.002,,,-19.21280525588213
2024-01-01,2024,20,56,MHO,M/I HOMES INC,Industrials,84.4,3.83585542028,-2.7370408015100933,16.1497003072,8.3121012015,99.8,0.002,,,-11.049142003010093
2024-01-01,2024,20,57,USNA,USANA HEALTH SCIENCES INC,Healthcare,84.1,1.0253576016,-33.41417910447761,16.1497003072,8.3121012015,99.8,0.002,,,-41.72628030597761
2024-01-01,2024,20,58,GLPI,GAMING & LEISURE PROPERTIES INC,Real Estate,83.9,11.19196432295,3.3138494572348964,16.1497003072,8.3121012015,99.8,0.002,,,-4.998251744265104
2024-01-01,2024,20,59,JAKK,JAKKS PACIFIC INC,Consumer Disc,83.8,0.329556905024,-22.869543954028604,16.1497003072,8.3121012015,99.8,0.002,,,-31.181645155528606
2024-01-01,2024,20,60,HRMY,HARMONY BIOSCIENCES HOLDINGS INC,Healthcare,83.7,1.8918737912,5.882352941176494,16.1497003072,8.3121012015,99.8,0.002,,,-2.4297482603235068
2024-01-01,2024,20,61,DXLG,DESTINATION XL GROUP INC,Consumer Disc,83.6,0.264801152,-36.13636363636365,16.1497003072,8.3121012015,99.8,0.002,,,-44.448464837863646
2024-01-01,2024,20,62,LNWO,LIGHT & WONDER INC,Technology,83.5,7.39379184978,4.774083546462071,16.1497003072,8.3121012015,99.8,0.002,,,-3.5380176550379296
2024-01-01,2024,20,63,VICI,VICI PROPERTIES INC,Real Estate,83.3,28.513773878010003,-3.969233001959227,16.1497003072,8.3121012015,99.8,0.002,,,-12.281334203459227
2024-01-01,2024,20,64,EBF,ENNIS INC,Communication Svcs,83.2,0.4403097528829999,13.016395369336545,16.1497003072,8.3121012015,99.8,0.002,,,4.704294167836544
2024-01-01,2024,20,65,UTMD,UTAH MEDICAL PRODUCTS INC,Healthcare,83.1,0.2911459774,-25.169542235962897,16.1497003072,8.3121012015,99.8,0.002,,,-33.4816434374629
2024-01-01,2024,20,66,CSCO,CISCO SYSTEMS INC,Technology,83.0,190.99961067470397,21.82580205939919,16.1497003072,8.3121012015,99.8,0.002,,,13.51370085789919
2024-01-01,2024,20,67,WFRD,WEATHERFORD INTERNATIONAL PLC,Industrials,82.6,6.840881447319999,-29.53951252424728,16.1497003072,8.3121012015,99.8,0.002,,,-37.85161372574728
2024-01-01,2024,20,68,WEYS,WEYCO GROUP INC,Industrials,82.6,0.241638498924,29.23119251631161,16.1497003072,8.3121012015,99.8,0.002,,,20.91909131481161
2024-01-01,2024,20,69,RGP,RESOURCES CONNECTION INC,Technology,82.6,0.405889627605,-37.418015774180155,16.1497003072,8.3121012015,99.8,0.002,,,-45.730116975680154
2024-01-01,2024,20,70,LTC,LTC PROPERTIES INC,Real Estate,82.4,1.121677116598,14.479805065347406,16.1497003072,8.3121012015,99.8,0.002,,,6.1677038638474055
2024-01-01,2024,20,71,VAC,MARRIOTT VACATIONS WORLDWIDE CORP,Real Estate,82.3,2.720404646582,10.570018539311189,16.1497003072,8.3121012015,99.8,0.002,,,2.257917337811188
2024-01-01,2024,20,72,SEM,SELECT MEDICAL HOLDINGS CORP,Healthcare,82.2,1.55843555439,52.34060057589469,16.1497003072,8.3121012015,99.8,0.002,,,44.02849937439469
2024-01-01,2024,20,73,SPG,SIMON PROPERTY GROUP INC,Real Estate,82.0,35.782638967386,26.783367377638424,16.1497003072,8.3121012015,99.8,0.002,,,18.47126617613842
2024-01-01,2024,20,74,IESC,IES HOLDINGS INC,Industrials,81.9,0.79989297498,165.74097450138856,16.1497003072,8.3121012015,99.8,0.002,,,157.42887329988855
2024-01-01,2024,20,75,DVA,DAVITA INC,Healthcare,81.8,9.564588,47.28904161893852,16.1497003072,8.3121012015,99.8,0.002,,,38.97694041743852
2024-01-01,2024,20,76,BERY,BERRY GLOBAL GROUP INC,Materials,81.8,6.9964125,6.8774246801485805,16.1497003072,8.3121012015,99.8,0.002,,,-1.4346765213514203
2024-01-01,2024,20,77,VLGEA,VILLAGE SUPER MARKET INC,Consumer Staples,81.8,0.334353747901,24.66768810302704,16.1497003072,8.3121012015,99.8,0.002,,,16.35558690152704
2024-01-01,2024,20,78,REI,RING ENERGY INC,Energy,81.7,0.28562023946,-14.383561643835618,16.1497003072,8.3121012015,99.8,0.002,,,-22.69566284533562
2024-01-01,2024,20,79,CSR,CENTERSPACE,Real Estate,81.6,0.774980485265,17.20889579489171,16.1497003072,8.3121012015,99.8,0.002,,,8.896794593391709
2024-01-01,2024,20,80,IIPR,INNOVATIVE INDUSTRIAL PROPERTIES INC,Real Estate,81.5,2.12258709117,-29.083607445276684,16.1497003072,8.3121012015,99.8,0.002,,,-37.39570864677668
2024-01-01,2024,20,81,DINO,HF SINCLAIR CORP,Industrials,81.5,8.93569616919,-35.90831406454207,16.1497003072,8.3121012015,99.8,0.002,,,-44.22041526604207
2024-01-01,2024,20,82,ZYXIQ,ZYNEX INC,Healthcare,81.5,0.36921213153,-24.60973370064279,16.1497003072,8.3121012015,99.8,0.002,,,-32.92183490214279
2024-01-01,2024,20,83,MD,PEDIATRIX MEDICAL GROUP INC,Healthcare,81.4,0.7814224188000001,45.05376344086021,16.1497003072,8.3121012015,99.8,0.002,,,36.74166223936021
2024-01-01,2024,20,84,CWCO,CONSOLIDATED WATER CO LTD,Utilities,81.4,0.537712905744,-27.385345282024243,16.1497003072,8.3121012015,99.8,0.002,,,-35.697446483524246
2024-01-01,2024,20,85,NFLX,NETFLIX INC,Communication Svcs,81.1,21.309747724272,86.40116661189614,16.1497003072,8.3121012015,99.8,0.002,,,78.08906541039615
2024-01-01,2024,20,86,PII,POLARIS INC,Industrials,81.0,4.745457705793,-37.38382263688401,16.1497003072,8.3121012015,99.8,0.002,,,-45.69592383838401
2024-01-01,2024,20,87,VZ,VERIZON COMMUNICATIONS INC,Communication Svcs,80.9,132.328303818684,12.971788028974451,16.1497003072,8.3121012015,99.8,0.002,,,4.6596868274744505
2024-01-01,2024,20,88,NGVT,INGEVITY CORP,Materials,80.8,1.71084038052,-14.019483269800926,16.1497003072,8.3121012015,99.8,0.002,,,-22.33158447130093
2024-01-01,2024,20,89,CMI,CUMMINS INC,Industrials,80.8,32.202164955792,49.98679484470736,16.1497003072,8.3121012015,99.8,0.002,,,41.67469364320736
2024-01-01,2024,20,90,TOL,TOLL BROTHERS INC,Industrials,80.8,10.47492354,23.947959528495044,16.1497003072,8.3121012015,99.8,0.002,,,15.635858326995043
2024-01-01,2024,20,91,AIRC,APARTMENT INCOME REIT CORP,Real Estate,80.7,5.034206366328,,16.1497003072,8.3121012015,99.8,0.002,,,
2024-01-01,2024,20,92,WIRE,ENCORE WIRE CORP,Materials,80.7,3.369251228148,,16.1497003072,8.3121012015,99.8,0.002,,,
2024-01-01,2024,20,93,TRTN-PA,TRITON INTERNATIONAL LTD,Industrials,80.7,2.0712282932250003,10.446886446886449,16.1497003072,8.3121012015,99.8,0.002,,,2.134785245386448
2024-01-01,2024,20,94,BXC,BLUELINX HOLDINGS INC,Industrials,80.5,0.99341154531,-8.463507192657316,16.1497003072,8.3121012015,99.8,0.002,,,-16.775608394157317
2024-01-01,2024,20,95,ALKS,ALKERMES PLC,Healthcare,80.4,4.629286873639999,6.524873828406652,16.1497003072,8.3121012015,99.8,0.002,,,-1.7872273730933488
2024-01-01,2024,20,96,CSV,CARRIAGE SERVICES INC,Industrials,80.3,0.3621468084069999,62.01960865428371,16.1497003072,8.3121012015,99.8,0.002,,,53.70750745278371
2024-01-01,2024,20,97,TPL,TEXAS PACIFIC LAND CORP,Financials,80.2,1.300053395997,122.97229486808624,16.1497003072,8.3121012015,99.8,0.002,,,114.66019366658624
2024-01-01,2024,20,98,RSG,REPUBLIC SERVICES INC,Utilities,80.1,50.473673174757,24.071338183132916,16.1497003072,8.3121012015,99.8,0.002,,,15.759236981632915
2024-01-01,2024,20,99,NATR,NATURES SUNSHINE PRODUCTS INC,Healthcare,80.0,0.3298074588899999,-13.12897628687102,16.1497003072,8.3121012015,99.8,0.002,,,-21.441077488371022
2024-01-01,2024,20,100,ARHS,ARHAUS INC,Consumer Disc,80.0,1.4953176542480002,-19.168422016668195,16.1497003072,8.3121012015,99.8,0.002,,,-27.480523218168194
2024-01-01,2024,20,101,GDEN,GOLDEN ENTERTAINMENT INC,Consumer Disc,79.9,1.056639301476,-18.88202794930126,16.1497003072,8.3121012015,99.8,0.002,,,-27.19412915080126
2024-01-01,2024,20,102,CVS,CVS HEALTH CORP,Consumer Disc,79.7,91.463600772486,-41.28290630759922,16.1497003072,8.3121012015,99.8,0.002,,,-49.59500750909922
2024-01-01,2024,20,103,ACLS,AXCELIS TECHNOLOGIES INC,Technology,79.6,4.24701795771,-45.06901071786569,16.1497003072,8.3121012015,99.8,0.002,,,-53.381111919365686
2024-01-01,2024,20,104,JELD,JELD-WEN HOLDING INC,Materials,79.5,1.6088608236799995,-56.51483050847457,16.1497003072,8.3121012015,99.8,0.002,,,-64.82693170997457
2024-01-01,2024,20,105,AGX,ARGAN INC,Industrials,79.4,0.6053116901219999,211.18523900742008,16.1497003072,8.3121012015,99.8,0.002,,,202.87313780592007
2024-01-01,2024,20,106,F,FORD MOTOR CO,Consumer Disc,79.3,38.283436749992006,-12.014409502482714,16.1497003072,8.3121012015,99.8,0.002,,,-20.326510703982713
2024-01-01,2024,20,107,CAL,CALERES INC,Consumer Disc,79.2,1.0489835034,-23.034487426811523,16.1497003072,8.3121012015,99.8,0.002,,,-31.346588628311522
2024-01-01,2024,20,108,VSH,VISHAY INTERTECHNOLOGY INC,Technology,78.7,2.982335106694,-25.618926168594168,16.1497003072,8.3121012015,99.8,0.002,,,-33.93102737009417
2024-01-01,2024,20,109,WPC,W P CAREY INC,Real Estate,78.5,12.277113693855998,-12.024437161584489,16.1497003072,8.3121012015,99.8,0.002,,,-20.33653836308449
2024-01-01,2024,20,110,AHRT,AH REALTY TRUST INC,Real Estate,78.4,0.6810209973119999,-12.203087885985742,16.1497003072,8.3121012015,99.8,0.002,,,-20.515189087485744
2024-01-01,2024,20,111,BKE,BUCKLE INC,Consumer Disc,78.3,1.861787861102,19.29444278863088,16.1497003072,8.3121012015,99.8,0.002,,,10.98234158713088
2024-01-01,2024,20,112,HCC,WARRIOR MET COAL INC,Materials,78.3,3.102252510951,-10.8137565605245,16.1497003072,8.3121012015,99.8,0.002,,,-19.125857762024502
2024-01-01,2024,20,113,AN,AUTONATION INC,Consumer Disc,78.2,6.38572403442,14.429351444932736,16.1497003072,8.3121012015,99.8,0.002,,,6.117250243432736
2024-01-01,2024,20,114,LYB,LYONDELLBASELL INDUSTRIES NV,Materials,78.2,25.683938271459,-17.513860298296358,16.1497003072,8.3121012015,99.8,0.002,,,-25.825961499796357
2024-01-01,2024,20,115,SIG,SIGNET JEWELERS LTD,Consumer Disc,78.2,4.566140455646,-22.66749488028108,16.1497003072,8.3121012015,99.8,0.002,,,-30.979596081781082
2024-01-01,2024,20,116,TCMD,TACTILE SYSTEMS TECHNOLOGY INC,Healthcare,78.0,0.3360150651,20.629370629370623,16.1497003072,8.3121012015,99.8,0.002,,,12.317269427870622
2024-01-01,2024,20,117,ACT,ENACT HOLDINGS INC,Financials,77.9,4.339779566598,14.64267314344594,16.1497003072,8.3121012015,99.8,0.002,,,6.330571941945939
2024-01-01,2024,20,118,ODP,ODP CORP,Consumer Disc,77.8,2.1043858476999997,-59.289520426287744,16.1497003072,8.3121012015,99.8,0.002,,,-67.60162162778775
2024-01-01,2024,20,119,PAYO,PAYONEER GLOBAL INC,Technology,77.7,1.88502212349,92.13051823416508,16.1497003072,8.3121012015,99.8,0.002,,,83.81841703266508
2024-01-01,2024,20,120,NVEC,NVE CORP,Technology,77.7,0.327748088409,10.591514400743264,16.1497003072,8.3121012015,99.8,0.002,,,2.2794131992432636
2024-01-01,2024,20,121,ORLY,O REILLY AUTOMOTIVE INC,Consumer Disc,77.6,3.74721384015,26.027029587293548,16.1497003072,8.3121012015,99.8,0.002,,,17.71492838579355
2024-01-01,2024,20,122,AMG,AFFILIATED MANAGERS GROUP INC,Financials,77.6,5.116565163604,23.95020450776073,16.1497003072,8.3121012015,99.8,0.002,,,15.63810330626073
2024-01-01,2024,20,123,EXTR,EXTREME NETWORKS INC,Technology,77.4,2.28638794356,-3.117913832199548,16.1497003072,8.3121012015,99.8,0.002,,,-11.430015033699549
2024-01-01,2024,20,124,ACGL,ARCH CAPITAL GROUP LTD,Financials,77.3,26.356758760761,30.739497939939685,16.1497003072,8.3121012015,99.8,0.002,,,22.427396738439683
2024-01-01,2024,20,125,KRT,KARAT PACKAGING INC,Materials,77.2,0.419312566239,27.83888015997715,16.1497003072,8.3121012015,99.8,0.002,,,19.526778958477152
2024-01-01,2024,20,126,DAR,DARLING INGREDIENTS INC,Consumer Staples,76.9,7.951089134240001,-32.86516853932585,16.1497003072,8.3121012015,99.8,0.002,,,-41.17726974082585
2024-01-01,2024,20,127,TSCO,TRACTOR SUPPLY CO,Consumer Disc,76.8,4.413438035688,28.94762627994709,16.1497003072,8.3121012015,99.8,0.002,,,20.63552507844709
2024-01-01,2024,20,128,HST,HOST HOTELS & RESORTS INC,Real Estate,76.7,11.75610780498,-4.6744674467446785,16.1497003072,8.3121012015,99.8,0.002,,,-12.98656864824468
2024-01-01,2024,20,129,SD,SANDRIDGE ENERGY INC,Energy,76.7,0.402848272609,-8.240493508885017,16.1497003072,8.3121012015,99.8,0.002,,,-16.552594710385016
2024-01-01,2024,20,130,ABBV,ABBVIE INC,Healthcare,76.6,248.972556034578,19.106071565332083,16.1497003072,8.3121012015,99.8,0.002,,,10.793970363832083
2024-01-01,2024,20,131,PSA,PUBLIC STORAGE,Real Estate,76.5,48.524802282492,1.6056325779262526,16.1497003072,8.3121012015,99.8,0.002,,,-6.706468623573748
2024-01-01,2024,20,132,OTTR,OTTER TAIL CORP,Utilities,76.2,3.314901945954,-10.107708181291995,16.1497003072,8.3121012015,99.8,0.002,,,-18.419809382791996
2024-01-01,2024,20,133,VNDA,VANDA PHARMACEUTICALS INC,Healthcare,76.2,0.2427850357799999,13.981042654028442,16.1497003072,8.3121012015,99.8,0.002,,,5.668941452528442
2024-01-01,2024,20,134,EIG,EMPLOYERS HOLDINGS INC,Financials,76.1,0.9390104759160002,32.45863920236658,16.1497003072,8.3121012015,99.8,0.002,,,24.146538000866578
2024-01-01,2024,20,135,JBSS,SANFILIPPO JOHN B & SON INC,Consumer Staples,76.0,0.74916261264,-13.908160610528142,16.1497003072,8.3121012015,99.8,0.002,,,-22.22026181202814
2024-01-01,2024,20,136,SM,SM ENERGY CO,Energy,75.8,4.183112632068,-0.6284061839617383,16.1497003072,8.3121012015,99.8,0.002,,,-8.94050738546174
2024-01-01,2024,20,137,GPI,GROUP 1 AUTOMOTIVE INC,Consumer Disc,75.6,4.146657027084,39.629918530074534,16.1497003072,8.3121012015,99.8,0.002,,,31.317817328574534
2024-01-01,2024,20,138,BNL,BROADSTONE NET LEASE INC,Real Estate,75.6,2.7275851415480004,-2.505835507345877,16.1497003072,8.3121012015,99.8,0.002,,,-10.817936708845878
2024-01-01,2024,20,139,IDCC,INTERDIGITAL INC,Financials,75.5,2.704717402724,82.16461241672923,16.1497003072,8.3121012015,99.8,0.002,,,73.85251121522923
2024-01-01,2024,20,140,SGRY,SURGERY PARTNERS INC,Healthcare,75.5,4.04651999521,-34.54204438887152,16.1497003072,8.3121012015,99.8,0.002,,,-42.854145590371516
2024-01-01,2024,20,141,DTE,DTE ENERGY CO,Utilities,75.3,20.903496946542,14.03607443806365,16.1497003072,8.3121012015,99.8,0.002,,,5.7239732365636495
2024-01-01,2024,20,142,EEX,EMERALD HOLDING INC,Technology,75.3,0.3659710094369999,-20.41587901701323,16.1497003072,8.3121012015,99.8,0.002,,,-28.72798021851323
2024-01-01,2024,20,143,AMR,ALPHA METALLURGICAL RESOURCES INC,Energy,75.3,4.502075678480001,-41.28997993626815,16.1497003072,8.3121012015,99.8,0.002,,,-49.60208113776815
2024-01-01,2024,20,144,PEG,PUBLIC SERVICE ENTERPRISE GROUP INC,Utilities,75.2,28.13233391941,43.36196971038881,16.1497003072,8.3121012015,99.8,0.002,,,35.049868508888814
2024-01-01,2024,20,145,AWK,AMERICAN WATER WORKS COMPANY INC,Utilities,75.1,24.026401924803,-2.9027787907519587,16.1497003072,8.3121012015,99.8,0.002,,,-11.214879992251959
2024-01-01,2024,20,146,IBKR,INTERACTIVE BROKERS GROUP INC,Financials,75.1,0.862623703326,117.25741701752672,16.1497003072,8.3121012015,99.8,0.002,,,108.94531581602672
2024-01-01,2024,20,147,EPR,EPR PROPERTIES,Real Estate,74.7,3.0264353403840003,-2.7553763440860246,16.1497003072,8.3121012015,99.8,0.002,,,-11.067477545586026
2024-01-01,2024,20,148,BFS,SAUL CENTERS INC,Real Estate,74.3,0.7825317945120001,3.7818982926381306,16.1497003072,8.3121012015,99.8,0.002,,,-4.53020290886187
2024-01-01,2024,20,149,MUR,MURPHY OIL CORP,Energy,74.2,5.8877437692150005,-30.66771612226159,16.1497003072,8.3121012015,99.8,0.002,,,-38.979817323761594
2024-01-01,2024,20,150,NTAP,NETAPP INC,Technology,74.1,17.239853888772,35.183326162818496,16.1497003072,8.3121012015,99.8,0.002,,,26.871224961318497
2024-01-01,2024,20,151,OMC,OMNICOM GROUP INC,Communication Svcs,74.0,15.68608503833,3.023381998511021,16.1497003072,8.3121012015,99.8,0.002,,,-5.28871920298898
2024-01-01,2024,20,152,IMXI,INTERNATIONAL MONEY EXPRESS INC,Technology,73.9,0.77021253807,-6.564056133997276,16.1497003072,8.3121012015,99.8,0.002,,,-14.876157335497277
2024-01-01,2024,20,153,LNG,CHENIERE ENERGY INC,Energy,73.7,39.608441943304,24.56569861167921,16.1497003072,8.3121012015,99.8,0.002,,,16.25359741017921
2024-01-01,2024,20,154,CIVB,CIVISTA BANCSHARES INC,Financials,73.7,0.262327197861,19.0330880153174,16.1497003072,8.3121012015,99.8,0.002,,,10.7209868138174
2024-01-01,2024,20,155,LQDT,LIQUIDITY SERVICES INC,Technology,73.7,0.52931298009,86.34514816966879,16.1497003072,8.3121012015,99.8,0.002,,,78.03304696816879
2024-01-01,2024,20,156,SEE,SEALED AIR CORP,Materials,73.7,5.012349112642,-4.057286113592484,16.1497003072,8.3121012015,99.8,0.002,,,-12.369387315092485
2024-01-01,2024,20,157,AMWD,AMERICAN WOODMARK CORP,Materials,73.5,1.4880510542999998,-13.010231556273554,16.1497003072,8.3121012015,99.8,0.002,,,-21.322332757773555
2024-01-01,2024,20,158,ALLE,ALLEGION PLC,Unclassified,73.4,10.723602337164,5.7124613193182405,16.1497003072,8.3121012015,99.8,0.002,,,-2.5996398821817603
2024-01-01,2024,20,159,SPNT,SIRIUSPOINT LTD,Financials,73.2,1.9439302388,22.58620689655173,16.1497003072,8.3121012015,99.8,0.002,,,14.274105695051729
2024-01-01,2024,20,160,WM,WASTE MANAGEMENT INC,Utilities,73.0,69.496483276288,15.550236461424326,16.1497003072,8.3121012015,99.8,0.002,,,7.238135259924325
2024-01-01,2024,20,161,LEU,CENTRUS ENERGY CORP,Materials,73.0,0.74399869453,29.957728358757585,16.1497003072,8.3121012015,99.8,0.002,,,21.645627157257586
2024-01-01,2024,20,162,CME,CME GROUP INC,Financials,73.0,12.779506832497,16.064435046073466,16.1497003072,8.3121012015,99.8,0.002,,,7.7523338445734655
2024-01-01,2024,20,163,NL,NLI HOLDINGS INC,Materials,72.6,0.2135976590159999,59.053497942386834,16.1497003072,8.3121012015,99.8,0.002,,,50.741396740886834
2024-01-01,2024,20,164,CLFD,CLEARFIELD INC,Technology,72.5,0.443601587,7.0151306740027675,16.1497003072,8.3121012015,99.8,0.002,,,-1.2969705274972334
2024-01-01,2024,20,165,CMA,COMERICA INC,Financials,72.5,6.688852770264,16.614092504238798,16.1497003072,8.3121012015,99.8,0.002,,,8.301991302738797
2024-01-01,2024,20,166,ATLC,ATLANTICUS HOLDINGS CORP,Financials,72.4,0.5641000557900001,47.4010861132661,16.1497003072,8.3121012015,99.8,0.002,,,39.088984911766104
2024-01-01,2024,20,167,STLD,STEEL DYNAMICS INC,Materials,72.4,18.47167368344,-0.9566192445160882,16.1497003072,8.3121012015,99.8,0.002,,,-9.26872044601609
2024-01-01,2024,20,168,QCRH,QCR HOLDINGS INC,Financials,72.2,0.968119005856,38.851345512366265,16.1497003072,8.3121012015,99.8,0.002,,,30.539244310866266
2024-01-01,2024,20,169,GPP,GREEN PLAINS PARTNERS LP,Materials,72.1,0.29616132409,,16.1497003072,8.3121012015,99.8,0.002,,,
2024-01-01,2024,20,170,FRHC,FREEDOM HOLDING CORP,Financials,72.0,4.808530794599999,60.967741935483886,16.1497003072,8.3121012015,99.8,0.002,,,52.65564073398389
2024-01-01,2024,20,171,HTBK,HERITAGE COMMERCE CORP,Financials,72.0,0.5321736400500001,0.6659012629161909,16.1497003072,8.3121012015,99.8,0.002,,,-7.64619993858381
2024-01-01,2024,20,172,PMTS,CPI CARD GROUP INC,Communication Svcs,71.6,0.21984344174,66.23241271495569,16.1497003072,8.3121012015,99.8,0.002,,,57.92031151345569
2024-01-01,2024,20,173,NX,QUANEX BUILDING PRODUCTS CORP,Materials,71.5,0.970757330385,-19.08210096889342,16.1497003072,8.3121012015,99.8,0.002,,,-27.39420217039342
2024-01-01,2024,20,174,SPOK,SPOK HOLDINGS INC,Communication Svcs,71.5,0.2424123794159999,13.410814375206082,16.1497003072,8.3121012015,99.8,0.002,,,5.098713173706081
2024-01-01,2024,20,175,MOS,MOSAIC CO,Materials,71.3,10.793740901375,-31.164269492808472,16.1497003072,8.3121012015,99.8,0.002,,,-39.47637069430847
2024-01-01,2024,20,176,TGNA,TEGNA INC,Communication Svcs,71.0,2.820974793714,24.13070800167574,16.1497003072,8.3121012015,99.8,0.002,,,15.818606800175738
2024-01-01,2024,20,177,WEC,WEC ENERGY GROUP INC,Utilities,71.0,24.085949918098,17.08268943660127,16.1497003072,8.3121012015,99.8,0.002,,,8.77058823510127
2024-01-01,2024,20,178,NRP,NATURAL RESOURCE PARTNERS LP,Energy,70.9,1.033336830612,21.80446531191158,16.1497003072,8.3121012015,99.8,0.002,,,13.49236411041158
2024-01-01,2024,20,179,NGVC,NATURAL GROCERS BY VITAMIN COTTAGE INC,Consumer Staples,70.9,0.347315584445,149.72158532590893,16.1497003072,8.3121012015,99.8,0.002,,,141.40948412440892
2024-01-01,2024,20,180,AD,ARRAY DIGITAL INFRASTRUCTURE INC,Communication Svcs,70.6,0.999219081588,53.37269922332164,16.1497003072,8.3121012015,99.8,0.002,,,45.06059802182164
2024-01-01,2024,20,181,MO,ALTRIA GROUP INC,Consumer Staples,70.3,59.34340185272199,41.105117277143634,16.1497003072,8.3121012015,99.8,0.002,,,32.793016075643635
2024-01-01,2024,20,182,EOG,EOG RESOURCES INC,Energy,70.2,64.639800783292,2.4655828807534697,16.1497003072,8.3121012015,99.8,0.002,,,-5.846518320746531
2024-01-01,2024,20,183,FE,FIRSTENERGY CORP,Utilities,70.1,18.790714008781,12.91721379057622,16.1497003072,8.3121012015,99.8,0.002,,,4.605112589076219
2024-01-01,2024,20,184,DMC,DEL MONTE CORP,Consumer Staples,70.1,1.144761571296,30.77440511225091,16.1497003072,8.3121012015,99.8,0.002,,,22.46230391075091
2024-01-01,2024,20,185,CF,CF INDUSTRIES HOLDINGS INC,Materials,70.0,14.262940969153002,9.313758321835676,16.1497003072,8.3121012015,99.8,0.002,,,1.0016571203356754
2024-01-01,2024,20,186,ETRN,EQUITRANS MIDSTREAM CORP,Energy,69.8,4.298815642,,16.1497003072,8.3121012015,99.8,0.002,,,
2024-01-01,2024,20,187,MGPI,MGP INGREDIENTS INC,Unclassified,69.6,2.077330342115,-59.64601769911504,16.1497003072,8.3121012015,99.8,0.002,,,-67.95811890061505
2024-01-01,2024,20,188,D,DOMINION ENERGY INC,Utilities,69.1,35.014924085724,20.550138610075507,16.1497003072,8.3121012015,99.8,0.002,,,12.238037408575506
2024-01-01,2024,20,189,WCN,WASTE CONNECTIONS INC,Utilities,68.8,37.687294991456994,15.513033491252903,16.1497003072,8.3121012015,99.8,0.002,,,7.2009322897529024
2024-01-01,2024,20,190,AWR,AMERICAN STATES WATER CO,Utilities,68.7,2.78057071248,-0.8711264795850493,16.1497003072,8.3121012015,99.8,0.002,,,-9.18322768108505
2024-01-01,2024,20,191,DFIN,DONNELLEY FINANCIAL SOLUTIONS INC,Unclassified,68.5,1.8154435068,0.2244668911335567,16.1497003072,8.3121012015,99.8,0.002,,,-8.087634310366445
2024-01-01,2024,20,192,NI,NISOURCE INC,Utilities,68.5,10.100152639071002,43.48573533625311,16.1497003072,8.3121012015,99.8,0.002,,,35.17363413475311
2024-01-01,2024,20,193,CLH,CLEAN HARBORS INC,Utilities,68.2,9.438593407109998,31.551200504269097,16.1497003072,8.3121012015,99.8,0.002,,,23.239099302769098
2024-01-01,2024,20,194,SO,SOUTHERN CO,Utilities,68.1,69.694938878496,22.899974962443647,16.1497003072,8.3121012015,99.8,0.002,,,14.587873760943646
2024-01-01,2024,20,195,MNST,MONSTER BEVERAGE CORP,Consumer Staples,68.1,29.96991302914,-8.783197361569172,16.1497003072,8.3121012015,99.8,0.002,,,-17.09529856306917
2024-01-01,2024,20,196,GIS,GENERAL MILLS INC,Consumer Staples,67.9,32.5667935647,1.7106387430903205,16.1497003072,8.3121012015,99.8,0.002,,,-6.601462458409681
2024-01-01,2024,20,197,MCK,MCKESSON CORP,Consumer Staples,67.9,60.87768363732,25.1335484096592,16.1497003072,8.3121012015,99.8,0.002,,,16.8214472081592
2024-01-01,2024,20,198,SFM,SPROUTS FARMERS MARKET INC,Consumer Staples,67.0,4.88609018422,167.0962377884016,16.1497003072,8.3121012015,99.8,0.002,,,158.78413658690158
2024-01-01,2024,20,199,HP,HELMERICH & PAYNE INC,Energy,66.6,3.2349529676800004,-11.46115072535039,16.1497003072,8.3121012015,99.8,0.002,,,-19.773251926850392
2024-01-01,2024,20,200,IPG,INTERPUBLIC GROUP OF COMPANIES INC,Communication Svcs,66.5,11.523828293528,-10.16352034033502,16.1497003072,8.3121012015,99.8,0.002,,,-18.47562154183502
2024-01-01,2024,20,201,CELH,CELSIUS HOLDINGS INC,Consumer Staples,65.8,4.210307381640001,-51.46735143066765,16.1497003072,8.3121012015,99.8,0.002,,,-59.77945263216765
2024-01-01,2024,20,202,KHC,KRAFT HEINZ CO,Consumer Staples,65.8,39.535021723701995,-13.070455744113174,16.1497003072,8.3121012015,99.8,0.002,,,-21.382556945613175
2024-01-01,2024,20,203,PM,PHILIP MORRIS INTERNATIONAL INC,Consumer Staples,65.4,132.036786752523,35.5554771730568,16.1497003072,8.3121012015,99.8,0.002,,,27.2433759715568
2024-01-01,2024,20,204,CAH,CARDINAL HEALTH INC,Consumer Staples,65.2,23.976666446373,19.883636064596356,16.1497003072,8.3121012015,99.8,0.002,,,11.571534863096355
2024-01-01,2024,20,205,WKC,WORLD KINECT CORP,Energy,65.0,1.2794093974199998,24.082439299830604,16.1497003072,8.3121012015,99.8,0.002,,,15.770338098330603
2024-01-01,2024,20,206,HE,HAWAIIAN ELECTRIC INDUSTRIES INC,Utilities,65.0,1.56266095062,-29.95066948555321,16.1497003072,8.3121012015,99.8,0.002,,,-38.26277068705321
2024-01-01,2024,20,207,CPB,CAMPBELL'S CO,Consumer Staples,64.6,11.3695277069,-0.0550603041426289,16.1497003072,8.3121012015,99.8,0.002,,,-8.36716150564263
2024-01-01,2024,20,208,AIN,ALBANY INTERNATIONAL CORP,Unclassified,64.4,2.9299608,-17.416861003737672,16.1497003072,8.3121012015,99.8,0.002,,,-25.72896220523767
2024-01-01,2024,20,209,BKH,BLACK HILLS CORP,Utilities,64.3,3.261219156495,13.543208589596569,16.1497003072,8.3121012015,99.8,0.002,,,5.231107388096568
2024-01-01,2024,20,210,REPX,RILEY EXPLORATION PERMIAN INC,Energy,64.3,0.480076955097,18.89971493000893,16.1497003072,8.3121012015,99.8,0.002,,,10.587613728508929
2024-01-01,2024,20,211,AVA,AVISTA CORP,Utilities,64.3,2.40922743768,7.556197816313426,16.1497003072,8.3121012015,99.8,0.002,,,-0.7559033851865751
2024-01-01,2024,20,212,COR,CENCORA INC,Consumer Staples,63.9,40.30504459378,11.481997908470689,16.1497003072,8.3121012015,99.8,0.002,,,3.169896706970688
2024-01-01,2024,20,213,MCS,MARCUS CORP,Communication Svcs,63.5,0.2641397146099999,49.73712639539072,16.1497003072,8.3121012015,99.8,0.002,,,41.42502519389072
2024-01-01,2024,20,214,LW,LAMB WESTON HOLDINGS INC,Consumer Staples,63.5,14.620965540135,-36.84987857461466,16.1497003072,8.3121012015,99.8,0.002,,,-45.161979776114656
2024-01-01,2024,20,215,TILE,INTERFACE INC,Unclassified,62.5,0.728370931625,98.27682489030714,16.1497003072,8.3121012015,99.8,0.002,,,89.96472368880714
2024-01-01,2024,20,216,GOGO,GOGO INC,Communication Svcs,62.2,1.3051630983600002,-24.08687068114511,16.1497003072,8.3121012015,99.8,0.002,,,-32.398971882645114
2024-01-01,2024,20,217,SCHL,SCHOLASTIC CORP,Communication Svcs,60.9,1.08011118677,-42.10496128477202,16.1497003072,8.3121012015,99.8,0.002,,,-50.417062486272016
2024-01-01,2024,20,218,HPK,HIGHPEAK ENERGY INC,Energy,59.4,1.77734557432,2.3121387283236983,16.1497003072,8.3121012015,99.8,0.002,,,-5.999962473176303
2024-01-01,2024,20,219,ADEA,ADEIA INC,Communication Svcs,59.3,1.278892891137,13.29087404676108,16.1497003072,8.3121012015,99.8,0.002,,,4.97877284526108
2024-01-01,2024,20,220,HESM,HESS MIDSTREAM LP,Energy,59.3,1.746491137657,24.654585306665624,16.1497003072,8.3121012015,99.8,0.002,,,16.342484105165624
2024-01-01,2024,20,221,NXST,NEXSTAR MEDIA GROUP INC,Communication Svcs,57.8,4.764966507896001,5.7643967500053295,16.1497003072,8.3121012015,99.8,0.002,,,-2.5477044514946714
2024-01-01,2024,20,222,DJCO,DAILY JOURNAL CORP,Communication Svcs,57.4,0.46931800132,63.75212722258083,16.1497003072,8.3121012015,99.8,0.002,,,55.44002602108083
2024-01-01,2024,20,223,SONO,SONOS INC,Unclassified,55.3,2.1450781131000003,-12.368728121353566,16.1497003072,8.3121012015,99.8,0.002,,,-20.68082932285357
2024-01-01,2024,20,224,TDS,TELEPHONE & DATA SYSTEMS INC,Communication Svcs,54.5,0.893704202496,93.1057563587684,16.1497003072,8.3121012015,99.8,0.002,,,84.7936551572684
2024-01-01,2024,20,225,T,AT&T INC,Communication Svcs,53.5,104.368843662446,44.69411522915667,16.1497003072,8.3121012015,99.8,0.002,,,36.38201402765667
2024-01-01,2024,20,226,ADT,ADT INC,Unclassified,52.4,4.814244024912001,5.420353982300874,16.1497003072,8.3121012015,99.8,0.002,,,-2.891747219199127
2024-01-01,2024,20,227,MHK,MOHAWK INDUSTRIES INC,Unclassified,52.1,6.591103146,14.80193236714975,16.1497003072,8.3121012015,99.8,0.002,,,6.489831165649749
2024-01-01,2024,20,228,WBD,WARNER BROS DISCOVERY INC,Communication Svcs,52.0,27.750876960440003,-6.766256590509679,16.1497003072,8.3121012015,99.8,0.002,,,-15.07835779200968
2024-01-01,2024,20,229,CALX,CALIX INC,Communication Svcs,50.4,2.8777311523599995,-20.004577706568995,16.1497003072,8.3121012015,99.8,0.002,,,-28.316678908068994
2024-01-01,2024,20,230,KWR,QUAKER CHEMICAL CORP,Unclassified,49.9,3.700252587672,-33.58769721301436,16.1497003072,8.3121012015,99.8,0.002,,,-41.89979841451436
2024-01-01,2024,20,231,VZIO,VIZIO HOLDING CORP,Unclassified,44.4,1.4165467778,,16.1497003072,8.3121012015,99.8,0.002,,,
2024-01-01,2024,20,232,PHLT,PERFORMANT HEALTHCARE INC,Unclassified,44.3,0.24023428125,-1.4399999999999968,16.1497003072,8.3121012015,99.8,0.002,,,-9.752101201499997
2024-01-01,2024,20,233,ARLO,ARLO TECHNOLOGIES INC,Unclassified,41.0,0.90086433864,20.48319327731094,16.1497003072,8.3121012015,99.8,0.002,,,12.171092075810938
2024-01-01,2024,20,234,VVV,VALVOLINE INC,Unclassified,39.6,4.9098285032,-3.219797764768495,16.1497003072,8.3121012015,99.8,0.002,,,-11.531898966268496
2024-01-01,2024,20,235,NPO,ENPRO INC,Unclassified,39.4,3.2215320893040005,11.555235388030049,16.1497003072,8.3121012015,99.8,0.002,,,3.243134186530048
2024-01-01,2024,20,236,HYFM,HYDROFARM HOLDINGS GROUP INC,Unclassified,30.3,0.419844100625,-32.51226158038148,16.1497003072,8.3121012015,99.8,0.002,,,-40.824362781881476
2024-01-01,2024,20,237,NVRI1,ENVIRI CORP,Unclassified,30.3,0.718502175,-15.77777777777778,16.1497003072,8.3121012015,99.8,0.002,,,-24.08987897927778
2024-01-01,2024,20,238,ASPS,ALTISOURCE PORTFOLIO SOLUTIONS SA,Unclassified,18.4,0.75451015936,-79.77176966292134,16.1497003072,8.3121012015,99.8,0.002,,,-88.08387086442134
2025-01-01,2025,1,1,MSB,MESABI TRUST,Financials,98.6,0.28318229584,75.16679021497406,6.0427343961,7.0868787312,50.9,0.491,,,68.07991148377405
2025-01-01,2025,1,2,EGY,VAALCO ENERGY INC,Energy,97.0,0.409370521198,-10.795742524075012,6.0427343961,7.0868787312,50.9,0.491,,,-17.882621255275012
2025-01-01,2025,1,3,BKNG,BOOKING HOLDINGS INC,Industrials,96.6,6.49787766329,8.582488667040188,6.0427343961,7.0868787312,50.9,0.491,,,1.4956099358401884
2025-01-01,2025,1,4,IMMR,IMMERSION CORP,Technology,94.8,0.2594966681999999,-18.28358208955223,6.0427343961,7.0868787312,50.9,0.491,,,-25.37046082075223
2025-01-01,2025,1,5,SIGA,SIGA TECHNOLOGIES INC,Healthcare,94.6,0.343170839214,12.255513940907182,6.0427343961,7.0868787312,50.9,0.491,,,5.168635209707182
2025-01-01,2025,1,6,WLKP,WESTLAKE CHEMICAL PARTNERS LP,Materials,94.2,0.7015291728480001,-10.508338356439628,6.0427343961,7.0868787312,50.9,0.491,,,-17.59521708763963
2025-01-01,2025,1,7,GES,GUESS INC,Consumer Disc,93.1,0.72348318446,19.13229018492175,6.0427343961,7.0868787312,50.9,0.491,,,12.045411453721751
2025-01-01,2025,1,8,CMCSA,COMCAST CORP,Communication Svcs,90.5,67.423293974641,-17.349530308130102,6.0427343961,7.0868787312,50.9,0.491,,,-24.4364090393301
2025-01-01,2025,1,9,CWCO,CONSOLIDATED WATER CO LTD,Utilities,90.1,0.3976934381549999,38.70197093370498,6.0427343961,7.0868787312,50.9,0.491,,,31.61509220250498
2025-01-01,2025,1,10,AXR,AMREP CORP,Real Estate,90.0,0.1660258986,-40.12738853503184,6.0427343961,7.0868787312,50.9,0.491,,,-47.21426726623184
2025-01-01,2025,1,11,PPC,PILGRIMS PRIDE CORP,Consumer Staples,88.3,9.172631368663,0.7936302768658088,6.0427343961,7.0868787312,50.9,0.491,,,-6.293248454334191
2025-01-01,2025,1,12,TILE,INTERFACE INC,Unclassified,73.2,1.413045346756,14.944710348242277,6.0427343961,7.0868787312,50.9,0.491,,,7.857831617042277
2025-01-01,2025,3,1,MSB,MESABI TRUST,Financials,98.6,0.28318229584,75.16679021497406,7.9372367159,7.0868787312,56.5,0.435,,,68.07991148377405
2025-01-01,2025,3,2,MA,MASTERCARD INC,Financials,97.9,63.84264163994799,9.031045839442964,7.9372367159,7.0868787312,56.5,0.435,,,1.9441671082429641
2025-01-01,2025,3,3,EGY,VAALCO ENERGY INC,Energy,97.0,0.409370521198,-10.795742524075012,7.9372367159,7.0868787312,56.5,0.435,,,-17.882621255275012
2025-01-01,2025,3,4,BKNG,BOOKING HOLDINGS INC,Industrials,96.6,6.49787766329,8.582488667040188,7.9372367159,7.0868787312,56.5,0.435,,,1.4956099358401884
2025-01-01,2025,3,5,IMMR,IMMERSION CORP,Technology,94.8,0.2594966681999999,-18.28358208955223,7.9372367159,7.0868787312,56.5,0.435,,,-25.37046082075223
2025-01-01,2025,3,6,SIGA,SIGA TECHNOLOGIES INC,Healthcare,94.6,0.343170839214,12.255513940907182,7.9372367159,7.0868787312,56.5,0.435,,,5.168635209707182
2025-01-01,2025,3,7,WLKP,WESTLAKE CHEMICAL PARTNERS LP,Materials,94.2,0.7015291728480001,-10.508338356439628,7.9372367159,7.0868787312,56.5,0.435,,,-17.59521708763963
2025-01-01,2025,3,8,POWL,POWELL INDUSTRIES INC,Industrials,94.1,0.8824545443999999,44.53387810691181,7.9372367159,7.0868787312,56.5,0.435,,,37.446999375711805
2025-01-01,2025,3,9,WFRD,WEATHERFORD INTERNATIONAL PLC,Industrials,93.1,5.071763188764,11.187669211706242,7.9372367159,7.0868787312,56.5,0.435,,,4.100790480506242
2025-01-01,2025,3,10,GES,GUESS INC,Consumer Disc,93.1,0.72348318446,19.13229018492175,7.9372367159,7.0868787312,56.5,0.435,,,12.045411453721751
2025-01-01,2025,3,11,ATH-PA,ATHENE HOLDING LTD,Financials,92.1,4.506749517816,7.638040971374305,7.9372367159,7.0868787312,56.5,0.435,,,0.551162240174305
2025-01-01,2025,3,12,CMCSA,COMCAST CORP,Communication Svcs,90.5,67.423293974641,-17.349530308130102,7.9372367159,7.0868787312,56.5,0.435,,,-24.4364090393301
2025-01-01,2025,3,13,SM,SM ENERGY CO,Energy,90.4,4.190688794538,-49.713318407688526,7.9372367159,7.0868787312,56.5,0.435,,,-56.80019713888853
2025-01-01,2025,3,14,THC,TENET HEALTHCARE CORP,Healthcare,90.3,12.00409431,57.426919115899544,7.9372367159,7.0868787312,56.5,0.435,,,50.34004038469954
2025-01-01,2025,3,15,CWCO,CONSOLIDATED WATER CO LTD,Utilities,90.1,0.3976934381549999,38.70197093370498,7.9372367159,7.0868787312,56.5,0.435,,,31.61509220250498
2025-01-01,2025,3,16,AXR,AMREP CORP,Real Estate,90.0,0.1660258986,-40.12738853503184,7.9372367159,7.0868787312,56.5,0.435,,,-47.21426726623184
2025-01-01,2025,3,17,ANET,ARISTA NETWORKS INC,Technology,89.8,34.810305267989996,18.547000814258578,7.9372367159,7.0868787312,56.5,0.435,,,11.460122083058579
2025-01-01,2025,3,18,MLI,MUELLER INDUSTRIES INC,Materials,89.1,4.437147417287,46.27688206495271,7.9372367159,7.0868787312,56.5,0.435,,,39.190003333752706
2025-01-01,2025,3,19,NXT,NEXTPOWER INC,Technology,88.8,4.98789471219,138.46153846153845,7.9372367159,7.0868787312,56.5,0.435,,,131.37465973033846
2025-01-01,2025,3,20,PPC,PILGRIMS PRIDE CORP,Consumer Staples,88.3,9.172631368663,0.7936302768658088,7.9372367159,7.0868787312,56.5,0.435,,,-6.293248454334191
2025-01-01,2025,3,21,AMR,ALPHA METALLURGICAL RESOURCES INC,Energy,87.7,2.6047639212000004,-0.1199280431741001,7.9372367159,7.0868787312,56.5,0.435,,,-7.206806774374099
2025-01-01,2025,3,22,DCGO,DOCGO INC,Healthcare,86.9,0.4326941624,-79.2924528301887,7.9372367159,7.0868787312,56.5,0.435,,,-86.3793315613887
2025-01-01,2025,3,23,GM,GENERAL MOTORS CO,Consumer Disc,86.0,57.71448685408,54.224855678548955,7.9372367159,7.0868787312,56.5,0.435,,,47.13797694734895
2025-01-01,2025,3,24,SEE,SEALED AIR CORP,Materials,85.4,4.789930612896,25.41594427715421,7.9372367159,7.0868787312,56.5,0.435,,,18.32906554595421
2025-01-01,2025,3,25,FOR,FORESTAR GROUP INC,Real Estate,85.0,1.31336500032,-4.97685185185186,7.9372367159,7.0868787312,56.5,0.435,,,-12.06373058305186
2025-01-01,2025,3,26,SO,SOUTHERN CO,Utilities,84.9,85.20368888934001,9.444080089502704,7.9372367159,7.0868787312,56.5,0.435,,,2.357201358302704
2025-01-01,2025,3,27,SPG,SIMON PROPERTY GROUP INC,Real Estate,84.1,45.419128639101,12.95525851260908,7.9372367159,7.0868787312,56.5,0.435,,,5.86837978140908
2025-01-01,2025,3,28,NFLX,NETFLIX INC,Communication Svcs,82.6,38.100196617048006,5.192299062065242,7.9372367159,7.0868787312,56.5,0.435,,,-1.8945796691347576
2025-01-01,2025,3,29,OMC,OMNICOM GROUP INC,Communication Svcs,82.6,15.845656025332,-2.6163184398123596,7.9372367159,7.0868787312,56.5,0.435,,,-9.70319717101236
2025-01-01,2025,3,30,VIRC,VIRCO MFG CORPORATION,Consumer Disc,81.3,0.1634804786159999,-36.857313670785175,7.9372367159,7.0868787312,56.5,0.435,,,-43.94419240198518
2025-01-01,2025,3,31,DTE,DTE ENERGY CO,Utilities,81.0,23.816360289413996,10.413134027252411,7.9372367159,7.0868787312,56.5,0.435,,,3.3262552960524117
2025-01-01,2025,3,32,GIS,GENERAL MILLS INC,Consumer Staples,80.6,32.061814425,-23.744928134241107,7.9372367159,7.0868787312,56.5,0.435,,,-30.831806865441106
2025-01-01,2025,3,33,TILE,INTERFACE INC,Unclassified,73.2,1.413045346756,14.944710348242277,7.9372367159,7.0868787312,56.5,0.435,,,7.857831617042277
2025-01-01,2025,3,34,COKE,COCA-COLA CONSOLIDATED INC,Consumer Staples,73.2,0.888981605454,22.62254783824167,7.9372367159,7.0868787312,56.5,0.435,,,15.53566910704167
2025-01-01,2025,3,35,MGPI,MGP INGREDIENTS INC,Unclassified,70.7,0.83334662268,-37.25237091675449,7.9372367159,7.0868787312,56.5,0.435,,,-44.33924964795449
2025-01-01,2025,3,36,DFIN,DONNELLEY FINANCIAL SOLUTIONS INC,Unclassified,67.2,1.81027720701,-25.569902757851104,7.9372367159,7.0868787312,56.5,0.435,,,-32.656781489051106
2025-01-01,2025,5,1,MSB,MESABI TRUST,Financials,98.6,0.28318229584,75.16679021497406,5.4650880329,7.0868787312,40.95,0.5905,,,68.07991148377405
2025-01-01,2025,5,2,MA,MASTERCARD INC,Financials,97.9,63.84264163994799,9.031045839442964,5.4650880329,7.0868787312,40.95,0.5905,,,1.9441671082429641
2025-01-01,2025,5,3,EGY,VAALCO ENERGY INC,Energy,97.0,0.409370521198,-10.795742524075012,5.4650880329,7.0868787312,40.95,0.5905,,,-17.882621255275012
2025-01-01,2025,5,4,BKNG,BOOKING HOLDINGS INC,Industrials,96.6,6.49787766329,8.582488667040188,5.4650880329,7.0868787312,40.95,0.5905,,,1.4956099358401884
2025-01-01,2025,5,5,IMMR,IMMERSION CORP,Technology,94.8,0.2594966681999999,-18.28358208955223,5.4650880329,7.0868787312,40.95,0.5905,,,-25.37046082075223
2025-01-01,2025,5,6,SIGA,SIGA TECHNOLOGIES INC,Healthcare,94.6,0.343170839214,12.255513940907182,5.4650880329,7.0868787312,40.95,0.5905,,,5.168635209707182
2025-01-01,2025,5,7,WLKP,WESTLAKE CHEMICAL PARTNERS LP,Materials,94.2,0.7015291728480001,-10.508338356439628,5.4650880329,7.0868787312,40.95,0.5905,,,-17.59521708763963
2025-01-01,2025,5,8,POWL,POWELL INDUSTRIES INC,Industrials,94.1,0.8824545443999999,44.53387810691181,5.4650880329,7.0868787312,40.95,0.5905,,,37.446999375711805
2025-01-01,2025,5,9,GES,GUESS INC,Consumer Disc,93.1,0.72348318446,19.13229018492175,5.4650880329,7.0868787312,40.95,0.5905,,,12.045411453721751
2025-01-01,2025,5,10,WFRD,WEATHERFORD INTERNATIONAL PLC,Industrials,93.1,5.071763188764,11.187669211706242,5.4650880329,7.0868787312,40.95,0.5905,,,4.100790480506242
2025-01-01,2025,5,11,TRN,TRINITY INDUSTRIES INC,Industrials,92.4,2.687881592418,-21.48927064865195,5.4650880329,7.0868787312,40.95,0.5905,,,-28.576149379851948
2025-01-01,2025,5,12,ATH-PA,ATHENE HOLDING LTD,Financials,92.1,4.506749517816,7.638040971374305,5.4650880329,7.0868787312,40.95,0.5905,,,0.551162240174305
2025-01-01,2025,5,13,CMCSA,COMCAST CORP,Communication Svcs,90.5,67.423293974641,-17.349530308130102,5.4650880329,7.0868787312,40.95,0.5905,,,-24.4364090393301
2025-01-01,2025,5,14,SM,SM ENERGY CO,Energy,90.4,4.190688794538,-49.713318407688526,5.4650880329,7.0868787312,40.95,0.5905,,,-56.80019713888853
2025-01-01,2025,5,15,THC,TENET HEALTHCARE CORP,Healthcare,90.3,12.00409431,57.426919115899544,5.4650880329,7.0868787312,40.95,0.5905,,,50.34004038469954
2025-01-01,2025,5,16,ACGL,ARCH CAPITAL GROUP LTD,Financials,90.3,34.74593752565,3.8657282079047177,5.4650880329,7.0868787312,40.95,0.5905,,,-3.221150523295282
2025-01-01,2025,5,17,HEES,H&E EQUIPMENT SERVICES INC,Industrials,90.2,1.787565170528,,5.4650880329,7.0868787312,40.95,0.5905,,,
2025-01-01,2025,5,18,CWCO,CONSOLIDATED WATER CO LTD,Utilities,90.1,0.3976934381549999,38.70197093370498,5.4650880329,7.0868787312,40.95,0.5905,,,31.61509220250498
2025-01-01,2025,5,19,MCY,MERCURY GENERAL CORP,Financials,90.0,3.5903192458069997,44.077050014651256,5.4650880329,7.0868787312,40.95,0.5905,,,36.990171283451254
2025-01-01,2025,5,20,AXR,AMREP CORP,Real Estate,90.0,0.1660258986,-40.12738853503184,5.4650880329,7.0868787312,40.95,0.5905,,,-47.21426726623184
2025-01-01,2025,5,21,ANET,ARISTA NETWORKS INC,Technology,89.8,34.810305267989996,18.547000814258578,5.4650880329,7.0868787312,40.95,0.5905,,,11.460122083058579
2025-01-01,2025,5,22,MLI,MUELLER INDUSTRIES INC,Materials,89.1,4.437147417287,46.27688206495271,5.4650880329,7.0868787312,40.95,0.5905,,,39.190003333752706
2025-01-01,2025,5,23,NXT,NEXTPOWER INC,Technology,88.8,4.98789471219,138.46153846153845,5.4650880329,7.0868787312,40.95,0.5905,,,131.37465973033846
2025-01-01,2025,5,24,PPC,PILGRIMS PRIDE CORP,Consumer Staples,88.3,9.172631368663,0.7936302768658088,5.4650880329,7.0868787312,40.95,0.5905,,,-6.293248454334191
2025-01-01,2025,5,25,UIS,UNISYS CORP,Technology,87.9,0.43906593531,-56.39810426540285,5.4650880329,7.0868787312,40.95,0.5905,,,-63.48498299660285
2025-01-01,2025,5,26,AMR,ALPHA METALLURGICAL RESOURCES INC,Energy,87.7,2.6047639212000004,-0.1199280431741001,5.4650880329,7.0868787312,40.95,0.5905,,,-7.206806774374099
2025-01-01,2025,5,27,DCGO,DOCGO INC,Healthcare,86.9,0.4326941624,-79.2924528301887,5.4650880329,7.0868787312,40.95,0.5905,,,-86.3793315613887
2025-01-01,2025,5,28,COLL,COLLEGIUM PHARMACEUTICAL INC,Healthcare,86.8,0.9239692614,61.60558464223384,5.4650880329,7.0868787312,40.95,0.5905,,,54.51870591103384
2025-01-01,2025,5,29,AMPH,AMPHASTAR PHARMACEUTICALS INC,Healthcare,86.4,1.78526360729,-27.875033665499593,5.4650880329,7.0868787312,40.95,0.5905,,,-34.961912396699596
2025-01-01,2025,5,30,GM,GENERAL MOTORS CO,Consumer Disc,86.0,57.71448685408,54.224855678548955,5.4650880329,7.0868787312,40.95,0.5905,,,47.13797694734895
2025-01-01,2025,5,31,SEE,SEALED AIR CORP,Materials,85.4,4.789930612896,25.41594427715421,5.4650880329,7.0868787312,40.95,0.5905,,,18.32906554595421
2025-01-01,2025,5,32,FOR,FORESTAR GROUP INC,Real Estate,85.0,1.31336500032,-4.97685185185186,5.4650880329,7.0868787312,40.95,0.5905,,,-12.06373058305186
2025-01-01,2025,5,33,PLAB,PHOTRONICS INC,Technology,85.0,1.49218174128,35.82342954159594,5.4650880329,7.0868787312,40.95,0.5905,,,28.736550810395944
2025-01-01,2025,5,34,SO,SOUTHERN CO,Utilities,84.9,85.20368888934001,9.444080089502704,5.4650880329,7.0868787312,40.95,0.5905,,,2.357201358302704
2025-01-01,2025,5,35,SPG,SIMON PROPERTY GROUP INC,Real Estate,84.1,45.419128639101,12.95525851260908,5.4650880329,7.0868787312,40.95,0.5905,,,5.86837978140908
2025-01-01,2025,5,36,BERY,BERRY GLOBAL GROUP INC,Materials,83.5,7.4179584,,5.4650880329,7.0868787312,40.95,0.5905,,,
2025-01-01,2025,5,37,ALX,ALEXANDERS INC,Real Estate,83.4,0.89005764288,18.38906995960339,5.4650880329,7.0868787312,40.95,0.5905,,,11.302191228403391
2025-01-01,2025,5,38,VHI,VALHI INC,Materials,83.3,0.638132466529,-47.399459052010826,5.4650880329,7.0868787312,40.95,0.5905,,,-54.48633778321083
2025-01-01,2025,5,39,OMC,OMNICOM GROUP INC,Communication Svcs,82.6,15.845656025332,-2.6163184398123596,5.4650880329,7.0868787312,40.95,0.5905,,,-9.70319717101236
2025-01-01,2025,5,40,NFLX,NETFLIX INC,Communication Svcs,82.6,38.100196617048006,5.192299062065242,5.4650880329,7.0868787312,40.95,0.5905,,,-1.8945796691347576
2025-01-01,2025,5,41,VICI,VICI PROPERTIES INC,Real Estate,82.2,28.162262283675,1.8491484184914864,5.4650880329,7.0868787312,40.95,0.5905,,,-5.237730312708513
2025-01-01,2025,5,42,VIRC,VIRCO MFG CORPORATION,Consumer Disc,81.3,0.1634804786159999,-36.857313670785175,5.4650880329,7.0868787312,40.95,0.5905,,,-43.94419240198518
2025-01-01,2025,5,43,REI,RING ENERGY INC,Energy,81.2,0.26954660624,-36.02941176470589,5.4650880329,7.0868787312,40.95,0.5905,,,-43.11629049590589
2025-01-01,2025,5,44,DTE,DTE ENERGY CO,Utilities,81.0,23.816360289413996,10.413134027252411,5.4650880329,7.0868787312,40.95,0.5905,,,3.3262552960524117
2025-01-01,2025,5,45,MPC,MARATHON PETROLEUM CORP,Energy,80.9,43.344121011480006,19.19326734141549,5.4650880329,7.0868787312,40.95,0.5905,,,12.10638861021549
2025-01-01,2025,5,46,GAP,GAP INC,Consumer Disc,80.6,8.458843544099999,11.591618368256796,5.4650880329,7.0868787312,40.95,0.5905,,,4.5047396370567965
2025-01-01,2025,5,47,GIS,GENERAL MILLS INC,Consumer Staples,80.6,32.061814425,-23.744928134241107,5.4650880329,7.0868787312,40.95,0.5905,,,-30.831806865441106
2025-01-01,2025,5,48,LEA,LEAR CORP,Consumer Disc,80.3,4.903322016032,24.800514229984927,5.4650880329,7.0868787312,40.95,0.5905,,,17.713635498784928
2025-01-01,2025,5,49,OTTR,OTTER TAIL CORP,Utilities,79.6,2.951465007454,12.3366684617783,5.4650880329,7.0868787312,40.95,0.5905,,,5.249789730578301
2025-01-01,2025,5,50,VZ,VERIZON COMMUNICATIONS INC,Communication Svcs,79.0,149.95109736367002,8.865556834451581,5.4650880329,7.0868787312,40.95,0.5905,,,1.7786781032515817
2025-01-01,2025,5,51,RSG,REPUBLIC SERVICES INC,Utilities,78.3,61.805577763332,6.455519187702019,5.4650880329,7.0868787312,40.95,0.5905,,,-0.6313595434979806
2025-01-01,2025,5,52,EBF,ENNIS INC,Communication Svcs,74.2,0.501042258872,-9.91799875441146,5.4650880329,7.0868787312,40.95,0.5905,,,-17.00487748561146
2025-01-01,2025,5,53,TILE,INTERFACE INC,Unclassified,73.2,1.413045346756,14.944710348242277,5.4650880329,7.0868787312,40.95,0.5905,,,7.857831617042277
2025-01-01,2025,5,54,COKE,COCA-COLA CONSOLIDATED INC,Consumer Staples,73.2,0.888981605454,22.62254783824167,5.4650880329,7.0868787312,40.95,0.5905,,,15.53566910704167
2025-01-01,2025,5,55,JBSS,SANFILIPPO JOHN B & SON INC,Consumer Staples,73.0,0.6531052956,-15.86545635414076,5.4650880329,7.0868787312,40.95,0.5905,,,-22.95233508534076
2025-01-01,2025,5,56,MED,MEDIFAST INC,Consumer Staples,73.0,0.1927245646,-39.38706015891034,5.4650880329,7.0868787312,40.95,0.5905,,,-46.47393889011034
2025-01-01,2025,5,57,MGPI,MGP INGREDIENTS INC,Unclassified,70.7,0.83334662268,-37.25237091675449,5.4650880329,7.0868787312,40.95,0.5905,,,-44.33924964795449
2025-01-01,2025,5,58,DFIN,DONNELLEY FINANCIAL SOLUTIONS INC,Unclassified,67.2,1.81027720701,-25.569902757851104,5.4650880329,7.0868787312,40.95,0.5905,,,-32.656781489051106
2025-01-01,2025,5,59,SONO,SONOS INC,Unclassified,61.3,1.83132719104,16.755319148936177,5.4650880329,7.0868787312,40.95,0.5905,,,9.668440417736178
2025-01-01,2025,5,60,ADT,ADT INC,Unclassified,60.4,5.031828378756,19.98790444511642,5.4650880329,7.0868787312,40.95,0.5905,,,12.901025713916422
2025-01-01,2025,10,1,MSB,MESABI TRUST,Financials,98.6,0.28318229584,75.16679021497406,9.2897256317,7.0868787312,71.15,0.2885,,,68.07991148377405
2025-01-01,2025,10,2,MA,MASTERCARD INC,Financials,97.9,63.84264163994799,9.031045839442964,9.2897256317,7.0868787312,71.15,0.2885,,,1.9441671082429641
2025-01-01,2025,10,3,EGY,VAALCO ENERGY INC,Energy,97.0,0.409370521198,-10.795742524075012,9.2897256317,7.0868787312,71.15,0.2885,,,-17.882621255275012
2025-01-01,2025,10,4,BKNG,BOOKING HOLDINGS INC,Industrials,96.6,6.49787766329,8.582488667040188,9.2897256317,7.0868787312,71.15,0.2885,,,1.4956099358401884
2025-01-01,2025,10,5,IMMR,IMMERSION CORP,Technology,94.8,0.2594966681999999,-18.28358208955223,9.2897256317,7.0868787312,71.15,0.2885,,,-25.37046082075223
2025-01-01,2025,10,6,SIGA,SIGA TECHNOLOGIES INC,Healthcare,94.6,0.343170839214,12.255513940907182,9.2897256317,7.0868787312,71.15,0.2885,,,5.168635209707182
2025-01-01,2025,10,7,WLKP,WESTLAKE CHEMICAL PARTNERS LP,Materials,94.2,0.7015291728480001,-10.508338356439628,9.2897256317,7.0868787312,71.15,0.2885,,,-17.59521708763963
2025-01-01,2025,10,8,POWL,POWELL INDUSTRIES INC,Industrials,94.1,0.8824545443999999,44.53387810691181,9.2897256317,7.0868787312,71.15,0.2885,,,37.446999375711805
2025-01-01,2025,10,9,GES,GUESS INC,Consumer Disc,93.1,0.72348318446,19.13229018492175,9.2897256317,7.0868787312,71.15,0.2885,,,12.045411453721751
2025-01-01,2025,10,10,WFRD,WEATHERFORD INTERNATIONAL PLC,Industrials,93.1,5.071763188764,11.187669211706242,9.2897256317,7.0868787312,71.15,0.2885,,,4.100790480506242
2025-01-01,2025,10,11,TRN,TRINITY INDUSTRIES INC,Industrials,92.4,2.687881592418,-21.48927064865195,9.2897256317,7.0868787312,71.15,0.2885,,,-28.576149379851948
2025-01-01,2025,10,12,ATH-PA,ATHENE HOLDING LTD,Financials,92.1,4.506749517816,7.638040971374305,9.2897256317,7.0868787312,71.15,0.2885,,,0.551162240174305
2025-01-01,2025,10,13,CMCSA,COMCAST CORP,Communication Svcs,90.5,67.423293974641,-17.349530308130102,9.2897256317,7.0868787312,71.15,0.2885,,,-24.4364090393301
2025-01-01,2025,10,14,SM,SM ENERGY CO,Energy,90.4,4.190688794538,-49.713318407688526,9.2897256317,7.0868787312,71.15,0.2885,,,-56.80019713888853
2025-01-01,2025,10,15,THC,TENET HEALTHCARE CORP,Healthcare,90.3,12.00409431,57.426919115899544,9.2897256317,7.0868787312,71.15,0.2885,,,50.34004038469954
2025-01-01,2025,10,16,ACGL,ARCH CAPITAL GROUP LTD,Financials,90.3,34.74593752565,3.8657282079047177,9.2897256317,7.0868787312,71.15,0.2885,,,-3.221150523295282
2025-01-01,2025,10,17,HEES,H&E EQUIPMENT SERVICES INC,Industrials,90.2,1.787565170528,,9.2897256317,7.0868787312,71.15,0.2885,,,
2025-01-01,2025,10,18,CWCO,CONSOLIDATED WATER CO LTD,Utilities,90.1,0.3976934381549999,38.70197093370498,9.2897256317,7.0868787312,71.15,0.2885,,,31.61509220250498
2025-01-01,2025,10,19,MCY,MERCURY GENERAL CORP,Financials,90.0,3.5903192458069997,44.077050014651256,9.2897256317,7.0868787312,71.15,0.2885,,,36.990171283451254
2025-01-01,2025,10,20,AXR,AMREP CORP,Real Estate,90.0,0.1660258986,-40.12738853503184,9.2897256317,7.0868787312,71.15,0.2885,,,-47.21426726623184
2025-01-01,2025,10,21,ANET,ARISTA NETWORKS INC,Technology,89.8,34.810305267989996,18.547000814258578,9.2897256317,7.0868787312,71.15,0.2885,,,11.460122083058579
2025-01-01,2025,10,22,IESC,IES HOLDINGS INC,Industrials,89.2,2.0067534016,93.5808121019108,9.2897256317,7.0868787312,71.15,0.2885,,,86.49393337071079
2025-01-01,2025,10,23,MLI,MUELLER INDUSTRIES INC,Materials,89.1,4.437147417287,46.27688206495271,9.2897256317,7.0868787312,71.15,0.2885,,,39.190003333752706
2025-01-01,2025,10,24,NXT,NEXTPOWER INC,Technology,88.8,4.98789471219,138.46153846153845,9.2897256317,7.0868787312,71.15,0.2885,,,131.37465973033846
2025-01-01,2025,10,25,SNEX,STONEX GROUP INC,Financials,88.4,0.926853706032,45.6524734738873,9.2897256317,7.0868787312,71.15,0.2885,,,38.565594742687296
2025-01-01,2025,10,26,PPC,PILGRIMS PRIDE CORP,Consumer Staples,88.3,9.172631368663,0.7936302768658088,9.2897256317,7.0868787312,71.15,0.2885,,,-6.293248454334191
2025-01-01,2025,10,27,UIS,UNISYS CORP,Technology,87.9,0.43906593531,-56.39810426540285,9.2897256317,7.0868787312,71.15,0.2885,,,-63.48498299660285
2025-01-01,2025,10,28,AMR,ALPHA METALLURGICAL RESOURCES INC,Energy,87.7,2.6047639212000004,-0.1199280431741001,9.2897256317,7.0868787312,71.15,0.2885,,,-7.206806774374099
2025-01-01,2025,10,29,DCGO,DOCGO INC,Healthcare,86.9,0.4326941624,-79.2924528301887,9.2897256317,7.0868787312,71.15,0.2885,,,-86.3793315613887
2025-01-01,2025,10,30,COLL,COLLEGIUM PHARMACEUTICAL INC,Healthcare,86.8,0.9239692614,61.60558464223384,9.2897256317,7.0868787312,71.15,0.2885,,,54.51870591103384
2025-01-01,2025,10,31,AMPH,AMPHASTAR PHARMACEUTICALS INC,Healthcare,86.4,1.78526360729,-27.875033665499593,9.2897256317,7.0868787312,71.15,0.2885,,,-34.961912396699596
2025-01-01,2025,10,32,GM,GENERAL MOTORS CO,Consumer Disc,86.0,57.71448685408,54.224855678548955,9.2897256317,7.0868787312,71.15,0.2885,,,47.13797694734895
2025-01-01,2025,10,33,USNA,USANA HEALTH SCIENCES INC,Healthcare,85.7,0.68404803908,-45.30509891334634,9.2897256317,7.0868787312,71.15,0.2885,,,-52.391977644546344
2025-01-01,2025,10,34,IBKR,INTERACTIVE BROKERS GROUP INC,Financials,85.6,1.849704082149,46.37777118199045,9.2897256317,7.0868787312,71.15,0.2885,,,39.290892450790444
2025-01-01,2025,10,35,V,VISA INC,Financials,85.5,146.396382189478,11.756673152561705,9.2897256317,7.0868787312,71.15,0.2885,,,4.669794421361705
2025-01-01,2025,10,36,SEE,SEALED AIR CORP,Materials,85.4,4.789930612896,25.41594427715421,9.2897256317,7.0868787312,71.15,0.2885,,,18.32906554595421
2025-01-01,2025,10,37,CPRX,CATALYST PHARMACEUTICALS INC,Healthcare,85.1,2.48923660932,11.835170100622893,9.2897256317,7.0868787312,71.15,0.2885,,,4.748291369422893
2025-01-01,2025,10,38,FOR,FORESTAR GROUP INC,Real Estate,85.0,1.31336500032,-4.97685185185186,9.2897256317,7.0868787312,71.15,0.2885,,,-12.06373058305186
2025-01-01,2025,10,39,PLAB,PHOTRONICS INC,Technology,85.0,1.49218174128,35.82342954159594,9.2897256317,7.0868787312,71.15,0.2885,,,28.736550810395944
2025-01-01,2025,10,40,SO,SOUTHERN CO,Utilities,84.9,85.20368888934001,9.444080089502704,9.2897256317,7.0868787312,71.15,0.2885,,,2.357201358302704
2025-01-01,2025,10,41,TOL,TOLL BROTHERS INC,Industrials,84.9,12.426195992,8.282346879629031,9.2897256317,7.0868787312,71.15,0.2885,,,1.1954681484290317
2025-01-01,2025,10,42,BELFA,BEL FUSE INC,Technology,84.8,0.195200526912,68.98753217234348,9.2897256317,7.0868787312,71.15,0.2885,,,61.900653441143476
2025-01-01,2025,10,43,UTHR,UNITED THERAPEUTICS CORP,Healthcare,84.7,15.75237208396,38.09375354268225,9.2897256317,7.0868787312,71.15,0.2885,,,31.006874811482252
2025-01-01,2025,10,44,HEI,HEICO CORP,Industrials,84.6,6.3867229613520005,36.22499705104225,9.2897256317,7.0868787312,71.15,0.2885,,,29.138118319842253
2025-01-01,2025,10,45,SPG,SIMON PROPERTY GROUP INC,Real Estate,84.1,45.419128639101,12.95525851260908,9.2897256317,7.0868787312,71.15,0.2885,,,5.86837978140908
2025-01-01,2025,10,46,ACLS,AXCELIS TECHNOLOGIES INC,Technology,84.0,2.2712019755700004,14.984972091026185,9.2897256317,7.0868787312,71.15,0.2885,,,7.898093359826185
2025-01-01,2025,10,47,CNMD,CONMED CORP,Healthcare,83.8,2.091094512129,-40.023340670379504,9.2897256317,7.0868787312,71.15,0.2885,,,-47.110219401579506
2025-01-01,2025,10,48,BERY,BERRY GLOBAL GROUP INC,Materials,83.5,7.4179584,,9.2897256317,7.0868787312,71.15,0.2885,,,
2025-01-01,2025,10,49,ALX,ALEXANDERS INC,Real Estate,83.4,0.89005764288,18.38906995960339,9.2897256317,7.0868787312,71.15,0.2885,,,11.302191228403391
2025-01-01,2025,10,50,SEM,SELECT MEDICAL HOLDINGS CORP,Healthcare,83.4,2.379731695473,-19.852021108753604,9.2897256317,7.0868787312,71.15,0.2885,,,-26.938899839953603
2025-01-01,2025,10,51,VHI,VALHI INC,Materials,83.3,0.638132466529,-47.399459052010826,9.2897256317,7.0868787312,71.15,0.2885,,,-54.48633778321083
2025-01-01,2025,10,52,OMC,OMNICOM GROUP INC,Communication Svcs,82.6,15.845656025332,-2.6163184398123596,9.2897256317,7.0868787312,71.15,0.2885,,,-9.70319717101236
2025-01-01,2025,10,53,NFLX,NETFLIX INC,Communication Svcs,82.6,38.100196617048006,5.192299062065242,9.2897256317,7.0868787312,71.15,0.2885,,,-1.8945796691347576
2025-01-01,2025,10,54,UPBD,UPBOUND GROUP INC,Industrials,82.5,1.425909224936,-35.441921129354,9.2897256317,7.0868787312,71.15,0.2885,,,-42.528799860554
2025-01-01,2025,10,55,VICI,VICI PROPERTIES INC,Real Estate,82.2,28.162262283675,1.8491484184914864,9.2897256317,7.0868787312,71.15,0.2885,,,-5.237730312708513
2025-01-01,2025,10,56,IBEX,IBEX LTD,Technology,82.0,0.3602757239199999,77.66402978129364,9.2897256317,7.0868787312,71.15,0.2885,,,70.57715105009363
2025-01-01,2025,10,57,CRUS,CIRRUS LOGIC INC,Technology,81.8,5.29167253654,18.99979915645713,9.2897256317,7.0868787312,71.15,0.2885,,,11.91292042525713
2025-01-01,2025,10,58,VIRC,VIRCO MFG CORPORATION,Consumer Disc,81.3,0.1634804786159999,-36.857313670785175,9.2897256317,7.0868787312,71.15,0.2885,,,-43.94419240198518
2025-01-01,2025,10,59,REI,RING ENERGY INC,Energy,81.2,0.26954660624,-36.02941176470589,9.2897256317,7.0868787312,71.15,0.2885,,,-43.11629049590589
2025-01-01,2025,10,60,DTE,DTE ENERGY CO,Utilities,81.0,23.816360289413996,10.413134027252411,9.2897256317,7.0868787312,71.15,0.2885,,,3.3262552960524117
2025-01-01,2025,10,61,LNWO,LIGHT & WONDER INC,Technology,81.0,7.62803519268,,9.2897256317,7.0868787312,71.15,0.2885,,,
2025-01-01,2025,10,62,HRTG,HERITAGE INSURANCE HOLDINGS INC,Financials,81.0,0.3712787958,141.81818181818184,9.2897256317,7.0868787312,71.15,0.2885,,,134.73130308698185
2025-01-01,2025,10,63,HDSN,HUDSON TECHNOLOGIES INC,Industrials,80.9,0.25220766906,22.75985663082436,9.2897256317,7.0868787312,71.15,0.2885,,,15.67297789962436
2025-01-01,2025,10,64,MPC,MARATHON PETROLEUM CORP,Energy,80.9,43.344121011480006,19.19326734141549,9.2897256317,7.0868787312,71.15,0.2885,,,12.10638861021549
2025-01-01,2025,10,65,FF,FUTUREFUEL CORP,Materials,80.6,0.213958495027,-35.77418695029658,9.2897256317,7.0868787312,71.15,0.2885,,,-42.861065681496584
2025-01-01,2025,10,66,GIS,GENERAL MILLS INC,Consumer Staples,80.6,32.061814425,-23.744928134241107,9.2897256317,7.0868787312,71.15,0.2885,,,-30.831806865441106
2025-01-01,2025,10,67,FBRT-PE,FRANKLIN BSP REALTY TRUST INC,Real Estate,80.6,1.4468694610229995,14.966909893093504,9.2897256317,7.0868787312,71.15,0.2885,,,7.880031161893505
2025-01-01,2025,10,68,GAP,GAP INC,Consumer Disc,80.6,8.458843544099999,11.591618368256796,9.2897256317,7.0868787312,71.15,0.2885,,,4.5047396370567965
2025-01-01,2025,10,69,IIPR,INNOVATIVE INDUSTRIAL PROPERTIES INC,Real Estate,80.6,1.530542282326,-18.044500388730512,9.2897256317,7.0868787312,71.15,0.2885,,,-25.13137911993051
2025-01-01,2025,10,70,LYB,LYONDELLBASELL INDUSTRIES NV,Materials,80.5,21.24883866717,-35.9452850374446,9.2897256317,7.0868787312,71.15,0.2885,,,-43.0321637686446
2025-01-01,2025,10,71,LEA,LEAR CORP,Consumer Disc,80.3,4.903322016032,24.800514229984927,9.2897256317,7.0868787312,71.15,0.2885,,,17.713635498784928
2025-01-01,2025,10,72,BFS,SAUL CENTERS INC,Real Estate,79.8,0.82944551596,-12.792866301433747,9.2897256317,7.0868787312,71.15,0.2885,,,-19.879745032633746
2025-01-01,2025,10,73,PIPR,PIPER SANDLER COMPANIES,Financials,79.8,1.275004794816,15.613844265952691,9.2897256317,7.0868787312,71.15,0.2885,,,8.52696553475269
2025-01-01,2025,10,74,OTTR,OTTER TAIL CORP,Utilities,79.6,2.951465007454,12.3366684617783,9.2897256317,7.0868787312,71.15,0.2885,,,5.249789730578301
2025-01-01,2025,10,75,HST,HOST HOTELS & RESORTS INC,Real Estate,79.6,11.009012036226,7.251254047876032,9.2897256317,7.0868787312,71.15,0.2885,,,0.16437531667603267
2025-01-01,2025,10,76,OUT,OUTFRONT MEDIA INC,Real Estate,79.5,2.773954305224,41.35351842987076,9.2897256317,7.0868787312,71.15,0.2885,,,34.26663969867076
2025-01-01,2025,10,77,AOS,SMITH A O CORP,Consumer Disc,79.5,4.978406842556,0.057806106150271,9.2897256317,7.0868787312,71.15,0.2885,,,-7.029072625049729
2025-01-01,2025,10,78,HCC,WARRIOR MET COAL INC,Materials,79.4,2.813994294669,63.467365642369835,9.2897256317,7.0868787312,71.15,0.2885,,,56.38048691116983
2025-01-01,2025,10,79,ANF,ABERCROMBIE & FITCH CO,Consumer Disc,79.3,7.52920582483,-15.789121562855424,9.2897256317,7.0868787312,71.15,0.2885,,,-22.876000294055423
2025-01-01,2025,10,80,VZ,VERIZON COMMUNICATIONS INC,Communication Svcs,79.0,149.95109736367002,8.865556834451581,9.2897256317,7.0868787312,71.15,0.2885,,,1.7786781032515817
2025-01-01,2025,10,81,AXTA,AXALTA COATING SYSTEMS LTD,Materials,78.6,7.46212420968,-5.581531268264161,9.2897256317,7.0868787312,71.15,0.2885,,,-12.66840999946416
2025-01-01,2025,10,82,BLBD,BLUE BIRD CORP,Consumer Disc,78.5,1.2465136898600002,21.66709811027698,9.2897256317,7.0868787312,71.15,0.2885,,,14.580219379076983
2025-01-01,2025,10,83,RSG,REPUBLIC SERVICES INC,Utilities,78.3,61.805577763332,6.455519187702019,9.2897256317,7.0868787312,71.15,0.2885,,,-0.6313595434979806
2025-01-01,2025,10,84,HAL,HALLIBURTON CO,Energy,78.0,22.87970569734,7.045768699124566,9.2897256317,7.0868787312,71.15,0.2885,,,-0.04111003207543362
2025-01-01,2025,10,85,FE,FIRSTENERGY CORP,Utilities,78.0,21.36983450832,17.23031283710896,9.2897256317,7.0868787312,71.15,0.2885,,,10.143434105908963
2025-01-01,2025,10,86,ORLY,O REILLY AUTOMOTIVE INC,Consumer Disc,77.4,4.563784473729,15.37829051395898,9.2897256317,7.0868787312,71.15,0.2885,,,8.291411782758981
2025-01-01,2025,10,87,CAL,CALERES INC,Consumer Disc,77.2,0.7556113042020001,-46.43731363211536,9.2897256317,7.0868787312,71.15,0.2885,,,-53.524192363315365
2025-01-01,2025,10,88,LPX,LOUISIANA-PACIFIC CORP,Materials,76.7,7.100594497413,-21.03904325719882,9.2897256317,7.0868787312,71.15,0.2885,,,-28.12592198839882
2025-01-01,2025,10,89,NRG,NRG ENERGY INC,Utilities,76.6,17.860074541036997,78.85878256530074,9.2897256317,7.0868787312,71.15,0.2885,,,71.77190383410074
2025-01-01,2025,10,90,EOG,EOG RESOURCES INC,Energy,76.3,65.03951572639599,-11.385727628074305,9.2897256317,7.0868787312,71.15,0.2885,,,-18.472606359274305
2025-01-01,2025,10,91,AVA,AVISTA CORP,Utilities,76.1,2.659354908945,10.61188030370701,9.2897256317,7.0868787312,71.15,0.2885,,,3.525001572507011
2025-01-01,2025,10,92,WM,WASTE MANAGEMENT INC,Utilities,75.5,79.147679223036,10.5037627538084,9.2897256317,7.0868787312,71.15,0.2885,,,3.416884022608401
2025-01-01,2025,10,93,NOG,NORTHERN OIL & GAS INC,Energy,74.9,3.3293688697279995,-38.14763732309906,9.2897256317,7.0868787312,71.15,0.2885,,,-45.234516054299064
2025-01-01,2025,10,94,VST,VISTRA CORP,Utilities,74.3,46.517429792775005,17.650027427317603,9.2897256317,7.0868787312,71.15,0.2885,,,10.563148696117604
2025-01-01,2025,10,95,VLO,VALERO ENERGY CORP,Energy,74.3,37.044587283964006,37.05656636442103,9.2897256317,7.0868787312,71.15,0.2885,,,29.96968763322103
2025-01-01,2025,10,96,NRP,NATURAL RESOURCE PARTNERS LP,Energy,74.2,1.36011009029,-1.976398349803321,9.2897256317,7.0868787312,71.15,0.2885,,,-9.06327708100332
2025-01-01,2025,10,97,EBF,ENNIS INC,Communication Svcs,74.2,0.501042258872,-9.91799875441146,9.2897256317,7.0868787312,71.15,0.2885,,,-17.00487748561146
2025-01-01,2025,10,98,T,AT&T INC,Communication Svcs,73.5,150.953733284966,13.9984789428653,9.2897256317,7.0868787312,71.15,0.2885,,,6.9116002116652995
2025-01-01,2025,10,99,TILE,INTERFACE INC,Unclassified,73.2,1.413045346756,14.944710348242277,9.2897256317,7.0868787312,71.15,0.2885,,,7.857831617042277
2025-01-01,2025,10,100,COKE,COCA-COLA CONSOLIDATED INC,Consumer Staples,73.2,0.888981605454,22.62254783824167,9.2897256317,7.0868787312,71.15,0.2885,,,15.53566910704167
2025-01-01,2025,10,101,JBSS,SANFILIPPO JOHN B & SON INC,Consumer Staples,73.0,0.6531052956,-15.86545635414076,9.2897256317,7.0868787312,71.15,0.2885,,,-22.95233508534076
2025-01-01,2025,10,102,MED,MEDIFAST INC,Consumer Staples,73.0,0.1927245646,-39.38706015891034,9.2897256317,7.0868787312,71.15,0.2885,,,-46.47393889011034
2025-01-01,2025,10,103,VLGEA,VILLAGE SUPER MARKET INC,Consumer Staples,72.6,0.42145546756,14.927726675427078,9.2897256317,7.0868787312,71.15,0.2885,,,7.840847944227078
2025-01-01,2025,10,104,MNST,MONSTER BEVERAGE CORP,Consumer Staples,71.8,25.55781663852,45.87138508371385,9.2897256317,7.0868787312,71.15,0.2885,,,38.784506352513844
2025-01-01,2025,10,105,MGPI,MGP INGREDIENTS INC,Unclassified,70.7,0.83334662268,-37.25237091675449,9.2897256317,7.0868787312,71.15,0.2885,,,-44.33924964795449
2025-01-01,2025,10,106,MO,ALTRIA GROUP INC,Consumer Staples,69.9,80.103640781248,18.19989844278942,9.2897256317,7.0868787312,71.15,0.2885,,,11.11301971158942
2025-01-01,2025,10,107,WMK,WEIS MARKETS INC,Consumer Staples,68.6,1.762143899373,-3.538337073163278,9.2897256317,7.0868787312,71.15,0.2885,,,-10.625215804363277
2025-01-01,2025,10,108,HLF,HERBALIFE LTD,Consumer Staples,67.7,0.67429833951,92.67563527653212,9.2897256317,7.0868787312,71.15,0.2885,,,85.58875654533212
2025-01-01,2025,10,109,CRTO,CRITEO SA,Communication Svcs,67.3,2.18300648696,-47.90192113245703,9.2897256317,7.0868787312,71.15,0.2885,,,-54.988799863657036
2025-01-01,2025,10,110,DFIN,DONNELLEY FINANCIAL SOLUTIONS INC,Unclassified,67.2,1.81027720701,-25.569902757851104,9.2897256317,7.0868787312,71.15,0.2885,,,-32.656781489051106
2025-01-01,2025,10,111,CMPR,CIMPRESS PLC,Communication Svcs,66.8,1.80401167364,-7.1528165086447215,9.2897256317,7.0868787312,71.15,0.2885,,,-14.239695239844721
2025-01-01,2025,10,112,NXST,NEXSTAR MEDIA GROUP INC,Communication Svcs,64.9,4.573688407092,34.01996825698279,9.2897256317,7.0868787312,71.15,0.2885,,,26.933089525782794
2025-01-01,2025,10,113,IPG,INTERPUBLIC GROUP OF COMPANIES INC,Communication Svcs,64.6,10.036499694774,,9.2897256317,7.0868787312,71.15,0.2885,,,
2025-01-01,2025,10,114,SONO,SONOS INC,Unclassified,61.3,1.83132719104,16.755319148936177,9.2897256317,7.0868787312,71.15,0.2885,,,9.668440417736178
2025-01-01,2025,10,115,ADT,ADT INC,Unclassified,60.4,5.031828378756,19.98790444511642,9.2897256317,7.0868787312,71.15,0.2885,,,12.901025713916422
2025-01-01,2025,10,116,KWR,QUAKER CHEMICAL CORP,Unclassified,59.6,2.4379442863409997,-0.8573075435767463,9.2897256317,7.0868787312,71.15,0.2885,,,-7.9441862747767455
2025-01-01,2025,10,117,MHK,MOHAWK INDUSTRIES INC,Unclassified,58.3,7.51963618032,-8.251489968941495,9.2897256317,7.0868787312,71.15,0.2885,,,-15.338368700141494
2025-01-01,2025,10,118,ALLE,ALLEGION PLC,Unclassified,56.8,11.115560232189,23.54049847891202,9.2897256317,7.0868787312,71.15,0.2885,,,16.453619747712022
2025-01-01,2025,10,119,CRAI,CRA INTERNATIONAL INC,Unclassified,55.3,1.24236151837,8.373943366057834,9.2897256317,7.0868787312,71.15,0.2885,,,1.2870646348578338
2025-01-01,2025,10,120,AIN,ALBANY INTERNATIONAL CORP,Unclassified,54.6,2.4225887,-35.46815850333983,9.2897256317,7.0868787312,71.15,0.2885,,,-42.55503723453983
2025-01-01,2025,20,1,MSB,MESABI TRUST,Financials,98.6,0.28318229584,75.16679021497406,5.4421372612,7.0868787312,30.9,0.691,,,68.07991148377405
2025-01-01,2025,20,2,MA,MASTERCARD INC,Financials,97.9,63.84264163994799,9.031045839442964,5.4421372612,7.0868787312,30.9,0.691,,,1.9441671082429641
2025-01-01,2025,20,3,EGY,VAALCO ENERGY INC,Energy,97.0,0.409370521198,-10.795742524075012,5.4421372612,7.0868787312,30.9,0.691,,,-17.882621255275012
2025-01-01,2025,20,4,BKNG,BOOKING HOLDINGS INC,Industrials,96.6,6.49787766329,8.582488667040188,5.4421372612,7.0868787312,30.9,0.691,,,1.4956099358401884
2025-01-01,2025,20,5,IMMR,IMMERSION CORP,Technology,94.8,0.2594966681999999,-18.28358208955223,5.4421372612,7.0868787312,30.9,0.691,,,-25.37046082075223
2025-01-01,2025,20,6,SIGA,SIGA TECHNOLOGIES INC,Healthcare,94.6,0.343170839214,12.255513940907182,5.4421372612,7.0868787312,30.9,0.691,,,5.168635209707182
2025-01-01,2025,20,7,WLKP,WESTLAKE CHEMICAL PARTNERS LP,Materials,94.2,0.7015291728480001,-10.508338356439628,5.4421372612,7.0868787312,30.9,0.691,,,-17.59521708763963
2025-01-01,2025,20,8,POWL,POWELL INDUSTRIES INC,Industrials,94.1,0.8824545443999999,44.53387810691181,5.4421372612,7.0868787312,30.9,0.691,,,37.446999375711805
2025-01-01,2025,20,9,GES,GUESS INC,Consumer Disc,93.1,0.72348318446,19.13229018492175,5.4421372612,7.0868787312,30.9,0.691,,,12.045411453721751
2025-01-01,2025,20,10,WFRD,WEATHERFORD INTERNATIONAL PLC,Industrials,93.1,5.071763188764,11.187669211706242,5.4421372612,7.0868787312,30.9,0.691,,,4.100790480506242
2025-01-01,2025,20,11,TRN,TRINITY INDUSTRIES INC,Industrials,92.4,2.687881592418,-21.48927064865195,5.4421372612,7.0868787312,30.9,0.691,,,-28.576149379851948
2025-01-01,2025,20,12,ATH-PA,ATHENE HOLDING LTD,Financials,92.1,4.506749517816,7.638040971374305,5.4421372612,7.0868787312,30.9,0.691,,,0.551162240174305
2025-01-01,2025,20,13,CMCSA,COMCAST CORP,Communication Svcs,90.5,67.423293974641,-17.349530308130102,5.4421372612,7.0868787312,30.9,0.691,,,-24.4364090393301
2025-01-01,2025,20,14,SM,SM ENERGY CO,Energy,90.4,4.190688794538,-49.713318407688526,5.4421372612,7.0868787312,30.9,0.691,,,-56.80019713888853
2025-01-01,2025,20,15,ACGL,ARCH CAPITAL GROUP LTD,Financials,90.3,34.74593752565,3.8657282079047177,5.4421372612,7.0868787312,30.9,0.691,,,-3.221150523295282
2025-01-01,2025,20,16,THC,TENET HEALTHCARE CORP,Healthcare,90.3,12.00409431,57.426919115899544,5.4421372612,7.0868787312,30.9,0.691,,,50.34004038469954
2025-01-01,2025,20,17,HEES,H&E EQUIPMENT SERVICES INC,Industrials,90.2,1.787565170528,,5.4421372612,7.0868787312,30.9,0.691,,,
2025-01-01,2025,20,18,CWCO,CONSOLIDATED WATER CO LTD,Utilities,90.1,0.3976934381549999,38.70197093370498,5.4421372612,7.0868787312,30.9,0.691,,,31.61509220250498
2025-01-01,2025,20,19,MCY,MERCURY GENERAL CORP,Financials,90.0,3.5903192458069997,44.077050014651256,5.4421372612,7.0868787312,30.9,0.691,,,36.990171283451254
2025-01-01,2025,20,20,AXR,AMREP CORP,Real Estate,90.0,0.1660258986,-40.12738853503184,5.4421372612,7.0868787312,30.9,0.691,,,-47.21426726623184
2025-01-01,2025,20,21,ANET,ARISTA NETWORKS INC,Technology,89.8,34.810305267989996,18.547000814258578,5.4421372612,7.0868787312,30.9,0.691,,,11.460122083058579
2025-01-01,2025,20,22,IESC,IES HOLDINGS INC,Industrials,89.2,2.0067534016,93.5808121019108,5.4421372612,7.0868787312,30.9,0.691,,,86.49393337071079
2025-01-01,2025,20,23,MLI,MUELLER INDUSTRIES INC,Materials,89.1,4.437147417287,46.27688206495271,5.4421372612,7.0868787312,30.9,0.691,,,39.190003333752706
2025-01-01,2025,20,24,NXT,NEXTPOWER INC,Technology,88.8,4.98789471219,138.46153846153845,5.4421372612,7.0868787312,30.9,0.691,,,131.37465973033846
2025-01-01,2025,20,25,SNEX,STONEX GROUP INC,Financials,88.4,0.926853706032,45.6524734738873,5.4421372612,7.0868787312,30.9,0.691,,,38.565594742687296
2025-01-01,2025,20,26,PPC,PILGRIMS PRIDE CORP,Consumer Staples,88.3,9.172631368663,0.7936302768658088,5.4421372612,7.0868787312,30.9,0.691,,,-6.293248454334191
2025-01-01,2025,20,27,UIS,UNISYS CORP,Technology,87.9,0.43906593531,-56.39810426540285,5.4421372612,7.0868787312,30.9,0.691,,,-63.48498299660285
2025-01-01,2025,20,28,AMR,ALPHA METALLURGICAL RESOURCES INC,Energy,87.7,2.6047639212000004,-0.1199280431741001,5.4421372612,7.0868787312,30.9,0.691,,,-7.206806774374099
2025-01-01,2025,20,29,DCGO,DOCGO INC,Healthcare,86.9,0.4326941624,-79.2924528301887,5.4421372612,7.0868787312,30.9,0.691,,,-86.3793315613887
2025-01-01,2025,20,30,COLL,COLLEGIUM PHARMACEUTICAL INC,Healthcare,86.8,0.9239692614,61.60558464223384,5.4421372612,7.0868787312,30.9,0.691,,,54.51870591103384
2025-01-01,2025,20,31,AMPH,AMPHASTAR PHARMACEUTICALS INC,Healthcare,86.4,1.78526360729,-27.875033665499593,5.4421372612,7.0868787312,30.9,0.691,,,-34.961912396699596
2025-01-01,2025,20,32,GM,GENERAL MOTORS CO,Consumer Disc,86.0,57.71448685408,54.224855678548955,5.4421372612,7.0868787312,30.9,0.691,,,47.13797694734895
2025-01-01,2025,20,33,USNA,USANA HEALTH SCIENCES INC,Healthcare,85.7,0.68404803908,-45.30509891334634,5.4421372612,7.0868787312,30.9,0.691,,,-52.391977644546344
2025-01-01,2025,20,34,IBKR,INTERACTIVE BROKERS GROUP INC,Financials,85.6,1.849704082149,46.37777118199045,5.4421372612,7.0868787312,30.9,0.691,,,39.290892450790444
2025-01-01,2025,20,35,V,VISA INC,Financials,85.5,146.396382189478,11.756673152561705,5.4421372612,7.0868787312,30.9,0.691,,,4.669794421361705
2025-01-01,2025,20,36,SEE,SEALED AIR CORP,Materials,85.4,4.789930612896,25.41594427715421,5.4421372612,7.0868787312,30.9,0.691,,,18.32906554595421
2025-01-01,2025,20,37,CPRX,CATALYST PHARMACEUTICALS INC,Healthcare,85.1,2.48923660932,11.835170100622893,5.4421372612,7.0868787312,30.9,0.691,,,4.748291369422893
2025-01-01,2025,20,38,FOR,FORESTAR GROUP INC,Real Estate,85.0,1.31336500032,-4.97685185185186,5.4421372612,7.0868787312,30.9,0.691,,,-12.06373058305186
2025-01-01,2025,20,39,PLAB,PHOTRONICS INC,Technology,85.0,1.49218174128,35.82342954159594,5.4421372612,7.0868787312,30.9,0.691,,,28.736550810395944
2025-01-01,2025,20,40,SO,SOUTHERN CO,Utilities,84.9,85.20368888934001,9.444080089502704,5.4421372612,7.0868787312,30.9,0.691,,,2.357201358302704
2025-01-01,2025,20,41,TOL,TOLL BROTHERS INC,Industrials,84.9,12.426195992,8.282346879629031,5.4421372612,7.0868787312,30.9,0.691,,,1.1954681484290317
2025-01-01,2025,20,42,BELFA,BEL FUSE INC,Technology,84.8,0.195200526912,68.98753217234348,5.4421372612,7.0868787312,30.9,0.691,,,61.900653441143476
2025-01-01,2025,20,43,UTHR,UNITED THERAPEUTICS CORP,Healthcare,84.7,15.75237208396,38.09375354268225,5.4421372612,7.0868787312,30.9,0.691,,,31.006874811482252
2025-01-01,2025,20,44,HEI,HEICO CORP,Industrials,84.6,6.3867229613520005,36.22499705104225,5.4421372612,7.0868787312,30.9,0.691,,,29.138118319842253
2025-01-01,2025,20,45,SPG,SIMON PROPERTY GROUP INC,Real Estate,84.1,45.419128639101,12.95525851260908,5.4421372612,7.0868787312,30.9,0.691,,,5.86837978140908
2025-01-01,2025,20,46,ACLS,AXCELIS TECHNOLOGIES INC,Technology,84.0,2.2712019755700004,14.984972091026185,5.4421372612,7.0868787312,30.9,0.691,,,7.898093359826185
2025-01-01,2025,20,47,CNMD,CONMED CORP,Healthcare,83.8,2.091094512129,-40.023340670379504,5.4421372612,7.0868787312,30.9,0.691,,,-47.110219401579506
2025-01-01,2025,20,48,BERY,BERRY GLOBAL GROUP INC,Materials,83.5,7.4179584,,5.4421372612,7.0868787312,30.9,0.691,,,
2025-01-01,2025,20,49,ALX,ALEXANDERS INC,Real Estate,83.4,0.89005764288,18.38906995960339,5.4421372612,7.0868787312,30.9,0.691,,,11.302191228403391
2025-01-01,2025,20,50,SEM,SELECT MEDICAL HOLDINGS CORP,Healthcare,83.4,2.379731695473,-19.852021108753604,5.4421372612,7.0868787312,30.9,0.691,,,-26.938899839953603
2025-01-01,2025,20,51,VHI,VALHI INC,Materials,83.3,0.638132466529,-47.399459052010826,5.4421372612,7.0868787312,30.9,0.691,,,-54.48633778321083
2025-01-01,2025,20,52,DVA,DAVITA INC,Healthcare,83.3,12.2631,-24.03209628886661,5.4421372612,7.0868787312,30.9,0.691,,,-31.11897502006661
2025-01-01,2025,20,53,OMC,OMNICOM GROUP INC,Communication Svcs,82.6,15.845656025332,-2.6163184398123596,5.4421372612,7.0868787312,30.9,0.691,,,-9.70319717101236
2025-01-01,2025,20,54,NFLX,NETFLIX INC,Communication Svcs,82.6,38.100196617048006,5.192299062065242,5.4421372612,7.0868787312,30.9,0.691,,,-1.8945796691347576
2025-01-01,2025,20,55,UPBD,UPBOUND GROUP INC,Industrials,82.5,1.425909224936,-35.441921129354,5.4421372612,7.0868787312,30.9,0.691,,,-42.528799860554
2025-01-01,2025,20,56,VICI,VICI PROPERTIES INC,Real Estate,82.2,28.162262283675,1.8491484184914864,5.4421372612,7.0868787312,30.9,0.691,,,-5.237730312708513
2025-01-01,2025,20,57,LNTH,LANTHEUS HOLDINGS INC,Healthcare,82.1,6.21987119586,-25.609210820478424,5.4421372612,7.0868787312,30.9,0.691,,,-32.696089551678426
2025-01-01,2025,20,58,IBEX,IBEX LTD,Technology,82.0,0.3602757239199999,77.66402978129364,5.4421372612,7.0868787312,30.9,0.691,,,70.57715105009363
2025-01-01,2025,20,59,CRUS,CIRRUS LOGIC INC,Technology,81.8,5.29167253654,18.99979915645713,5.4421372612,7.0868787312,30.9,0.691,,,11.91292042525713
2025-01-01,2025,20,60,UTMD,UTAH MEDICAL PRODUCTS INC,Healthcare,81.3,0.20220499278,-7.027960884952778,5.4421372612,7.0868787312,30.9,0.691,,,-14.114839616152778
2025-01-01,2025,20,61,VIRC,VIRCO MFG CORPORATION,Consumer Disc,81.3,0.1634804786159999,-36.857313670785175,5.4421372612,7.0868787312,30.9,0.691,,,-43.94419240198518
2025-01-01,2025,20,62,REI,RING ENERGY INC,Energy,81.2,0.26954660624,-36.02941176470589,5.4421372612,7.0868787312,30.9,0.691,,,-43.11629049590589
2025-01-01,2025,20,63,HRTG,HERITAGE INSURANCE HOLDINGS INC,Financials,81.0,0.3712787958,141.81818181818184,5.4421372612,7.0868787312,30.9,0.691,,,134.73130308698185
2025-01-01,2025,20,64,LNWO,LIGHT & WONDER INC,Technology,81.0,7.62803519268,,5.4421372612,7.0868787312,30.9,0.691,,,
2025-01-01,2025,20,65,DTE,DTE ENERGY CO,Utilities,81.0,23.816360289413996,10.413134027252411,5.4421372612,7.0868787312,30.9,0.691,,,3.3262552960524117
2025-01-01,2025,20,66,MPC,MARATHON PETROLEUM CORP,Energy,80.9,43.344121011480006,19.19326734141549,5.4421372612,7.0868787312,30.9,0.691,,,12.10638861021549
2025-01-01,2025,20,67,HDSN,HUDSON TECHNOLOGIES INC,Industrials,80.9,0.25220766906,22.75985663082436,5.4421372612,7.0868787312,30.9,0.691,,,15.67297789962436
2025-01-01,2025,20,68,PAGP,PLAINS GP HOLDINGS LP,Industrials,80.7,3.177025631211,12.791348126048852,5.4421372612,7.0868787312,30.9,0.691,,,5.704469394848853
2025-01-01,2025,20,69,HRMY,HARMONY BIOSCIENCES HOLDINGS INC,Healthcare,80.7,1.96244692977,8.747457134553915,5.4421372612,7.0868787312,30.9,0.691,,,1.6605784033539157
2025-01-01,2025,20,70,FF,FUTUREFUEL CORP,Materials,80.6,0.213958495027,-35.77418695029658,5.4421372612,7.0868787312,30.9,0.691,,,-42.861065681496584
2025-01-01,2025,20,71,GIS,GENERAL MILLS INC,Consumer Staples,80.6,32.061814425,-23.744928134241107,5.4421372612,7.0868787312,30.9,0.691,,,-30.831806865441106
2025-01-01,2025,20,72,FBRT-PE,FRANKLIN BSP REALTY TRUST INC,Real Estate,80.6,1.4468694610229995,14.966909893093504,5.4421372612,7.0868787312,30.9,0.691,,,7.880031161893505
2025-01-01,2025,20,73,TRTN-PA,TRITON INTERNATIONAL LTD,Industrials,80.6,2.278705178666,9.140548699280826,5.4421372612,7.0868787312,30.9,0.691,,,2.0536699680808264
2025-01-01,2025,20,74,GAP,GAP INC,Consumer Disc,80.6,8.458843544099999,11.591618368256796,5.4421372612,7.0868787312,30.9,0.691,,,4.5047396370567965
2025-01-01,2025,20,75,IIPR,INNOVATIVE INDUSTRIAL PROPERTIES INC,Real Estate,80.6,1.530542282326,-18.044500388730512,5.4421372612,7.0868787312,30.9,0.691,,,-25.13137911993051
2025-01-01,2025,20,76,LYB,LYONDELLBASELL INDUSTRIES NV,Materials,80.5,21.24883866717,-35.9452850374446,5.4421372612,7.0868787312,30.9,0.691,,,-43.0321637686446
2025-01-01,2025,20,77,LEA,LEAR CORP,Consumer Disc,80.3,4.903322016032,24.800514229984927,5.4421372612,7.0868787312,30.9,0.691,,,17.713635498784928
2025-01-01,2025,20,78,PII,POLARIS INC,Industrials,79.8,2.9441703296279997,15.985679377166573,5.4421372612,7.0868787312,30.9,0.691,,,8.898800645966574
2025-01-01,2025,20,79,BFS,SAUL CENTERS INC,Real Estate,79.8,0.82944551596,-12.792866301433747,5.4421372612,7.0868787312,30.9,0.691,,,-19.879745032633746
2025-01-01,2025,20,80,PIPR,PIPER SANDLER COMPANIES,Financials,79.8,1.275004794816,15.613844265952691,5.4421372612,7.0868787312,30.9,0.691,,,8.52696553475269
2025-01-01,2025,20,81,PRG,PROG HOLDINGS INC,Industrials,79.8,1.702614951504,-28.93812219402694,5.4421372612,7.0868787312,30.9,0.691,,,-36.02500092522694
2025-01-01,2025,20,82,OTTR,OTTER TAIL CORP,Utilities,79.6,2.951465007454,12.3366684617783,5.4421372612,7.0868787312,30.9,0.691,,,5.249789730578301
2025-01-01,2025,20,83,HST,HOST HOTELS & RESORTS INC,Real Estate,79.6,11.009012036226,7.251254047876032,5.4421372612,7.0868787312,30.9,0.691,,,0.16437531667603267
2025-01-01,2025,20,84,AOS,SMITH A O CORP,Consumer Disc,79.5,4.978406842556,0.057806106150271,5.4421372612,7.0868787312,30.9,0.691,,,-7.029072625049729
2025-01-01,2025,20,85,CME,CME GROUP INC,Financials,79.5,14.751757027799,19.830768049224545,5.4421372612,7.0868787312,30.9,0.691,,,12.743889318024546
2025-01-01,2025,20,86,OUT,OUTFRONT MEDIA INC,Real Estate,79.5,2.773954305224,41.35351842987076,5.4421372612,7.0868787312,30.9,0.691,,,34.26663969867076
2025-01-01,2025,20,87,LTC,LTC PROPERTIES INC,Real Estate,79.5,1.40874096825,6.165461847389553,5.4421372612,7.0868787312,30.9,0.691,,,-0.9214168838104468
2025-01-01,2025,20,88,HCC,WARRIOR MET COAL INC,Materials,79.4,2.813994294669,63.467365642369835,5.4421372612,7.0868787312,30.9,0.691,,,56.38048691116983
2025-01-01,2025,20,89,LKQ,LKQ CORP,Industrials,79.3,8.936382072415999,-14.96683732836862,5.4421372612,7.0868787312,30.9,0.691,,,-22.053716059568618
2025-01-01,2025,20,90,ANF,ABERCROMBIE & FITCH CO,Consumer Disc,79.3,7.52920582483,-15.789121562855424,5.4421372612,7.0868787312,30.9,0.691,,,-22.876000294055423
2025-01-01,2025,20,91,NATR,NATURES SUNSHINE PRODUCTS INC,Healthcare,79.3,0.27085184154,47.203274215552504,5.4421372612,7.0868787312,30.9,0.691,,,40.1163954843525
2025-01-01,2025,20,92,RHP,RYMAN HOSPITALITY PROPERTIES INC,Real Estate,79.2,5.817901039125,-4.719691119691127,5.4421372612,7.0868787312,30.9,0.691,,,-11.806569850891126
2025-01-01,2025,20,93,LOGI,LOGITECH INTERNATIONAL SA,Technology,79.1,12.307501643445,23.431245766364928,5.4421372612,7.0868787312,30.9,0.691,,,16.34436703516493
2025-01-01,2025,20,94,KEQU,KEWAUNEE SCIENTIFIC CORP,Industrials,79.1,0.17767876096,-39.534507839017294,5.4421372612,7.0868787312,30.9,0.691,,,-46.6213865702173
2025-01-01,2025,20,95,ALKS,ALKERMES PLC,Healthcare,79.0,4.65344013008,-2.712100139082063,5.4421372612,7.0868787312,30.9,0.691,,,-9.798978870282063
2025-01-01,2025,20,96,VZ,VERIZON COMMUNICATIONS INC,Communication Svcs,79.0,149.95109736367002,8.865556834451581,5.4421372612,7.0868787312,30.9,0.691,,,1.7786781032515817
2025-01-01,2025,20,97,FC,FRANKLIN COVEY CO,Industrials,79.0,0.49546490418,-55.34858967535923,5.4421372612,7.0868787312,30.9,0.691,,,-62.43546840655923
2025-01-01,2025,20,98,RNR,RENAISSANCERE HOLDINGS LTD,Financials,78.9,12.80496486597,13.7295464317295,5.4421372612,7.0868787312,30.9,0.691,,,6.6426677005295
2025-01-01,2025,20,99,DHIL,DIAMOND HILL INVESTMENT GROUP INC,Financials,78.9,0.391532732096,17.85893085609389,5.4421372612,7.0868787312,30.9,0.691,,,10.772052124893893
2025-01-01,2025,20,100,GMS,GMS INC,Industrials,78.8,3.29271504765,,5.4421372612,7.0868787312,30.9,0.691,,,
2025-01-01,2025,20,101,PAA,PLAINS ALL AMERICAN PIPELINE LP,Industrials,78.8,10.430486461557,14.470754907913363,5.4421372612,7.0868787312,30.9,0.691,,,7.383876176713364
2025-01-01,2025,20,102,SGRY,SURGERY PARTNERS INC,Healthcare,78.7,2.69099309138,-27.01936702881437,5.4421372612,7.0868787312,30.9,0.691,,,-34.10624576001437
2025-01-01,2025,20,103,AXTA,AXALTA COATING SYSTEMS LTD,Materials,78.6,7.46212420968,-5.581531268264161,5.4421372612,7.0868787312,30.9,0.691,,,-12.66840999946416
2025-01-01,2025,20,104,PRU,PRUDENTIAL FINANCIAL INC,Financials,78.6,38.60464,0.1530800442641089,5.4421372612,7.0868787312,30.9,0.691,,,-6.933798686935891
2025-01-01,2025,20,105,HSII,HEIDRICK & STRUGGLES INTERNATIONAL INC,Industrials,78.6,0.892945899768,,5.4421372612,7.0868787312,30.9,0.691,,,
2025-01-01,2025,20,106,BLBD,BLUE BIRD CORP,Consumer Disc,78.5,1.2465136898600002,21.66709811027698,5.4421372612,7.0868787312,30.9,0.691,,,14.580219379076983
2025-01-01,2025,20,107,RSG,REPUBLIC SERVICES INC,Utilities,78.3,61.805577763332,6.455519187702019,5.4421372612,7.0868787312,30.9,0.691,,,-0.6313595434979806
2025-01-01,2025,20,108,ESGR,ENSTAR GROUP LTD,Financials,78.3,4.9054688205,,5.4421372612,7.0868787312,30.9,0.691,,,
2025-01-01,2025,20,109,CSTL,CASTLE BIOSCIENCES INC,Healthcare,78.2,0.74639457165,45.96622889305817,5.4421372612,7.0868787312,30.9,0.691,,,38.87935016185817
2025-01-01,2025,20,110,HAL,HALLIBURTON CO,Energy,78.0,22.87970569734,7.045768699124566,5.4421372612,7.0868787312,30.9,0.691,,,-0.04111003207543362
2025-01-01,2025,20,111,FE,FIRSTENERGY CORP,Utilities,78.0,21.36983450832,17.23031283710896,5.4421372612,7.0868787312,30.9,0.691,,,10.143434105908963
2025-01-01,2025,20,112,LDOS,LEIDOS HOLDINGS INC,Technology,77.8,18.908405577063,26.503983571736043,5.4421372612,7.0868787312,30.9,0.691,,,19.417104840536044
2025-01-01,2025,20,113,RLI,RLI CORP,Financials,77.4,3.592906970526,-19.13251967198481,5.4421372612,7.0868787312,30.9,0.691,,,-26.219398403184808
2025-01-01,2025,20,114,ORLY,O REILLY AUTOMOTIVE INC,Consumer Disc,77.4,4.563784473729,15.37829051395898,5.4421372612,7.0868787312,30.9,0.691,,,8.291411782758981
2025-01-01,2025,20,115,CAL,CALERES INC,Consumer Disc,77.2,0.7556113042020001,-46.43731363211536,5.4421372612,7.0868787312,30.9,0.691,,,-53.524192363315365
2025-01-01,2025,20,116,JILL,JJILL INC,Consumer Disc,77.2,0.4098949001599999,-49.33383233532934,5.4421372612,7.0868787312,30.9,0.691,,,-56.42071106652934
2025-01-01,2025,20,117,TH,TARGET HOSPITALITY CORP,Consumer Disc,77.1,0.9562663113999998,-17.123642007242623,5.4421372612,7.0868787312,30.9,0.691,,,-24.21052073844262
2025-01-01,2025,20,118,PGNY,PROGYNY INC,Healthcare,77.0,1.46889385575,48.8695652173913,5.4421372612,7.0868787312,30.9,0.691,,,41.782686486191295
2025-01-01,2025,20,119,UVE,UNIVERSAL INSURANCE HOLDINGS INC,Financials,77.0,0.571127249739,65.36575702045468,5.4421372612,7.0868787312,30.9,0.691,,,58.27887828925468
2025-01-01,2025,20,120,PEGA,PEGASYSTEMS INC,Technology,77.0,3.969629526128,28.392128059449995,5.4421372612,7.0868787312,30.9,0.691,,,21.305249328249996
2025-01-01,2025,20,121,GL,GLOBE LIFE INC,Financials,76.9,9.226318039176,26.47735854206661,5.4421372612,7.0868787312,30.9,0.691,,,19.390479810866612
2025-01-01,2025,20,122,PCRX,PACIRA BIOSCIENCES INC,Healthcare,76.8,0.8699038416,37.36730360934182,5.4421372612,7.0868787312,30.9,0.691,,,30.28042487814182
2025-01-01,2025,20,123,LPX,LOUISIANA-PACIFIC CORP,Materials,76.7,7.100594497413,-21.03904325719882,5.4421372612,7.0868787312,30.9,0.691,,,-28.12592198839882
2025-01-01,2025,20,124,NRG,NRG ENERGY INC,Utilities,76.6,17.860074541036997,78.85878256530074,5.4421372612,7.0868787312,30.9,0.691,,,71.77190383410074
2025-01-01,2025,20,125,ALRM,ALARMCOM HOLDINGS INC,Technology,76.6,3.0052888544000003,-16.085526315789465,5.4421372612,7.0868787312,30.9,0.691,,,-23.172405046989464
2025-01-01,2025,20,126,UE,URBAN EDGE PROPERTIES,Real Estate,76.5,2.531891431772,-7.166107713552972,5.4421372612,7.0868787312,30.9,0.691,,,-14.25298644475297
2025-01-01,2025,20,127,OPLN,OPENLANE INC,Consumer Disc,76.4,2.11979093184,50.1008064516129,5.4421372612,7.0868787312,30.9,0.691,,,43.013927720412894
2025-01-01,2025,20,128,EOG,EOG RESOURCES INC,Energy,76.3,65.03951572639599,-11.385727628074305,5.4421372612,7.0868787312,30.9,0.691,,,-18.472606359274305
2025-01-01,2025,20,129,KE,KIMBALL ELECTRONICS INC,Technology,76.2,0.46226859323,48.53176721836625,5.4421372612,7.0868787312,30.9,0.691,,,41.444888487166246
2025-01-01,2025,20,130,AVA,AVISTA CORP,Utilities,76.1,2.659354908945,10.61188030370701,5.4421372612,7.0868787312,30.9,0.691,,,3.525001572507011
2025-01-01,2025,20,131,ACTG,ACACIA RESEARCH CORP,Financials,76.0,0.4225778360999999,-13.824884792626724,5.4421372612,7.0868787312,30.9,0.691,,,-20.911763523826725
2025-01-01,2025,20,132,MKL,MARKEL GROUP INC,Financials,76.0,22.203288129,24.52859700039971,5.4421372612,7.0868787312,30.9,0.691,,,17.44171826919971
2025-01-01,2025,20,133,APH,AMPHENOL CORP,Technology,76.0,41.397130456333,96.100416460378,5.4421372612,7.0868787312,30.9,0.691,,,89.013537729178
2025-01-01,2025,20,134,RITM,RITHM CAPITAL CORP,Real Estate,75.8,4.888603161332001,9.929832022113526,5.4421372612,7.0868787312,30.9,0.691,,,2.8429532909135267
2025-01-01,2025,20,135,ETD,ETHAN ALLEN INTERIORS INC,Consumer Disc,75.6,0.55200814172,-13.290643571198236,5.4421372612,7.0868787312,30.9,0.691,,,-20.377522302398237
2025-01-01,2025,20,136,PRGS,PROGRESS SOFTWARE CORP,Technology,75.5,2.7952623787500004,-34.05986185725249,5.4421372612,7.0868787312,30.9,0.691,,,-41.146740588452495
2025-01-01,2025,20,137,WM,WASTE MANAGEMENT INC,Utilities,75.5,79.147679223036,10.5037627538084,5.4421372612,7.0868787312,30.9,0.691,,,3.416884022608401
2025-01-01,2025,20,138,F,FORD MOTOR CO,Consumer Disc,75.4,33.24780993184,42.21973094170403,5.4421372612,7.0868787312,30.9,0.691,,,35.132852210504026
2025-01-01,2025,20,139,NTAP,NETAPP INC,Technology,75.2,22.82419569036,-5.838863403554095,5.4421372612,7.0868787312,30.9,0.691,,,-12.925742134754096
2025-01-01,2025,20,140,RGP,RESOURCES CONNECTION INC,Technology,75.0,0.255921773888,-37.3267067747842,5.4421372612,7.0868787312,30.9,0.691,,,-44.4135855059842
2025-01-01,2025,20,141,NOG,NORTHERN OIL & GAS INC,Energy,74.9,3.3293688697279995,-38.14763732309906,5.4421372612,7.0868787312,30.9,0.691,,,-45.234516054299064
2025-01-01,2025,20,142,NSA,NATIONAL STORAGE AFFILIATES TRUST,Real Estate,74.7,2.6112166357919997,-20.18804017752861,5.4421372612,7.0868787312,30.9,0.691,,,-27.27491890872861
2025-01-01,2025,20,143,VST,VISTRA CORP,Utilities,74.3,46.517429792775005,17.650027427317603,5.4421372612,7.0868787312,30.9,0.691,,,10.563148696117604
2025-01-01,2025,20,144,VLO,VALERO ENERGY CORP,Energy,74.3,37.044587283964006,37.05656636442103,5.4421372612,7.0868787312,30.9,0.691,,,29.96968763322103
2025-01-01,2025,20,145,KRT,KARAT PACKAGING INC,Materials,74.3,0.54177218488,-20.17667060910704,5.4421372612,7.0868787312,30.9,0.691,,,-27.263549340307037
2025-01-01,2025,20,146,WEC,WEC ENERGY GROUP INC,Utilities,74.2,28.049883309036,15.972300543613116,5.4421372612,7.0868787312,30.9,0.691,,,8.885421812413117
2025-01-01,2025,20,147,NRP,NATURAL RESOURCE PARTNERS LP,Energy,74.2,1.36011009029,-1.976398349803321,5.4421372612,7.0868787312,30.9,0.691,,,-9.06327708100332
2025-01-01,2025,20,148,EBF,ENNIS INC,Communication Svcs,74.2,0.501042258872,-9.91799875441146,5.4421372612,7.0868787312,30.9,0.691,,,-17.00487748561146
2025-01-01,2025,20,149,AWK,AMERICAN WATER WORKS COMPANY INC,Utilities,74.1,23.202507273228,7.426166717064797,5.4421372612,7.0868787312,30.9,0.691,,,0.33928798586479747
2025-01-01,2025,20,150,RYN,RAYONIER INC,Real Estate,74.0,3.423898827569,-8.089995213020574,5.4421372612,7.0868787312,30.9,0.691,,,-15.176873944220574
2025-01-01,2025,20,151,RWT,REDWOOD TRUST INC,Real Estate,73.9,0.71159474916,-4.182156133828984,5.4421372612,7.0868787312,30.9,0.691,,,-11.269034865028985
2025-01-01,2025,20,152,PAYO,PAYONEER GLOBAL INC,Technology,73.9,3.58039936932,-44.023904382470114,5.4421372612,7.0868787312,30.9,0.691,,,-51.11078311367012
2025-01-01,2025,20,153,APLE,APPLE HOSPITALITY REIT INC,Real Estate,73.8,3.25482343179,-16.592952970661955,5.4421372612,7.0868787312,30.9,0.691,,,-23.679831701861954
2025-01-01,2025,20,154,T,AT&T INC,Communication Svcs,73.5,150.953733284966,13.9984789428653,5.4421372612,7.0868787312,30.9,0.691,,,6.9116002116652995
2025-01-01,2025,20,155,LVS,LAS VEGAS SANDS CORP,Consumer Disc,73.5,35.82354345498,29.455575794373612,5.4421372612,7.0868787312,30.9,0.691,,,22.368697063173613
2025-01-01,2025,20,156,NNN,NNN REIT INC,Real Estate,73.2,6.940719381291999,2.7855830541446025,5.4421372612,7.0868787312,30.9,0.691,,,-4.301295677055397
2025-01-01,2025,20,157,TILE,INTERFACE INC,Unclassified,73.2,1.413045346756,14.944710348242277,5.4421372612,7.0868787312,30.9,0.691,,,7.857831617042277
2025-01-01,2025,20,158,COKE,COCA-COLA CONSOLIDATED INC,Consumer Staples,73.2,0.888981605454,22.62254783824167,5.4421372612,7.0868787312,30.9,0.691,,,15.53566910704167
2025-01-01,2025,20,159,MUR,MURPHY OIL CORP,Energy,73.0,4.069321402818001,8.74130886674791,5.4421372612,7.0868787312,30.9,0.691,,,1.6544301355479112
2025-01-01,2025,20,160,JBSS,SANFILIPPO JOHN B & SON INC,Consumer Staples,73.0,0.6531052956,-15.86545635414076,5.4421372612,7.0868787312,30.9,0.691,,,-22.95233508534076
2025-01-01,2025,20,161,CROX,CROCS INC,Consumer Disc,73.0,6.38364454668,-21.920934903679356,5.4421372612,7.0868787312,30.9,0.691,,,-29.007813634879355
2025-01-01,2025,20,162,MED,MEDIFAST INC,Consumer Staples,73.0,0.1927245646,-39.38706015891034,5.4421372612,7.0868787312,30.9,0.691,,,-46.47393889011034
2025-01-01,2025,20,163,STRT,STRATTEC SECURITY CORP,Consumer Disc,72.8,0.1689649904,84.80582524271843,5.4421372612,7.0868787312,30.9,0.691,,,77.71894651151842
2025-01-01,2025,20,164,BLDR,BUILDERS FIRSTSOURCE INC,Consumer Disc,72.8,16.449096191400002,-28.013713006366757,5.4421372612,7.0868787312,30.9,0.691,,,-35.10059173756676
2025-01-01,2025,20,165,VLGEA,VILLAGE SUPER MARKET INC,Consumer Staples,72.6,0.42145546756,14.927726675427078,5.4421372612,7.0868787312,30.9,0.691,,,7.840847944227078
2025-01-01,2025,20,166,SAFE,SAFEHOLD INC,Real Estate,72.6,1.23184548792,-22.50637903038738,5.4421372612,7.0868787312,30.9,0.691,,,-29.593257761587378
2025-01-01,2025,20,167,SHOE,SHOE STATION GROUP INC,Consumer Disc,72.1,0.8498092510799999,-47.620874904067534,5.4421372612,7.0868787312,30.9,0.691,,,-54.70775363526754
2025-01-01,2025,20,168,APOG,APOGEE ENTERPRISES INC,Materials,72.1,1.496535634216,-47.751499244879106,5.4421372612,7.0868787312,30.9,0.691,,,-54.83837797607911
2025-01-01,2025,20,169,MNTK,MONTAUK RENEWABLES INC,Utilities,72.1,0.57060313556,-58.040201005025125,5.4421372612,7.0868787312,30.9,0.691,,,-65.12707973622513
2025-01-01,2025,20,170,ROCK,GIBRALTAR INDUSTRIES INC,Materials,72.0,1.7870920269,-16.06112054329372,5.4421372612,7.0868787312,30.9,0.691,,,-23.147999274493717
2025-01-01,2025,20,171,MNST,MONSTER BEVERAGE CORP,Consumer Staples,71.8,25.55781663852,45.87138508371385,5.4421372612,7.0868787312,30.9,0.691,,,38.784506352513844
2025-01-01,2025,20,172,KMB,KIMBERLY CLARK CORP,Materials,71.4,40.95466333644,-19.87655527327211,5.4421372612,7.0868787312,30.9,0.691,,,-26.96343400447211
2025-01-01,2025,20,173,REPX,RILEY EXPLORATION PERMIAN INC,Energy,71.2,0.625624023652,-12.660531556898569,5.4421372612,7.0868787312,30.9,0.691,,,-19.747410288098568
2025-01-01,2025,20,174,UFPI,UFP INDUSTRIES INC,Materials,71.0,6.660827669495999,-18.017303467075084,5.4421372612,7.0868787312,30.9,0.691,,,-25.104182198275083
2025-01-01,2025,20,175,MGPI,MGP INGREDIENTS INC,Unclassified,70.7,0.83334662268,-37.25237091675449,5.4421372612,7.0868787312,30.9,0.691,,,-44.33924964795449
2025-01-01,2025,20,176,D,DOMINION ENERGY INC,Utilities,70.6,42.318004938628,13.946563976338888,5.4421372612,7.0868787312,30.9,0.691,,,6.8596852451388886
2025-01-01,2025,20,177,CBT,CABOT CORP,Materials,70.6,4.769231516812,-25.673194265445552,5.4421372612,7.0868787312,30.9,0.691,,,-32.760072996645555
2025-01-01,2025,20,178,RES,RPC INC,Energy,70.1,1.213948866097,-5.507349034885777,5.4421372612,7.0868787312,30.9,0.691,,,-12.594227766085776
2025-01-01,2025,20,179,MO,ALTRIA GROUP INC,Consumer Staples,69.9,80.103640781248,18.19989844278942,5.4421372612,7.0868787312,30.9,0.691,,,11.11301971158942
2025-01-01,2025,20,180,FCX,FREEPORT-MCMORAN INC,Materials,69.5,53.60889900468,35.16940066473679,5.4421372612,7.0868787312,30.9,0.691,,,28.082521933536793
2025-01-01,2025,20,181,AMWD,AMERICAN WOODMARK CORP,Materials,69.0,1.19725042569,-32.22683264177041,5.4421372612,7.0868787312,30.9,0.691,,,-39.31371137297041
2025-01-01,2025,20,182,WMK,WEIS MARKETS INC,Consumer Staples,68.6,1.762143899373,-3.538337073163278,5.4421372612,7.0868787312,30.9,0.691,,,-10.625215804363277
2025-01-01,2025,20,183,NGVT,INGEVITY CORP,Materials,68.6,1.481226151,45.226993865030686,5.4421372612,7.0868787312,30.9,0.691,,,38.14011513383068
2025-01-01,2025,20,184,OVV,OVINTIV INC,Energy,68.5,10.125840676208,-0.3393577910892786,5.4421372612,7.0868787312,30.9,0.691,,,-7.426236522289278
2025-01-01,2025,20,185,CWT,CALIFORNIA WATER SERVICE GROUP,Utilities,68.2,2.5663318936390005,-1.7937011888484622,5.4421372612,7.0868787312,30.9,0.691,,,-8.880579920048461
2025-01-01,2025,20,186,WCN,WASTE CONNECTIONS INC,Utilities,68.0,43.683634807275,2.927189484566517,5.4421372612,7.0868787312,30.9,0.691,,,-4.159689246633483
2025-01-01,2025,20,187,HLF,HERBALIFE LTD,Consumer Staples,67.7,0.67429833951,92.67563527653212,5.4421372612,7.0868787312,30.9,0.691,,,85.58875654533212
2025-01-01,2025,20,188,FIZZ,NATIONAL BEVERAGE CORP,Consumer Staples,67.6,3.6168954628560006,-25.264002484729275,5.4421372612,7.0868787312,30.9,0.691,,,-32.35088121592928
2025-01-01,2025,20,189,MTDR,MATADOR RESOURCES CO,Energy,67.4,6.673344209964,-22.31882432129235,5.4421372612,7.0868787312,30.9,0.691,,,-29.40570305249235
2025-01-01,2025,20,190,CRTO,CRITEO SA,Communication Svcs,67.3,2.18300648696,-47.90192113245703,5.4421372612,7.0868787312,30.9,0.691,,,-54.988799863657036
2025-01-01,2025,20,191,DFIN,DONNELLEY FINANCIAL SOLUTIONS INC,Unclassified,67.2,1.81027720701,-25.569902757851104,5.4421372612,7.0868787312,30.9,0.691,,,-32.656781489051106
2025-01-01,2025,20,192,NEU,NEWMARKET CORP,Materials,66.9,4.9423230010229995,32.28057845864729,5.4421372612,7.0868787312,30.9,0.691,,,25.193699727447292
2025-01-01,2025,20,193,PM,PHILIP MORRIS INTERNATIONAL INC,Consumer Staples,66.8,177.6397170925,38.0078774617068,5.4421372612,7.0868787312,30.9,0.691,,,30.9209987305068
2025-01-01,2025,20,194,CMPR,CIMPRESS PLC,Communication Svcs,66.8,1.80401167364,-7.1528165086447215,5.4421372612,7.0868787312,30.9,0.691,,,-14.239695239844721
2025-01-01,2025,20,195,CAH,CARDINAL HEALTH INC,Consumer Staples,66.7,28.018039953316,76.25591680199011,5.4421372612,7.0868787312,30.9,0.691,,,69.16903807079011
2025-01-01,2025,20,196,NJR,NEW JERSEY RESOURCES CORP,Energy,66.6,4.396025335146,2.8641459761245436,5.4421372612,7.0868787312,30.9,0.691,,,-4.222732755075456
2025-01-01,2025,20,197,ARLP,ALLIANCE RESOURCE PARTNERS LP,Energy,66.1,2.833755515568,-2.3364063629790266,5.4421372612,7.0868787312,30.9,0.691,,,-9.423285094179025
2025-01-01,2025,20,198,SD,SANDRIDGE ENERGY INC,Energy,65.7,0.403620853108,28.17628618845656,5.4421372612,7.0868787312,30.9,0.691,,,21.089407457256563
2025-01-01,2025,20,199,KHC,KRAFT HEINZ CO,Consumer Staples,65.4,33.913728252018004,-16.40460655328555,5.4421372612,7.0868787312,30.9,0.691,,,-23.49148528448555
2025-01-01,2025,20,200,NXST,NEXSTAR MEDIA GROUP INC,Communication Svcs,64.9,4.573688407092,34.01996825698279,5.4421372612,7.0868787312,30.9,0.691,,,26.933089525782794
2025-01-01,2025,20,201,CAPL,CROSSAMERICA PARTNERS LP,Energy,64.9,0.7060704359040001,3.168444875525389,5.4421372612,7.0868787312,30.9,0.691,,,-3.9184338556746106
2025-01-01,2025,20,202,NI,NISOURCE INC,Utilities,64.8,16.362935846865,16.799315361574685,5.4421372612,7.0868787312,30.9,0.691,,,9.712436630374686
2025-01-01,2025,20,203,PCYO,PURE CYCLE CORP,Utilities,64.7,0.30524683192,-13.328075709779174,5.4421372612,7.0868787312,30.9,0.691,,,-20.414954440979173
2025-01-01,2025,20,204,IPG,INTERPUBLIC GROUP OF COMPANIES INC,Communication Svcs,64.6,10.036499694774,,5.4421372612,7.0868787312,30.9,0.691,,,
2025-01-01,2025,20,205,CLH,CLEAN HARBORS INC,Utilities,64.5,12.40433956442,1.88580863822021,5.4421372612,7.0868787312,30.9,0.691,,,-5.20107009297979
2025-01-01,2025,20,206,AMPY,AMPLIFY ENERGY CORP,Energy,64.1,0.238621476,-23.83333333333333,5.4421372612,7.0868787312,30.9,0.691,,,-30.920212064533327
2025-01-01,2025,20,207,SPOK,SPOK HOLDINGS INC,Communication Svcs,63.7,0.275845934485,-10.950246196810454,5.4421372612,7.0868787312,30.9,0.691,,,-18.037124928010453
2025-01-01,2025,20,208,TGNA,TEGNA INC,Communication Svcs,63.3,2.850404843868,9.061104516420793,5.4421372612,7.0868787312,30.9,0.691,,,1.974225785220793
2025-01-01,2025,20,209,IRDM,IRIDIUM COMMUNICATIONS INC,Communication Svcs,62.9,3.187282504872,-38.49478496928131,5.4421372612,7.0868787312,30.9,0.691,,,-45.581663700481315
2025-01-01,2025,20,210,INGR,INGREDION INC,Consumer Staples,62.5,8.546596274176,-17.877836057575024,5.4421372612,7.0868787312,30.9,0.691,,,-24.964714788775023
2025-01-01,2025,20,211,CPB,CAMPBELL'S CO,Consumer Staples,62.4,11.382407154408002,-30.482950081190097,5.4421372612,7.0868787312,30.9,0.691,,,-37.5698288123901
2025-01-01,2025,20,212,COR,CENCORA INC,Consumer Staples,62.1,42.84015647072,51.48523785461634,5.4421372612,7.0868787312,30.9,0.691,,,44.398359123416334
2025-01-01,2025,20,213,LWAY,LIFEWAY FOODS INC,Consumer Staples,61.8,0.367448456,-2.2983870967741904,5.4421372612,7.0868787312,30.9,0.691,,,-9.385265827974191
2025-01-01,2025,20,214,CELH,CELSIUS HOLDINGS INC,Consumer Staples,61.6,6.1907284456800005,73.65223993925589,5.4421372612,7.0868787312,30.9,0.691,,,66.56536120805589
2025-01-01,2025,20,215,ARKO,ARKO CORP,Consumer Staples,61.6,0.73109587317,-29.247822644497234,5.4421372612,7.0868787312,30.9,0.691,,,-36.334701375697236
2025-01-01,2025,20,216,SONO,SONOS INC,Unclassified,61.3,1.83132719104,16.755319148936177,5.4421372612,7.0868787312,30.9,0.691,,,9.668440417736178
2025-01-01,2025,20,217,ADT,ADT INC,Unclassified,60.4,5.031828378756,19.98790444511642,5.4421372612,7.0868787312,30.9,0.691,,,12.901025713916422
2025-01-01,2025,20,218,ORA,ORMAT TECHNOLOGIES INC,Utilities,60.2,4.05948680775,64.06703910614524,5.4421372612,7.0868787312,30.9,0.691,,,56.98016037494524
2025-01-01,2025,20,219,LUMN,LUMEN TECHNOLOGIES INC,Communication Svcs,59.7,5.388653026259999,46.3276836158192,5.4421372612,7.0868787312,30.9,0.691,,,39.240804884619195
2025-01-01,2025,20,220,KWR,QUAKER CHEMICAL CORP,Unclassified,59.6,2.4379442863409997,-0.8573075435767463,5.4421372612,7.0868787312,30.9,0.691,,,-7.9441862747767455
2025-01-01,2025,20,221,MHK,MOHAWK INDUSTRIES INC,Unclassified,58.3,7.51963618032,-8.251489968941495,5.4421372612,7.0868787312,30.9,0.691,,,-15.338368700141494
2025-01-01,2025,20,222,TZOO,TRAVELZOO,Communication Svcs,58.1,0.2354979795,-64.3107769423559,5.4421372612,7.0868787312,30.9,0.691,,,-71.3976556735559
2025-01-01,2025,20,223,PMTS,CPI CARD GROUP INC,Communication Svcs,58.0,0.33355500402,-50.88658414185346,5.4421372612,7.0868787312,30.9,0.691,,,-57.973462873053464
2025-01-01,2025,20,224,CABO,CABLE ONE INC,Communication Svcs,57.1,2.014439129047,-68.51889563672174,5.4421372612,7.0868787312,30.9,0.691,,,-75.60577436792174
2025-01-01,2025,20,225,ALLE,ALLEGION PLC,Unclassified,56.8,11.115560232189,23.54049847891202,5.4421372612,7.0868787312,30.9,0.691,,,16.453619747712022
2025-01-01,2025,20,226,TDS,TELEPHONE & DATA SYSTEMS INC,Communication Svcs,56.6,1.6896034270079998,20.729332625243412,5.4421372612,7.0868787312,30.9,0.691,,,13.642453894043413
2025-01-01,2025,20,227,CRAI,CRA INTERNATIONAL INC,Unclassified,55.3,1.24236151837,8.373943366057834,5.4421372612,7.0868787312,30.9,0.691,,,1.2870646348578338
2025-01-01,2025,20,228,AIN,ALBANY INTERNATIONAL CORP,Unclassified,54.6,2.4225887,-35.46815850333983,5.4421372612,7.0868787312,30.9,0.691,,,-42.55503723453983
2025-01-01,2025,20,229,AD,ARRAY DIGITAL INFRASTRUCTURE INC,Communication Svcs,54.3,1.508715565098,22.13296691681641,5.4421372612,7.0868787312,30.9,0.691,,,15.046088185616412
2025-01-01,2025,20,230,TMUS,T-MOBILE US INC,Communication Svcs,53.9,248.33253780552,-6.597037244731075,5.4421372612,7.0868787312,30.9,0.691,,,-13.683915975931075
2025-01-01,2025,20,231,VVV,VALVOLINE INC,Unclassified,52.6,4.6445355018,-19.67938087341072,5.4421372612,7.0868787312,30.9,0.691,,,-26.76625960461072
2025-01-01,2025,20,232,ARLO,ARLO TECHNOLOGIES INC,Unclassified,49.5,1.1228199974400002,25.022341376228784,5.4421372612,7.0868787312,30.9,0.691,,,17.935462645028785
2025-01-01,2025,20,233,PHLT,PERFORMANT HEALTHCARE INC,Unclassified,43.8,0.23643991928,,5.4421372612,7.0868787312,30.9,0.691,,,
2025-01-01,2025,20,234,VSTS,VESTIS CORP,Unclassified,43.7,1.999125153955,-56.115533916705054,5.4421372612,7.0868787312,30.9,0.691,,,-63.20241264790506
2025-01-01,2025,20,235,NVRI1,ENVIRI CORP,Unclassified,30.7,0.6170406935,132.72727272727275,5.4421372612,7.0868787312,30.9,0.691,,,125.64039399607275
2025-01-01,2025,20,236,NPO,ENPRO INC,Unclassified,30.6,3.5857118266470005,24.944529333590925,5.4421372612,7.0868787312,30.9,0.691,,,17.857650602390926
2025-01-01,2025,20,237,HYFM,HYDROFARM HOLDINGS GROUP INC,Unclassified,14.5,0.2676376186,-73.9655172413793,5.4421372612,7.0868787312,30.9,0.691,,,-81.0523959725793
