cik,ticker,exchange,name,group,n_filings,first_filed,last_filed,price_from,price_to
1098009,AAGH,OTC,America Great Health,delisted_or_shrunk,19,2018-02-20,2022-10-31,2018-02-20,2023-05-19
8177,AAME,Nasdaq,ATLANTIC AMERICAN CORP,delisted_or_shrunk,20,2018-03-26,2022-11-08,2018-03-26,2023-05-27
1158449,AAP,NYSE,ADVANCE AUTO PARTS INC,delisted_or_shrunk,20,2018-02-21,2022-11-16,2018-02-21,2023-06-04
1672571,AAQL,OTC,Antiaging Quantum Living Inc.,delisted_or_shrunk,10,2020-08-04,2022-11-14,2020-08-04,2023-06-02
930245,AASP,OTC,Agassi Sports Entertainment Corp.,delisted_or_shrunk,9,2018-04-02,2022-03-08,2018-04-02,2022-09-24
943034,AATC,OTC,AUTOSCOPE TECHNOLOGIES CORP,delisted_or_shrunk,20,2018-03-14,2022-11-16,2018-03-14,2023-06-04
1756390,AAWH,OTC,"Ascend Wellness Holdings, Inc.",delisted_or_shrunk,7,2021-05-26,2022-11-14,2021-05-26,2023-06-02
825313,AB,NYSE,ALLIANCEBERNSTEIN HOLDING L.P.,delisted_or_shrunk,20,2018-02-13,2022-10-28,2018-02-13,2023-05-16
1703057,ABCL,Nasdaq,AbCellera Biologics Inc.,delisted_or_shrunk,8,2021-03-30,2022-11-08,2021-03-30,2023-05-27
20639,ABCP,OTC,AmBase Corp,delisted_or_shrunk,10,2018-03-30,2022-05-05,2018-03-30,2022-11-21
318306,ABEO,Nasdaq,ABEONA THERAPEUTICS INC.,delisted_or_shrunk,16,2018-03-16,2022-11-14,2018-03-16,2023-06-02
1173313,ABVC,Nasdaq,"ABVC BIOPHARMA, INC.",delisted_or_shrunk,19,2018-01-16,2022-11-14,2018-01-16,2023-06-02
1622996,ACBM,OTC,"ACRO BIOMEDICAL CO., LTD.",delisted_or_shrunk,11,2018-02-14,2021-11-22,2018-02-14,2022-06-10
843006,ACCS,NYSE,ACCESS Newswire Inc.,delisted_or_shrunk,20,2018-03-01,2022-11-03,2018-03-01,2023-05-22
1720580,ACET,Nasdaq,"Adicet Bio, Inc.",delisted_or_shrunk,12,2018-03-29,2022-11-08,2018-03-29,2023-05-27
880984,ACFN,Nasdaq,"ACORN ENERGY, INC.",delisted_or_shrunk,20,2018-03-26,2022-11-10,2018-03-26,2023-05-29
75252,ACH,NYSE,ACCENDRA HEALTH INC/VA/,delisted_or_shrunk,20,2018-02-23,2022-11-02,2018-02-23,2023-05-21
949858,ACHV,Nasdaq,"ACHIEVE LIFE SCIENCES, INC.",delisted_or_shrunk,20,2018-03-01,2022-11-14,2018-03-01,2023-06-02
1646972,ACI,NYSE,"Albertsons Companies, Inc.",delisted_or_shrunk,19,2018-05-11,2022-10-19,2018-05-11,2023-05-07
1467373,ACN,NYSE,Accenture plc,delisted_or_shrunk,20,2018-03-22,2022-12-16,2018-03-22,2023-07-04
1332551,ACR,NYSE,ACRES Commercial Realty Corp.,delisted_or_shrunk,20,2018-03-16,2022-11-07,2018-03-16,2023-05-26
1736243,ACXP,Nasdaq,"Acurx Pharmaceuticals, Inc.",delisted_or_shrunk,6,2021-08-13,2022-11-10,2021-08-13,2023-05-29
821130,AD,NYSE,"ARRAY DIGITAL INFRASTRUCTURE, INC.",delisted_or_shrunk,20,2018-02-26,2022-11-03,2018-02-26,2023-05-22
1273685,ADAM,Nasdaq,"ADAMAS TRUST, INC.",delisted_or_shrunk,20,2018-02-27,2022-11-04,2018-02-27,2023-05-23
1513525,ADIL,Nasdaq,"ADIAL PHARMACEUTICALS, INC.",delisted_or_shrunk,9,2018-09-10,2022-03-28,2018-09-10,2022-10-14
849401,ADMT,OTC,"ADM TRONICS UNLIMITED, INC.",delisted_or_shrunk,20,2018-02-14,2022-11-21,2018-02-14,2023-06-09
1744494,ADNH,,"ADVENT TECHNOLOGIES HOLDINGS, INC.",delisted_or_shrunk,9,2019-04-01,2022-11-14,2019-04-01,2023-06-02
1670541,ADNT,NYSE,Adient plc,delisted_or_shrunk,20,2018-01-30,2022-11-22,2018-01-30,2023-06-10
1750106,AEI,Nasdaq,Alset Inc.,delisted_or_shrunk,9,2020-12-29,2022-11-14,2020-12-29,2023-06-02
882291,AEMD,Nasdaq,AETHLON MEDICAL INC,delisted_or_shrunk,20,2018-02-01,2022-11-14,2018-02-01,2023-06-02
1837607,AEON,NYSE,"AEON Biopharma, Inc.",delisted_or_shrunk,5,2021-08-16,2022-11-14,2021-08-16,2023-06-02
1605331,AERA,OTC,AI Era Corp.,delisted_or_shrunk,17,2018-12-10,2022-12-08,2018-12-10,2023-06-26
879911,AERG,OTC,"APPLIED ENERGETICS, INC.",delisted_or_shrunk,10,2020-05-15,2022-11-14,2020-05-15,2023-06-02
764630,AETN,OTC,"AETERNUM HEALTH, INC.",delisted_or_shrunk,13,2018-01-30,2022-06-15,2018-01-30,2023-01-01
1362190,AEYE,Nasdaq,AUDIOEYE INC,delisted_or_shrunk,20,2018-04-02,2022-11-10,2018-04-02,2023-05-29
1823406,AFBI,Nasdaq,"Affinity Bancshares, Inc.",delisted_or_shrunk,8,2021-04-01,2022-11-10,2021-04-01,2023-05-29
1822523,AFCG,Nasdaq,Advanced Flower Capital Inc.,delisted_or_shrunk,5,2021-11-04,2022-11-08,2021-11-04,2023-05-27
1156041,AGIG,NYSE,"ABUNDIA GLOBAL IMPACT GROUP, INC.",delisted_or_shrunk,20,2018-03-30,2022-11-14,2018-03-30,2023-06-02
1423689,AGNC,Nasdaq,AGNC Investment Corp.,delisted_or_shrunk,13,2018-02-26,2022-02-23,2018-02-26,2022-09-11
1273813,AGO,NYSE,ASSURED GUARANTY LTD,delisted_or_shrunk,20,2018-02-23,2022-11-08,2018-02-23,2023-05-27
1446159,AGPU,Nasdaq,Axe Compute Inc.,delisted_or_shrunk,20,2018-04-02,2022-11-10,2018-04-02,2023-05-29
1415311,AGQ,NYSE,ProShares Trust II,delisted_or_shrunk,20,2018-03-01,2022-11-08,2018-03-01,2023-05-27
1267395,AHL-PD,NYSE,ASPEN INSURANCE HOLDINGS LTD,delisted_or_shrunk,6,2018-02-22,2019-05-08,2018-02-22,2019-11-24
1304409,AHNRF,OTC,ATHENA GOLD CORP,delisted_or_shrunk,18,2018-04-02,2022-05-09,2018-04-02,2022-11-25
1338929,AHRO,OTC,"Authentic Holdings, Inc.",delisted_or_shrunk,7,2018-04-02,2022-08-22,2018-04-02,2023-03-10
1708341,AIFA,Nasdaq,"All In FutureTech Alliance, Inc.",delisted_or_shrunk,15,2019-03-18,2022-11-16,2019-03-18,2023-06-04
862861,AIFC,Nasdaq,AI Financial Corp,delisted_or_shrunk,20,2018-06-12,2022-11-14,2018-06-12,2023-06-02
803578,AIFF,Nasdaq,"FIREFLY NEUROSCIENCE, INC.",delisted_or_shrunk,20,2018-04-02,2022-11-21,2018-04-02,2023-06-09
1711012,AIHS,Nasdaq,Senmiao Technology Ltd,delisted_or_shrunk,19,2018-06-29,2022-11-14,2018-06-29,2023-06-02
18654,AILIH,OTC,Ameren Illinois Co,delisted_or_shrunk,20,2018-02-28,2022-11-04,2018-02-28,2023-05-23
946644,AIM,NYSE,AIM ImmunoTech Inc.,delisted_or_shrunk,15,2018-03-30,2022-11-14,2018-03-30,2023-06-02
1014763,AIMD,Nasdaq,"Ainos, Inc.",delisted_or_shrunk,15,2018-05-23,2022-11-14,2018-05-23,2023-06-02
1272842,AIRG,Nasdaq,AIRGAIN INC,delisted_or_shrunk,20,2018-03-15,2022-11-14,2018-03-15,2023-06-02
1009891,AIRI,NYSE,AIR INDUSTRIES GROUP,delisted_or_shrunk,20,2018-04-18,2022-11-14,2018-04-18,2023-06-02
353184,AIRT,Nasdaq,AIR T INC,delisted_or_shrunk,20,2018-02-14,2022-11-10,2018-02-14,2023-05-29
1498148,AITX,OTC,Artificial Intelligence Technology Solutions Inc.,delisted_or_shrunk,21,2018-04-16,2022-10-21,2018-04-16,2023-05-09
922864,AIV,NYSE,APARTMENT INVESTMENT & MANAGEMENT CO,delisted_or_shrunk,20,2018-03-01,2022-11-07,2018-03-01,2023-05-26
1460702,AIXC,Nasdaq,"AIxCrypto Holdings, Inc.",delisted_or_shrunk,14,2018-03-19,2022-11-14,2018-03-19,2023-06-02
835662,AIXN,OTC,"AiXin Life International, Inc.",delisted_or_shrunk,20,2018-06-26,2022-11-14,2018-06-26,2023-06-02
1865107,AKA,NYSE,A.K.A. BRANDS HOLDING CORP.,delisted_or_shrunk,5,2021-11-09,2022-11-10,2021-11-09,2023-05-29
899629,AKR,NYSE,ACADIA REALTY TRUST,delisted_or_shrunk,20,2018-02-27,2022-11-04,2018-02-27,2023-05-23
1341235,ALDX,Nasdaq,"Aldeyra Therapeutics, Inc.",delisted_or_shrunk,20,2018-03-29,2022-11-10,2018-03-29,2023-05-29
1799448,ALGS,Nasdaq,"Aligos Therapeutics, Inc.",delisted_or_shrunk,9,2020-11-25,2022-11-02,2020-11-25,2023-05-21
1579241,ALLE,NYSE,Allegion plc,delisted_or_shrunk,20,2018-02-20,2022-10-27,2018-02-20,2023-05-15
1810182,ALXO,Nasdaq,ALX ONCOLOGY HOLDINGS INC,delisted_or_shrunk,10,2020-08-27,2022-11-08,2020-08-27,2023-05-27
1748790,AMCR,NYSE,Amcor plc,delisted_or_shrunk,14,2019-09-03,2022-11-02,2019-09-03,2023-05-21
1562401,AMH,NYSE,American Homes 4 Rent,delisted_or_shrunk,20,2018-02-23,2022-11-04,2018-02-23,2023-05-23
1518461,AMPG,Nasdaq,"AmpliTech Group, Inc.",delisted_or_shrunk,20,2018-04-02,2022-11-14,2018-04-02,2023-06-02
897448,AMRN,Nasdaq,AMARIN CORP PLC\UK,delisted_or_shrunk,20,2018-02-27,2022-10-27,2018-02-27,2023-05-15
744825,AMS,NYSE,AMERICAN SHARED HOSPITAL SERVICES,delisted_or_shrunk,20,2018-03-28,2022-11-10,2018-03-28,2023-05-29
1807166,AMST,Nasdaq,Amesite Inc.,delisted_or_shrunk,9,2020-11-16,2022-11-10,2020-11-16,2023-05-29
1815974,ANEB,OTC,"Anebulo Pharmaceuticals, Inc.",delisted_or_shrunk,7,2021-06-21,2022-11-10,2021-06-21,2023-05-29
1039828,ANG-PD,NYSE,American National Group Inc.,delisted_or_shrunk,20,2018-02-23,2022-11-08,2018-02-23,2023-05-27
715446,ANIX,Nasdaq,Anixa Biosciences Inc,delisted_or_shrunk,12,2018-01-09,2021-09-01,2018-01-09,2022-03-20
1528115,ANNX,Nasdaq,"Annexon, Inc.",delisted_or_shrunk,10,2020-09-08,2022-11-03,2020-09-08,2023-05-22
1570132,ANVI,OTC,"ANVI GLOBAL HOLDINGS, INC.",delisted_or_shrunk,14,2019-07-15,2022-10-17,2019-07-15,2023-05-05
1477845,ANVS,NYSE,"Annovis Bio, Inc.",delisted_or_shrunk,12,2020-03-25,2022-11-08,2020-03-25,2023-05-27
1766478,AOMR,NYSE,"Angel Oak Mortgage REIT, Inc.",delisted_or_shrunk,6,2021-08-13,2022-11-14,2021-08-13,2023-06-02
315293,AON,NYSE,Aon plc,delisted_or_shrunk,20,2018-02-20,2022-10-28,2018-02-20,2023-05-16
1808997,AOUT,Nasdaq,"American Outdoor Brands, Inc.",delisted_or_shrunk,10,2020-09-10,2022-12-01,2020-09-10,2023-06-19
352991,AOXY,OTC,ADVANCED OXYGEN TECHNOLOGIES INC,delisted_or_shrunk,20,2018-02-05,2022-10-26,2018-02-05,2023-05-14
1841666,APA,Nasdaq,APA Corp,delisted_or_shrunk,7,2021-05-07,2022-11-03,2021-05-07,2023-05-22
1070050,APCX,OTC,AppTech Payments Corp.,delisted_or_shrunk,12,2020-03-30,2022-11-10,2020-03-30,2023-05-29
1781983,APRE,Nasdaq,"Aprea Therapeutics, Inc.",delisted_or_shrunk,13,2019-11-14,2022-11-09,2019-11-14,2023-05-28
884269,APT,NYSE,ALPHA PRO TECH LTD,delisted_or_shrunk,20,2018-03-12,2022-11-08,2018-03-12,2023-05-27
882361,APTOF,,Aptose Biosciences Inc.,delisted_or_shrunk,9,2019-03-12,2022-11-01,2019-03-12,2023-05-20
1521332,APTV,NYSE,Aptiv PLC,delisted_or_shrunk,20,2018-02-05,2022-11-03,2018-02-05,2023-05-22
1671584,APVO,Nasdaq,Aptevo Therapeutics Inc.,delisted_or_shrunk,20,2018-03-13,2022-11-10,2018-03-13,2023-05-29
1603978,AQB,Nasdaq,AQUABOUNTY TECHNOLOGIES INC,delisted_or_shrunk,20,2018-03-08,2022-11-08,2018-03-08,2023-05-27
1621832,AQMS,Nasdaq,"Aqua Metals, Inc.",delisted_or_shrunk,19,2018-05-09,2022-11-03,2018-05-09,2023-05-22
1138723,ARAY,Nasdaq,ACCURAY INC,delisted_or_shrunk,20,2018-02-05,2022-11-03,2018-02-05,2023-05-22
1287750,ARCC,Nasdaq,ARES CAPITAL CORP,delisted_or_shrunk,17,2018-02-13,2022-02-09,2018-02-13,2022-08-28
1648087,AREB,OTC,AMERICAN REBEL HOLDINGS INC,delisted_or_shrunk,20,2018-05-17,2022-11-14,2018-05-17,2023-06-02
1590715,AREC,Nasdaq,American Resources Corp,delisted_or_shrunk,23,2018-02-20,2022-11-14,2018-02-20,2023-06-02
894871,AREN,NYSE,"Arena Group Holdings, Inc.",delisted_or_shrunk,17,2018-05-15,2022-11-09,2018-05-15,2023-05-28
779544,ARKR,Nasdaq,ARK RESTAURANTS CORP,delisted_or_shrunk,20,2018-02-13,2022-12-20,2018-02-13,2023-07-08
1086600,ARLP,Nasdaq,ALLIANCE RESOURCE PARTNERS LP,delisted_or_shrunk,20,2018-02-23,2022-11-07,2018-02-23,2023-05-26
1515156,ARQ,Nasdaq,"Arq, Inc.",delisted_or_shrunk,20,2018-03-12,2022-11-08,2018-03-12,2023-05-27
1530425,ARRT,OTC,"Artisan Consumer Goods, Inc.",delisted_or_shrunk,7,2018-02-21,2021-09-29,2018-02-21,2022-04-17
1621221,ARTL,Nasdaq,"ARTELO BIOSCIENCES, INC.",delisted_or_shrunk,20,2018-01-16,2022-11-08,2018-01-16,2023-05-27
7623,ARTW,Nasdaq,ARTS WAY MANUFACTURING CO INC,delisted_or_shrunk,20,2018-02-07,2022-10-14,2018-02-07,2023-05-02
1651992,ASFT,OTC,"Appsoft Technologies, Inc.",delisted_or_shrunk,5,2018-04-17,2019-12-04,2018-04-17,2020-06-21
1462418,ASPS,Nasdaq,ALTISOURCE PORTFOLIO SOLUTIONS S.A.,delisted_or_shrunk,20,2018-02-22,2022-11-03,2018-02-22,2023-05-22
1487198,ASPU,OTC,"ASPEN GROUP, INC.",delisted_or_shrunk,20,2018-03-15,2022-12-15,2018-03-15,2023-07-03
707605,ASRV,Nasdaq,AMERISERV FINANCIAL INC /PA/,delisted_or_shrunk,20,2018-03-02,2022-11-10,2018-03-02,2023-05-29
1001907,ASTC,Nasdaq,ASTROTECH Corp,delisted_or_shrunk,20,2018-02-12,2022-11-14,2018-02-12,2023-06-02
1350102,ASTI,Nasdaq,"Ascent Solar Technologies, Inc.",delisted_or_shrunk,20,2018-03-29,2022-11-10,2018-03-29,2023-05-29
884144,ASUR,Nasdaq,ASURE SOFTWARE INC,delisted_or_shrunk,20,2018-03-16,2022-11-07,2018-03-16,2023-05-26
1840904,ATAI,Nasdaq,Atai Beckley N.V.,delisted_or_shrunk,6,2021-08-16,2022-11-10,2021-08-16,2023-05-29
1068689,ATDS,OTC,"Data443 Risk Mitigation, Inc.",delisted_or_shrunk,15,2019-05-15,2022-11-14,2019-05-15,2023-06-02
1757715,ATER,Nasdaq,"Aterian, Inc.",delisted_or_shrunk,14,2019-08-01,2022-11-09,2019-08-01,2023-05-28
1527469,ATH-PA,NYSE,Athene Holding Ltd.,delisted_or_shrunk,20,2018-02-26,2022-11-08,2018-02-26,2023-05-27
1540684,ATLX,Nasdaq,Atlas Lithium Corp,delisted_or_shrunk,20,2018-04-17,2022-11-01,2018-04-17,2023-05-20
1388320,ATNM,NYSE,"Actinium Pharmaceuticals, Inc.",delisted_or_shrunk,20,2018-03-16,2022-11-14,2018-03-16,2023-06-02
1488039,ATOS,Nasdaq,"ATOSSA THERAPEUTICS, INC.",delisted_or_shrunk,17,2018-03-08,2022-11-07,2018-03-08,2023-05-26
1713210,ATPC,Nasdaq,Agape ATP Corp,delisted_or_shrunk,18,2018-05-15,2022-11-14,2018-05-15,2023-06-02
1604464,ATRA,Nasdaq,"Atara Biotherapeutics, Inc.",delisted_or_shrunk,20,2018-02-27,2022-11-08,2018-02-27,2023-05-27
1650101,ATXG,Nasdaq,ADDENTAX GROUP CORP.,delisted_or_shrunk,20,2018-04-16,2022-11-14,2018-04-16,2023-06-02
1339970,ATYR,Nasdaq,aTYR PHARMA INC,delisted_or_shrunk,20,2018-03-20,2022-11-14,2018-03-20,2023-06-02
750574,AUBN,Nasdaq,"AUBURN NATIONAL BANCORPORATION, INC",delisted_or_shrunk,20,2018-03-13,2022-11-09,2018-03-13,2023-05-28
1534154,AUID,Nasdaq,authID Inc.,delisted_or_shrunk,20,2018-03-15,2022-11-10,2018-03-15,2023-05-29
1011509,AUMN,OTC,Golden Minerals Co,delisted_or_shrunk,17,2018-03-02,2022-11-10,2018-03-02,2023-05-29
1091596,AURX,OTC,"Nuo Therapeutics, Inc.",delisted_or_shrunk,12,2018-04-16,2022-11-04,2018-04-16,2023-05-23
826253,AUSI,OTC,AURA SYSTEMS INC,delisted_or_shrunk,18,2018-06-13,2022-10-07,2018-06-13,2023-04-25
1554818,AUUD,Nasdaq,AUDDIA INC.,delisted_or_shrunk,8,2021-03-31,2022-11-14,2021-03-31,2023-06-02
5981,AVD,NYSE,AMERICAN VANGUARD CORP,delisted_or_shrunk,20,2018-03-14,2022-11-08,2018-03-14,2023-05-27
1593899,AVIR,Nasdaq,"Atea Pharmaceuticals, Inc.",delisted_or_shrunk,9,2020-12-10,2022-11-07,2020-12-10,2023-05-26
1606498,AVNS,NYSE,"AVANOS MEDICAL, INC.",delisted_or_shrunk,20,2018-02-27,2022-11-02,2018-02-27,2023-05-21
1534120,AVTX,Nasdaq,"Avalo Therapeutics, Inc.",delisted_or_shrunk,20,2018-04-02,2022-11-07,2018-04-02,2023-05-26
1826397,AVX,Nasdaq,AVAX ONE TECHNOLOGY LTD.,delisted_or_shrunk,5,2021-08-03,2022-11-10,2021-08-03,2023-05-29
926617,AWHL,OTC,Aspira Women's Health Inc.,delisted_or_shrunk,20,2018-03-13,2022-11-10,2018-03-13,2023-05-29
1015739,AWRE,Nasdaq,AWARE INC /MA/,delisted_or_shrunk,20,2018-02-28,2022-10-28,2018-02-28,2023-05-16
1061069,AWX,NYSE,AVALON HOLDINGS CORP,delisted_or_shrunk,17,2018-05-10,2022-11-10,2018-05-10,2023-05-29
1718500,AXIL,NYSE,"Axil Brands, Inc.",delisted_or_shrunk,20,2018-01-12,2022-10-12,2018-01-12,2023-04-30
1514946,AXIM,OTC,"AXIM BIOTECHNOLOGIES, INC.",delisted_or_shrunk,6,2020-05-14,2022-11-14,2020-05-14,2023-06-02
6207,AXR,NYSE,AMREP CORP.,delisted_or_shrunk,18,2018-03-19,2022-12-12,2018-03-19,2023-06-30
1362988,AYR,,Aircastle LTD,delisted_or_shrunk,19,2018-02-13,2022-10-12,2018-02-13,2023-04-30
1385818,AYTU,Nasdaq,"AYTU BIOPHARMA, INC",delisted_or_shrunk,20,2018-02-08,2022-11-14,2018-02-08,2023-06-02
1563568,AZIO,Nasdaq,"AZIO AI HOLDINGS, INC.",delisted_or_shrunk,11,2018-03-12,2022-11-14,2018-03-12,2023-06-02
1123596,BABB,OTC,"BAB, INC.",delisted_or_shrunk,20,2018-02-26,2022-10-13,2018-02-26,2023-05-01
1729944,BACK,OTC,"IMAC Holdings, Inc.",delisted_or_shrunk,16,2019-04-16,2022-11-14,2019-04-16,2023-06-02
1747079,BALY,NYSE,Bally's Corp,delisted_or_shrunk,16,2019-04-01,2022-11-09,2019-04-01,2023-05-28
1819574,BARK,NYSE,"Bark, Inc.",delisted_or_shrunk,7,2021-06-07,2022-11-09,2021-06-07,2023-05-28
1448705,BASA,OTC,"BASANITE, INC.",delisted_or_shrunk,16,2018-04-11,2022-11-21,2018-04-11,2023-06-09
1282648,BATL,NYSE,BATTALION OIL CORP,delisted_or_shrunk,20,2018-03-01,2022-11-14,2018-03-01,2023-06-02
1379785,BBDC,NYSE,"Barings BDC, Inc.",delisted_or_shrunk,10,2018-02-28,2022-02-23,2018-02-28,2022-09-11
1099160,BBGI,Nasdaq,BEASLEY BROADCAST GROUP INC,delisted_or_shrunk,20,2018-02-20,2022-11-07,2018-02-20,2023-05-26
1419554,BBLG,Nasdaq,Bone Biologics Corp,delisted_or_shrunk,8,2018-04-02,2022-03-15,2018-04-02,2022-10-01
1826892,BCAB,Nasdaq,"BioAtla, Inc.",delisted_or_shrunk,7,2021-03-24,2022-11-04,2021-03-24,2023-05-23
925741,BCDA,Nasdaq,"BioCardia, Inc.",delisted_or_shrunk,20,2018-03-16,2022-11-09,2018-03-16,2023-05-28
728385,BCHT,NYSE,Birchtech Corp.,delisted_or_shrunk,20,2018-04-17,2022-11-14,2018-04-17,2023-06-02
1372807,BCIC,Nasdaq,BCP Investment Corp,delisted_or_shrunk,5,2018-03-07,2022-03-10,2018-03-07,2022-09-26
1137883,BCLI,OTC,BRAINSTORM CELL THERAPEUTICS INC.,delisted_or_shrunk,7,2018-03-08,2022-11-14,2018-03-08,2023-06-02
1847360,BCOW,OTC,"1895 Bancorp of Wisconsin, Inc. /MD/",delisted_or_shrunk,6,2021-08-13,2022-11-10,2021-08-13,2023-05-29
1496690,BCRD,OTC,"BlueOne Technologies, Inc.",delisted_or_shrunk,7,2021-06-21,2022-11-21,2021-06-21,2023-06-09
1655050,BCSF,NYSE,"Bain Capital Specialty Finance, Inc.",delisted_or_shrunk,18,2018-03-16,2022-11-09,2018-03-16,2023-05-28
1761612,BCYC,Nasdaq,BICYCLE THERAPEUTICS PLC,delisted_or_shrunk,14,2019-08-08,2022-11-03,2019-08-08,2023-05-22
793306,BDCO,OTC,BLUE DOLPHIN ENERGY CO,delisted_or_shrunk,20,2018-04-02,2022-11-14,2018-04-02,2023-06-02
790816,BDN,NYSE,BRANDYWINE REALTY TRUST,delisted_or_shrunk,20,2018-02-23,2022-10-28,2018-02-23,2023-05-16
1575142,BDPT,OTC,"BIOADAPTIVES, INC.",delisted_or_shrunk,13,2019-08-14,2022-11-14,2019-08-14,2023-06-02
1610940,BDRY,NYSE,Amplify Commodity Trust,delisted_or_shrunk,20,2018-02-13,2022-11-14,2018-02-13,2023-06-02
1701541,BDTX,Nasdaq,"Black Diamond Therapeutics, Inc.",delisted_or_shrunk,8,2020-03-24,2022-05-11,2020-03-24,2022-11-27
1398805,BEEM,Nasdaq,Beam Global,delisted_or_shrunk,20,2018-04-02,2022-11-10,2018-04-02,2023-05-29
1483646,BEGI,OTC,"BLACKSTAR ENTERPRISE GROUP, INC.",delisted_or_shrunk,18,2018-03-29,2022-11-21,2018-03-29,2023-06-09
1066764,BESS,NYSE,Bimergen Energy Corp,delisted_or_shrunk,17,2018-03-29,2022-11-10,2018-03-29,2023-05-29
1101215,BFH,NYSE,"BREAD FINANCIAL HOLDINGS, INC.",delisted_or_shrunk,20,2018-02-27,2022-11-04,2018-02-27,2023-05-23
1310488,BFNH,OTC,"BIOFORCE NANOSCIENCES HOLDINGS, INC.",delisted_or_shrunk,19,2018-04-13,2022-11-02,2018-04-13,2023-05-21
1858685,BFRI,Nasdaq,Biofrontera Inc.,delisted_or_shrunk,5,2021-11-30,2022-11-14,2021-11-30,2023-06-02
1737523,BGLC,Nasdaq,BioNexus Gene Lab Corp,delisted_or_shrunk,15,2019-05-15,2022-11-14,2019-05-15,2023-06-02
1130166,BGMS,Nasdaq,"Bio Green Med Solution, Inc.",delisted_or_shrunk,16,2018-03-30,2022-11-10,2018-03-30,2023-05-29
1474903,BGSF,NYSE,"BGSF, INC.",delisted_or_shrunk,18,2018-03-08,2022-11-03,2018-03-08,2023-05-22
1407583,BHLL,OTC,Bunker Hill Mining Corp.,delisted_or_shrunk,19,2018-02-21,2022-11-04,2018-02-21,2023-05-23
1443863,BICX,OTC,BioCorRx Inc.,delisted_or_shrunk,20,2018-04-05,2022-11-14,2018-04-05,2023-06-02
1499961,BINI,OTC,"BOLLINGER INNOVATIONS, INC.",delisted_or_shrunk,18,2018-04-02,2022-05-16,2018-04-02,2022-12-02
1723059,BIOE,OTC,Bio Essence Corp,delisted_or_shrunk,8,2021-04-14,2022-11-14,2021-04-14,2023-06-02
1549145,BIOF,OTC,"BLUE BIOFUELS, INC.",delisted_or_shrunk,8,2018-04-18,2022-11-07,2018-04-18,2023-05-26
1653909,BIRD,Nasdaq,"Smartbird, Inc.",delisted_or_shrunk,5,2021-12-07,2022-11-09,2021-12-07,2023-05-28
1580149,BIVI,Nasdaq,BIOVIE INC.,delisted_or_shrunk,12,2018-11-14,2022-05-11,2018-11-14,2022-11-27
1820302,BKKT,NYSE,"Bakkt, Inc.",delisted_or_shrunk,5,2021-03-31,2022-11-10,2021-03-31,2023-05-29
1007273,BKSC,OTC,BANK OF SOUTH CAROLINA CORP,delisted_or_shrunk,20,2018-03-05,2022-11-04,2018-03-05,2023-05-23
1019034,BKYI,Nasdaq,BIO KEY INTERNATIONAL INC,delisted_or_shrunk,20,2018-04-02,2022-11-14,2018-04-02,2023-06-02
880242,BLGO,OTC,"BIOLARGO, INC.",delisted_or_shrunk,20,2018-03-16,2022-11-14,2018-03-16,2023-06-02
1378590,BLIN,Nasdaq,"Bridgeline Digital, Inc.",delisted_or_shrunk,20,2018-02-14,2022-12-21,2018-02-14,2023-07-09
1632121,BLNC,OTC,"Balance Labs, Inc.",delisted_or_shrunk,18,2018-04-12,2022-11-21,2018-04-12,2023-06-09
1534708,BLNE,Nasdaq,"Beeline Holdings, Inc.",delisted_or_shrunk,20,2018-04-02,2022-11-14,2018-04-02,2023-06-02
1429764,BLNK,Nasdaq,Blink Charging Co.,delisted_or_shrunk,20,2018-04-17,2022-11-09,2018-04-17,2023-05-28
1487718,BLTH,OTC,"AMERICAN BATTERY MATERIALS, INC.",delisted_or_shrunk,17,2018-09-04,2022-08-17,2018-09-04,2023-03-05
1275477,BMNM,OTC,"BIMINI CAPITAL MANAGEMENT, INC.",delisted_or_shrunk,17,2018-03-09,2022-11-14,2018-03-09,2023-06-02
73290,BMRA,Nasdaq,BIOMERICA INC,delisted_or_shrunk,18,2018-01-16,2022-10-13,2018-01-16,2023-05-01
1403475,BMRC,Nasdaq,Bank of Marin Bancorp,delisted_or_shrunk,20,2018-03-15,2022-11-08,2018-03-15,2023-05-27
1568385,BMTM,OTC,"Bright Mountain Media, Inc.",delisted_or_shrunk,20,2018-04-02,2022-11-14,2018-04-02,2023-06-02
744452,BNBX,OTC,BNB PLUS CORP.,delisted_or_shrunk,20,2018-02-08,2022-12-14,2018-02-08,2023-07-02
1482541,BNC,Nasdaq,CEA Industries Inc.,delisted_or_shrunk,20,2018-04-02,2022-11-14,2018-04-02,2023-06-02
875729,BNET,OTC,BION ENVIRONMENTAL TECHNOLOGIES INC,delisted_or_shrunk,20,2018-02-09,2022-11-14,2018-02-09,2023-06-02
1411690,BNGO,Nasdaq,"Bionano Genomics, Inc.",delisted_or_shrunk,17,2018-11-07,2022-11-03,2018-11-07,2023-05-22
1472494,BNO,NYSE,"United States Brent Oil Fund, LP",delisted_or_shrunk,5,2018-03-14,2022-02-25,2018-03-14,2022-09-13
1808898,BNTC,Nasdaq,Benitec Biopharma Inc.,delisted_or_shrunk,6,2020-09-23,2022-09-02,2020-09-23,2023-03-21
1826889,BODI,Nasdaq,"Beachbody Company, Inc.",delisted_or_shrunk,6,2021-08-12,2022-11-09,2021-08-12,2023-05-28
1641281,BOLT,Nasdaq,"Bolt Biotherapeutics, Inc.",delisted_or_shrunk,6,2021-03-31,2022-11-10,2021-03-31,2023-05-29
1275101,BOTJ,Nasdaq,BANK OF THE JAMES FINANCIAL GROUP INC,delisted_or_shrunk,20,2018-03-21,2022-11-10,2018-03-21,2023-05-29
1643721,BOTX,OTC,DATZ WORLD HOLDINGS CORP.,delisted_or_shrunk,20,2018-02-14,2022-11-14,2018-02-14,2023-06-02
1407704,BOTY,OTC,"LINGERIE FIGHTING CHAMPIONSHIPS, INC.",delisted_or_shrunk,21,2018-01-25,2022-10-12,2018-01-25,2023-04-30
1624512,BOXL,Nasdaq,Boxlight Corp,delisted_or_shrunk,20,2018-04-02,2022-11-09,2018-04-02,2023-05-28
1133818,BPTH,OTC,"BIO-PATH HOLDINGS, INC.",delisted_or_shrunk,18,2018-04-02,2022-11-14,2018-04-02,2023-06-02
1487197,BRFH,Nasdaq,BARFRESH FOOD GROUP INC.,delisted_or_shrunk,20,2018-04-02,2022-11-14,2018-04-02,2023-06-02
14177,BRID,Nasdaq,BRIDGFORD FOODS CORP,delisted_or_shrunk,20,2018-01-12,2022-08-26,2018-01-12,2023-03-14
1866757,BRLT,Nasdaq,"Brilliant Earth Group, Inc.",delisted_or_shrunk,5,2021-11-12,2022-11-10,2021-11-12,2023-05-29
10048,BRN,NYSE,BARNWELL INDUSTRIES INC,delisted_or_shrunk,20,2018-02-12,2022-12-29,2018-02-12,2023-07-17
1505497,BRTX,Nasdaq,"BioRestorative Therapies, Inc.",delisted_or_shrunk,5,2018-04-02,2022-11-14,2018-04-02,2023-06-02
1444839,BRVO,OTC,Bravo Multinational Inc.,delisted_or_shrunk,20,2019-03-08,2022-11-03,2019-03-08,2023-05-22
1416090,BSAI,OTC,BLUSKY AI INC.,delisted_or_shrunk,20,2018-04-16,2022-11-21,2018-04-16,2023-06-09
1787414,BSBK,Nasdaq,Bogota Financial Corp.,delisted_or_shrunk,13,2019-12-23,2022-11-08,2019-12-23,2023-05-27
1730773,BSFC,OTC,Blue Star Foods Corp.,delisted_or_shrunk,17,2018-12-31,2022-11-14,2018-12-31,2023-06-02
101594,BSIN,Nasdaq,BIG SKY INDUSTRIAL INC.,delisted_or_shrunk,20,2018-03-28,2022-11-10,2018-03-28,2023-05-29
1621434,BSM,NYSE,"Black Stone Minerals, L.P.",delisted_or_shrunk,20,2018-02-28,2022-11-01,2018-02-28,2023-05-20
1409197,BSPK,OTC,"Bespoke Extracts, Inc.",delisted_or_shrunk,12,2020-01-21,2022-11-21,2020-01-21,2023-06-09
1662972,BSTT,OTC,"Blackstone Real Estate Income Trust, Inc.",delisted_or_shrunk,20,2018-03-19,2022-11-14,2018-03-19,2023-06-02
1720893,BTAI,Nasdaq,"BioXcel Therapeutics, Inc.",delisted_or_shrunk,19,2018-05-14,2022-11-14,2018-05-14,2023-06-02
1718224,BTBD,Nasdaq,"BT Brands, Inc.",delisted_or_shrunk,12,2020-04-15,2022-11-15,2020-04-15,2023-06-03
1471824,BTCK,NYSE,Teucrium Commodity Trust,delisted_or_shrunk,20,2018-03-16,2022-11-09,2018-03-16,2023-05-28
1436229,BTCS,Nasdaq,BTCS Inc.,delisted_or_shrunk,11,2018-03-14,2022-11-10,2018-03-14,2023-05-29
1630113,BTCY,OTC,BIOTRICITY INC.,delisted_or_shrunk,19,2018-07-13,2022-11-14,2018-07-13,2023-06-02
1854445,BTLN,Nasdaq,"Glimpse Group, Inc.",delisted_or_shrunk,6,2021-09-28,2022-11-14,2021-09-28,2023-06-02
1393772,BUDZ,OTC,"WEED, INC.",delisted_or_shrunk,18,2018-08-20,2022-11-21,2018-08-20,2023-06-09
15847,BUKS,OTC,BUTLER NATIONAL CORP,delisted_or_shrunk,20,2018-03-16,2022-12-15,2018-03-16,2023-07-03
1120370,BWEN,Nasdaq,"BROADWIND, INC.",delisted_or_shrunk,20,2018-02-27,2022-11-08,2018-02-27,2023-05-27
1166708,BWMG,OTC,"Brownie's Marine Group, Inc",delisted_or_shrunk,20,2018-04-17,2022-11-08,2018-04-17,2023-05-27
1061630,BXMT,NYSE,"BLACKSTONE MORTGAGE TRUST, INC.",delisted_or_shrunk,20,2018-02-13,2022-10-26,2018-02-13,2023-05-14
1736035,BXSL,NYSE,Blackstone Secured Lending Fund,delisted_or_shrunk,6,2019-03-18,2022-02-28,2019-03-18,2022-09-16
1001171,BYFC,Nasdaq,BROADWAY FINANCIAL CORP \DE\,delisted_or_shrunk,20,2018-03-26,2022-11-14,2018-03-26,2023-06-02
1386049,BYOC,OTC,"Beyond Commerce, Inc.",delisted_or_shrunk,15,2019-04-12,2022-11-14,2019-04-12,2023-06-02
1354866,BYRN,Nasdaq,Byrna Technologies Inc.,delisted_or_shrunk,20,2018-03-15,2022-10-03,2018-03-15,2023-04-21
1759138,CABA,Nasdaq,"Cabaletta Bio, Inc.",delisted_or_shrunk,5,2019-12-05,2020-11-10,2019-12-05,2021-05-29
1841387,CADL,Nasdaq,"Candel Therapeutics, Inc.",delisted_or_shrunk,6,2021-09-08,2022-11-10,2021-09-08,2023-05-29
1678105,CAHO,OTC,Caro Holdings Inc.,delisted_or_shrunk,20,2018-02-02,2022-11-14,2018-02-02,2023-06-02
1534133,CALC,Nasdaq,"CalciMedica, Inc.",delisted_or_shrunk,9,2020-11-12,2022-11-10,2020-11-12,2023-05-29
1477009,CANN,OTC,TREES Corp (Colorado),delisted_or_shrunk,20,2018-03-12,2022-11-14,2018-03-12,2023-06-02
814926,CAPC,OTC,"CAPSTONE COMPANIES, INC.",delisted_or_shrunk,20,2018-03-28,2022-11-14,2018-03-28,2023-06-02
1538849,CAPL,NYSE,CrossAmerica Partners LP,delisted_or_shrunk,20,2018-02-27,2022-11-08,2018-02-27,2023-05-27
1133869,CAPR,Nasdaq,"CAPRICOR THERAPEUTICS, INC.",delisted_or_shrunk,20,2018-03-22,2022-11-10,2018-03-22,2023-05-29
1485003,CARM,OTC,Carisma Therapeutics Inc.,delisted_or_shrunk,19,2018-04-02,2022-11-07,2018-04-02,2023-05-26
1016178,CARV,OTC,CARVER BANCORP INC,delisted_or_shrunk,13,2018-06-29,2022-11-14,2018-06-29,2023-06-02
18255,CATO,NYSE,CATO CORP,delisted_or_shrunk,20,2018-03-27,2022-11-22,2018-03-27,2023-06-10
728387,CATX,NYSE,"Perspective Therapeutics, Inc.",delisted_or_shrunk,20,2018-02-09,2022-11-14,2018-02-09,2023-06-02
896159,CB,NYSE,Chubb Ltd,delisted_or_shrunk,20,2018-02-23,2022-10-28,2018-02-23,2023-05-16
1117171,CBAT,Nasdaq,"CBAK Energy Technology, Inc.",delisted_or_shrunk,20,2018-04-17,2022-11-14,2018-04-17,2023-06-02
1253689,CBIO,Nasdaq,"CRESCENT BIOPHARMA, INC.",delisted_or_shrunk,14,2018-03-06,2022-11-09,2018-03-06,2023-05-28
1006830,CBKM,OTC,CONSUMERS BANCORP INC /OH/,delisted_or_shrunk,20,2018-02-14,2022-11-10,2018-02-14,2023-05-29
22356,CBSH,Nasdaq,COMMERCE BANCSHARES INC /MO/,delisted_or_shrunk,20,2018-02-22,2022-11-04,2018-02-22,2023-05-23
1705843,CBUS,Nasdaq,"Cibus, Inc.",delisted_or_shrunk,20,2018-03-14,2022-11-03,2018-03-14,2023-05-22
1633336,CCAP,Nasdaq,"Crescent Capital BDC, Inc.",delisted_or_shrunk,6,2018-03-23,2022-02-23,2018-03-23,2022-09-11
1696411,CCCP,,Crona Corp.,delisted_or_shrunk,9,2018-04-18,2022-11-09,2018-04-18,2023-05-28
862692,CCEL,NYSE,CRYO CELL INTERNATIONAL INC,delisted_or_shrunk,20,2018-02-28,2022-10-18,2018-02-28,2023-05-06
1582982,CCLD,Nasdaq,"CareCloud, Inc.",delisted_or_shrunk,20,2018-03-07,2022-11-03,2018-03-07,2023-05-22
1141103,CCRN,Nasdaq,CROSS COUNTRY HEALTHCARE INC,delisted_or_shrunk,20,2018-03-02,2022-11-03,2018-03-02,2023-05-22
811222,CDIX,OTC,Cardiff Lexington Corp,delisted_or_shrunk,19,2018-04-17,2022-12-09,2018-04-17,2023-06-27
1666071,CDLX,Nasdaq,"Cardlytics, Inc.",delisted_or_shrunk,20,2018-03-19,2022-11-01,2018-03-19,2023-05-20
761648,CDR-PB,NYSE,"CEDAR REALTY TRUST, INC.",delisted_or_shrunk,20,2018-02-12,2022-11-08,2018-02-12,2023-05-27
1309082,CEIN,OTC,"CAMBER ENERGY, INC.",delisted_or_shrunk,19,2018-02-14,2022-11-14,2018-02-14,2023-06-02
1603454,CELC,Nasdaq,Celcuity Inc.,delisted_or_shrunk,20,2018-03-15,2022-11-10,2018-03-15,2023-05-29
1752828,CELU,Nasdaq,Celularity Inc,delisted_or_shrunk,5,2021-11-12,2022-11-10,2021-11-12,2023-05-29
1187953,CELZ,Nasdaq,"CREATIVE MEDICAL TECHNOLOGY HOLDINGS, INC.",delisted_or_shrunk,12,2018-03-29,2022-11-10,2018-03-29,2023-05-29
1020214,CERS,Nasdaq,CERUS CORP,delisted_or_shrunk,20,2018-03-08,2022-11-03,2018-03-08,2023-05-22
1435064,CETX,Nasdaq,CEMTREX INC,delisted_or_shrunk,20,2018-02-14,2022-12-28,2018-02-14,2023-07-16
1329606,CETY,Nasdaq,"Clean Energy Technologies, Inc.",delisted_or_shrunk,20,2018-04-16,2022-11-14,2018-04-16,2023-06-02
1310630,CFOO,OTC,China Foods Holdings Ltd.,delisted_or_shrunk,9,2020-11-23,2022-11-15,2020-11-23,2023-06-03
1293818,CFOR,OTC,CapForce Inc.,delisted_or_shrunk,20,2018-03-29,2022-11-14,2018-03-29,2023-06-02
1666244,CFTR-PA,NYSE,"Cantor Fitzgerald Income Trust, Inc.",delisted_or_shrunk,20,2018-03-30,2022-11-14,2018-03-30,2023-06-02
1544206,CGBD,Nasdaq,"Carlyle Secured Lending, Inc.",delisted_or_shrunk,14,2018-02-27,2022-11-08,2018-02-27,2023-05-27
1737927,CGC,Nasdaq,Canopy Growth Corp,delisted_or_shrunk,11,2020-06-01,2022-11-09,2020-06-01,2023-05-28
1789972,CGEM,Nasdaq,"Cullinan Therapeutics, Inc.",delisted_or_shrunk,8,2021-03-30,2022-11-14,2021-03-30,2023-06-02
1459188,CHEV,OTC,Charging Robotics Inc.,delisted_or_shrunk,6,2021-05-13,2022-11-07,2021-05-13,2023-05-26
1630212,CHGA,Nasdaq,Change Agents Corporation.,delisted_or_shrunk,20,2018-03-13,2022-11-14,2018-03-13,2023-06-02
1364954,CHGG,NYSE,"CHEGG, INC",delisted_or_shrunk,20,2018-02-26,2022-11-01,2018-02-26,2023-05-20
1524769,CHKR,OTC,CHESAPEAKE GRANITE WASH TRUST,delisted_or_shrunk,20,2018-03-21,2022-11-14,2018-03-21,2023-06-02
1571776,CHMI,NYSE,Cherry Hill Mortgage Investment Corp,delisted_or_shrunk,20,2018-03-16,2022-11-02,2018-03-16,2023-05-21
823277,CHSCP,Nasdaq,CHS INC,delisted_or_shrunk,20,2018-01-10,2022-11-02,2018-01-10,2023-05-21
1134765,CHUC,OTC,"Charlie's Holdings, Inc.",delisted_or_shrunk,20,2018-06-26,2022-11-18,2018-06-26,2023-06-06
1557798,CIIT,Nasdaq,"Tianci International, Inc.",delisted_or_shrunk,18,2018-03-15,2022-12-08,2018-03-15,2023-06-26
1527613,CIMG,OTC,CIMG Inc.,delisted_or_shrunk,21,2018-02-21,2022-12-23,2018-02-21,2023-07-11
1534254,CION,NYSE,CION Investment Corp,delisted_or_shrunk,20,2018-03-16,2022-11-10,2018-03-16,2023-05-29
1605888,CIRC,Nasdaq,CIRCLE8 GROUP INC,delisted_or_shrunk,5,2021-11-16,2022-11-08,2021-11-16,2023-05-27
813716,CIRX,OTC,CIRTRAN CORP,delisted_or_shrunk,11,2019-04-01,2022-11-21,2019-04-01,2023-06-09
1777319,CISO,Nasdaq,"CISO Global, Inc.",delisted_or_shrunk,12,2020-03-30,2022-11-14,2020-03-30,2023-06-02
1075706,CIZN,OTC,CITIZENS HOLDING CO /MS/,delisted_or_shrunk,15,2018-05-10,2022-11-04,2018-05-10,2023-05-23
1763925,CJAX,OTC,CoJax Oil & Gas Corp,delisted_or_shrunk,11,2019-08-26,2022-11-22,2019-08-26,2023-06-10
352955,CKX,NYSE,"CKX LANDS, INC.",delisted_or_shrunk,20,2018-03-23,2022-11-09,2018-03-23,2023-05-28
1723596,CLBK,Nasdaq,"Columbia Financial, Inc.",delisted_or_shrunk,20,2018-03-23,2022-11-09,2018-03-23,2023-05-28
1476045,CLDT,NYSE,Chatham Lodging Trust,delisted_or_shrunk,20,2018-02-27,2022-11-08,2018-02-27,2023-05-27
744218,CLDX,Nasdaq,"Celldex Therapeutics, Inc.",delisted_or_shrunk,20,2018-03-07,2022-11-09,2018-03-07,2023-05-28
1414382,CLEV,OTC,Concrete Leveling Systems Inc,delisted_or_shrunk,20,2018-03-15,2022-12-09,2018-03-15,2023-06-27
1434524,CLIR,Nasdaq,ClearSign Technologies Corp,delisted_or_shrunk,19,2018-03-27,2022-08-15,2018-03-27,2023-03-03
1822791,CLNN,Nasdaq,Clene Inc.,delisted_or_shrunk,7,2021-03-29,2022-11-07,2021-03-29,2023-05-26
1437517,CLOQ,OTC,"CYBERLOQ TECHNOLOGIES, INC.",delisted_or_shrunk,19,2018-03-29,2022-11-01,2018-03-29,2023-05-20
1619227,CLOW,OTC,"Cloudweb, Inc.",delisted_or_shrunk,6,2018-05-15,2022-10-31,2018-05-15,2023-05-19
1649096,CLPR,NYSE,Clipper Realty Inc.,delisted_or_shrunk,20,2018-03-14,2022-11-09,2018-03-14,2023-05-28
1279704,CLRB,Nasdaq,"Cellectar Biosciences, Inc.",delisted_or_shrunk,5,2018-03-21,2022-03-21,2018-03-21,2022-10-07
1362516,CLRI,OTC,"Cleartronic, Inc.",delisted_or_shrunk,21,2018-01-16,2022-12-29,2018-01-16,2023-07-17
840715,CLRO,Nasdaq,CLEARONE INC,delisted_or_shrunk,20,2018-04-20,2022-11-14,2018-04-20,2023-06-02
1539029,CLSDQ,OTC,"Clearside Biomedical, Inc.",delisted_or_shrunk,12,2018-03-16,2022-11-09,2018-03-16,2023-05-28
827876,CLSK,Nasdaq,"CLEANSPARK, INC.",delisted_or_shrunk,18,2018-01-16,2022-12-15,2018-01-16,2023-07-03
1849867,CLST,Nasdaq,"Catalyst Bancorp, Inc.",delisted_or_shrunk,6,2021-09-17,2022-11-10,2021-09-17,2023-05-29
1764046,CLVT,NYSE,CLARIVATE PLC,delisted_or_shrunk,12,2020-03-02,2022-11-08,2020-03-02,2023-05-27
1768446,CLYM,Nasdaq,"Climb Bio, Inc.",delisted_or_shrunk,6,2021-09-13,2022-11-14,2021-09-13,2023-06-02
1738177,CMBMF,OTC,Cambium Networks Corp,delisted_or_shrunk,14,2019-08-12,2022-11-04,2019-08-12,2023-05-23
1166691,CMCSA,Nasdaq,COMCAST CORP,delisted_or_shrunk,20,2018-01-31,2022-10-27,2018-01-31,2023-05-15
908311,CMCT,Nasdaq,Creative Media & Community Trust Corp,delisted_or_shrunk,20,2018-03-12,2022-11-14,2018-03-12,2023-06-02
1058623,CMLS,,CUMULUS MEDIA INC,delisted_or_shrunk,20,2018-03-29,2022-10-28,2018-03-29,2023-05-16
1534248,CMMB,Nasdaq,Chemomab Therapeutics Ltd.,delisted_or_shrunk,10,2020-05-07,2022-11-10,2020-05-07,2023-05-29
1262976,CMPR,Nasdaq,CIMPRESS plc,delisted_or_shrunk,20,2018-02-01,2022-10-27,2018-02-01,2023-05-15
1498547,CMRF,OTC,"CIM GROUP, INC.",delisted_or_shrunk,20,2018-03-30,2022-11-14,2018-03-30,2023-06-02
201533,CMS-PB,NYSE,CONSUMERS ENERGY CO,delisted_or_shrunk,20,2018-02-14,2022-10-27,2018-02-14,2023-05-15
23197,CMTL,Nasdaq,COMTECH TELECOMMUNICATIONS CORP /DE/,delisted_or_shrunk,20,2018-03-07,2022-12-08,2018-03-07,2023-06-26
1343009,CNBX,OTC,CNBX Pharmaceuticals Inc.,delisted_or_shrunk,20,2018-01-16,2022-11-30,2018-01-16,2023-06-18
1376321,CNET,Nasdaq,ZW Data Action Technologies Inc.,delisted_or_shrunk,20,2018-04-16,2022-11-18,2018-04-16,2023-06-06
1352952,CNFN,OTC,CFN Enterprises Inc.,delisted_or_shrunk,20,2018-03-27,2022-11-09,2018-03-27,2023-05-28
1095981,CNSY,Nasdaq,"CERENOME, INC.",delisted_or_shrunk,20,2018-03-09,2022-10-20,2018-03-09,2023-05-08
23426,CNTHP,OTC,CONNECTICUT LIGHT & POWER CO,delisted_or_shrunk,20,2018-02-26,2022-11-04,2018-02-26,2023-05-23
1842952,CNTX,Nasdaq,Context Therapeutics Inc.,delisted_or_shrunk,5,2021-12-02,2022-11-09,2021-12-02,2023-05-28
911147,CNTY,Nasdaq,CENTURY CASINOS INC /CO/,delisted_or_shrunk,20,2018-03-09,2022-11-04,2018-03-09,2023-05-23
1173204,CNVS,Nasdaq,Cineverse Corp.,delisted_or_shrunk,20,2018-02-14,2022-11-14,2018-02-14,2023-06-02
1412486,COCP,Nasdaq,"Cocrystal Pharma, Inc.",delisted_or_shrunk,9,2018-03-21,2022-05-11,2018-03-21,2022-11-27
1334325,CODA,Nasdaq,"Coda Octopus Group, Inc.",delisted_or_shrunk,20,2018-01-30,2022-09-14,2018-01-30,2023-04-02
1770561,CODQL,OTC,Coronado Global Resources Inc.,delisted_or_shrunk,14,2019-08-05,2022-11-08,2019-08-05,2023-05-27
1692415,CODX,Nasdaq,"Co-Diagnostics, Inc.",delisted_or_shrunk,20,2018-03-28,2022-11-10,2018-03-28,2023-05-29
1622229,COGT,Nasdaq,"Cogent Biosciences, Inc.",delisted_or_shrunk,14,2018-05-14,2022-03-15,2018-05-14,2022-10-01
1270436,COHN,NYSE,Cohen & Co Inc.,delisted_or_shrunk,20,2018-03-08,2022-11-04,2018-03-08,2023-05-23
1455863,COLD,NYSE,AMERICOLD REALTY TRUST,delisted_or_shrunk,20,2018-03-29,2022-11-04,2018-03-29,2023-05-23
1263364,COPR,NYSE,Idaho Copper Corp,delisted_or_shrunk,16,2018-04-02,2022-11-14,2018-04-02,2023-06-02
1474167,COSM,Nasdaq,Cosmos Health Inc.,delisted_or_shrunk,20,2018-04-17,2022-11-14,2018-04-17,2023-06-02
16875,CP,NYSE,CANADIAN PACIFIC KANSAS CITY LTD/CN,delisted_or_shrunk,19,2018-02-16,2022-10-27,2018-02-16,2023-05-15
1672909,CPHC,Nasdaq,Canterbury Park Holding Corp,delisted_or_shrunk,20,2018-03-27,2022-11-14,2018-03-27,2023-06-02
1106644,CPHI,NYSE,"CHINA PHARMA HOLDINGS, INC.",delisted_or_shrunk,20,2018-04-02,2022-11-14,2018-04-02,2023-06-02
1087294,CPIX,Nasdaq,CUMBERLAND PHARMACEUTICALS INC,delisted_or_shrunk,20,2018-03-09,2022-11-14,2018-03-09,2023-06-02
1081938,CPMD,OTC,"CANNAPHARMARX, INC.",delisted_or_shrunk,19,2018-09-11,2022-11-21,2018-09-11,2023-06-09
836564,CPMV,OTC,Mosaic ImmunoEngineering Inc.,delisted_or_shrunk,12,2018-01-16,2021-08-03,2018-01-16,2022-02-19
1837671,CPPTL,OTC,Copper Property CTL Pass Through Trust,delisted_or_shrunk,7,2021-05-12,2022-11-09,2021-05-12,2023-05-28
1530721,CPRI,NYSE,Capri Holdings Ltd,delisted_or_shrunk,20,2018-02-13,2022-11-09,2018-02-13,2023-05-28
1369568,CPRX,Nasdaq,"CATALYST PHARMACEUTICALS, INC.",delisted_or_shrunk,17,2018-03-14,2022-11-09,2018-03-14,2023-05-28
814676,CPSH,Nasdaq,CPS TECHNOLOGIES CORP/DE/,delisted_or_shrunk,20,2018-03-12,2022-11-08,2018-03-12,2023-05-27
906345,CPT,NYSE,CAMDEN PROPERTY TRUST,delisted_or_shrunk,20,2018-02-16,2022-10-28,2018-02-16,2023-05-16
827099,CPWR,OTC,Ocean Thermal Energy Corp,delisted_or_shrunk,9,2018-04-02,2022-03-30,2018-04-02,2022-10-16
1383650,CQP,NYSE,"Cheniere Energy Partners, L.P.",delisted_or_shrunk,20,2018-02-21,2022-11-03,2018-02-21,2023-05-22
1595097,CRBP,Nasdaq,"Corbus Pharmaceuticals Holdings, Inc.",delisted_or_shrunk,20,2018-03-12,2022-11-08,2018-03-12,2023-05-27
1688126,CRCW,OTC,Crypto Co,delisted_or_shrunk,8,2018-04-02,2020-05-19,2018-04-02,2020-12-05
721693,CREG,OTC,Smart Powerr Corp.,delisted_or_shrunk,20,2018-04-13,2022-11-14,2018-04-13,2023-06-02
1356093,CREX,Nasdaq,"CREATIVE REALITIES, INC.",delisted_or_shrunk,20,2018-03-26,2022-11-14,2018-03-26,2023-06-02
1108205,CRIS,Nasdaq,CURIS INC,delisted_or_shrunk,20,2018-03-08,2022-11-09,2018-03-08,2023-05-28
799850,CRMT,Nasdaq,AMERICAS CARMART INC,delisted_or_shrunk,20,2018-03-08,2022-12-12,2018-03-08,2023-06-30
315958,CRMZ,OTC,CREDITRISKMONITOR COM INC,delisted_or_shrunk,20,2018-03-27,2022-11-10,2018-03-27,2023-05-29
1656472,CRON,Nasdaq,Cronos Group Inc.,delisted_or_shrunk,12,2020-03-02,2022-11-07,2020-03-02,2023-05-26
1674416,CRSP,Nasdaq,CRISPR Therapeutics AG,delisted_or_shrunk,17,2018-03-08,2022-11-01,2018-03-08,2023-05-20
881787,CRT,NYSE,CROSS TIMBERS ROYALTY TRUST,delisted_or_shrunk,20,2018-03-12,2022-11-14,2018-03-12,2023-06-02
1357671,CRTD,OTC,"Creatd, Inc.",delisted_or_shrunk,20,2018-05-17,2022-11-16,2018-05-17,2023-06-04
1576427,CRTO,Nasdaq,Criteo S.A.,delisted_or_shrunk,20,2018-03-01,2022-11-01,2018-03-01,2023-05-20
1053691,CRVO,Nasdaq,CervoMed Inc.,delisted_or_shrunk,5,2018-04-02,2022-03-18,2018-04-02,2022-10-04
1626971,CRVS,Nasdaq,"Corvus Pharmaceuticals, Inc.",delisted_or_shrunk,20,2018-03-01,2022-11-03,2018-03-01,2023-05-22
1377149,CRVW,OTC,CareView Communications Inc,delisted_or_shrunk,20,2018-03-30,2022-11-21,2018-03-30,2023-06-09
1103833,CRWE,OTC,"Crown Equity Holdings, Inc.",delisted_or_shrunk,24,2018-08-07,2022-11-07,2018-08-07,2023-05-26
25895,CRWS,Nasdaq,CROWN CRAFTS INC,delisted_or_shrunk,20,2018-02-08,2022-11-16,2018-02-08,2023-06-04
880417,CSBB,OTC,"CSB Bancorp, Inc.",delisted_or_shrunk,20,2018-03-16,2022-11-09,2018-03-16,2023-05-28
771856,CSBR,Nasdaq,"CHAMPIONS ONCOLOGY, INC.",delisted_or_shrunk,20,2018-03-19,2022-12-13,2018-03-19,2023-07-01
1106861,CSDX,,CS DIAGNOSTICS CORP.,delisted_or_shrunk,7,2022-11-17,2022-11-21,2022-11-17,2023-06-09
1005757,CSGS,Nasdaq,CSG SYSTEMS INTERNATIONAL INC,delisted_or_shrunk,20,2018-02-23,2022-11-03,2018-02-23,2023-05-22
356037,CSPI,Nasdaq,CSP INC /MA/,delisted_or_shrunk,20,2018-02-14,2022-12-08,2018-02-14,2023-06-26
1680132,CSUI,OTC,CANNABIS SUISSE CORP.,delisted_or_shrunk,5,2019-10-15,2021-09-07,2019-10-15,2022-03-26
17313,CSWC,Nasdaq,CAPITAL SOUTHWEST CORP,delisted_or_shrunk,20,2018-02-06,2022-11-01,2018-02-06,2023-05-20
30554,CTA-PB,NYSE,"EIDP, Inc.",delisted_or_shrunk,20,2018-02-15,2022-11-04,2018-02-15,2023-05-23
1498067,CTGL,OTC,SKYTECH ORION GLOBAL CORP.,delisted_or_shrunk,5,2019-11-19,2022-04-08,2019-11-19,2022-10-25
1590717,CTRE,NYSE,"CareTrust REIT, Inc.",delisted_or_shrunk,17,2018-02-27,2022-11-08,2018-02-27,2023-05-27
1175151,CTSO,Nasdaq,Cytosorbents Corp,delisted_or_shrunk,20,2018-03-08,2022-11-03,2018-03-08,2023-05-22
1506251,CTXR,Nasdaq,"Citius Pharmaceuticals, Inc.",delisted_or_shrunk,15,2018-12-11,2022-12-22,2018-12-11,2023-07-10
1424657,CUEN,OTC,Cuentas Inc.,delisted_or_shrunk,20,2018-06-04,2022-11-14,2018-06-04,2023-06-02
1125259,CUK,NYSE,CARNIVAL PLC,delisted_or_shrunk,18,2018-03-22,2022-09-30,2018-03-22,2023-04-18
1845799,CULL,OTC,"Cullman Bancorp, Inc. /MD/",delisted_or_shrunk,7,2021-06-25,2022-11-10,2021-06-25,2023-05-29
723603,CULP,Nasdaq,CULP INC,delisted_or_shrunk,20,2018-03-09,2022-12-09,2018-03-09,2023-06-27
1376793,CVAT,OTC,"Cavitation Technologies, Inc.",delisted_or_shrunk,20,2018-02-15,2022-11-14,2018-02-15,2023-06-02
1290900,CVGI,Nasdaq,"Commercial Vehicle Group, Inc.",delisted_or_shrunk,20,2018-03-12,2022-11-02,2018-03-12,2023-05-21
19871,CVR,NYSE,CHICAGO RIVET & MACHINE CO,delisted_or_shrunk,20,2018-03-20,2022-11-08,2018-03-20,2023-05-27
1235912,CVRX,Nasdaq,"CVRx, Inc.",delisted_or_shrunk,6,2021-08-09,2022-11-04,2021-08-09,2023-05-23
1510964,CVSI,OTC,"CV Sciences, Inc.",delisted_or_shrunk,20,2018-03-30,2022-11-14,2018-03-30,2023-06-02
889348,CVU,NYSE,CPI AEROSTRUCTURES INC,delisted_or_shrunk,20,2018-03-22,2022-11-21,2018-03-22,2023-06-09
766792,CVV,Nasdaq,CVD EQUIPMENT CORP,delisted_or_shrunk,20,2018-04-02,2022-11-14,2018-04-02,2023-06-02
1866368,CWAN,NYSE,"Clearwater Analytics Holdings, Inc.",delisted_or_shrunk,5,2021-11-12,2022-11-04,2021-11-12,2023-05-23
928340,CWCO,Nasdaq,Consolidated Water Co. Ltd.,delisted_or_shrunk,20,2018-03-16,2022-11-14,2018-03-16,2023-06-02
1562151,CWGL,OTC,"Crimson Wine Group, Ltd",delisted_or_shrunk,20,2018-03-14,2022-11-09,2018-03-14,2023-05-28
1628369,CWK,NYSE,Cushman & Wakefield Ltd.,delisted_or_shrunk,18,2018-09-06,2022-11-04,2018-09-06,2023-05-23
768408,CYAN,OTC,CYANOTECH CORP,delisted_or_shrunk,20,2018-02-06,2022-11-09,2018-02-06,2023-05-28
1755237,CYCN,Nasdaq,"Cyclerion Therapeutics, Inc.",delisted_or_shrunk,13,2019-08-12,2022-11-03,2019-08-12,2023-05-22
1175680,CYDY,OTC,CytoDyn Inc.,delisted_or_shrunk,20,2018-01-08,2022-10-11,2018-01-08,2023-04-29
1509745,CYPH,Nasdaq,CYPHERPUNK TECHNOLOGIES INC.,delisted_or_shrunk,14,2018-02-23,2022-11-14,2018-02-23,2023-06-02
351998,DAIO,Nasdaq,DATA I/O CORP,delisted_or_shrunk,20,2018-03-28,2022-11-14,2018-03-28,2023-06-02
1401914,DARE,Nasdaq,"Dare Bioscience, Inc.",delisted_or_shrunk,13,2018-03-28,2022-11-10,2018-03-28,2023-05-29
1328237,DBC,NYSE,Invesco DB Commodity Index Tracking Fund,delisted_or_shrunk,7,2018-02-28,2022-02-25,2018-02-28,2022-09-13
1383062,DBE,NYSE,Invesco DB Energy Fund,delisted_or_shrunk,7,2018-02-28,2022-02-25,2018-02-28,2022-09-13
1668010,DBGI,Nasdaq,"Digital Brands Group, Inc.",delisted_or_shrunk,7,2021-06-28,2022-11-14,2021-06-28,2023-06-02
1127475,DBMM,OTC,"Digital Brand Media & Marketing Group, Inc.",delisted_or_shrunk,20,2018-05-31,2022-11-29,2018-05-31,2023-06-17
1383058,DBO,NYSE,Invesco DB Oil Fund,delisted_or_shrunk,9,2018-02-28,2022-02-25,2018-02-28,2022-09-13
1679688,DBRG,NYSE,"DigitalBridge Group, Inc.",delisted_or_shrunk,20,2018-03-01,2022-11-07,2018-03-01,2023-05-26
1613780,DBVT,Nasdaq,DBV Technologies S.A.,delisted_or_shrunk,8,2021-03-17,2022-11-03,2021-03-17,2023-05-22
1615219,DCOY,Nasdaq,Decoy Therapeutics Inc.,delisted_or_shrunk,20,2018-03-07,2022-11-10,2018-03-07,2023-05-29
1861795,DH,Nasdaq,Definitive Healthcare Corp.,delisted_or_shrunk,5,2021-11-08,2022-11-03,2021-11-08,2023-05-22
1075415,DHC,Nasdaq,DIVERSIFIED HEALTHCARE TRUST,delisted_or_shrunk,20,2018-02-27,2022-11-02,2018-02-27,2023-05-21
909108,DHIL,Nasdaq,DIAMOND HILL INVESTMENT GROUP INC,delisted_or_shrunk,20,2018-02-22,2022-10-26,2018-02-22,2023-05-14
725394,DHTI,OTC,"Dalrada Technology Group, Inc.",delisted_or_shrunk,13,2020-02-26,2022-11-29,2020-02-26,2023-06-17
928465,DIT,NYSE,AMCON DISTRIBUTING CO,delisted_or_shrunk,20,2018-01-18,2022-11-23,2018-01-18,2023-06-11
1552797,DKL,NYSE,"Delek Logistics Partners, LP",delisted_or_shrunk,20,2018-03-01,2022-11-08,2018-03-01,2023-05-27
785557,DLHC,Nasdaq,DLH Holdings Corp.,delisted_or_shrunk,20,2018-02-13,2022-12-05,2018-02-13,2023-06-23
1282224,DLPN,Nasdaq,"Dolphin Entertainment, Inc.",delisted_or_shrunk,20,2018-04-09,2022-11-14,2018-04-09,2023-06-02
1401040,DMAC,Nasdaq,DiaMedica Therapeutics Inc.,delisted_or_shrunk,16,2019-03-19,2022-11-09,2019-03-19,2023-05-28
1172358,DMLP,Nasdaq,"DORCHESTER MINERALS, L.P.",delisted_or_shrunk,20,2018-03-08,2022-11-03,2018-03-08,2023-05-22
1714899,DNLI,Nasdaq,Denali Therapeutics Inc.,delisted_or_shrunk,20,2018-03-19,2022-11-03,2018-03-19,2023-05-22
1360442,DOGP,OTC,"Dogecoin Cash, Inc.",delisted_or_shrunk,19,2018-05-15,2022-11-14,2018-05-15,2023-06-02
866439,DPLS,OTC,"DarkPulse, Inc.",delisted_or_shrunk,20,2018-04-02,2022-11-04,2018-04-02,2023-05-23
1652561,DQWS,OTC,DSwiss Inc,delisted_or_shrunk,17,2018-04-02,2022-11-14,2018-04-02,2023-06-02
1533998,DRIO,Nasdaq,DarioHealth Corp.,delisted_or_shrunk,20,2018-03-19,2022-11-14,2018-03-19,2023-06-02
1853816,DRMA,Nasdaq,"Dermata Therapeutics, Inc.",delisted_or_shrunk,5,2021-11-15,2022-11-10,2021-11-15,2023-05-29
1282980,DROR,OTC,"Dror Ortho-Design, Inc.",delisted_or_shrunk,8,2020-05-14,2022-11-14,2020-05-14,2023-06-02
1340476,DRTTF,OTC,DIRTT ENVIRONMENTAL SOLUTIONS LTD,delisted_or_shrunk,12,2019-11-07,2022-11-14,2019-11-07,2023-06-02
1807120,DSGN,Nasdaq,"Design Therapeutics, Inc.",delisted_or_shrunk,7,2021-05-10,2022-11-03,2021-05-10,2023-05-22
1413909,DSGT,OTC,DSG Global Inc.,delisted_or_shrunk,20,2018-04-19,2022-11-14,2018-04-19,2023-06-02
1099369,DSNY,OTC,DESTINY MEDIA TECHNOLOGIES INC,delisted_or_shrunk,20,2018-01-16,2022-11-14,2018-01-16,2023-06-02
771999,DSS,NYSE,"DSS, INC.",delisted_or_shrunk,20,2018-03-06,2022-11-14,2018-03-06,2023-06-02
1014052,DTGI,OTC,"Digerati Technologies, Inc.",delisted_or_shrunk,20,2018-03-22,2022-12-15,2018-03-22,2023-07-03
1533357,DTII,OTC,DEFENSE TECHNOLOGIES INTERNATIONAL CORP.,delisted_or_shrunk,6,2018-03-13,2022-07-29,2018-03-13,2023-02-14
1575311,DTLAP,OTC,Brookfield DTLA Fund Office Trust Investor Inc.,delisted_or_shrunk,20,2018-03-27,2022-11-10,2018-03-27,2023-05-29
1631282,DTSS,Nasdaq,DATASEA INC.,delisted_or_shrunk,17,2018-02-13,2022-11-14,2018-02-13,2023-06-02
1419951,DTST,Nasdaq,Data Storage Corp,delisted_or_shrunk,20,2018-04-17,2022-11-14,2018-04-17,2023-06-02
1638911,DUKR,Nasdaq,DUKE Robotics Corp.,delisted_or_shrunk,8,2018-03-29,2022-11-09,2018-03-29,2023-05-28
1394638,DWAY,OTC,"Driveitaway Holdings, Inc.",delisted_or_shrunk,19,2018-01-04,2022-09-07,2018-01-04,2023-03-26
799165,DWSN,Nasdaq,DAWSON GEOPHYSICAL CO,delisted_or_shrunk,20,2018-03-09,2022-11-14,2018-03-09,2023-06-02
813298,DXLG,Nasdaq,"DESTINATION XL GROUP, INC.",delisted_or_shrunk,19,2018-03-23,2022-11-17,2018-03-23,2023-06-05
29332,DXYN,OTC,DIXIE GROUP INC,delisted_or_shrunk,20,2018-03-13,2022-11-03,2018-03-13,2023-05-22
1818794,DYN,Nasdaq,"Dyne Therapeutics, Inc.",delisted_or_shrunk,9,2020-11-05,2022-11-03,2020-11-05,2023-05-22
1111741,DYNR,OTC,"DYNARESOURCE, INC.",delisted_or_shrunk,18,2018-04-16,2022-11-02,2018-04-16,2023-05-21
720875,DYNTQ,OTC,DYNATRONICS CORP,delisted_or_shrunk,20,2018-02-13,2022-11-10,2018-02-13,2023-05-29
712515,EA,Nasdaq,ELECTRONIC ARTS INC.,delisted_or_shrunk,20,2018-02-06,2022-11-08,2018-02-06,2023-05-27
784539,EACO,OTC,EACO CORP,delisted_or_shrunk,20,2018-01-16,2022-11-04,2018-01-16,2023-05-23
7323,EAI,NYSE,"ENTERGY ARKANSAS, LLC",delisted_or_shrunk,20,2018-02-26,2022-11-03,2018-02-26,2023-05-22
1560672,EARN,NYSE,Ellington Credit Co,delisted_or_shrunk,20,2018-03-14,2022-11-14,2018-03-14,2023-06-02
1730869,EBZT,OTC,"Everything Blockchain, Inc.",delisted_or_shrunk,11,2020-03-24,2022-12-20,2020-03-24,2023-07-08
1560258,ECOR,Nasdaq,"electroCore, Inc.",delisted_or_shrunk,18,2018-08-14,2022-11-03,2018-08-14,2023-05-22
1487798,ECTM,OTC,ECA Marcellus Trust I,delisted_or_shrunk,20,2018-03-20,2022-11-14,2018-03-20,2023-06-02
1823635,ECXJ,OTC,"CXJ GROUP CO., Ltd",delisted_or_shrunk,5,2021-04-19,2022-04-13,2021-04-19,2022-10-30
1652958,EDGM,OTC,"Edgemode, Inc.",delisted_or_shrunk,7,2019-05-01,2022-11-14,2019-05-01,2023-06-02
1540159,EDSA,Nasdaq,"Edesa Biotech, Inc.",delisted_or_shrunk,17,2018-02-07,2022-12-16,2018-02-07,2023-07-04
31667,EDUC,Nasdaq,EDUCATIONAL DEVELOPMENT CORP,delisted_or_shrunk,20,2018-01-16,2022-10-06,2018-01-16,2023-04-24
1553788,EDVA,NYSE,"Endovia Health Sciences, Inc.",delisted_or_shrunk,20,2018-04-02,2022-11-14,2018-04-02,2023-06-02
1579214,EEX,NYSE,"Emerald Holding, Inc.",delisted_or_shrunk,20,2018-02-22,2022-11-03,2018-02-22,2023-05-22
924168,EFOI,Nasdaq,"ENERGY FOCUS, INC/DE",delisted_or_shrunk,20,2018-02-22,2022-11-10,2018-02-22,2023-05-29
1095073,EG,NYSE,"EVEREST GROUP, LTD.",delisted_or_shrunk,20,2018-03-01,2022-11-03,2018-03-01,2023-05-22
1089815,EHSI,OTC,Elite Health Systems Inc.,delisted_or_shrunk,16,2018-04-11,2021-11-19,2018-04-11,2022-06-07
1333493,EHTH,Nasdaq,"eHealth, Inc.",delisted_or_shrunk,20,2018-03-19,2022-11-08,2018-03-19,2023-05-27
1348952,ELC,NYSE,"ENTERGY LOUISIANA, LLC",delisted_or_shrunk,20,2018-02-26,2022-11-03,2018-02-26,2023-05-22
1404281,ELDN,Nasdaq,"Eledon Pharmaceuticals, Inc.",delisted_or_shrunk,12,2018-04-02,2022-11-14,2018-04-02,2023-06-02
1035354,ELOX,Nasdaq,"Eloxx Pharmaceuticals, Inc.",delisted_or_shrunk,9,2018-03-16,2022-11-10,2018-03-16,2023-05-29
1438461,ELRE,OTC,Yinfu Gold Corp.,delisted_or_shrunk,19,2018-02-13,2022-11-14,2018-02-13,2023-06-02
351789,ELSE,Nasdaq,ELECTRO SENSORS INC,delisted_or_shrunk,20,2018-03-20,2022-11-14,2018-03-20,2023-06-02
1053369,ELTP,OTC,ELITE PHARMACEUTICALS INC /NV/,delisted_or_shrunk,20,2018-02-09,2022-11-14,2018-02-09,2023-06-02
1601485,ELTX,Nasdaq,"Elicio Therapeutics, Inc.",delisted_or_shrunk,8,2021-03-30,2022-11-14,2021-03-30,2023-06-02
1708527,ELUT,Nasdaq,ELUTIA INC.,delisted_or_shrunk,9,2020-11-20,2022-11-14,2020-11-20,2023-06-02
1741489,ELVG,OTC,"Elvictor Group, Inc.",delisted_or_shrunk,13,2019-03-14,2022-11-15,2019-03-14,2023-06-03
1672619,ELVN,Nasdaq,"Enliven Therapeutics, Inc.",delisted_or_shrunk,11,2020-05-07,2022-10-25,2020-05-07,2023-05-13
31107,EML,Nasdaq,EASTERN CO,delisted_or_shrunk,20,2018-03-15,2022-11-07,2018-03-15,2023-05-26
822370,EMMA,OTC,"Emmaus Life Sciences, Inc.",delisted_or_shrunk,20,2018-02-20,2022-11-14,2018-02-20,2023-06-02
1449794,EMYB,OTC,"Embassy Bancorp, Inc.",delisted_or_shrunk,20,2018-03-15,2022-11-10,2018-03-15,2023-05-29
895728,ENB,NYSE,ENBRIDGE INC,delisted_or_shrunk,20,2018-02-16,2022-11-04,2018-02-16,2023-05-23
1437479,ENBP,OTC,ENB Financial Corp,delisted_or_shrunk,20,2018-03-29,2022-11-14,2018-03-29,2023-06-02
1528172,ENDV,OTC,"ENDONOVO THERAPEUTICS, INC.",delisted_or_shrunk,18,2018-04-06,2022-11-21,2018-04-06,2023-06-09
857949,ENFY,,Enlightify Inc.,delisted_or_shrunk,20,2018-02-14,2022-12-05,2018-02-14,2023-06-23
71508,ENJ,NYSE,"ENTERGY NEW ORLEANS, LLC",delisted_or_shrunk,20,2018-02-26,2022-11-03,2018-02-26,2023-05-22
1346022,ENRT,OTC,Enertopia Corp.,delisted_or_shrunk,20,2018-01-10,2022-11-29,2018-01-10,2023-06-17
1716947,ENSC,Nasdaq,"Ensysce Biosciences, Inc.",delisted_or_shrunk,7,2018-03-09,2022-08-11,2018-03-09,2023-02-27
890821,ENVB,Nasdaq,"Enveric Biosciences, Inc.",delisted_or_shrunk,16,2018-04-02,2022-11-14,2018-04-02,2023-06-02
887396,EP,NYSE,EMPIRE PETROLEUM CORP,delisted_or_shrunk,15,2018-11-14,2022-11-14,2018-11-14,2023-06-02
1061219,EPD,NYSE,ENTERPRISE PRODUCTS PARTNERS L.P.,delisted_or_shrunk,20,2018-02-28,2022-11-08,2018-02-28,2023-05-27
1746466,EQ,Nasdaq,"Equillium, Inc.",delisted_or_shrunk,17,2018-11-15,2022-11-14,2018-11-15,2023-06-02
931182,EQR,NYSE,ERP OPERATING LTD PARTNERSHIP,delisted_or_shrunk,20,2018-02-22,2022-10-28,2018-02-22,2023-05-16
878932,EQS,NYSE,"EQUUS TOTAL RETURN, INC.",delisted_or_shrunk,16,2018-04-17,2022-11-10,2018-04-17,2023-05-29
748592,ERNA,Nasdaq,Ernexa Therapeutics Inc.,delisted_or_shrunk,15,2018-03-09,2022-04-15,2018-03-09,2022-11-01
1553079,ESBA,NYSE,"Empire State Realty OP, L.P.",delisted_or_shrunk,20,2018-02-28,2022-11-03,2018-02-28,2023-05-22
862668,ESMC,OTC,ESCALON MEDICAL CORP,delisted_or_shrunk,20,2018-02-14,2022-11-14,2018-02-14,2023-06-02
1448893,ESNT,NYSE,Essent Group Ltd.,delisted_or_shrunk,20,2018-02-20,2022-11-08,2018-02-20,2023-05-27
1490873,ESSI,OTC,"ECO SCIENCE SOLUTIONS, INC.",delisted_or_shrunk,10,2018-11-19,2022-09-08,2018-11-19,2023-03-27
1688757,ESTA,Nasdaq,ESTABLISHMENT LABS HOLDINGS INC.,delisted_or_shrunk,18,2018-08-14,2022-11-09,2018-08-14,2023-05-28
1276187,ET,NYSE,Energy Transfer LP,delisted_or_shrunk,20,2018-02-23,2022-11-03,2018-02-23,2023-05-22
1427437,ETI-P,NYSE,"ENTERGY TEXAS, INC.",delisted_or_shrunk,20,2018-02-26,2022-11-03,2018-02-26,2023-05-22
1538495,ETST,OTC,"Earth Science Tech, Inc.",delisted_or_shrunk,14,2019-02-19,2022-07-15,2019-02-19,2023-01-31
1171326,EUBG,OTC,ENTREPRENEUR UNIVERSE BRIGHT GROUP,delisted_or_shrunk,5,2021-11-19,2022-11-14,2021-11-19,2023-06-02
1618835,EVFM,OTC,"Evofem Biosciences, Inc.",delisted_or_shrunk,16,2018-02-26,2022-08-12,2018-02-26,2023-02-28
1700844,EVOH,OTC,EvoAir Holdings Inc.,delisted_or_shrunk,6,2019-03-07,2022-12-14,2019-03-07,2023-07-02
1710072,EWTX,Nasdaq,"Edgewise Therapeutics, Inc.",delisted_or_shrunk,6,2021-08-09,2022-11-03,2021-08-09,2023-05-22
1124140,EXAS,Nasdaq,EXACT SCIENCES CORP,delisted_or_shrunk,20,2018-02-22,2022-11-03,2018-02-22,2023-05-22
1752372,EZOO,,Ezagoo Ltd,delisted_or_shrunk,13,2019-07-10,2022-05-16,2019-07-10,2022-12-02
1812727,EZRA,Nasdaq,"Reliance Global Group, Inc.",delisted_or_shrunk,8,2021-03-24,2022-11-14,2021-03-24,2023-06-02
1086745,FABC,Nasdaq,"Fabric.AI, Inc.",delisted_or_shrunk,18,2018-05-21,2022-11-03,2018-05-21,2023-05-22
922521,FALC,OTC,FALCONSTOR SOFTWARE INC,delisted_or_shrunk,20,2018-04-02,2022-11-09,2018-04-02,2023-05-28
34563,FARM,Nasdaq,FARMER BROTHERS CO,delisted_or_shrunk,20,2018-02-07,2022-11-04,2018-02-07,2023-05-23
1705012,FATAQ,,"Fat Brands, Inc",delisted_or_shrunk,17,2018-04-02,2022-10-21,2018-04-02,2023-05-09
1429260,FBIO,Nasdaq,"Fortress Biotech, Inc.",delisted_or_shrunk,20,2018-03-16,2022-11-14,2018-03-16,2023-06-02
1562528,FBRT,NYSE,"Franklin BSP Realty Trust, Inc.",delisted_or_shrunk,18,2018-03-16,2022-11-09,2018-03-16,2023-05-28
1419041,FBRX,Nasdaq,"Forte Biosciences, Inc.",delisted_or_shrunk,19,2018-03-09,2022-11-14,2018-03-09,2023-06-02
1131903,FCCN,OTC,SPECTRAL CAPITAL Corp,delisted_or_shrunk,20,2018-03-19,2022-11-21,2018-03-19,2023-06-09
1722731,FDCT,OTC,"FDCTECH, INC.",delisted_or_shrunk,10,2019-04-16,2022-11-04,2019-04-16,2023-05-23
1513363,FDUS,Nasdaq,FIDUS INVESTMENT Corp,delisted_or_shrunk,5,2018-03-01,2022-03-03,2018-03-01,2022-09-19
1326706,FEED,Nasdaq,"ENvue Medical, Inc.",delisted_or_shrunk,20,2018-03-29,2022-11-14,2018-03-29,2023-06-02
1339005,FEMY,Nasdaq,FEMASYS INC,delisted_or_shrunk,6,2021-08-11,2022-11-10,2021-08-11,2023-05-29
1805521,FFAI,Nasdaq,FARADAY FUTURE INTELLIGENT ELECTRIC INC.,delisted_or_shrunk,5,2022-05-06,2022-11-21,2022-05-06,2023-06-09
1543652,FFLO,OTC,"Free Flow USA, Inc.",delisted_or_shrunk,20,2018-04-02,2022-11-14,2018-04-02,2023-06-02
1377167,FGCO,OTC,"Financial Gravity Companies, Inc.",delisted_or_shrunk,20,2018-02-20,2022-08-15,2018-02-20,2023-03-03
1687919,FGNV,OTC,FORGE INNOVATION DEVELOPMENT CORP.,delisted_or_shrunk,13,2018-05-14,2022-11-14,2018-05-14,2023-06-02
922358,FGPR,OTC,FERRELLGAS PARTNERS L P,delisted_or_shrunk,20,2018-03-08,2022-12-09,2018-03-08,2023-06-27
1467761,FIEE,Nasdaq,"FiEE, Inc.",delisted_or_shrunk,20,2018-03-30,2022-11-14,2018-03-30,2023-06-02
722572,FKWL,Nasdaq,FRANKLIN WIRELESS CORP,delisted_or_shrunk,20,2018-02-14,2022-11-14,2018-02-14,2023-06-02
737875,FKYS,OTC,FIRST KEYSTONE CORP,delisted_or_shrunk,20,2018-03-16,2022-11-04,2018-03-16,2023-05-23
891482,FLL,Nasdaq,FULL HOUSE RESORTS INC,delisted_or_shrunk,20,2018-03-08,2022-11-08,2018-03-08,2023-05-27
1069530,FLNA,Nasdaq,"FILANA THERAPEUTICS, INC.",delisted_or_shrunk,9,2018-05-09,2022-11-07,2018-05-09,2023-05-26
1460329,FLNT,Nasdaq,"Fluent, Inc.",delisted_or_shrunk,20,2018-03-14,2022-11-07,2018-03-14,2023-05-26
1128928,FLO,NYSE,FLOWERS FOODS INC,delisted_or_shrunk,20,2018-02-21,2022-11-10,2018-02-21,2023-05-29
1083743,FLUX,Nasdaq,"Flux Power Holdings, Inc.",delisted_or_shrunk,20,2018-02-13,2022-11-10,2018-02-13,2023-05-29
1498710,FLYYQ,OTC,"Spirit Aviation Holdings, Inc.",delisted_or_shrunk,20,2018-02-13,2022-10-26,2018-02-13,2023-05-14
1706524,FLZH,Nasdaq,"Flash Sports & Media Holdings, Inc.",delisted_or_shrunk,18,2018-08-16,2022-11-10,2018-08-16,2023-05-29
740806,FMBM,OTC,F&M BANK CORP,delisted_or_shrunk,18,2018-03-16,2022-11-14,2018-03-16,2023-06-02
1085913,FMCB,OTC,FARMERS & MERCHANTS BANCORP,delisted_or_shrunk,20,2018-03-16,2022-11-07,2018-03-16,2023-05-26
1026214,FMCC,OTC,FEDERAL HOME LOAN MORTGAGE CORP,delisted_or_shrunk,19,2018-02-15,2022-11-08,2018-02-15,2023-05-27
1698022,FMFG,OTC,"Farmers & Merchants Bancshares, Inc.",delisted_or_shrunk,20,2018-03-28,2022-11-14,2018-03-28,2023-06-02
1811999,FMHS,OTC,"FARMHOUSE, INC. /NV",delisted_or_shrunk,8,2020-11-20,2022-11-14,2020-11-20,2023-06-02
1408710,FN,NYSE,Fabrinet,delisted_or_shrunk,20,2018-02-07,2022-11-08,2018-02-07,2023-05-27
1733257,FNCHQ,OTC,"Finch Therapeutics Group, Inc.",delisted_or_shrunk,7,2021-05-13,2022-11-10,2021-05-13,2023-05-29
1602409,FNGR,Nasdaq,"FingerMotion, Inc.",delisted_or_shrunk,20,2018-01-22,2022-10-17,2018-01-22,2023-05-05
310522,FNMA,OTC,FEDERAL NATIONAL MORTGAGE ASSOCIATION FANNIE MAE,delisted_or_shrunk,20,2018-02-14,2022-11-08,2018-02-14,2023-05-27
1556727,FNWB,Nasdaq,First Northwest Bancorp,delisted_or_shrunk,19,2018-05-09,2022-11-10,2018-05-09,2023-05-29
1829280,FORA,Nasdaq,Forian Inc.,delisted_or_shrunk,8,2021-03-31,2022-11-14,2021-03-31,2023-06-02
1825248,FRBP,OTC,Franklin BSP Capital Corp,delisted_or_shrunk,5,2021-03-29,2022-11-14,2021-03-29,2023-06-02
36840,FREVS,OTC,"FIRST REAL ESTATE INVESTMENT TRUST OF NEW JERSEY, INC.",delisted_or_shrunk,20,2018-01-12,2022-09-14,2018-01-12,2023-04-02
1624517,FRQND,OTC,"Frequency Holdings, Inc",delisted_or_shrunk,8,2020-08-28,2022-09-14,2020-08-28,2023-04-02
34903,FRT,NYSE,FEDERAL REALTY INVESTMENT TRUST,delisted_or_shrunk,20,2018-02-13,2022-11-03,2018-02-13,2023-05-22
1485074,FRZT,OTC,"Freeze Tag, Inc.",delisted_or_shrunk,20,2018-04-02,2022-11-14,2018-04-02,2023-06-02
1422183,FSK,NYSE,FS KKR Capital Corp,delisted_or_shrunk,8,2018-03-01,2022-02-28,2018-03-01,2022-09-16
1031316,FSP,NYSE,FRANKLIN STREET PROPERTIES CORP /MA/,delisted_or_shrunk,20,2018-02-13,2022-11-01,2018-02-13,2023-05-20
1828161,FTCI,Nasdaq,"FTC Solar, Inc.",delisted_or_shrunk,7,2021-06-08,2022-11-09,2021-06-08,2023-05-28
1828377,FTCO,OTC,Fortitude Gold Corp,delisted_or_shrunk,8,2021-03-24,2022-11-01,2021-03-24,2023-05-20
846913,FTEK,Nasdaq,"FUEL TECH, INC.",delisted_or_shrunk,20,2018-03-12,2022-11-08,2018-03-12,2023-05-27
1066923,FTFT,Nasdaq,Future FinTech Group Inc.,delisted_or_shrunk,20,2018-04-16,2022-11-21,2018-04-16,2023-06-09
1753162,FTHM,Nasdaq,Fathom Holdings Inc.,delisted_or_shrunk,10,2020-08-19,2022-11-08,2020-08-19,2023-05-27
1681459,FTI,NYSE,TechnipFMC plc,delisted_or_shrunk,20,2018-04-02,2022-10-28,2018-04-02,2023-05-16
1374328,FTLF,Nasdaq,"FITLIFE BRANDS, INC.",delisted_or_shrunk,20,2018-04-17,2022-11-10,2018-04-17,2023-05-29
1319643,FTSP,,"FinTrade Sherpa, Inc.",delisted_or_shrunk,5,2018-03-27,2021-05-17,2018-03-27,2021-12-03
1680581,FULC,Nasdaq,"Fulcrum Therapeutics, Inc.",delisted_or_shrunk,14,2019-08-26,2022-11-08,2019-08-26,2023-05-27
1502966,FUNI,OTC,"Hypha Labs, Inc.",delisted_or_shrunk,19,2018-02-12,2022-08-15,2018-02-12,2023-03-03
717806,FUSB,Nasdaq,"FIRST US BANCSHARES, INC.",delisted_or_shrunk,20,2018-03-15,2022-11-09,2018-03-15,2023-05-28
1636051,FUST,OTC,FUSE GROUP HOLDING INC.,delisted_or_shrunk,16,2018-02-13,2022-12-29,2018-02-13,2023-07-17
319016,FZMD,OTC,"Fuse Medical, Inc.",delisted_or_shrunk,20,2018-04-06,2022-11-14,2018-04-06,2023-06-02
1398659,G,NYSE,Genpact LTD,delisted_or_shrunk,20,2018-03-01,2022-11-09,2018-03-01,2023-05-28
1089872,GAIA,Nasdaq,"GAIA, INC",delisted_or_shrunk,20,2018-02-27,2022-11-07,2018-02-27,2023-05-26
1321741,GAIN,Nasdaq,GLADSTONE INVESTMENT CORPORATION\DE,delisted_or_shrunk,8,2018-11-05,2022-02-08,2018-11-05,2022-08-27
1133416,GALT,Nasdaq,GALECTIN THERAPEUTICS INC,delisted_or_shrunk,20,2018-03-29,2022-11-14,2018-03-29,2023-06-02
1819411,GANX,Nasdaq,"Gain Therapeutics, Inc.",delisted_or_shrunk,7,2021-05-10,2022-11-10,2021-05-10,2023-05-29
868671,GBCI,NYSE,"GLACIER BANCORP, INC.",delisted_or_shrunk,20,2018-02-22,2022-10-31,2018-02-22,2023-05-19
727346,GBCS,OTC,"SELECTIS HEALTH, INC.",delisted_or_shrunk,19,2018-04-24,2022-09-19,2018-04-24,2023-04-07
1476765,GBDC,Nasdaq,"GOLUB CAPITAL BDC, Inc.",delisted_or_shrunk,8,2018-05-07,2021-08-09,2018-05-07,2022-02-25
105744,GBR,NYSE,"New Concept Energy, Inc.",delisted_or_shrunk,12,2018-04-19,2021-11-10,2018-04-19,2022-05-29
1695473,GCAN,OTC,"TRAFALGAR INTERNATIONAL, INC.",delisted_or_shrunk,7,2018-04-17,2022-11-14,2018-04-17,2023-06-02
1506983,GCTK,Nasdaq,"Glucotrack, Inc.",delisted_or_shrunk,13,2018-03-30,2022-11-14,2018-03-30,2023-06-02
1641398,GDC,Nasdaq,GD Culture Group Ltd,delisted_or_shrunk,19,2018-04-02,2022-08-22,2018-04-02,2023-03-10
1071255,GDEN,Nasdaq,NEW ROYAL HOLDCO I INC.,delisted_or_shrunk,20,2018-03-16,2022-11-07,2018-03-16,2023-05-26
1675033,GECC,Nasdaq,Great Elm Capital Corp.,delisted_or_shrunk,8,2018-03-12,2022-03-04,2018-03-12,2022-09-20
1174891,GEDC,OTC,"TerraVolt Holdings, Inc.",delisted_or_shrunk,15,2018-03-28,2022-05-16,2018-03-28,2022-12-02
43920,GEF,NYSE,"GREIF, INC",delisted_or_shrunk,20,2018-03-02,2022-12-16,2018-03-02,2023-07-04
1831096,GEG,Nasdaq,"Great Elm Group, Inc.",delisted_or_shrunk,8,2021-02-16,2022-11-14,2021-02-16,2023-06-02
1081188,GEGP,,GOLD ENTERPRISE GROUP INC,delisted_or_shrunk,6,2018-06-01,2018-06-01,2018-06-01,2018-12-18
1022321,GEL,NYSE,GENESIS ENERGY LP,delisted_or_shrunk,20,2018-02-26,2022-10-27,2018-02-26,2023-05-15
1001115,GEOS,Nasdaq,GEOSPACE TECHNOLOGIES CORP,delisted_or_shrunk,20,2018-02-07,2022-11-18,2018-02-07,2023-06-06
886744,GERN,Nasdaq,GERON CORP,delisted_or_shrunk,20,2018-03-16,2022-11-07,2018-03-16,2023-05-26
1796949,GFLT,OTC,"GenFlat Holdings, Inc.",delisted_or_shrunk,9,2020-10-16,2022-10-13,2020-10-16,2023-05-01
820771,GFMH,OTC,Goliath Film & Media Holdings,delisted_or_shrunk,9,2018-03-15,2022-03-15,2018-03-15,2022-10-01
1489874,GGROU,OTC,Golden Growers Cooperative,delisted_or_shrunk,18,2018-05-11,2022-11-04,2018-05-11,2023-05-23
1059142,GHI,NYSE,Greystone Housing Impact Investors LP,delisted_or_shrunk,20,2018-02-28,2022-11-03,2018-02-28,2023-05-22
1651721,GIPR,Nasdaq,"GENERATION INCOME PROPERTIES, INC.",delisted_or_shrunk,5,2021-11-16,2022-11-14,2021-11-16,2023-06-02
1143513,GLAD,Nasdaq,GLADSTONE CAPITAL CORP,delisted_or_shrunk,7,2018-05-02,2022-11-14,2018-05-02,2023-06-02
1473490,GLAI,OTC,"Global AI, Inc.",delisted_or_shrunk,20,2018-02-08,2022-12-19,2018-02-08,2023-07-07
1088413,GLGI,OTC,"GREYSTONE LOGISTICS, INC.",delisted_or_shrunk,20,2018-01-16,2022-10-14,2018-01-16,2023-05-02
1323468,GLP,NYSE,GLOBAL PARTNERS LP,delisted_or_shrunk,20,2018-03-09,2022-11-04,2018-03-09,2023-05-23
1483386,GLTR,NYSE,abrdn Precious Metals Basket ETF Trust,delisted_or_shrunk,5,2018-02-27,2022-03-01,2018-02-27,2022-09-17
1693687,GLVT,OTC,GREENLIT VENTURES INC.,delisted_or_shrunk,8,2018-07-24,2022-02-25,2018-07-24,2022-09-13
13156,GLXZ,OTC,"Galaxy Gaming, Inc.",delisted_or_shrunk,20,2018-04-02,2022-11-14,2018-04-02,2023-06-02
1454742,GMER,OTC,"GOOD GAMING, INC.",delisted_or_shrunk,20,2018-04-02,2022-11-14,2018-04-02,2023-06-02
1743745,GNLN,Nasdaq,"Greenlane Holdings, Inc.",delisted_or_shrunk,15,2019-05-09,2022-11-14,2019-05-09,2023-06-02
1595248,GNPX,Nasdaq,"Genprex, Inc.",delisted_or_shrunk,8,2018-04-17,2022-11-14,2018-04-17,2023-06-02
924383,GNSS,Nasdaq,Genasys Inc.,delisted_or_shrunk,20,2018-02-09,2022-12-16,2018-02-09,2023-07-04
1792941,GNVR,OTC,Genvor Inc,delisted_or_shrunk,5,2021-07-20,2022-08-15,2021-07-20,2023-03-03
1160791,GORO,NYSE,GOLD RESOURCE CORP,delisted_or_shrunk,20,2018-03-08,2022-11-01,2018-03-08,2023-05-20
1728117,GOSS,Nasdaq,"Gossamer Bio, Inc.",delisted_or_shrunk,5,2019-03-22,2022-03-03,2019-03-22,2022-09-19
832489,GOVX,Nasdaq,"GeoVax Labs, Inc.",delisted_or_shrunk,5,2021-11-12,2022-11-09,2021-11-12,2023-05-28
41091,GPJA,NYSE,GEORGIA POWER CO,delisted_or_shrunk,20,2018-02-21,2022-10-27,2018-02-21,2023-05-15
1703644,GPMT,NYSE,Granite Point Mortgage Trust Inc.,delisted_or_shrunk,14,2018-03-16,2022-08-08,2018-03-16,2023-02-24
1673475,GPOX,OTC,"GPO Plus, Inc.",delisted_or_shrunk,15,2018-03-22,2022-12-09,2018-03-22,2023-06-27
1500435,GPRO,Nasdaq,"GoPro, Inc.",delisted_or_shrunk,20,2018-02-16,2022-11-03,2018-02-16,2023-05-22
896493,GPUS,NYSE,"Hyperscale Data, Inc.",delisted_or_shrunk,20,2018-04-17,2022-11-21,2018-04-17,2023-06-09
1444192,GRCE,Nasdaq,"Grace Therapeutics, Inc.",delisted_or_shrunk,11,2020-06-29,2022-11-14,2020-06-29,2023-06-02
894501,GRHI,OTC,"GOLD ROCK HOLDINGS, INC.",delisted_or_shrunk,6,2021-08-06,2022-11-07,2021-08-06,2023-05-26
1121788,GRMN,NYSE,GARMIN LTD,delisted_or_shrunk,20,2018-02-21,2022-10-26,2018-02-21,2023-05-14
1597846,GRNQ,Nasdaq,Greenpro Capital Corp.,delisted_or_shrunk,20,2018-04-13,2022-11-14,2018-04-13,2023-06-02
754811,GROW,Nasdaq,U S GLOBAL INVESTORS INC,delisted_or_shrunk,20,2018-02-14,2022-11-10,2018-02-14,2023-05-29
1563577,GRTX,,"Galera Therapeutics, Inc.",delisted_or_shrunk,13,2019-12-10,2022-11-09,2019-12-10,2023-05-28
918573,GRVE,OTC,GROOVE BOTANICALS INC.,delisted_or_shrunk,8,2018-08-28,2019-04-25,2018-08-28,2019-11-11
1604868,GRWG,Nasdaq,GrowGeneration Corp.,delisted_or_shrunk,20,2018-03-27,2022-11-07,2018-03-27,2023-05-26
1572694,GSBD,NYSE,"Goldman Sachs BDC, Inc.",delisted_or_shrunk,14,2018-02-22,2022-02-24,2018-02-22,2022-09-12
1795139,GTBIF,OTC,Green Thumb Industries Inc.,delisted_or_shrunk,12,2020-04-15,2022-11-03,2020-04-15,2023-05-22
1471781,GTCH,OTC,GBT Technologies Inc.,delisted_or_shrunk,19,2018-04-12,2022-11-14,2018-04-12,2023-06-02
1735041,GTEC,Nasdaq,Greenland Technologies Holding Corp.,delisted_or_shrunk,12,2020-04-03,2022-11-14,2020-04-03,2023-06-02
924515,GTHP,OTC,GUIDED THERAPEUTICS INC,delisted_or_shrunk,20,2018-04-17,2022-11-14,2018-04-17,2023-06-02
1584480,GTIC,OTC,"Greentech Innovations, Inc.",delisted_or_shrunk,21,2018-03-12,2022-12-22,2018-03-12,2023-07-10
825324,GTIM,Nasdaq,Good Times Restaurants Inc.,delisted_or_shrunk,20,2018-02-09,2022-12-15,2018-02-09,2023-07-03
932021,GTLL,OTC,GLOBAL TECHNOLOGIES LTD,delisted_or_shrunk,8,2020-12-21,2022-11-21,2020-12-21,2023-06-09
1565146,GULTU,OTC,Gulf Coast Ultra Deep Royalty Trust,delisted_or_shrunk,6,2018-05-10,2020-11-12,2018-05-10,2021-05-31
885462,GURE,Nasdaq,"GULF RESOURCES, INC.",delisted_or_shrunk,20,2018-03-16,2022-11-14,2018-03-16,2023-06-02
1572386,GWTI,OTC,"GREENWAY TECHNOLOGIES, INC. & SUBSIDIARIES",delisted_or_shrunk,16,2018-04-05,2022-04-11,2018-04-05,2022-10-28
910406,HAIN,Nasdaq,HAIN CELESTIAL GROUP INC,delisted_or_shrunk,20,2018-02-07,2022-11-08,2018-02-07,2023-05-27
1409970,HAPN,Nasdaq,"Happen, Inc.",delisted_or_shrunk,20,2018-02-22,2022-11-01,2018-02-22,2023-05-20
732417,HBIA,OTC,HILLS BANCORPORATION,delisted_or_shrunk,20,2018-03-05,2022-11-04,2018-03-05,2023-05-23
1123494,HBIO,Nasdaq,HARVARD BIOSCIENCE INC,delisted_or_shrunk,20,2018-03-16,2022-11-09,2018-03-16,2023-05-28
706129,HBNC,Nasdaq,HORIZON BANCORP INC /IN/,delisted_or_shrunk,20,2018-02-28,2022-11-09,2018-02-28,2023-05-28
1639068,HBUV,OTC,Hubilu Venture Corp,delisted_or_shrunk,19,2018-05-16,2022-09-12,2018-05-16,2023-03-31
1086303,HCIL,OTC,"Hongchang International Co., Ltd",delisted_or_shrunk,12,2018-01-26,2022-12-22,2018-01-26,2023-07-10
844856,HCMC,OTC,Healthier Choices Management Corp.,delisted_or_shrunk,20,2018-03-15,2022-11-14,2018-03-15,2023-06-02
1839285,HCTI,Nasdaq,"Healthcare Triangle, Inc.",delisted_or_shrunk,5,2021-11-23,2022-11-10,2021-11-23,2023-05-29
1828673,HCWB,Nasdaq,HCW Biologics Inc.,delisted_or_shrunk,5,2021-08-13,2022-11-07,2021-08-13,2023-05-26
916789,HELE,Nasdaq,HELEN OF TROY LTD,delisted_or_shrunk,20,2018-01-09,2022-10-06,2018-01-09,2023-04-24
1583771,HEPA,OTC,"Hepion Pharmaceuticals, Inc.",delisted_or_shrunk,10,2018-08-14,2022-11-14,2018-08-14,2023-06-02
1789832,HESM,NYSE,Hess Midstream LP,delisted_or_shrunk,12,2020-02-21,2022-11-03,2020-02-21,2023-05-22
1500375,HFBL,Nasdaq,"Home Federal Bancorp, Inc. of Louisiana",delisted_or_shrunk,20,2018-02-09,2022-11-14,2018-02-09,2023-06-02
1680873,HFFG,Nasdaq,HF Foods Group Inc.,delisted_or_shrunk,13,2018-11-14,2021-11-15,2018-11-14,2022-06-03
1482554,HFUS,OTC,"Hartford Creative Group, Inc.",delisted_or_shrunk,20,2018-03-21,2022-12-15,2018-03-21,2023-07-03
849145,HGBL,Nasdaq,Heritage Global Inc.,delisted_or_shrunk,20,2018-03-13,2022-11-10,2018-03-13,2023-05-29
1585101,HGIT,OTC,"HINES GLOBAL INCOME TRUST, INC.",delisted_or_shrunk,20,2018-03-29,2022-11-14,2018-03-29,2023-06-02
862022,HGTXU,,HUGOTON ROYALTY TRUST,delisted_or_shrunk,20,2018-03-12,2022-11-14,2018-03-12,2023-06-02
1324759,HGYN,OTC,HONG YUAN HOLDING GROUP,delisted_or_shrunk,7,2021-05-17,2022-11-14,2021-05-17,2023-06-02
45919,HHS,Nasdaq,HARTE HANKS INC,delisted_or_shrunk,20,2018-03-15,2022-11-14,2018-03-15,2023-06-02
1427570,HIND,Nasdaq,"Vyome Holdings, Inc",delisted_or_shrunk,20,2018-03-05,2022-11-14,2018-03-05,2023-06-02
88000,HKHC,OTC,Horizon Kinetics Holding Corp,delisted_or_shrunk,15,2018-04-02,2022-11-14,2018-04-02,2023-06-02
1180262,HLF,NYSE,HERBALIFE LTD.,delisted_or_shrunk,20,2018-02-22,2022-10-31,2018-02-22,2023-05-19
851310,HLIT,Nasdaq,HARMONIC INC.,delisted_or_shrunk,20,2018-03-05,2022-11-04,2018-03-05,2023-05-23
1628945,HLTH,Nasdaq,Cue Health Inc.,delisted_or_shrunk,5,2021-11-10,2022-11-09,2021-11-10,2023-05-28
1680139,HLYK,OTC,HealthLynked Corp,delisted_or_shrunk,20,2018-04-02,2022-11-14,2018-04-02,2023-06-02
1539680,HMMR,OTC,HAMMER TECHNOLOGY HOLDINGS CORP.,delisted_or_shrunk,16,2018-03-26,2022-06-14,2018-03-26,2022-12-31
1145255,HNNA,Nasdaq,HENNESSY ADVISORS INC,delisted_or_shrunk,15,2018-01-25,2022-12-07,2018-01-25,2023-06-25
1760542,HOOK,OTC,HOOKIPA Pharma Inc.,delisted_or_shrunk,15,2019-05-20,2022-11-14,2019-05-20,2023-06-02
1785530,HOWL,Nasdaq,"Werewolf Therapeutics, Inc.",delisted_or_shrunk,7,2021-06-10,2022-11-10,2021-06-10,2023-05-29
1563665,HRGN,OTC,"Harvard Apparatus Regenerative Technology, Inc.",delisted_or_shrunk,9,2018-04-02,2022-08-04,2018-04-02,2023-02-20
1364479,HRI,NYSE,HERC HOLDINGS INC,delisted_or_shrunk,17,2018-05-09,2022-10-20,2018-05-09,2023-05-08
818033,HRTX,Nasdaq,"HERON THERAPEUTICS, INC. /DE/",delisted_or_shrunk,20,2018-02-27,2022-11-08,2018-02-27,2023-05-27
1487428,HRZN,Nasdaq,Horizon Technology Finance Corp,delisted_or_shrunk,5,2018-03-06,2022-03-01,2018-03-06,2022-09-17
1610853,HSDT,Nasdaq,Solana Co,delisted_or_shrunk,10,2018-03-12,2022-11-14,2018-03-12,2023-06-02
1813603,HSTA,OTC,Hestia Insight Inc.,delisted_or_shrunk,8,2021-03-15,2022-10-17,2021-03-15,2023-05-05
1280784,HTGC,NYSE,"Hercules Capital, Inc.",delisted_or_shrunk,12,2018-02-22,2022-07-28,2018-02-22,2023-02-13
1498382,HURA,Nasdaq,"TuHURA Biosciences, Inc./NV",delisted_or_shrunk,5,2018-09-24,2022-09-27,2018-09-24,2023-04-15
1750777,HWKE,OTC,"Hawkeye Digital, Inc.",delisted_or_shrunk,10,2019-02-13,2022-12-15,2019-02-13,2023-07-03
1413891,HWNI,,"HIGH WIRE NETWORKS, INC.",delisted_or_shrunk,18,2018-05-21,2022-11-14,2018-05-21,2023-06-02
1630176,HYEX,OTC,HEALTHY EXTRACTS INC.,delisted_or_shrunk,20,2018-06-08,2022-11-08,2018-06-08,2023-05-27
1695295,HYFM,Nasdaq,"HYDROFARM HOLDINGS GROUP, INC.",delisted_or_shrunk,8,2021-03-30,2022-11-09,2021-03-30,2023-05-28
1718405,HYMC,Nasdaq,HYCROFT MINING HOLDING CORP,delisted_or_shrunk,10,2020-08-10,2022-11-01,2020-08-10,2023-05-20
1682639,HYPD,Nasdaq,"HYPERION DEFI, INC.",delisted_or_shrunk,9,2018-04-02,2022-11-14,2018-04-02,2023-06-02
1833769,HYPR,Nasdaq,"Hyperfine, Inc.",delisted_or_shrunk,5,2021-03-29,2022-11-10,2021-03-29,2023-05-29
1481028,HYSR,OTC,"SUNHYDROGEN, INC.",delisted_or_shrunk,20,2018-02-12,2022-11-07,2018-02-12,2023-05-26
1420720,IBIO,Nasdaq,"iBio, Inc.",delisted_or_shrunk,20,2018-02-14,2022-11-14,2018-02-14,2023-06-02
811641,ICCC,Nasdaq,IMMUCELL CORP /DE/,delisted_or_shrunk,20,2018-03-29,2022-11-21,2018-03-29,2023-06-09
1578348,ICMB,Nasdaq,"Investcorp Credit Management BDC, Inc.",delisted_or_shrunk,20,2018-02-07,2022-11-14,2018-02-07,2023-06-02
1690012,ICR-PA,NYSE,"InPoint Commercial Real Estate Income, Inc.",delisted_or_shrunk,20,2018-03-14,2022-11-14,2018-03-14,2023-06-02
1718939,IDAI,Nasdaq,T Stamp Inc,delisted_or_shrunk,5,2022-03-21,2022-11-10,2022-03-21,2023-05-29
1040896,IDN,Nasdaq,"Intellicheck, Inc.",delisted_or_shrunk,20,2018-03-23,2022-11-14,2018-03-23,2023-06-02
1054102,IDXG,OTC,"INTERPACE BIOSCIENCES, INC.",delisted_or_shrunk,20,2018-03-23,2022-11-14,2018-03-23,2023-06-02
1676725,IDYA,Nasdaq,"IDEAYA Biosciences, Inc.",delisted_or_shrunk,14,2019-08-12,2022-11-08,2019-08-12,2023-05-27
50292,IEHC,OTC,IEH Corp,delisted_or_shrunk,10,2018-02-09,2020-10-08,2018-02-09,2021-04-26
813762,IEP,Nasdaq,ICAHN ENTERPRISES L.P.,delisted_or_shrunk,20,2018-03-01,2022-11-04,2018-03-01,2023-05-23
1326205,IGC,NYSE,"IGC Pharma, Inc.",delisted_or_shrunk,19,2018-06-21,2022-11-01,2018-06-21,2023-05-20
82473,IHT,NYSE,INNSUITES HOSPITALITY TRUST,delisted_or_shrunk,20,2018-05-16,2022-12-14,2018-05-16,2023-07-02
1657214,ILAL,OTC,International Land Alliance Inc.,delisted_or_shrunk,17,2018-04-02,2022-11-21,2018-04-02,2023-06-09
1717307,ILPT,Nasdaq,Industrial Logistics Properties Trust,delisted_or_shrunk,20,2018-03-28,2022-10-25,2018-03-28,2023-05-13
1835579,IMA,Nasdaq,"ImageneBio, Inc.",delisted_or_shrunk,7,2021-05-13,2022-11-07,2021-05-13,2023-05-26
921582,IMAX,NYSE,IMAX CORP,delisted_or_shrunk,20,2018-02-27,2022-10-31,2018-02-27,2023-05-19
1642380,IMDX,Nasdaq,Insight Molecular Diagnostics Inc.,delisted_or_shrunk,20,2018-04-02,2022-11-10,2018-04-02,2023-05-29
749647,IMNN,Nasdaq,"Imunon, Inc.",delisted_or_shrunk,10,2018-03-27,2021-11-15,2018-03-27,2022-06-03
49938,IMO,NYSE,IMPERIAL OIL LTD,delisted_or_shrunk,20,2018-03-01,2022-11-02,2018-03-01,2023-05-21
1790340,IMRX,Nasdaq,Immuneering Corp,delisted_or_shrunk,6,2021-09-09,2022-11-10,2021-09-09,2023-05-29
1331612,IMTH,,"AnTix Holdings, Inc.",delisted_or_shrunk,15,2021-02-01,2022-11-21,2021-02-01,2023-06-09
1280776,IMUX,Nasdaq,"IMMUNIC, INC.",delisted_or_shrunk,20,2018-03-13,2022-11-03,2018-03-13,2023-05-22
1764013,IMVT,Nasdaq,"Immunovant, Inc.",delisted_or_shrunk,12,2020-02-14,2022-11-04,2020-02-14,2023-05-23
1016504,INBP,OTC,INTEGRATED BIOPHARMA INC,delisted_or_shrunk,20,2018-02-09,2022-11-10,2018-02-09,2023-05-29
1725430,INBS,Nasdaq,INTELLIGENT BIO SOLUTIONS INC.,delisted_or_shrunk,8,2021-02-12,2022-11-14,2021-02-12,2023-06-02
1038277,INIS,OTC,RADNOSTIX INC,delisted_or_shrunk,20,2018-03-30,2022-11-14,2018-03-30,2023-06-02
1081745,INLX,NYSE,"INTELLINETICS, INC.",delisted_or_shrunk,20,2018-04-02,2022-11-14,2018-04-02,2023-06-02
1528985,INRE,OTC,"Inland Real Estate Income Trust, Inc.",delisted_or_shrunk,20,2018-03-16,2022-11-09,2018-03-16,2023-05-28
1022652,INSG,Nasdaq,INSEEGO CORP.,delisted_or_shrunk,20,2018-03-16,2022-11-03,2018-03-16,2023-05-22
1042418,INTI,OTC,"Inhibitor Therapeutics, Inc.",delisted_or_shrunk,5,2018-02-16,2022-03-30,2018-02-16,2022-10-16
736012,INTZ,Nasdaq,INTRUSION INC,delisted_or_shrunk,19,2018-03-29,2022-08-04,2018-03-29,2023-02-20
829323,INUV,NYSE,"Inuvo, Inc.",delisted_or_shrunk,20,2018-02-08,2022-11-14,2018-02-08,2023-06-02
1036044,INVE,Nasdaq,"Identiv, Inc.",delisted_or_shrunk,20,2018-03-29,2022-11-08,2018-03-29,2023-05-27
862651,INVU,OTC,"Investview, Inc.",delisted_or_shrunk,19,2018-02-14,2022-11-14,2018-02-14,2023-06-02
1580490,IONI,OTC,I-ON Digital Corp.,delisted_or_shrunk,19,2018-06-08,2022-08-22,2018-06-08,2023-03-10
949961,IOR,NYSE,INCOME OPPORTUNITY REALTY INVESTORS INC /TX/,delisted_or_shrunk,16,2018-04-02,2021-11-10,2018-04-02,2022-05-29
1546296,IPDN,Nasdaq,"Professional Diversity Network, Inc.",delisted_or_shrunk,20,2018-03-30,2022-11-14,2018-03-30,2023-06-02
1421461,IPI,NYSE,"Intrepid Potash, Inc.",delisted_or_shrunk,20,2018-02-27,2022-11-03,2018-02-27,2023-05-22
1355839,IPM,Nasdaq,INTELLIGENT PROTECTION MANAGEMENT CORP.,delisted_or_shrunk,20,2018-03-22,2022-11-07,2018-03-22,2023-05-26
1850119,IPSC,Nasdaq,"Century Therapeutics, Inc.",delisted_or_shrunk,5,2021-08-12,2022-11-10,2021-08-12,2023-05-29
1830072,IPW,Nasdaq,iPower Inc.,delisted_or_shrunk,7,2021-06-25,2022-11-14,2021-06-25,2023-06-02
1507957,IPWR,Nasdaq,Ideal Power Inc.,delisted_or_shrunk,15,2018-04-02,2022-11-14,2018-04-02,2023-06-02
1527702,IQST,Nasdaq,iQSTEL Inc,delisted_or_shrunk,18,2018-11-14,2022-11-14,2018-11-14,2023-06-02
1006045,IRIX,Nasdaq,IRIDEX CORP,delisted_or_shrunk,20,2018-03-14,2022-11-10,2018-03-14,2023-05-29
1816736,IRON,Nasdaq,"Disc Medicine, Inc.",delisted_or_shrunk,5,2021-03-29,2022-11-10,2021-03-29,2023-05-29
1355790,ISCO,OTC,International Stem Cell CORP,delisted_or_shrunk,20,2018-04-09,2022-11-14,2018-04-09,2023-06-02
1558569,ISPC,Nasdaq,iSpecimen Inc.,delisted_or_shrunk,6,2021-08-10,2022-11-08,2021-08-10,2023-05-27
1643154,ITHUF,OTC,"iANTHUS CAPITAL HOLDINGS, INC.",delisted_or_shrunk,8,2021-04-01,2022-11-08,2021-04-01,2023-05-27
1290658,ITOX,OTC,"IIOT-OXYS, Inc.",delisted_or_shrunk,13,2018-04-17,2022-11-14,2018-04-17,2023-06-02
1358190,ITP,NYSE,"IT TECH PACKAGING, INC.",delisted_or_shrunk,20,2018-04-17,2022-11-10,2018-04-17,2023-05-29
1659323,ITRMF,OTC,Iterum Therapeutics plc,delisted_or_shrunk,18,2018-08-14,2022-11-10,2018-08-14,2023-05-29
1397183,IVDA,Nasdaq,"Iveda Solutions, Inc.",delisted_or_shrunk,5,2021-11-15,2022-11-14,2021-11-15,2023-06-02
1190370,IVDN,OTC,INNOVATIVE DESIGNS INC,delisted_or_shrunk,20,2018-01-29,2022-09-14,2018-01-29,2023-04-02
1417926,IVF,Nasdaq,"INVO Fertility, Inc.",delisted_or_shrunk,20,2018-03-29,2022-11-14,2018-03-29,2023-06-02
312257,IVFH,OTC,INNOVATIVE FOOD HOLDINGS INC,delisted_or_shrunk,20,2018-03-29,2022-11-14,2018-03-29,2023-06-02
1437071,IVR,NYSE,Invesco Mortgage Capital Inc.,delisted_or_shrunk,19,2018-02-20,2022-11-02,2018-02-20,2023-05-21
1279715,IWSH,OTC,"Wright Investors Service Holdings, Inc.",delisted_or_shrunk,19,2018-03-26,2022-11-14,2018-03-26,2023-06-02
1495231,IZEA,Nasdaq,"IZEA Worldwide, Inc.",delisted_or_shrunk,20,2018-04-17,2022-11-14,2018-04-17,2023-06-02
807882,JACK,Nasdaq,JACK IN THE BOX INC,delisted_or_shrunk,20,2018-02-23,2022-11-22,2018-02-23,2023-06-10
1133062,JANL,OTC,JANEL CORP,delisted_or_shrunk,20,2018-04-30,2022-12-09,2018-04-30,2023-06-27
833444,JCI,NYSE,Johnson Controls International plc,delisted_or_shrunk,20,2018-02-02,2022-11-15,2018-02-02,2023-06-03
885307,JCTC,Nasdaq,JEWETT CAMERON TRADING CO LTD,delisted_or_shrunk,20,2018-01-16,2022-11-29,2018-01-16,2023-06-17
1517389,JFIL,OTC,"Jubilant Flame International, Ltd",delisted_or_shrunk,19,2018-01-10,2022-09-28,2018-01-10,2023-04-16
40570,JOB,NYSE,GEE Group Inc.,delisted_or_shrunk,20,2018-02-14,2022-12-20,2018-02-14,2023-07-08
1696558,JRSH,Nasdaq,"Jerash Holdings (US), Inc.",delisted_or_shrunk,20,2018-02-09,2022-11-14,2018-02-09,2023-06-02
1083522,JSDA,OTC,JONES SODA CO.,delisted_or_shrunk,20,2018-03-29,2022-11-10,2018-03-29,2023-05-29
714712,JUVF,OTC,JUNIATA VALLEY FINANCIAL CORP,delisted_or_shrunk,20,2018-03-16,2022-11-14,2018-03-16,2023-06-02
1007019,JVA,Nasdaq,COFFEE HOLDING CO INC,delisted_or_shrunk,20,2018-01-29,2022-09-14,2018-01-29,2023-04-02
1822993,JXN,NYSE,Jackson Financial Inc.,delisted_or_shrunk,6,2021-09-20,2022-11-10,2021-09-20,2023-05-29
1612630,JYNT,Nasdaq,JOINT Corp,delisted_or_shrunk,20,2018-03-09,2022-11-04,2018-03-09,2023-05-23
1479419,KALA,Nasdaq,"KALA BIO, Inc.",delisted_or_shrunk,20,2018-04-02,2022-11-08,2018-04-02,2023-05-27
1762239,KAVL,OTC,"Kaival Brands Innovations Group, Inc.",delisted_or_shrunk,10,2020-05-27,2022-09-12,2020-05-27,2023-03-31
1530746,KAYS,OTC,"Kaya Holdings, Inc.",delisted_or_shrunk,10,2018-04-17,2022-11-21,2018-04-17,2023-06-09
1413119,KBLB,OTC,"Kraig Biocraft Laboratories, Inc.",delisted_or_shrunk,7,2018-03-23,2021-03-12,2018-03-23,2021-09-28
1482430,KBSR,OTC,"KBS Real Estate Investment Trust III, Inc.",delisted_or_shrunk,20,2018-03-08,2022-11-09,2018-03-08,2023-05-28
1318482,KDOZF,OTC,KIDOZ INC.,delisted_or_shrunk,20,2018-03-21,2022-11-14,2018-03-21,2023-06-02
55529,KEQU,Nasdaq,KEWAUNEE SCIENTIFIC CORP /DE/,delisted_or_shrunk,20,2018-03-09,2022-12-09,2018-03-09,2023-06-27
1297341,KFFB,Nasdaq,Kentucky First Federal Bancorp,delisted_or_shrunk,15,2018-02-14,2022-11-14,2018-02-14,2023-06-02
1608092,KITL,OTC,Kisses From Italy Inc.,delisted_or_shrunk,17,2018-11-09,2022-11-08,2018-11-09,2023-05-27
1110607,KLNG,OTC,"Koil Energy Solutions, Inc.",delisted_or_shrunk,20,2018-03-28,2022-11-14,2018-03-28,2023-06-02
1754068,KLRS,Nasdaq,"Kalaris Therapeutics, Inc.",delisted_or_shrunk,10,2020-09-02,2022-11-03,2020-09-02,2023-05-22
1738827,KLXE,Nasdaq,"KLX Energy Services Holdings, Inc.",delisted_or_shrunk,17,2018-08-30,2022-11-10,2018-08-30,2023-05-29
897078,KOAN,OTC,"Resonate Blends, Inc.",delisted_or_shrunk,20,2018-06-20,2022-11-21,2018-06-20,2023-06-09
1468748,KOD,Nasdaq,Kodiak Sciences Inc.,delisted_or_shrunk,17,2018-11-16,2022-11-09,2018-11-16,2023-05-28
1855457,KORE,NYSE,"KORE Group Holdings, Inc.",delisted_or_shrunk,6,2021-09-27,2022-11-14,2021-09-27,2023-06-02
56701,KOSS,Nasdaq,KOSS CORP,delisted_or_shrunk,20,2018-01-31,2022-10-28,2018-01-31,2023-05-16
1502557,KPEA,OTC,Kun Peng International Ltd.,delisted_or_shrunk,17,2018-06-15,2022-12-29,2018-06-15,2023-07-17
1785424,KPLT,Nasdaq,"Katapult Holdings, Inc.",delisted_or_shrunk,6,2021-08-16,2022-11-09,2021-08-16,2023-05-28
1372514,KPRX,Nasdaq,KIORA PHARMACEUTICALS INC,delisted_or_shrunk,7,2018-03-02,2022-04-15,2018-03-02,2022-11-01
1503802,KPTI,Nasdaq,Karyopharm Therapeutics Inc.,delisted_or_shrunk,20,2018-03-15,2022-11-03,2018-03-15,2023-05-22
56873,KR,NYSE,KROGER CO,delisted_or_shrunk,20,2018-04-03,2022-12-09,2018-04-03,2023-06-27
1286043,KRG,NYSE,KITE REALTY GROUP TRUST,delisted_or_shrunk,20,2018-02-20,2022-11-04,2018-02-20,2023-05-23
1657788,KRP,NYSE,"Kimbell Royalty Partners, LP",delisted_or_shrunk,20,2018-03-09,2022-11-03,2018-03-09,2023-05-22
1600983,KSCP,Nasdaq,"Knightscope, Inc.",delisted_or_shrunk,5,2022-03-14,2022-11-14,2022-03-14,2023-06-02
719733,KTCC,Nasdaq,KEY TRONIC CORP,delisted_or_shrunk,20,2018-02-08,2022-11-09,2018-02-08,2023-05-28
845819,KTEL,OTC,"KonaTel, Inc.",delisted_or_shrunk,20,2018-02-01,2022-11-14,2018-02-01,2023-06-02
1841330,KTTAW,Nasdaq,Pasithea Therapeutics Corp.,delisted_or_shrunk,5,2021-11-18,2022-11-14,2021-11-18,2023-06-02
1081834,KUBR,OTC,Kuber Resources Corp,delisted_or_shrunk,5,2021-08-16,2022-11-21,2021-08-16,2023-06-09
1662684,KULR,NYSE,"KULR Technology Group, Inc.",delisted_or_shrunk,19,2018-04-17,2022-11-14,2018-04-17,2023-06-02
1342958,KUST,Nasdaq,"KUSTOM ENTERTAINMENT, INC.",delisted_or_shrunk,20,2018-04-13,2022-11-14,2018-04-13,2023-06-02
1007587,KVHI,Nasdaq,KVH INDUSTRIES INC \DE\,delisted_or_shrunk,20,2018-03-02,2022-12-06,2018-03-02,2023-06-24
1408100,KW,NYSE,"Kennedy-Wilson Holdings, Inc.",delisted_or_shrunk,20,2018-02-27,2022-11-03,2018-02-27,2023-05-22
921299,KYNB,Nasdaq,"KYNTRA BIO, INC.",delisted_or_shrunk,20,2018-02-27,2022-11-07,2018-02-27,2023-05-26
1645666,KZR,Nasdaq,"Kezar Life Sciences, Inc.",delisted_or_shrunk,16,2019-03-26,2022-11-10,2019-03-26,2023-05-29
1577670,LADR,NYSE,Ladder Capital Corp,delisted_or_shrunk,20,2018-02-28,2022-10-31,2018-02-28,2023-05-19
798081,LAKE,Nasdaq,LAKELAND INDUSTRIES INC,delisted_or_shrunk,20,2018-04-16,2022-12-08,2018-04-16,2023-06-26
1495240,LAND,Nasdaq,GLADSTONE LAND Corp,delisted_or_shrunk,20,2018-02-20,2022-11-08,2018-02-20,2023-05-27
1807887,LASE,Nasdaq,Laser Photonics Corp,delisted_or_shrunk,9,2020-11-16,2022-11-14,2020-11-16,2023-06-02
750004,LAWIL,OTC,"Light & Wonder, Inc.",delisted_or_shrunk,20,2018-03-01,2022-11-09,2018-03-01,2023-05-28
1599407,LBRA,OTC,1847 Holdings LLC,delisted_or_shrunk,19,2018-04-17,2022-11-14,2018-04-17,2023-06-02
1611983,LBRDK,Nasdaq,Liberty Broadband Corp,delisted_or_shrunk,20,2018-02-09,2022-11-04,2018-02-09,2023-05-23
1493137,LCTC,OTC,"Lifeloc Technologies, Inc",delisted_or_shrunk,20,2018-03-26,2022-11-10,2018-03-26,2023-05-29
1456189,LEAT,OTC,Leatt Corp,delisted_or_shrunk,20,2018-03-27,2022-11-09,2018-03-27,2023-05-28
1333822,LEDS,Nasdaq,SemiLEDs Corp,delisted_or_shrunk,20,2018-01-12,2022-11-08,2018-01-12,2023-05-27
1815776,LENZ,Nasdaq,"LENZ Therapeutics, Inc.",delisted_or_shrunk,6,2021-08-12,2022-11-09,2021-08-12,2023-05-28
1821806,LESL,Nasdaq,"Leslie's, Inc.",delisted_or_shrunk,9,2020-12-23,2022-11-30,2020-12-23,2023-06-18
1348362,LEXX,Nasdaq,Lexaria Bioscience Corp.,delisted_or_shrunk,19,2018-01-12,2022-11-28,2018-01-12,2023-06-16
1005286,LFCR,Nasdaq,"LIFECORE BIOMEDICAL, INC. \DE\",delisted_or_shrunk,20,2018-01-05,2022-10-07,2018-01-05,2023-04-25
1547546,LFT,NYSE,"Lument Finance Trust, Inc.",delisted_or_shrunk,20,2018-03-16,2022-11-08,2018-03-16,2023-05-27
849146,LFVN,Nasdaq,Lifevantage Corp,delisted_or_shrunk,20,2018-02-07,2022-11-02,2018-02-07,2023-05-21
1607962,LFWD,Nasdaq,Lifeward Ltd.,delisted_or_shrunk,20,2018-03-08,2022-11-07,2018-03-08,2023-05-26
61004,LGL,NYSE,LGL GROUP INC,delisted_or_shrunk,20,2018-03-22,2022-11-14,2018-03-22,2023-06-02
1566826,LGMK,OTC,"LogicMark, Inc.",delisted_or_shrunk,20,2018-04-02,2022-11-10,2018-04-02,2023-05-29
1721484,LGVN,Nasdaq,Longeveron Inc.,delisted_or_shrunk,8,2021-03-30,2022-11-14,2021-03-30,2023-06-02
1818644,LIDR,Nasdaq,"AEye, Inc.",delisted_or_shrunk,5,2021-11-15,2022-11-10,2021-11-15,2023-05-29
1391135,LIFD,OTC,LFTD PARTNERS INC.,delisted_or_shrunk,11,2019-03-13,2022-11-14,2019-03-13,2023-06-02
1803977,LIMX,OTC,Limitless X Holdings Inc.,delisted_or_shrunk,7,2020-11-04,2022-11-10,2020-11-04,2023-05-29
1707925,LIN,Nasdaq,LINDE PLC,delisted_or_shrunk,17,2018-03-23,2022-10-27,2018-03-23,2023-05-15
828146,LINK,Nasdaq,INTERLINK ELECTRONICS INC,delisted_or_shrunk,13,2018-03-15,2022-11-10,2018-03-15,2023-05-29
1307579,LIQT,Nasdaq,LIQTECH INTERNATIONAL INC,delisted_or_shrunk,20,2018-03-23,2022-11-10,2018-03-23,2023-05-29
1262104,LITS,Nasdaq,"Lite Strategy, Inc.",delisted_or_shrunk,19,2018-05-09,2022-11-14,2018-05-09,2023-06-02
1045742,LIVE,Nasdaq,LIVE VENTURES Inc,delisted_or_shrunk,21,2018-01-18,2022-12-16,2018-01-18,2023-07-04
1639691,LIVN,Nasdaq,LivaNova PLC,delisted_or_shrunk,20,2018-02-28,2022-11-02,2018-02-28,2023-05-21
1527728,LNAI,Nasdaq,Lunai Bioworks Inc.,delisted_or_shrunk,18,2018-02-09,2022-05-13,2018-02-09,2022-11-29
1672572,LNBY,,Landbay Inc,delisted_or_shrunk,10,2020-06-30,2022-11-14,2020-06-30,2023-06-02
1320350,LNSR,Nasdaq,"LENSAR, Inc.",delisted_or_shrunk,9,2020-11-12,2022-11-09,2020-11-12,2023-05-28
1080340,LOAN,Nasdaq,"MANHATTAN BRIDGE CAPITAL, INC",delisted_or_shrunk,20,2018-03-19,2022-10-21,2018-03-19,2023-05-09
1620463,LONA,Nasdaq,"LeonaBio, Inc.",delisted_or_shrunk,9,2020-11-12,2022-11-10,2020-11-12,2023-05-29
1504678,LOOP,Nasdaq,"Loop Industries, Inc.",delisted_or_shrunk,13,2018-01-12,2022-10-12,2018-01-12,2023-04-30
1568969,LOTT,OTC,Techlott Inc.,delisted_or_shrunk,8,2018-02-20,2020-02-27,2018-02-20,2020-09-14
1535955,LPCN,Nasdaq,Lipocine Inc.,delisted_or_shrunk,16,2018-03-12,2022-11-09,2018-03-12,2023-05-28
1806201,LPRO,Nasdaq,Open Lending Corp,delisted_or_shrunk,10,2020-08-14,2022-11-04,2020-08-14,2023-05-23
1102993,LPSN,Nasdaq,LIVEPERSON INC,delisted_or_shrunk,20,2018-03-15,2022-11-08,2018-03-15,2023-05-27
1141240,LQMT,OTC,LIQUIDMETAL TECHNOLOGIES INC,delisted_or_shrunk,20,2018-03-06,2022-11-10,2018-03-06,2023-05-29
1442492,LRDC,OTC,"Laredo Oil, Inc.",delisted_or_shrunk,20,2018-01-16,2022-10-24,2018-01-16,2023-05-12
1374690,LRMR,Nasdaq,"Larimar Therapeutics, Inc.",delisted_or_shrunk,13,2018-03-09,2022-03-25,2018-03-09,2022-10-11
1650696,LSF,NYSE,"Laird Superfood, Inc.",delisted_or_shrunk,9,2020-11-12,2022-11-10,2020-11-12,2023-05-29
320017,LSTA,Nasdaq,"LISATA THERAPEUTICS, INC.",delisted_or_shrunk,20,2018-03-22,2022-11-10,2018-03-22,2023-05-29
1084554,LTBR,Nasdaq,LIGHTBRIDGE Corp,delisted_or_shrunk,17,2018-03-14,2022-10-31,2018-03-14,2023-05-19
1763950,LTRN,Nasdaq,Lantern Pharma Inc.,delisted_or_shrunk,5,2020-07-30,2022-03-10,2020-07-30,2022-09-26
1415332,LTUM,OTC,Lithium Corp,delisted_or_shrunk,12,2018-04-05,2022-05-16,2018-04-05,2022-12-02
1127537,LUNG,Nasdaq,Pulmonx Corp,delisted_or_shrunk,9,2020-11-13,2022-11-08,2020-11-13,2023-05-27
1374567,LUVU,OTC,"Luvu Brands, Inc.",delisted_or_shrunk,20,2018-02-13,2022-11-14,2018-02-13,2023-06-02
1780201,LVLU,Nasdaq,"Lulu's Fashion Lounge Holdings, Inc.",delisted_or_shrunk,5,2021-12-16,2022-11-15,2021-12-16,2023-06-03
1491419,LVO,Nasdaq,"LiveOne, Inc.",delisted_or_shrunk,20,2018-02-14,2022-11-17,2018-02-14,2023-06-05
1096056,LXFR,NYSE,LUXFER HOLDINGS PLC,delisted_or_shrunk,16,2019-03-12,2022-10-25,2019-03-12,2023-05-13
910108,LXP,NYSE,LXP Industrial Trust,delisted_or_shrunk,20,2018-02-27,2022-11-03,2018-02-27,2023-05-22
1327273,LYRA,OTC,"Lyra Therapeutics, Inc.",delisted_or_shrunk,11,2020-05-28,2022-11-08,2020-05-28,2023-05-27
1052354,MADL,,MAN AHL DIVERSIFIED I LP,delisted_or_shrunk,20,2018-03-29,2022-11-09,2018-03-29,2023-05-28
1396440,MAIN,NYSE,Main Street Capital CORP,delisted_or_shrunk,17,2018-02-23,2022-11-04,2018-02-23,2023-05-23
1492448,MAJI,OTC,Nextel Medical Corp.,delisted_or_shrunk,8,2018-12-14,2022-07-29,2018-12-14,2023-02-14
1309251,MALG,OTC,MICROALLIANCE GROUP INC.,delisted_or_shrunk,8,2021-04-15,2022-11-14,2021-04-15,2023-06-02
1779474,MAPS,OTC,"WM TECHNOLOGY, INC.",delisted_or_shrunk,8,2020-03-30,2022-11-08,2020-03-30,2023-05-27
54187,MAYS,Nasdaq,MAYS J W INC,delisted_or_shrunk,15,2018-03-08,2022-12-08,2018-03-08,2023-06-26
1835385,MBBC,Nasdaq,"Marathon Bancorp, Inc. /MD/",delisted_or_shrunk,8,2021-03-26,2022-11-14,2021-03-26,2023-06-02
1680048,MBIO,Nasdaq,"MUSTANG BIO, INC.",delisted_or_shrunk,20,2018-03-29,2022-11-14,2018-03-29,2023-06-02
1659617,MBRX,Nasdaq,"Moleculin Biotech, Inc.",delisted_or_shrunk,20,2018-03-28,2022-11-10,2018-03-28,2023-05-29
1596967,MC,NYSE,Moelis & Co,delisted_or_shrunk,20,2018-02-28,2022-11-03,2018-02-28,2023-05-22
1518715,MCHB,Nasdaq,Mechanics Bancorp,delisted_or_shrunk,20,2018-03-06,2022-11-04,2018-03-06,2023-05-23
1788841,MCOM,OTC,micromobility.com Inc.,delisted_or_shrunk,5,2021-11-15,2022-11-14,2021-11-15,2023-06-02
1609809,MCRB,Nasdaq,"Seres Therapeutics, Inc.",delisted_or_shrunk,20,2018-03-08,2022-11-02,2018-03-08,2023-05-21
1853513,MCW,Nasdaq,"Mister Car Wash, Inc.",delisted_or_shrunk,6,2021-08-13,2022-11-14,2021-08-13,2023-06-02
1318268,MDEX,OTC,Madison Technologies Inc.,delisted_or_shrunk,9,2018-05-14,2022-11-14,2018-05-14,2023-06-02
1784254,MDIA,Nasdaq,Mediaco Holding Inc.,delisted_or_shrunk,12,2019-12-20,2022-11-14,2019-12-20,2023-06-02
1654595,MDRR,Nasdaq,"Medalist Diversified, Inc.",delisted_or_shrunk,16,2019-03-11,2022-11-09,2019-03-11,2023-05-28
1645873,MDV,NYSE,"MODIV INDUSTRIAL, INC.",delisted_or_shrunk,10,2018-04-03,2022-11-14,2018-04-03,2023-06-02
1333274,MERC,Nasdaq,MERCER INTERNATIONAL INC.,delisted_or_shrunk,20,2018-02-16,2022-10-27,2018-02-16,2023-05-15
1055160,MFA,NYSE,"MFA FINANCIAL, INC.",delisted_or_shrunk,20,2018-02-15,2022-11-03,2018-02-15,2023-05-22
1278752,MFIC,Nasdaq,MidCap Financial Investment Corp,delisted_or_shrunk,11,2018-02-07,2022-11-03,2018-02-07,2023-05-22
1447380,MFON,OTC,MOBIVITY HOLDINGS CORP.,delisted_or_shrunk,20,2018-04-11,2022-11-14,2018-04-11,2023-06-02
1005101,MGLD,NYSE,"Marygold Companies, Inc.",delisted_or_shrunk,20,2018-02-14,2022-11-14,2018-02-14,2023-06-02
1001601,MGTI,OTC,"MGT CAPITAL INVESTMENTS, INC.",delisted_or_shrunk,20,2018-04-02,2022-11-14,2018-04-02,2023-06-02
1337068,MGYR,Nasdaq,"Magyar Bancorp, Inc.",delisted_or_shrunk,20,2018-02-12,2022-12-22,2018-02-12,2023-07-10
1437226,MHH,NYSE,"Mastech Digital, Inc.",delisted_or_shrunk,20,2018-03-23,2022-11-14,2018-03-23,2023-06-02
1412100,MHLA,NYSE,"Maiden Holdings, Ltd.",delisted_or_shrunk,20,2018-03-01,2022-11-09,2018-03-01,2023-05-28
926423,MIND,Nasdaq,"MIND TECHNOLOGY, INC",delisted_or_shrunk,20,2018-04-13,2022-12-14,2018-04-13,2023-07-02
1408443,MIST,Nasdaq,Milestone Pharmaceuticals Inc.,delisted_or_shrunk,11,2019-06-19,2022-03-24,2019-06-19,2022-10-10
1770236,MITQ,NYSE,MOVING iMAGE TECHNOLOGIES INC.,delisted_or_shrunk,6,2021-09-29,2022-11-14,2021-09-29,2023-06-02
1514281,MITT,NYSE,"TPG Mortgage Investment Trust, Inc.",delisted_or_shrunk,20,2018-02-28,2022-11-08,2018-02-28,2023-05-27
1805651,MKTW,Nasdaq,"MARKETWISE, INC.",delisted_or_shrunk,6,2021-03-22,2022-11-03,2021-03-22,2023-05-22
1550913,MKZR,Nasdaq,"MacKenzie Realty Capital, Inc.",delisted_or_shrunk,20,2018-02-14,2022-11-14,2018-02-14,2023-06-02
1375793,MLRT,OTC,"Metalert, Inc.",delisted_or_shrunk,20,2018-04-03,2022-11-15,2018-04-03,2023-06-03
855683,MLSS,NYSE,MILESTONE SCIENTIFIC INC.,delisted_or_shrunk,19,2018-04-02,2022-11-14,2018-04-02,2023-06-02
1440799,MMEX,OTC,MMEX Resources Corp,delisted_or_shrunk,8,2018-03-09,2022-12-05,2018-03-09,2023-06-23
1176334,MMLP,Nasdaq,MARTIN MIDSTREAM PARTNERS L.P.,delisted_or_shrunk,20,2018-02-16,2022-11-03,2018-02-16,2023-05-22
1645469,MNPR,Nasdaq,Monopar Therapeutics,delisted_or_shrunk,19,2018-03-26,2022-11-10,2018-03-26,2023-05-29
1599117,MNTR,OTC,"Mentor Capital, Inc.",delisted_or_shrunk,20,2018-03-29,2022-11-10,2018-03-29,2023-05-29
1781162,MNTS,Nasdaq,Momentus Inc.,delisted_or_shrunk,6,2020-03-26,2022-11-09,2020-03-26,2023-05-28
1084267,MOBQ,OTC,"Mobiquity Technologies, Inc.",delisted_or_shrunk,20,2018-04-17,2022-12-09,2018-04-17,2023-06-27
1074871,MODD,Nasdaq,"Modular Medical, Inc.",delisted_or_shrunk,9,2018-02-14,2021-02-12,2018-02-14,2021-08-31
1414953,MOJO,OTC,EQUATOR Beverage Co,delisted_or_shrunk,20,2018-02-21,2022-10-11,2018-02-21,2023-04-29
1552000,MPLX,NYSE,MPLX LP,delisted_or_shrunk,20,2018-02-28,2022-11-01,2018-02-28,2023-05-20
1129155,MPX,NYSE,"MARINE PRODUCTS GROUP, LLC",delisted_or_shrunk,20,2018-02-28,2022-10-28,2018-02-28,2023-05-16
1844392,MRAI,OTC,"Marpai, Inc.",delisted_or_shrunk,5,2021-12-14,2022-11-09,2021-12-14,2023-05-28
1094038,MRKR,Nasdaq,"Marker Therapeutics, Inc.",delisted_or_shrunk,15,2019-03-15,2022-11-10,2019-03-15,2023-05-29
1522767,MRMD,OTC,MARIMED INC.,delisted_or_shrunk,20,2018-04-02,2022-11-08,2018-04-02,2023-05-27
65172,MSB,NYSE,MESABI TRUST,delisted_or_shrunk,15,2018-06-08,2022-12-13,2018-06-08,2023-07-01
1821175,MSGM,Nasdaq,Motorsport Games Inc.,delisted_or_shrunk,8,2021-03-24,2022-11-18,2021-03-24,2023-06-06
1535778,MSIF,NYSE,"MSC INCOME FUND, INC.",delisted_or_shrunk,13,2018-03-21,2022-03-14,2018-03-21,2022-09-30
32621,MSN,NYSE,EMERSON RADIO CORP,delisted_or_shrunk,20,2018-02-14,2022-11-14,2018-02-14,2023-06-02
1056358,MTEX,Nasdaq,MANNATECH INC,delisted_or_shrunk,20,2018-03-26,2022-11-08,2018-03-26,2023-05-27
833079,MTH,NYSE,Meritage Homes CORP,delisted_or_shrunk,20,2018-02-12,2022-10-28,2018-02-12,2023-05-16
1582554,MTNB,NYSE,"Matinas BioPharma Holdings, Inc.",delisted_or_shrunk,6,2019-04-01,2022-03-08,2019-04-01,2022-09-24
313364,MTR,NYSE,MESA ROYALTY TRUST/TX,delisted_or_shrunk,20,2018-04-02,2022-11-14,2018-04-02,2023-06-02
1638287,MTVA,Nasdaq,MetaVia Inc.,delisted_or_shrunk,12,2018-03-20,2022-11-14,2018-03-20,2023-06-02
924095,MVCO,OTC,"Metavesco, Inc.",delisted_or_shrunk,9,2019-11-19,2022-11-14,2019-11-19,2023-06-02
1371782,MVO,NYSE,MV Oil Trust,delisted_or_shrunk,20,2018-03-14,2022-11-10,2018-03-14,2023-05-29
1520118,MWAI,OTC,"MedWellAI, Inc.",delisted_or_shrunk,20,2018-02-14,2022-11-14,2018-02-14,2023-06-02
1325702,MX,NYSE,MAGNACHIP SEMICONDUCTOR Corp,delisted_or_shrunk,20,2018-02-22,2022-11-08,2018-02-22,2023-05-27
1287098,MXCT,Nasdaq,"MAXCYTE, INC.",delisted_or_shrunk,6,2021-09-13,2022-11-09,2021-09-13,2023-05-28
1556801,MYCB,OTC,"My City Builders, Inc.",delisted_or_shrunk,14,2018-03-02,2022-11-01,2018-03-02,2023-05-20
1369290,MYO,NYSE,"MYOMO, INC.",delisted_or_shrunk,20,2018-03-12,2022-11-10,2018-03-12,2023-05-29
1823878,MYPS,Nasdaq,"PLAYSTUDIOS, Inc.",delisted_or_shrunk,6,2021-08-12,2022-11-09,2021-08-12,2023-05-28
1648960,MYSE,Nasdaq,"Myseum.AI, Inc.",delisted_or_shrunk,6,2021-09-24,2022-11-14,2021-09-24,2023-06-02
787253,NAII,Nasdaq,NATURAL ALTERNATIVES INTERNATIONAL INC,delisted_or_shrunk,20,2018-02-13,2022-11-09,2018-02-13,2023-05-28
1703625,NAPD,OTC,"NAPC Defense, Inc.",delisted_or_shrunk,12,2019-12-19,2022-12-21,2019-12-19,2023-07-09
1808805,NAUT,Nasdaq,"Nautilus Biotechnology, Inc.",delisted_or_shrunk,7,2021-03-30,2022-11-01,2021-03-30,2023-05-20
1512228,NB,Nasdaq,NIOCORP DEVELOPMENTS LTD,delisted_or_shrunk,19,2018-02-09,2022-11-14,2018-02-09,2023-06-02
1725911,NBND,OTC,NetBrands Corp.,delisted_or_shrunk,14,2019-08-16,2022-11-10,2019-08-16,2023-05-29
1163739,NBR,NYSE,NABORS INDUSTRIES LTD,delisted_or_shrunk,20,2018-03-01,2022-10-27,2018-03-01,2023-05-15
1737924,NCDL,NYSE,Nuveen Churchill Direct Lending Corp.,delisted_or_shrunk,6,2020-05-07,2022-03-10,2020-05-07,2022-09-26
1414767,NCPL,Nasdaq,Netcapital Inc.,delisted_or_shrunk,20,2018-03-19,2022-12-12,2018-03-19,2023-06-30
1756180,NCRA,Nasdaq,"NOCERA, INC.",delisted_or_shrunk,13,2019-04-15,2022-11-18,2019-04-15,2023-06-06
1275158,NDLS,Nasdaq,NOODLES & Co,delisted_or_shrunk,20,2018-03-15,2022-11-04,2018-03-15,2023-05-23
1681682,NDRA,Nasdaq,ENDRA Life Sciences Inc.,delisted_or_shrunk,20,2018-03-20,2022-11-14,2018-03-20,2023-06-02
746514,NEN,NYSE,NEW ENGLAND REALTY ASSOCIATES LIMITED PARTNERSHIP,delisted_or_shrunk,19,2018-03-13,2022-08-05,2018-03-13,2023-02-21
87050,NEON,Nasdaq,Neonode Inc.,delisted_or_shrunk,20,2018-03-08,2022-11-10,2018-03-08,2023-05-29
1598646,NERV,Nasdaq,"Minerva Neurosciences, Inc.",delisted_or_shrunk,12,2018-03-12,2022-11-09,2018-03-12,2023-05-28
1371128,NEWH,OTC,"NewHydrogen, Inc.",delisted_or_shrunk,20,2018-03-19,2022-11-09,2018-03-19,2023-05-28
1493225,NFBK,Nasdaq,"Northfield Bancorp, Inc.",delisted_or_shrunk,20,2018-03-01,2022-11-09,2018-03-01,2023-05-28
1749723,NFE,Nasdaq,New Fortress Energy Inc.,delisted_or_shrunk,16,2019-03-26,2022-11-08,2019-03-26,2023-05-27
1284454,NFSN,OTC,"Nongfu Shop Digital New Retail Co., Ltd",delisted_or_shrunk,5,2021-11-24,2022-11-21,2021-11-24,2023-06-09
1504461,NGL,NYSE,NGL Energy Partners LP,delisted_or_shrunk,20,2018-02-09,2022-11-09,2018-02-09,2023-05-28
1605481,NGLD,OTC,Nevada Canyon Gold Corp.,delisted_or_shrunk,19,2018-04-16,2022-11-14,2018-04-16,2023-06-02
1404644,NGNE,Nasdaq,Neurogene Inc.,delisted_or_shrunk,20,2018-03-12,2022-11-14,2018-03-12,2023-06-02
912061,NHTC,Nasdaq,NATURAL HEALTH TRENDS CORP,delisted_or_shrunk,20,2018-03-27,2022-11-02,2018-03-27,2023-05-21
1084475,NIHK,OTC,"Video River Networks, Inc.",delisted_or_shrunk,13,2019-11-22,2022-11-21,2019-11-22,2023-06-09
1145604,NIKA,OTC,"NIKA PHARMACEUTICALS, INC",delisted_or_shrunk,6,2021-03-24,2022-05-12,2021-03-24,2022-11-28
1462223,NIXX,Nasdaq,"Nixxy, Inc.",delisted_or_shrunk,20,2018-02-20,2022-11-14,2018-02-20,2023-06-02
1787400,NKTX,Nasdaq,"Nkarta, Inc.",delisted_or_shrunk,10,2020-08-20,2022-11-09,2020-08-20,2023-05-28
1854964,NLCP,OTC,"NewLake Capital Partners, Inc.",delisted_or_shrunk,6,2021-09-09,2022-11-10,2021-09-09,2023-05-29
1282631,NLST,OTC,NETLIST INC,delisted_or_shrunk,20,2018-03-30,2022-11-02,2018-03-30,2023-05-21
1335105,NMAD,Nasdaq,"NOMAD POWER SOLUTIONS, INC.",delisted_or_shrunk,19,2018-03-23,2022-11-08,2018-03-23,2023-05-27
1415744,NMEX,OTC,NORTHERN MINERALS & EXPLORATION LTD.,delisted_or_shrunk,20,2018-01-12,2021-10-29,2018-01-12,2022-05-17
1496099,NMFC,Nasdaq,New Mountain Finance Corp,delisted_or_shrunk,20,2018-02-28,2022-11-08,2018-02-28,2023-05-27
891417,NMGX,OTC,Nano Magic Inc.,delisted_or_shrunk,20,2018-06-15,2022-11-14,2018-06-15,2023-06-02
1500198,NMTC,Nasdaq,NEUROONE MEDICAL TECHNOLOGIES Corp,delisted_or_shrunk,19,2018-04-16,2022-12-22,2018-04-16,2023-07-10
1132509,NNAX,OTC,New Momentum Corp.,delisted_or_shrunk,9,2020-11-12,2022-11-16,2020-11-12,2023-06-04
1258602,NNI,NYSE,NELNET INC,delisted_or_shrunk,20,2018-02-27,2022-11-07,2018-02-27,2023-05-26
888981,NNUP,OTC,NOCOPI TECHNOLOGIES INC/MD/,delisted_or_shrunk,20,2018-03-29,2022-11-14,2018-03-29,2023-06-02
1379006,NNVC,NYSE,"NANOVIRICIDES, INC.",delisted_or_shrunk,18,2018-10-12,2022-11-14,2018-10-12,2023-06-02
72205,NOBH,OTC,NOBILITY HOMES INC,delisted_or_shrunk,20,2018-01-26,2022-09-19,2018-01-26,2023-04-07
1011060,NORD,OTC,Nordicus Partners Corp,delisted_or_shrunk,20,2018-02-14,2022-11-14,2018-02-14,2023-06-02
1823466,NOTE,OTC,"FiscalNote Holdings, Inc.",delisted_or_shrunk,6,2021-03-31,2022-11-14,2021-03-31,2023-06-02
720154,NOTVQ,,"Inotiv, Inc.",delisted_or_shrunk,19,2018-02-14,2022-08-12,2018-02-14,2023-02-28
1119643,NPHC,OTC,NUTRA PHARMA CORP,delisted_or_shrunk,20,2018-04-17,2022-11-21,2018-04-17,2023-06-09
1759546,NRDE,OTC,Stark Novus Financial Inc.,delisted_or_shrunk,7,2021-06-08,2022-11-07,2021-06-08,2023-05-26
1819404,NRDY,NYSE,Nerdy Inc.,delisted_or_shrunk,6,2021-02-16,2022-11-14,2021-02-16,2023-06-02
1680689,NRHI,OTC,"Natural Resource Holdings, Inc.",delisted_or_shrunk,10,2020-12-28,2022-12-14,2020-12-28,2023-07-02
1603793,NRIS,OTC,"Norris Industries, Inc.",delisted_or_shrunk,20,2018-01-22,2022-10-14,2018-01-22,2023-05-02
709005,NROM,OTC,NOBLE ROMANS INC,delisted_or_shrunk,20,2018-03-29,2022-11-09,2018-03-29,2023-05-28
1171486,NRP,NYSE,NATURAL RESOURCE PARTNERS LP,delisted_or_shrunk,20,2018-03-01,2022-11-03,2018-03-01,2023-05-22
72633,NRT,NYSE,NORTH EUROPEAN OIL ROYALTY TRUST,delisted_or_shrunk,17,2018-05-30,2022-12-30,2018-05-30,2023-07-18
70502,NRUC,NYSE,NATIONAL RURAL UTILITIES COOPERATIVE FINANCE CORP /DC/,delisted_or_shrunk,20,2018-01-11,2022-10-13,2018-01-11,2023-05-01
13372,NSARO,OTC,NSTAR ELECTRIC CO,delisted_or_shrunk,20,2018-02-26,2022-11-04,2018-02-26,2023-05-23
1509470,NSLR,Nasdaq,Neostellar Capital Corp.,delisted_or_shrunk,20,2018-03-16,2022-11-09,2018-03-16,2023-05-28
1433607,NSPR,Nasdaq,"InspireMD, Inc.",delisted_or_shrunk,20,2018-02-13,2022-11-07,2018-02-13,2023-05-26
722313,NSYS,Nasdaq,NORTECH SYSTEMS INC,delisted_or_shrunk,20,2018-03-27,2022-11-09,2018-03-27,2023-05-28
875582,NTIC,Nasdaq,NORTHERN TECHNOLOGIES INTERNATIONAL CORP,delisted_or_shrunk,20,2018-01-12,2022-11-15,2018-01-12,2023-06-03
1065078,NTIP,NYSE,"NETWORK-1 TECHNOLOGIES, INC.",delisted_or_shrunk,20,2018-04-02,2022-11-14,2018-04-02,2023-06-02
1676047,NTRB,Nasdaq,NutriBand Inc.,delisted_or_shrunk,15,2019-04-19,2022-12-02,2019-04-19,2023-06-20
788611,NTRP,Nasdaq,"NextTrip, Inc.",delisted_or_shrunk,20,2018-04-17,2022-11-14,2018-04-17,2023-06-02
1039280,NTWK,Nasdaq,NETSOL TECHNOLOGIES INC,delisted_or_shrunk,20,2018-02-13,2022-11-10,2018-02-13,2023-05-29
1543637,NUMD,OTC,"Nu-Med Plus, Inc.",delisted_or_shrunk,9,2018-08-02,2022-03-31,2018-08-02,2022-10-17
1861560,NUVL,Nasdaq,"Nuvalent, Inc.",delisted_or_shrunk,6,2021-09-08,2022-11-10,2021-09-08,2023-05-29
71557,NUVR,OTC,"Nuvera Communications, Inc.",delisted_or_shrunk,20,2018-03-15,2022-11-09,2018-03-15,2023-05-28
1506492,NUWE,Nasdaq,"Nuwellis, Inc.",delisted_or_shrunk,17,2018-03-22,2022-11-08,2018-03-22,2023-05-27
1661053,NVNO,Nasdaq,enVVeno Medical Corp,delisted_or_shrunk,14,2018-08-10,2022-10-27,2018-08-10,2023-05-15
1720635,NVT,NYSE,nVent Electric plc,delisted_or_shrunk,16,2018-05-08,2022-10-28,2018-05-08,2023-05-16
1836875,NVVE,OTC,Nuvve Holding Corp.,delisted_or_shrunk,7,2021-05-24,2022-11-14,2021-05-24,2023-06-02
1072379,NWBO,OTC,NORTHWEST BIOTHERAPEUTICS INC,delisted_or_shrunk,6,2018-04-17,2022-03-01,2018-04-17,2022-09-17
1163389,NWPP,OTC,NEW PEOPLES BANKSHARES INC,delisted_or_shrunk,20,2018-03-23,2022-11-14,2018-03-23,2023-06-02
1468929,NXGL,Nasdaq,"NEXGEL, INC.",delisted_or_shrunk,14,2019-09-09,2022-11-08,2019-09-09,2023-05-27
1058307,NXPL,Nasdaq,NextPlat Corp,delisted_or_shrunk,20,2018-04-02,2022-11-14,2018-04-02,2023-06-02
1661059,NXTC,Nasdaq,"NextCure, Inc.",delisted_or_shrunk,5,2020-08-06,2021-11-04,2020-08-06,2022-05-23
1789192,NXTS,Nasdaq,Nexentis Technologies Inc.,delisted_or_shrunk,11,2020-03-30,2022-11-14,2020-03-30,2023-06-02
1784970,NXTT,Nasdaq,Next Technology Holding Inc.,delisted_or_shrunk,11,2020-06-29,2022-11-23,2020-06-29,2023-06-11
1817004,NXXT,Nasdaq,"NEXTNRG, INC.",delisted_or_shrunk,5,2021-11-10,2022-11-14,2021-11-10,2023-06-02
1595527,NYC,NYSE,American Strategic Investment Co.,delisted_or_shrunk,20,2018-03-19,2022-11-14,2018-03-19,2023-06-02
1403528,OAK-PA,NYSE,"Brookfield Oaktree Holdings, LLC",delisted_or_shrunk,20,2018-02-23,2022-11-10,2018-02-23,2023-05-29
1655888,OBDC,NYSE,Blue Owl Capital Corp,delisted_or_shrunk,5,2018-03-05,2022-02-23,2018-03-05,2022-09-11
1000230,OCC,Nasdaq,OPTICAL CABLE CORP,delisted_or_shrunk,17,2018-03-13,2022-09-12,2018-03-13,2023-03-31
1372299,OCGN,Nasdaq,"Ocugen, Inc.",delisted_or_shrunk,13,2018-03-15,2022-11-08,2018-03-15,2023-05-27
1419793,OCLN,OTC,"ORIGINCLEAR, INC.",delisted_or_shrunk,20,2018-04-17,2022-11-15,2018-04-17,2023-06-03
1414932,OCSL,Nasdaq,Oaktree Specialty Lending Corp,delisted_or_shrunk,8,2018-11-29,2022-11-15,2018-11-29,2023-06-03
1610718,ODRS,OTC,"Outdoor Specialty Products, Inc.",delisted_or_shrunk,5,2021-12-29,2022-12-21,2021-12-29,2023-07-09
1577445,ODYS,Nasdaq,Odysight.ai Inc.,delisted_or_shrunk,14,2019-07-09,2022-11-14,2019-07-09,2023-06-02
1626644,ODYY,OTC,"Odyssey Health, Inc.",delisted_or_shrunk,17,2018-05-30,2022-12-14,2018-05-30,2023-07-02
1409375,OESX,Nasdaq,"ORION ENERGY SYSTEMS, INC.",delisted_or_shrunk,20,2018-02-07,2022-11-08,2018-02-07,2023-05-27
1501078,OFED,OTC,Oconee Federal Financial Corp.,delisted_or_shrunk,20,2018-02-13,2022-11-14,2018-02-13,2023-06-02
1487918,OFS,Nasdaq,OFS Capital Corp,delisted_or_shrunk,19,2018-03-12,2022-11-04,2018-03-12,2023-05-23
1587732,OGS,NYSE,"ONE Gas, Inc.",delisted_or_shrunk,20,2018-02-22,2022-11-01,2018-02-22,2023-05-20
1314196,OLB,Nasdaq,"OLB GROUP, INC.",delisted_or_shrunk,18,2018-04-13,2022-11-14,2018-04-13,2023-06-02
1750284,OLMA,Nasdaq,"Olema Pharmaceuticals, Inc.",delisted_or_shrunk,8,2021-03-17,2022-11-08,2021-03-17,2023-05-27
1023994,OLOX,Nasdaq,OLENOX INDUSTRIES INC.,delisted_or_shrunk,20,2018-03-01,2022-11-16,2018-03-01,2023-06-04
712770,OLP,NYSE,ONE LIBERTY PROPERTIES INC,delisted_or_shrunk,16,2018-03-14,2022-11-04,2018-03-14,2023-05-23
1868726,OLPX,Nasdaq,"OLAPLEX HOLDINGS, INC.",delisted_or_shrunk,5,2021-11-10,2022-11-09,2021-11-10,2023-05-28
1484612,OM,Nasdaq,"Outset Medical, Inc.",delisted_or_shrunk,9,2020-11-12,2022-11-09,2020-11-12,2023-05-28
1285819,OMER,Nasdaq,OMEROS CORP,delisted_or_shrunk,20,2018-03-01,2022-11-09,2018-03-01,2023-05-28
798528,OMEX,Nasdaq,ODYSSEY MARINE EXPLORATION INC,delisted_or_shrunk,19,2018-03-26,2022-11-15,2018-03-26,2023-06-03
278165,OMQS,OTC,OMNIQ Corp.,delisted_or_shrunk,20,2018-05-08,2022-11-14,2018-05-08,2023-06-02
1404804,OMTK,OTC,Omnitek Engineering Corp,delisted_or_shrunk,20,2018-03-30,2022-11-15,2018-03-30,2023-06-03
1682265,ONAR,OTC,Onar Holding Corp,delisted_or_shrunk,20,2018-04-13,2022-11-15,2018-04-13,2023-06-03
1651308,ONC,Nasdaq,BeOne Medicines Ltd.,delisted_or_shrunk,20,2018-02-28,2022-11-09,2018-02-28,2023-05-28
1110611,ONTF,NYSE,ON24 INC.,delisted_or_shrunk,8,2021-03-30,2022-11-14,2021-03-30,2023-06-02
1825024,OPAD,NYSE,Offerpad Solutions Inc.,delisted_or_shrunk,5,2021-11-10,2022-11-02,2021-11-10,2023-05-21
1818502,OPFI,NYSE,OppFi Inc.,delisted_or_shrunk,6,2021-08-10,2022-11-09,2021-08-10,2023-05-28
1288855,OPHC,NYSE,"OptimumBank Holdings, Inc.",delisted_or_shrunk,10,2018-08-14,2022-11-10,2018-08-14,2023-05-29
1456772,OPI,Nasdaq,OFFICE PROPERTIES INCOME TRUST,delisted_or_shrunk,20,2018-02-27,2022-10-27,2018-02-27,2023-05-15
1378140,OPTT,NYSE,"Ocean Power Technologies, Inc.",delisted_or_shrunk,20,2018-03-06,2022-12-14,2018-03-06,2023-07-02
1397016,OPXS,Nasdaq,Optex Systems Holdings Inc,delisted_or_shrunk,20,2018-02-14,2022-12-19,2018-02-14,2023-07-07
1796280,ORIC,Nasdaq,"Oric Pharmaceuticals, Inc.",delisted_or_shrunk,7,2020-05-20,2022-03-21,2020-05-20,2022-10-07
907654,ORKA,Nasdaq,"Oruka Therapeutics, Inc.",delisted_or_shrunk,20,2018-03-22,2022-10-28,2018-03-22,2023-05-16
1176309,ORMP,Nasdaq,ORAMED PHARMACEUTICALS INC.,delisted_or_shrunk,16,2018-01-11,2022-11-10,2018-01-11,2023-05-29
1394056,OSS,Nasdaq,"ONE STOP SYSTEMS, INC.",delisted_or_shrunk,20,2018-03-21,2022-11-10,2018-03-21,2023-05-29
1758488,OSW,Nasdaq,ONESPAWORLD HOLDINGS Ltd,delisted_or_shrunk,16,2019-05-06,2022-11-03,2019-05-06,2023-05-22
1002638,OTEX,Nasdaq,OPEN TEXT CORP,delisted_or_shrunk,20,2018-01-31,2022-11-03,2018-01-31,2023-05-22
1747777,OTF,NYSE,Blue Owl Technology Finance Corp.,delisted_or_shrunk,8,2019-02-27,2022-11-10,2019-02-27,2023-05-29
908259,OTLC,OTC,"Oncotelic Therapeutics, Inc.",delisted_or_shrunk,11,2019-04-10,2022-11-18,2019-04-10,2023-06-06
1649989,OTLK,Nasdaq,"Outlook Therapeutics, Inc.",delisted_or_shrunk,14,2018-02-14,2022-12-29,2018-02-14,2023-07-17
1546652,OUNZ,NYSE,VanEck Merk Gold ETF,delisted_or_shrunk,5,2018-04-13,2022-04-13,2018-04-13,2022-10-30
1107280,OVTZ,OTC,OCULUS INC.,delisted_or_shrunk,13,2018-05-14,2022-03-21,2018-05-14,2022-10-07
1622244,OWPC,,"One World Products, Inc.",delisted_or_shrunk,13,2019-04-01,2022-11-14,2019-04-01,2023-06-02
1584831,OXBR,Nasdaq,OXBRIDGE RE HOLDINGS Ltd,delisted_or_shrunk,6,2018-08-14,2022-08-15,2018-08-14,2023-03-03
1679817,OZSC,OTC,"OZOP ENERGY SOLUTIONS, INC.",delisted_or_shrunk,15,2018-08-20,2022-11-14,2018-08-20,2023-06-02
1070423,PAA,Nasdaq,PLAINS ALL AMERICAN PIPELINE LP,delisted_or_shrunk,20,2018-02-27,2022-11-08,2018-02-27,2023-05-27
1581990,PAGP,Nasdaq,PLAINS GP HOLDINGS LP,delisted_or_shrunk,20,2018-02-27,2022-11-08,2018-02-27,2023-05-27
1787297,PASG,Nasdaq,"Passage BIO, Inc.",delisted_or_shrunk,8,2020-05-11,2022-03-03,2020-05-11,2022-09-19
1624326,PAVM,Nasdaq,PAVmed Inc.,delisted_or_shrunk,11,2018-03-14,2022-11-14,2018-03-14,2023-06-02
1017655,PAYD,OTC,PAID INC,delisted_or_shrunk,20,2018-03-30,2022-11-14,2018-03-30,2023-06-02
1609065,PBHC,Nasdaq,"Pathfinder Bancorp, Inc.",delisted_or_shrunk,20,2018-03-30,2022-11-14,2018-03-30,2023-06-02
1304161,PBSV,OTC,"Pharma-Bio Serv, Inc.",delisted_or_shrunk,20,2018-01-29,2022-09-14,2018-01-29,2023-04-02
319654,PBT,NYSE,PERMIAN BASIN ROYALTY TRUST,delisted_or_shrunk,20,2018-03-15,2022-11-14,2018-03-15,2023-06-02
1533743,PCSA,Nasdaq,"Processa Pharmaceuticals, Inc.",delisted_or_shrunk,11,2019-03-28,2022-11-08,2019-03-28,2023-05-27
1649094,PCVX,Nasdaq,"Vaxcyte, Inc.",delisted_or_shrunk,10,2020-08-12,2022-11-07,2020-08-12,2023-05-26
1472091,PDSB,Nasdaq,PDS Biotechnology Corp,delisted_or_shrunk,14,2018-03-01,2022-08-08,2018-03-01,2023-02-24
1474098,PEB,NYSE,Pebblebrook Hotel Trust,delisted_or_shrunk,20,2018-02-22,2022-10-27,2018-02-22,2023-05-15
1040130,PETS,Nasdaq,PETMED EXPRESS INC,delisted_or_shrunk,20,2018-01-30,2022-11-08,2018-01-30,2023-05-27
1512922,PETV,OTC,"PetVivo Holdings, Inc.",delisted_or_shrunk,22,2018-01-26,2022-11-10,2018-01-26,2023-05-29
770460,PFBX,OTC,PEOPLES FINANCIAL CORP /MS/,delisted_or_shrunk,12,2018-03-14,2022-08-10,2018-03-14,2023-02-26
1138476,PFHO,OTC,PACIFIC HEALTH CARE ORGANIZATION INC,delisted_or_shrunk,20,2018-04-02,2022-11-14,2018-04-02,2023-06-02
1504619,PFLT,NYSE,PennantPark Floating Rate Capital Ltd.,delisted_or_shrunk,7,2018-11-14,2022-11-17,2018-11-14,2023-06-05
1490349,PFX,Nasdaq,PhenixFIN Corp,delisted_or_shrunk,20,2018-02-06,2022-12-16,2018-02-06,2023-07-04
1356090,PGEN,Nasdaq,"PRECIGEN, INC.",delisted_or_shrunk,20,2018-03-01,2022-11-09,2018-03-01,2023-05-28
1080448,PGOL,OTC,PATRIOT GOLD CORP,delisted_or_shrunk,6,2018-08-29,2022-03-29,2018-08-29,2022-10-15
1620749,PHCI,OTC,Panamera Holdings Corp,delisted_or_shrunk,17,2018-03-19,2022-06-21,2018-03-19,2023-01-07
1533040,PHIO,Nasdaq,Phio Pharmaceuticals Corp.,delisted_or_shrunk,16,2018-03-26,2022-11-10,2018-03-26,2023-05-29
1665300,PHUN,Nasdaq,"Phunware, Inc.",delisted_or_shrunk,17,2019-03-06,2022-11-10,2019-03-06,2023-05-29
845385,PIAC,OTC,PRINCETON CAPITAL CORP,delisted_or_shrunk,24,2018-04-06,2022-11-10,2018-04-06,2023-05-29
1832511,PIII,Nasdaq,P3 Health Partners Inc.,delisted_or_shrunk,5,2021-04-06,2022-11-14,2021-04-06,2023-06-02
1600626,PKST,NYSE,Peakstone Realty Trust,delisted_or_shrunk,19,2018-03-09,2022-11-14,2018-03-09,2023-06-02
1128189,PKTX,OTC,"ProtoKinetix, Inc.",delisted_or_shrunk,5,2018-03-09,2022-03-10,2018-03-09,2022-09-26
1117057,PLAG,NYSE,Planet Green Holdings Corp.,delisted_or_shrunk,18,2018-04-17,2022-11-14,2018-04-17,2023-06-02
1168455,PLBC,Nasdaq,PLUMAS BANCORP,delisted_or_shrunk,20,2018-03-12,2022-11-09,2018-03-12,2023-05-28
1041859,PLCE,Nasdaq,"Childrens Place, Inc.",delisted_or_shrunk,20,2018-03-22,2022-11-30,2018-03-22,2023-06-18
1746473,PLRX,Nasdaq,"PLIANT THERAPEUTICS, INC.",delisted_or_shrunk,10,2020-08-11,2022-11-08,2020-08-11,2023-05-27
1158780,PLUR,Nasdaq,Pluri Inc.,delisted_or_shrunk,8,2018-02-06,2021-09-13,2018-02-06,2022-04-01
1157075,PMCB,Nasdaq,"PharmaCyte Biotech, Inc.",delisted_or_shrunk,20,2018-03-19,2022-12-14,2018-03-19,2023-07-02
806517,PMDI,OTC,PSYCHEMEDICS CORP,delisted_or_shrunk,20,2018-03-16,2022-11-10,2018-03-16,2023-05-29
1464423,PMT,NYSE,PennyMac Mortgage Investment Trust,delisted_or_shrunk,20,2018-03-01,2022-11-03,2018-03-01,2023-05-22
1098146,PNBK,Nasdaq,PATRIOT NATIONAL BANCORP INC,delisted_or_shrunk,20,2018-03-30,2022-11-14,2018-03-30,2023-06-02
81023,PNMXO,OTC,PUBLIC SERVICE CO OF NEW MEXICO,delisted_or_shrunk,20,2018-03-01,2022-11-04,2018-03-01,2023-05-23
1383414,PNNT,NYSE,PENNANTPARK INVESTMENT CORP,delisted_or_shrunk,9,2018-02-07,2022-11-17,2018-02-07,2023-06-05
1654672,PNPL,OTC,"PINEAPPLE, INC.",delisted_or_shrunk,8,2020-04-01,2022-05-27,2020-04-01,2022-12-13
77360,PNR,NYSE,PENTAIR plc,delisted_or_shrunk,16,2018-02-27,2022-10-25,2018-02-27,2023-05-13
1784058,PNYG,OTC,Pony Group Inc.,delisted_or_shrunk,10,2020-11-23,2022-11-14,2020-11-23,2023-06-02
867840,POCI,Nasdaq,"PRECISION OPTICS CORPORATION, INC.",delisted_or_shrunk,20,2018-02-14,2022-11-14,2018-02-14,2023-06-02
1622345,POLA,Nasdaq,"Polar Power, Inc.",delisted_or_shrunk,20,2018-04-02,2022-11-14,2018-04-02,2023-06-02
1517681,PPCB,Nasdaq,"Propanc Biopharma, Inc.",delisted_or_shrunk,8,2018-02-09,2022-02-14,2018-02-09,2022-09-02
1449792,PPSI,Nasdaq,"PIONEER POWER SOLUTIONS, INC.",delisted_or_shrunk,20,2018-04-02,2022-11-14,2018-04-02,2023-06-02
1570937,PREM,OTC,Premier Air Charter Holdings Inc.,delisted_or_shrunk,5,2018-08-17,2022-07-12,2018-08-17,2023-01-28
1502292,PRHI,Nasdaq,"Presurance Holdings, Inc.",delisted_or_shrunk,15,2018-03-15,2022-11-09,2018-03-15,2023-05-28
1297937,PRKA,OTC,"PARKS AMERICA, INC",delisted_or_shrunk,20,2018-02-08,2022-12-15,2018-02-08,2023-07-03
914139,PRKR,OTC,PARKERVISION INC,delisted_or_shrunk,9,2018-03-29,2021-11-15,2018-03-29,2022-06-03
1678660,PRLD,Nasdaq,Prelude Therapeutics Inc,delisted_or_shrunk,9,2020-11-10,2022-11-14,2020-11-10,2023-06-02
1162896,PROP,Nasdaq,Prairie Operating Co.,delisted_or_shrunk,20,2018-04-02,2022-11-14,2018-04-02,2023-06-02
1010470,PROV,Nasdaq,PROVIDENT FINANCIAL HOLDINGS INC,delisted_or_shrunk,20,2018-02-08,2022-11-04,2018-02-08,2023-05-23
868278,PRPH,OTC,"ProPhase Labs, Inc.",delisted_or_shrunk,20,2018-03-28,2022-11-10,2018-03-28,2023-05-29
1643953,PRPL,Nasdaq,"Purple Innovation, Inc.",delisted_or_shrunk,19,2018-05-15,2022-11-09,2018-05-15,2023-05-28
1043961,PRPO,Nasdaq,"Precipio, Inc.",delisted_or_shrunk,20,2018-04-13,2022-11-10,2018-04-13,2023-05-29
79661,PRSI,OTC,PORTSMOUTH SQUARE INC,delisted_or_shrunk,20,2018-02-02,2022-11-14,2018-02-02,2023-06-02
890394,PRSO,Nasdaq,Peraso Inc.,delisted_or_shrunk,20,2018-03-12,2022-11-14,2018-03-12,2023-06-02
1724009,PRT,NYSE,PermRock Royalty Trust,delisted_or_shrunk,18,2018-06-15,2022-11-14,2018-06-15,2023-06-02
1559053,PRTA,Nasdaq,PROTHENA CORP PUBLIC LTD CO,delisted_or_shrunk,20,2018-02-26,2022-11-03,2018-02-26,2023-05-22
1378950,PRTS,Nasdaq,"CarParts.com, Inc.",delisted_or_shrunk,20,2018-03-14,2022-11-10,2018-03-14,2023-05-29
1692345,PRXA,OTC,"PROCACCIANTI HOTEL REIT, INC.",delisted_or_shrunk,16,2018-09-25,2022-11-10,2018-09-25,2023-05-29
1287032,PSEC,Nasdaq,PROSPECT CAPITAL CORP,delisted_or_shrunk,17,2018-02-07,2022-11-09,2018-02-07,2023-05-28
1609258,PTCO,OTC,PetroGas Co,delisted_or_shrunk,19,2018-07-23,2022-11-01,2018-07-23,2023-05-20
911216,PTN,Nasdaq,PALATIN TECHNOLOGIES INC,delisted_or_shrunk,7,2019-09-12,2022-11-14,2019-09-12,2023-06-02
1815903,PTPI,OTC,"Petros Pharmaceuticals, Inc.",delisted_or_shrunk,8,2021-03-31,2022-11-14,2021-03-31,2023-06-02
1575858,PUBC,OTC,Purebase Corp,delisted_or_shrunk,20,2018-02-28,2022-10-13,2018-02-28,2023-05-01
1574235,PULM,Nasdaq,"Pulmatrix, Inc.",delisted_or_shrunk,20,2018-03-13,2022-11-10,2018-03-13,2023-05-29
1006028,PURE,OTC,"PURE BIOSCIENCE, INC.",delisted_or_shrunk,20,2018-03-14,2022-12-14,2018-03-14,2023-07-02
315545,PVCT,OTC,"PROVECTUS BIOPHARMACEUTICALS, INC.",delisted_or_shrunk,14,2018-03-23,2022-11-09,2018-03-23,2023-05-28
1520048,PVL,NYSE,Permianville Royalty Trust,delisted_or_shrunk,12,2018-03-12,2022-03-25,2018-03-12,2022-10-11
1532619,PW,NYSE,Power REIT,delisted_or_shrunk,10,2020-07-29,2022-11-14,2020-07-29,2023-06-02
1640384,PWCM,Nasdaq,"POWERCOMPUTE, INC.",delisted_or_shrunk,20,2018-04-17,2022-11-17,2018-04-17,2023-06-05
1435617,PWDY,OTC,"POWERDYNE INTERNATIONAL, INC.",delisted_or_shrunk,8,2021-03-31,2022-10-21,2021-03-31,2023-05-09
1040161,PXLW,Nasdaq,"PIXELWORKS, INC",delisted_or_shrunk,20,2018-03-14,2022-11-08,2018-03-14,2023-05-27
1782223,PYXS,Nasdaq,"Pyxis Oncology, Inc.",delisted_or_shrunk,5,2021-11-15,2022-11-01,2021-11-15,2023-05-20
939930,PYYX,OTC,"PYXUS INTERNATIONAL, INC.",delisted_or_shrunk,19,2018-02-08,2022-11-10,2018-02-08,2023-05-29
1629210,PZG,NYSE,Paramount Gold Nevada Corp.,delisted_or_shrunk,5,2018-09-11,2022-10-13,2018-09-11,2023-05-01
1321834,QCLS,Nasdaq,"Q/C TECHNOLOGIES, INC.",delisted_or_shrunk,17,2018-04-03,2022-03-31,2018-04-03,2022-10-17
1094032,QDMI,OTC,QDM International Inc.,delisted_or_shrunk,8,2021-02-24,2022-11-14,2021-02-24,2023-06-02
1393781,QIND,OTC,Quality Industrial Corp.,delisted_or_shrunk,8,2021-03-29,2022-11-14,2021-03-29,2023-06-02
1101433,QMCI,OTC,QUOTEMEDIA INC,delisted_or_shrunk,20,2018-04-11,2022-11-10,2018-04-11,2023-05-29
750558,QNBC,OTC,QNB CORP.,delisted_or_shrunk,20,2018-03-16,2022-11-09,2018-03-16,2023-05-28
1662774,QNCX,Nasdaq,"Quince Therapeutics, Inc.",delisted_or_shrunk,9,2020-03-16,2022-11-09,2020-03-16,2023-05-28
1391933,QNTO,OTC,"QUAINT OAK BANCORP, INC.",delisted_or_shrunk,15,2018-05-14,2022-11-14,2018-05-14,2023-06-02
824416,QPRC,OTC,QUEST PATENT RESEARCH CORP,delisted_or_shrunk,18,2018-04-02,2022-08-15,2018-04-02,2023-03-03
1442236,QRHC,Nasdaq,Quest Resource Holding Corp,delisted_or_shrunk,20,2018-04-02,2022-11-14,2018-04-02,2023-06-02
1811414,QS,Nasdaq,QuantumScape Corp,delisted_or_shrunk,8,2021-02-23,2022-10-28,2021-02-23,2023-05-16
1103795,QSEP,OTC,"QS Energy, Inc.",delisted_or_shrunk,19,2018-04-02,2022-11-10,2018-04-02,2023-05-29
1753391,QSJC,OTC,"TANCHENG GROUP CO., LTD.",delisted_or_shrunk,8,2019-06-14,2021-03-11,2019-06-14,2021-09-27
1618755,QSP,,Restaurant Brands International Limited Partnership,delisted_or_shrunk,20,2018-02-23,2022-11-03,2018-02-23,2023-05-22
1503274,QTRX,Nasdaq,Quanterix Corp,delisted_or_shrunk,20,2018-03-19,2022-11-09,2018-03-19,2023-05-28
1661998,QTTB,Nasdaq,Q32 Bio Inc.,delisted_or_shrunk,19,2018-05-14,2022-11-10,2018-05-14,2023-05-29
1549631,QURT,OTC,"Quarta-Rad, Inc.",delisted_or_shrunk,20,2018-04-13,2022-11-21,2018-04-13,2023-06-09
1355096,QVCAQ,,"Old QVC Group, Inc.",delisted_or_shrunk,20,2018-03-01,2022-11-04,2018-03-01,2023-05-23
1254699,QVCG,Nasdaq,"QVC Group, Inc.",delisted_or_shrunk,20,2018-03-02,2022-11-04,2018-03-02,2023-05-23
797542,QXL,Nasdaq,QUANTUM X LABS INC.,delisted_or_shrunk,19,2018-04-17,2022-11-21,2018-04-17,2023-06-09
81955,RAND,Nasdaq,RAND CAPITAL CORP,delisted_or_shrunk,10,2018-03-08,2022-03-08,2018-03-08,2022-09-24
1856725,RANI,Nasdaq,"Rani Therapeutics Holdings, Inc.",delisted_or_shrunk,6,2021-09-13,2022-11-10,2021-09-13,2023-05-29
718332,RAVE,Nasdaq,"RAVE RESTAURANT GROUP, INC.",delisted_or_shrunk,20,2018-02-06,2022-11-03,2018-02-06,2023-05-22
1046102,RBA,NYSE,RB GLOBAL INC.,delisted_or_shrunk,20,2018-02-26,2022-11-07,2018-02-26,2023-05-26
1410172,RBCN,OTC,"Rubicon Technology, Inc.",delisted_or_shrunk,20,2018-03-20,2022-11-10,2018-03-20,2023-05-29
1812173,RBOT,OTC,Vicarious Surgical Inc.,delisted_or_shrunk,6,2021-03-26,2022-11-07,2021-03-26,2023-05-26
1527590,RC,NYSE,Ready Capital Corp,delisted_or_shrunk,20,2018-03-16,2022-11-08,2018-03-16,2023-05-27
1449349,RDGL,OTC,VIVOS INC,delisted_or_shrunk,20,2018-04-02,2022-10-19,2018-04-02,2023-05-07
716634,RDI,Nasdaq,READING INTERNATIONAL INC,delisted_or_shrunk,20,2018-03-16,2022-11-09,2018-03-16,2023-05-28
1140215,REED,NYSE,"REED'S, INC.",delisted_or_shrunk,20,2018-04-02,2022-11-14,2018-04-02,2023-06-02
1419806,REEMF,OTC,RARE ELEMENT RESOURCES LTD,delisted_or_shrunk,5,2018-03-28,2022-03-23,2018-03-28,2022-10-09
793524,REFR,Nasdaq,RESEARCH FRONTIERS INC,delisted_or_shrunk,12,2018-03-13,2022-08-04,2018-03-13,2023-02-20
1697851,REKR,Nasdaq,"Rekor Systems, Inc.",delisted_or_shrunk,20,2018-04-12,2022-11-14,2018-04-12,2023-06-02
1468327,RENT,Nasdaq,"Rent the Runway, Inc.",delisted_or_shrunk,5,2021-12-10,2022-12-09,2021-12-10,2023-06-27
1737953,REPL,Nasdaq,"Replimune Group, Inc.",delisted_or_shrunk,17,2018-08-30,2022-08-04,2018-08-30,2023-02-20
740664,RFIL,Nasdaq,R F INDUSTRIES LTD,delisted_or_shrunk,20,2018-01-24,2022-09-14,2018-01-24,2023-04-02
1713863,RFL,NYSE,"Rafael Holdings, Inc.",delisted_or_shrunk,20,2018-03-12,2022-12-13,2018-03-12,2023-07-01
716643,RGS,Nasdaq,REGIS CORP,delisted_or_shrunk,20,2018-02-01,2022-11-01,2018-02-01,2023-05-20
1004724,RHEP,OTC,"REGIONAL HEALTH PROPERTIES, INC",delisted_or_shrunk,20,2018-04-16,2022-11-22,2018-04-16,2023-06-10
1785493,RHNO,OTC,RHINO BITCOIN INC.,delisted_or_shrunk,12,2020-03-16,2022-12-14,2020-03-16,2023-07-02
1451505,RIG,NYSE,Transocean Ltd.,delisted_or_shrunk,20,2018-02-21,2022-11-04,2018-02-21,2023-05-23
923601,RIME,Nasdaq,"Algorhythm Holdings, Inc.",delisted_or_shrunk,20,2018-02-14,2022-11-14,2018-02-14,2023-06-02
1469443,RKDA,Nasdaq,"Arcadia Biosciences, Inc.",delisted_or_shrunk,20,2018-03-20,2022-11-10,2018-03-20,2023-05-29
34285,RLBY,OTC,RELIABILITY INC,delisted_or_shrunk,12,2020-05-01,2022-11-14,2020-05-01,2023-06-02
1511337,RLJ,NYSE,RLJ Lodging Trust,delisted_or_shrunk,20,2018-02-28,2022-11-03,2018-02-28,2023-05-22
1553643,RLMD,Nasdaq,"RELMADA THERAPEUTICS, INC.",delisted_or_shrunk,10,2018-09-28,2022-11-10,2018-09-28,2023-05-29
1739410,RLYB,Nasdaq,Rallybio Corp,delisted_or_shrunk,6,2021-09-09,2022-11-07,2021-09-09,2023-05-26
1616262,RMCF,Nasdaq,"Rocky Mountain Chocolate Factory, Inc.",delisted_or_shrunk,20,2018-01-12,2022-10-14,2018-01-12,2023-05-02
1358654,RMESF,OTC,"RED METAL RESOURCES, LTD.",delisted_or_shrunk,15,2018-05-14,2021-09-14,2018-05-14,2022-04-02
1412126,RMSL,OTC,RemSleep Holdings Inc.,delisted_or_shrunk,8,2018-06-28,2022-08-22,2018-06-28,2023-03-10
1760026,RMTG,OTC,Regenerative Medical Technology Group Inc.,delisted_or_shrunk,16,2019-04-17,2022-11-09,2019-04-17,2023-05-28
1041024,RMTI,Nasdaq,"ROCKWELL MEDICAL, INC.",delisted_or_shrunk,20,2018-03-15,2022-11-14,2018-03-15,2023-06-02
1438943,RNGE,OTC,"RANGE IMPACT, INC.",delisted_or_shrunk,7,2018-02-14,2021-05-19,2018-02-14,2021-12-05
913144,RNR,NYSE,RENAISSANCERE HOLDINGS LTD,delisted_or_shrunk,20,2018-02-09,2022-11-02,2018-02-09,2023-05-21
1420565,RNTX,Nasdaq,"Rein Therapeutics, Inc.",delisted_or_shrunk,20,2018-04-02,2022-11-01,2018-04-02,2023-05-20
1574094,RNXT,Nasdaq,"RenovoRx, Inc.",delisted_or_shrunk,5,2021-11-15,2022-11-14,2021-11-15,2023-06-02
1635088,ROIV,Nasdaq,Roivant Sciences Ltd.,delisted_or_shrunk,6,2021-09-21,2022-11-14,2021-09-21,2023-06-02
1694617,ROYL,,"Royale Energy, Inc.",delisted_or_shrunk,19,2018-05-21,2022-11-17,2018-05-21,2023-06-05
1380106,RPID,Nasdaq,"RAPID MICRO BIOSYSTEMS, INC.",delisted_or_shrunk,6,2021-08-27,2022-11-10,2021-08-27,2023-05-29
1437283,RPMT,OTC,"REGO PAYMENT ARCHITECTURES, INC.",delisted_or_shrunk,20,2018-04-02,2022-11-14,2018-04-02,2023-06-02
1614806,RPT,NYSE,Rithm Property Trust Inc.,delisted_or_shrunk,19,2018-03-08,2022-11-04,2018-03-08,2023-05-23
1171759,RRGB,Nasdaq,RED ROBIN GOURMET BURGERS INC,delisted_or_shrunk,20,2018-02-27,2022-11-02,2018-02-27,2023-05-21
84112,RSKIA,OTC,"GEORGE RISK INDUSTRIES, INC.",delisted_or_shrunk,10,2018-03-16,2022-09-20,2018-03-16,2023-04-08
83350,RSRV,OTC,RESERVE PETROLEUM CO,delisted_or_shrunk,20,2018-03-29,2022-11-14,2018-03-29,2023-06-02
1386301,RSSS,Nasdaq,"Research Solutions, Inc.",delisted_or_shrunk,20,2018-02-14,2022-11-14,2018-02-14,2023-06-02
1419275,RTB,Nasdaq,"RTB Digital, Inc.",delisted_or_shrunk,20,2018-04-20,2022-11-21,2018-04-20,2023-06-09
1580262,RTON,OTC,"Right On Brands, Inc.",delisted_or_shrunk,18,2018-02-20,2022-11-18,2018-02-20,2023-06-06
1628171,RVMD,Nasdaq,"Revolution Medicines, Inc.",delisted_or_shrunk,12,2020-03-30,2022-11-07,2020-03-30,2023-05-26
946563,RVP,NYSE,RETRACTABLE TECHNOLOGIES INC,delisted_or_shrunk,20,2018-04-02,2022-11-14,2018-04-02,2023-06-02
1742927,RVPH,OTC,"REVIVA PHARMACEUTICALS HOLDINGS, INC.",delisted_or_shrunk,8,2021-03-22,2022-11-14,2021-03-22,2023-06-02
1641601,RVRF,OTC,River Financial Corp,delisted_or_shrunk,20,2018-03-20,2022-11-08,2018-03-20,2023-05-27
1041368,RVSB,Nasdaq,RIVERVIEW BANCORP INC,delisted_or_shrunk,20,2018-02-08,2022-11-10,2018-02-08,2023-05-29
1653384,RWAY,Nasdaq,Runway Growth Finance Corp.,delisted_or_shrunk,20,2018-03-29,2022-11-03,2018-03-29,2023-05-22
1448038,RWDMU,OTC,Redwood Mortgage Investors IX,delisted_or_shrunk,20,2018-04-02,2022-11-14,2018-04-02,2023-06-02
930236,RWT,NYSE,REDWOOD TRUST INC,delisted_or_shrunk,20,2018-02-28,2022-11-07,2018-02-28,2023-05-26
1424864,RYES,OTC,Rise Gold Corp.,delisted_or_shrunk,9,2018-06-14,2022-10-31,2018-06-14,2023-05-19
1800637,RYM,Nasdaq,"RYTHM, Inc.",delisted_or_shrunk,8,2021-04-02,2022-11-14,2021-04-02,2023-06-02
1509261,RZLT,Nasdaq,"Rezolute, Inc.",delisted_or_shrunk,16,2019-02-14,2022-11-09,2019-02-14,2023-05-28
1833214,SABS,Nasdaq,"SAB Biotherapeutics, Inc.",delisted_or_shrunk,7,2021-05-21,2022-11-14,2021-05-21,2023-06-02
1682220,SACH,NYSE,Sachem Capital Corp.,delisted_or_shrunk,20,2018-04-02,2022-11-10,2018-04-02,2023-05-29
1050606,SALM,OTC,"SALEM MEDIA GROUP, INC. /DE/",delisted_or_shrunk,20,2018-03-16,2022-11-04,2018-03-16,2023-05-23
1549966,SAMG,Nasdaq,Silvercrest Asset Management Group Inc.,delisted_or_shrunk,20,2018-03-09,2022-11-03,2018-03-09,2023-05-22
1770121,SANA,Nasdaq,"Sana Biotechnology, Inc.",delisted_or_shrunk,8,2021-03-24,2022-11-02,2021-03-24,2023-05-21
1377936,SAR,NYSE,SARATOGA INVESTMENT CORP.,delisted_or_shrunk,20,2018-01-10,2022-10-04,2018-01-10,2023-04-22
1661600,SATT,OTC,SATIVUS TECH CORP.,delisted_or_shrunk,6,2018-01-10,2021-05-20,2018-01-10,2021-12-06
1870600,SBDS,OTC,"Solo Brands, Inc.",delisted_or_shrunk,5,2021-12-09,2022-11-10,2021-12-09,2023-05-29
1402328,SBFM,Nasdaq,Sunshine Biopharma Inc.,delisted_or_shrunk,11,2018-04-02,2022-08-03,2018-04-02,2023-02-19
710752,SBR,NYSE,SABINE ROYALTY TRUST,delisted_or_shrunk,20,2018-03-08,2022-11-10,2018-03-08,2023-05-29
92103,SCE-PG,NYSE,SOUTHERN CALIFORNIA EDISON Co,delisted_or_shrunk,20,2018-02-22,2022-11-01,2018-02-22,2023-05-20
830616,SCIA,OTC,"SCI Engineered Materials, Inc.",delisted_or_shrunk,18,2018-02-01,2022-10-28,2018-02-01,2023-05-16
944075,SCKT,Nasdaq,"SOCKET MOBILE, INC.",delisted_or_shrunk,20,2018-03-23,2022-11-14,2018-03-23,2023-06-02
1551901,SCM,NYSE,Stellus Capital Investment Corp,delisted_or_shrunk,17,2018-03-06,2022-08-03,2018-03-06,2023-02-19
87802,SCND,OTC,SCIENTIFIC INDUSTRIES INC,delisted_or_shrunk,20,2018-02-14,2022-11-14,2018-02-14,2023-06-02
1382574,SCNX,Nasdaq,"Scienture Holdings, Inc.",delisted_or_shrunk,20,2018-03-02,2022-11-07,2018-03-02,2023-05-26
1158172,SCOR,Nasdaq,"COMSCORE, INC.",delisted_or_shrunk,23,2018-03-23,2022-11-09,2018-03-23,2023-05-28
1703157,SCTH,OTC,"Securetech Innovations, Inc.",delisted_or_shrunk,19,2018-05-02,2022-10-28,2018-05-02,2023-05-16
933972,SCWO,Nasdaq,374Water Inc.,delisted_or_shrunk,9,2018-04-17,2022-11-01,2018-04-17,2023-05-20
1178253,SCYX,Nasdaq,SCYNEXIS INC,delisted_or_shrunk,17,2018-03-13,2022-11-09,2018-03-13,2023-05-28
1408146,SCYYF,OTC,SCANDIUM INTERNATIONAL MINING CORP.,delisted_or_shrunk,20,2018-02-28,2022-11-10,2018-02-28,2023-05-29
1022505,SDCH,OTC,"SideChannel, Inc.",delisted_or_shrunk,21,2018-01-12,2022-12-20,2018-01-12,2023-07-08
1389545,SDEV,NYSE,Stablecoin Development Corp,delisted_or_shrunk,20,2018-03-21,2022-11-14,2018-03-21,2023-06-02
1701756,SDOT,Nasdaq,Sadot Group Inc.,delisted_or_shrunk,21,2019-02-27,2022-11-10,2019-02-27,2023-05-29
1163609,SDSYA,OTC,SOUTH DAKOTA SOYBEAN PROCESSORS LLC,delisted_or_shrunk,20,2018-03-21,2022-11-10,2018-03-21,2023-05-29
1856031,SEAT,Nasdaq,Vivid Seats Inc.,delisted_or_shrunk,5,2021-11-15,2022-11-08,2021-11-15,2023-05-27
1726445,SEER,Nasdaq,"Seer, Inc.",delisted_or_shrunk,7,2021-05-11,2022-11-08,2021-05-11,2023-05-27
819926,SEII,OTC,SHARING ECONOMY INTERNATIONAL INC.,delisted_or_shrunk,20,2018-04-11,2022-11-18,2018-04-11,2023-06-06
1031235,SELF,Nasdaq,"Global Self Storage, Inc.",delisted_or_shrunk,20,2018-04-02,2022-11-10,2018-04-02,2023-05-29
1831840,SEMR,NYSE,"SEMrush Holdings, Inc.",delisted_or_shrunk,7,2021-05-11,2022-11-14,2021-05-11,2023-06-02
1576197,SENR,,"Strategic Environmental & Energy Resources, Inc.",delisted_or_shrunk,20,2018-04-18,2022-11-21,2018-04-18,2023-06-09
1708599,SER,NYSE,"Serina Therapeutics, Inc.",delisted_or_shrunk,15,2019-04-01,2022-11-10,2019-04-01,2023-05-29
1534969,SERA,Nasdaq,"SERA PROGNOSTICS, INC.",delisted_or_shrunk,5,2021-08-30,2022-11-09,2021-08-30,2023-05-28
1452477,SEVN,Nasdaq,Seven Hills Realty Trust,delisted_or_shrunk,7,2021-05-07,2022-10-26,2021-05-07,2023-05-14
1541119,SFBC,Nasdaq,"Sound Financial Bancorp, Inc.",delisted_or_shrunk,20,2018-03-27,2022-11-10,2018-03-27,2023-05-29
1624985,SFCX,OTC,SUPA Consolidated Inc.,delisted_or_shrunk,11,2020-01-22,2022-11-18,2020-01-22,2023-06-06
90498,SFNC,Nasdaq,SIMMONS FIRST NATIONAL CORP,delisted_or_shrunk,20,2018-02-28,2022-11-04,2018-02-28,2023-05-23
1106213,SFRX,OTC,SEAFARER EXPLORATION CORP,delisted_or_shrunk,11,2019-04-16,2022-11-14,2019-04-16,2023-06-02
886136,SGA,Nasdaq,SAGA COMMUNICATIONS INC,delisted_or_shrunk,20,2018-03-13,2022-11-09,2018-03-13,2023-05-28
1422892,SGLY,Nasdaq,Singularity Future Technology Ltd.,delisted_or_shrunk,17,2018-02-13,2022-02-14,2018-02-13,2022-09-02
1001233,SGMOQ,OTC,"SANGAMO THERAPEUTICS, INC",delisted_or_shrunk,20,2018-03-01,2022-11-03,2018-03-01,2023-05-22
1450923,SGOL,NYSE,abrdn Gold ETF Trust,delisted_or_shrunk,5,2018-02-27,2022-03-01,2018-02-27,2022-09-17
1004989,SGRP,OTC,"SPAR Group, Inc.",delisted_or_shrunk,20,2018-04-02,2022-11-14,2018-04-02,2023-06-02
1002590,SGU,NYSE,"STAR GROUP, L.P.",delisted_or_shrunk,20,2018-01-31,2022-12-07,2018-01-31,2023-06-25
1465470,SHMP,OTC,NaturalShrimp Inc,delisted_or_shrunk,18,2018-02-14,2022-11-14,2018-02-14,2023-06-02
1642159,SIGY,OTC,"Sigyn Therapeutics, Inc.",delisted_or_shrunk,17,2018-04-02,2022-11-14,2018-04-02,2023-06-02
1514183,SILO,Nasdaq,"Silo Pharma, Inc.",delisted_or_shrunk,20,2018-04-02,2022-11-10,2018-04-02,2023-05-29
1269026,SINT,Nasdaq,"Sintx Technologies, Inc.",delisted_or_shrunk,20,2018-03-29,2022-11-14,2018-03-29,2023-06-02
894315,SITC,NYSE,SITE Centers Corp.,delisted_or_shrunk,20,2018-02-26,2022-10-27,2018-02-26,2023-05-15
319655,SJT,NYSE,SAN JUAN BASIN ROYALTY TRUST,delisted_or_shrunk,20,2018-03-16,2022-11-14,2018-03-16,2023-06-02
1128281,SKAS,OTC,"Saker Aviation Services, Inc.",delisted_or_shrunk,20,2018-04-02,2022-11-14,2018-04-02,2023-06-02
1774675,SKIL,NYSE,Skillsoft Corp.,delisted_or_shrunk,6,2021-09-14,2022-12-09,2021-09-14,2023-06-27
1818093,SKIN,Nasdaq,SkinHealth Systems Inc.,delisted_or_shrunk,6,2021-08-13,2022-11-09,2021-08-13,2023-05-28
1546853,SKKY,OTC,"Skkynet Cloud Systems, Inc.",delisted_or_shrunk,20,2018-02-13,2022-09-12,2018-02-13,2023-03-31
899715,SKT,NYSE,TANGER INC.,delisted_or_shrunk,20,2018-02-22,2022-11-04,2018-02-22,2023-05-23
1085277,SKVI,OTC,"SKINVISIBLE, INC.",delisted_or_shrunk,20,2018-03-23,2022-11-14,2018-03-23,2023-06-02
1516551,SKYE,Nasdaq,"Skye Bioscience, Inc.",delisted_or_shrunk,14,2018-03-19,2022-03-28,2018-03-19,2022-10-14
1819974,SKYT,Nasdaq,"SkyWater Technology, LLC",delisted_or_shrunk,7,2021-05-19,2022-11-10,2021-05-19,2023-05-29
1657642,SLBK,OTC,"Skyline Bankshares, Inc.",delisted_or_shrunk,18,2018-03-23,2022-11-14,2018-03-23,2023-06-02
1707502,SLDB,Nasdaq,Solid Biosciences Inc.,delisted_or_shrunk,20,2018-03-29,2022-11-10,2018-03-29,2023-05-29
1621672,SLE,Nasdaq,"Super League Enterprise, Inc.",delisted_or_shrunk,15,2019-05-15,2022-11-16,2019-05-15,2023-06-04
1043186,SLNG,Nasdaq,"Stabilis Solutions, Inc.",delisted_or_shrunk,20,2018-03-29,2022-11-03,2018-03-29,2023-05-22
1794783,SLQT,NYSE,"SelectQuote, Inc.",delisted_or_shrunk,10,2020-09-10,2022-11-03,2020-09-10,2023-05-22
1390478,SLS,Nasdaq,"SELLAS Life Sciences Group, Inc.",delisted_or_shrunk,16,2018-04-13,2022-11-14,2018-04-13,2023-06-02
883107,SLSN,Nasdaq,"SOLESENCE, INC.",delisted_or_shrunk,20,2018-03-30,2022-11-14,2018-03-30,2023-06-02
1599298,SMMT,Nasdaq,Summit Therapeutics Inc.,delisted_or_shrunk,9,2020-11-16,2022-11-09,2020-11-16,2023-05-28
948708,SMSI,Nasdaq,"SMITH MICRO SOFTWARE, INC.",delisted_or_shrunk,20,2018-03-30,2022-11-14,2018-03-30,2023-06-02
1817760,SMTK,Nasdaq,"SmartKem, Inc.",delisted_or_shrunk,7,2021-05-17,2022-11-14,2021-05-17,2023-06-02
1358633,SNBH,OTC,SENTIENT BRANDS HOLDINGS INC.,delisted_or_shrunk,25,2018-07-09,2022-11-21,2018-07-09,2023-06-09
827187,SNBRQ,OTC,Sleep Number Corp,delisted_or_shrunk,20,2018-02-27,2022-11-08,2018-02-27,2023-05-27
1680378,SNES,Nasdaq,"SenesTech, Inc.",delisted_or_shrunk,20,2018-03-30,2022-11-14,2018-03-30,2023-06-02
812796,SNGX,Nasdaq,"SOLIGENIX, INC.",delisted_or_shrunk,20,2018-03-15,2022-11-10,2018-03-15,2023-05-29
1367083,SNOA,Nasdaq,"Sonoma Pharmaceuticals, Inc.",delisted_or_shrunk,20,2018-02-14,2022-11-14,2018-02-14,2023-06-02
1652539,SNRG,OTC,SusGlobal Energy Corp.,delisted_or_shrunk,19,2018-04-16,2022-11-14,2018-04-16,2023-06-02
811830,SNUS-PH,NYSE,"Santander Holdings USA, Inc.",delisted_or_shrunk,19,2018-03-19,2022-11-14,2018-03-19,2023-06-02
1417663,SNWV,Nasdaq,"SANUWAVE Health, Inc.",delisted_or_shrunk,20,2018-03-29,2022-11-14,2018-03-29,2023-06-02
1562733,SNYR,Nasdaq,Synergy CHC Corp.,delisted_or_shrunk,10,2018-04-02,2020-06-29,2018-04-02,2021-01-15
1425627,SOBR,Nasdaq,"SOBR Safe, Inc.",delisted_or_shrunk,7,2019-05-06,2022-11-14,2019-05-06,2023-06-02
91668,SODI,OTC,SOLITRON DEVICES INC,delisted_or_shrunk,11,2021-02-10,2022-10-11,2021-02-10,2023-04-29
1313536,SOHOB,Nasdaq,SOTHERLY HOTELS LP,delisted_or_shrunk,20,2018-03-16,2022-11-14,2018-03-16,2023-06-02
1301236,SOHON,OTC,Sotherly Hotels Inc.,delisted_or_shrunk,20,2018-03-16,2022-11-14,2018-03-16,2023-06-02
1178697,SONM,Nasdaq,"DNA X, Inc.",delisted_or_shrunk,15,2019-06-24,2022-11-14,2019-06-24,2023-06-02
1817511,SOPAQ,OTC,SOCIETY PASS INCORPORATED.,delisted_or_shrunk,5,2021-12-09,2022-11-14,2021-12-09,2023-06-02
806172,SOTK,Nasdaq,SONO TEK CORP,delisted_or_shrunk,20,2018-01-16,2022-10-17,2018-01-16,2023-05-05
1490161,SOWG,Nasdaq,Sow Good Inc.,delisted_or_shrunk,12,2018-11-08,2022-11-14,2018-11-08,2023-06-02
1807893,SPFX,OTC,"STANDARD PREMIUM FINANCE HOLDINGS, INC.",delisted_or_shrunk,8,2021-03-31,2022-11-14,2021-03-31,2023-06-02
1005210,SPH,NYSE,SUBURBAN PROPANE PARTNERS LP,delisted_or_shrunk,20,2018-02-08,2022-11-23,2018-02-08,2023-06-11
867038,SPND,OTC,SPINDLETOP OIL & GAS CO,delisted_or_shrunk,20,2018-04-17,2022-11-21,2018-04-17,2023-06-09
1576018,SPNT,NYSE,SiriusPoint Ltd,delisted_or_shrunk,18,2018-03-01,2022-11-02,2018-03-01,2023-05-21
1701108,SPRO,Nasdaq,"Spero Therapeutics, Inc.",delisted_or_shrunk,20,2018-04-02,2022-11-14,2018-04-02,2023-06-02
747540,SPRS,OTC,SURGE COMPONENTS INC,delisted_or_shrunk,20,2018-02-28,2022-10-17,2018-02-28,2023-05-05
1772720,SPRU,NYSE,SPRUCE POWER HOLDING CORP,delisted_or_shrunk,9,2020-03-30,2022-11-09,2020-03-30,2023-05-28
1840102,SPTY,OTC,"SPECIFICITY, INC.",delisted_or_shrunk,5,2021-11-15,2022-11-21,2021-11-15,2023-06-09
1132105,SPWH,Nasdaq,"SPORTSMAN'S WAREHOUSE HOLDINGS, INC.",delisted_or_shrunk,20,2018-03-29,2022-12-08,2018-03-29,2023-06-26
1080657,SQFT,Nasdaq,"Presidio Property Trust, Inc.",delisted_or_shrunk,20,2018-03-20,2022-11-10,2018-03-20,2023-05-29
318299,SRCO,OTC,"SPARTA COMMERCIAL SERVICES, INC.",delisted_or_shrunk,25,2020-07-09,2022-12-20,2020-07-09,2023-07-08
1628063,SRG,NYSE,Seritage Growth Properties,delisted_or_shrunk,18,2018-02-28,2022-11-09,2018-02-28,2023-05-28
1083490,SRRE,OTC,SUNRISE REAL ESTATE GROUP INC,delisted_or_shrunk,25,2018-01-03,2022-11-21,2018-01-03,2023-06-09
1727196,SRRK,Nasdaq,Scholar Rock Holding Corp,delisted_or_shrunk,16,2019-03-19,2022-11-14,2019-03-19,2023-06-02
1494891,SRTS,Nasdaq,"Sensus Healthcare, Inc.",delisted_or_shrunk,20,2018-02-15,2022-11-10,2018-02-15,2023-05-29
1471727,SRXH,NYSE,SRX Global Inc.,delisted_or_shrunk,19,2018-04-16,2022-11-10,2018-04-16,2023-05-29
1584693,SSGC,OTC,SafeSpace Global Corp,delisted_or_shrunk,13,2018-03-19,2022-12-15,2018-03-19,2023-07-03
1051514,SSKN,OTC,"STRATA Skin Sciences, Inc.",delisted_or_shrunk,20,2018-04-02,2022-11-09,2018-04-02,2023-05-28
1805833,SST,NYSE,"System1, Inc.",delisted_or_shrunk,5,2021-04-02,2022-11-14,2021-04-02,2023-06-02
1351636,SSTI,Nasdaq,"SOUNDTHINKING, INC.",delisted_or_shrunk,20,2018-03-28,2022-11-09,2018-03-28,2023-05-28
1539850,STCB,OTC,"Starco Brands, Inc.",delisted_or_shrunk,20,2018-03-30,2022-11-16,2018-03-30,2023-06-04
1757898,STE,NYSE,STERIS plc,delisted_or_shrunk,15,2019-05-30,2022-11-09,2019-05-30,2023-05-28
1511820,STEK,OTC,Stemtech Corp,delisted_or_shrunk,5,2021-11-19,2022-11-23,2021-11-19,2023-06-11
1758766,STEM,NYSE,"STEM, INC.",delisted_or_shrunk,6,2021-08-11,2022-11-04,2021-08-11,2023-05-23
1530766,STEX,Nasdaq,Streamex Corp.,delisted_or_shrunk,7,2020-03-13,2022-11-14,2020-03-13,2023-06-02
1399520,STKS,Nasdaq,"ONE Group Hospitality, Inc.",delisted_or_shrunk,20,2018-04-17,2022-11-03,2018-04-17,2023-05-22
1799191,STLN,Nasdaq,"Starling Oncology, Inc.",delisted_or_shrunk,5,2021-03-30,2022-11-09,2021-03-30,2023-05-28
797465,STLY,OTC,"HG Holdings, Inc.",delisted_or_shrunk,8,2018-03-23,2022-11-14,2018-03-23,2023-06-02
1493712,STME,OTC,Stimcell Energetics Inc.,delisted_or_shrunk,18,2018-01-16,2022-04-11,2018-01-16,2022-10-28
1698538,STSR,OTC,"Strategic Student & Senior Housing Trust, Inc.",delisted_or_shrunk,19,2018-06-08,2022-11-10,2018-06-08,2023-05-29
1394108,SUIC,OTC,SUIC Worldwide Holdings Ltd.,delisted_or_shrunk,5,2020-06-29,2022-05-16,2020-06-29,2022-12-02
1552275,SUN,NYSE,Sunoco LP,delisted_or_shrunk,20,2018-02-23,2022-11-03,2018-02-23,2023-05-22
22701,SUNE,Nasdaq,"SUNation Energy, Inc.",delisted_or_shrunk,20,2018-04-06,2022-11-14,2018-04-06,2023-06-02
1392694,SURG,Nasdaq,"SurgePays, Inc.",delisted_or_shrunk,23,2018-01-02,2022-11-14,2018-01-02,2023-06-02
1031093,SVBL,OTC,"SILVER BULL RESOURCES, INC.",delisted_or_shrunk,5,2018-01-17,2020-06-12,2018-01-17,2020-12-29
945394,SVC,Nasdaq,Service Properties Trust,delisted_or_shrunk,20,2018-03-01,2022-11-03,2018-03-01,2023-05-22
1160308,SVRA,Nasdaq,Savara Inc,delisted_or_shrunk,14,2018-03-14,2022-03-30,2018-03-14,2022-10-16
1495584,SVVC,OTC,"Firsthand Technology Value Fund, Inc.",delisted_or_shrunk,20,2018-03-16,2022-11-15,2018-03-16,2023-06-03
1872525,SWAG,Nasdaq,"Stran & Company, Inc.",delisted_or_shrunk,5,2021-12-07,2022-11-14,2021-12-07,2023-06-02
1711929,SWDR,OTC,"Starwood Real Estate Income Trust, Inc.",delisted_or_shrunk,13,2018-03-30,2022-11-14,2018-03-30,2023-06-02
1089907,SWKH,,SWK Holdings Corp,delisted_or_shrunk,19,2018-03-29,2022-11-09,2018-03-29,2023-05-28
1692115,SWX,NYSE,"Southwest Gas Holdings, Inc.",delisted_or_shrunk,20,2018-02-28,2022-11-09,2018-02-28,2023-05-28
1527599,SYBX,OTC,"SYNLOGIC, INC.",delisted_or_shrunk,20,2018-03-20,2022-11-10,2018-03-20,2023-05-29
864240,SYPR,Nasdaq,SYPRIS SOLUTIONS INC,delisted_or_shrunk,20,2018-03-20,2022-11-16,2018-03-20,2023-06-04
1636282,SYRE,Nasdaq,"Spyre Therapeutics, Inc.",delisted_or_shrunk,15,2018-03-13,2022-11-03,2018-03-13,2023-05-22
1017303,TACT,Nasdaq,TRANSACT TECHNOLOGIES INC,delisted_or_shrunk,20,2018-03-21,2022-11-14,2018-03-21,2023-06-02
942126,TAIT,OTC,TAITRON COMPONENTS INC,delisted_or_shrunk,20,2018-04-02,2022-11-14,2018-04-02,2023-06-02
1571934,TAOX,Nasdaq,TAO Synergies Inc.,delisted_or_shrunk,9,2020-12-23,2022-11-10,2020-12-23,2023-05-29
1359931,TARA,Nasdaq,"Protara Therapeutics, Inc.",delisted_or_shrunk,9,2018-03-14,2020-03-20,2018-03-14,2020-10-06
1056285,TBHC,Nasdaq,"BRAND HOUSE COLLECTIVE, INC.",delisted_or_shrunk,20,2018-04-03,2022-12-02,2018-04-03,2023-06-20
1090396,TBTC,OTC,TABLE TRAC INC,delisted_or_shrunk,20,2018-03-30,2022-11-10,2018-03-30,2023-05-29
1849466,TCBS,Nasdaq,"Texas Community Bancshares, Inc.",delisted_or_shrunk,7,2021-06-28,2022-11-14,2021-06-28,2023-06-02
1370755,TCPC,Nasdaq,BlackRock TCP Capital Corp.,delisted_or_shrunk,8,2018-02-27,2022-02-24,2018-02-27,2022-09-12
1107421,TCRT,Nasdaq,"Alaunos Therapeutics, Inc.",delisted_or_shrunk,16,2018-03-01,2022-11-14,2018-03-01,2023-06-02
1783328,TCRX,Nasdaq,"TScan Therapeutics, Inc.",delisted_or_shrunk,6,2021-08-19,2022-11-09,2021-08-19,2023-05-28
909494,TCX,Nasdaq,TUCOWS INC /PA/,delisted_or_shrunk,20,2018-03-06,2022-11-03,2018-03-06,2023-05-22
1051512,TDS,NYSE,TELEPHONE & DATA SYSTEMS INC /DE/,delisted_or_shrunk,20,2018-02-26,2022-11-03,2018-02-26,2023-05-22
1454938,TEAD,Nasdaq,Teads Holding Co.,delisted_or_shrunk,6,2021-08-20,2022-11-10,2021-08-20,2023-05-29
1681087,TECX,Nasdaq,"Tectonic Therapeutic, Inc.",delisted_or_shrunk,6,2018-08-09,2022-03-17,2018-08-09,2022-10-03
1561921,TELA,Nasdaq,"TELA Bio, Inc.",delisted_or_shrunk,13,2019-12-18,2022-11-10,2019-12-18,2023-05-29
34956,TENX,Nasdaq,"TENAX THERAPEUTICS, INC.",delisted_or_shrunk,17,2018-04-02,2022-11-10,2018-04-02,2023-05-29
1514056,TESI,,Titan Environmental Solutions Inc.,delisted_or_shrunk,20,2018-03-13,2022-11-14,2018-03-13,2023-06-02
818686,TEVA,NYSE,TEVA PHARMACEUTICAL INDUSTRIES LTD,delisted_or_shrunk,20,2018-02-12,2022-11-03,2018-02-12,2023-05-22
1577134,TFSA,NYSE,"Terra Income Fund 6, LLC",delisted_or_shrunk,19,2018-02-08,2022-11-14,2018-02-08,2023-06-02
850429,TG,NYSE,TREDEGAR CORP,delisted_or_shrunk,20,2018-02-22,2022-11-09,2018-02-22,2023-05-28
1537435,TGEN,NYSE,TECOGEN INC.,delisted_or_shrunk,20,2018-03-21,2022-11-10,2018-03-21,2023-05-29
711034,THMG,OTC,THUNDER MOUNTAIN GOLD INC,delisted_or_shrunk,19,2018-05-09,2022-11-14,2018-05-09,2023-06-02
1556739,THRY,Nasdaq,"Thryv Holdings, Inc.",delisted_or_shrunk,9,2020-11-12,2022-11-03,2020-11-12,2023-05-22
1789769,TIL,Nasdaq,"Instil Bio, Inc.",delisted_or_shrunk,7,2021-05-13,2022-11-14,2021-05-13,2023-06-02
1393726,TIPT,Nasdaq,TIPTREE INC.,delisted_or_shrunk,20,2018-03-14,2022-11-02,2018-03-14,2023-05-21
318833,TISI,NYSE,TEAM INC,delisted_or_shrunk,20,2018-03-15,2022-11-09,2018-03-15,2023-05-28
1429393,TKLS,OTC,"Trutankless, Inc.",delisted_or_shrunk,14,2018-04-16,2022-11-28,2018-04-16,2023-06-16
1094084,TKOI,OTC,TELKONET INC,delisted_or_shrunk,20,2018-04-02,2022-11-14,2018-04-02,2023-06-02
909724,TLF,Nasdaq,TANDY LEATHER FACTORY INC,delisted_or_shrunk,20,2018-03-08,2022-11-14,2018-03-08,2023-06-02
1427925,TLPH,Nasdaq,"TALPHERA, INC.",delisted_or_shrunk,20,2018-03-09,2022-11-14,2018-03-09,2023-06-02
1463208,TLSS,OTC,"Transportation & Logistics Systems, Inc.",delisted_or_shrunk,20,2018-04-17,2022-11-14,2018-04-17,2023-06-02
1524025,TLYS,NYSE,"TILLY'S, INC.",delisted_or_shrunk,20,2018-03-30,2022-12-07,2018-03-30,2023-06-25
1562476,TMHC,NYSE,Taylor Morrison Home Corp,delisted_or_shrunk,20,2018-02-21,2022-10-26,2018-02-21,2023-05-14
1543418,TMQ,NYSE,Trilogy Metals Inc.,delisted_or_shrunk,15,2018-02-02,2022-07-06,2018-02-02,2023-01-22
1858848,TNYA,Nasdaq,"Tenaya Therapeutics, Inc.",delisted_or_shrunk,6,2021-09-08,2022-11-10,2021-09-08,2023-05-29
730349,TOFB,OTC,TOFUTTI BRANDS INC,delisted_or_shrunk,20,2018-03-29,2022-11-15,2018-03-29,2023-06-03
314227,TOMZ,Nasdaq,"TOMI Environmental Solutions, Inc.",delisted_or_shrunk,20,2018-03-29,2022-11-10,2018-03-29,2023-05-29
1355848,TOON,NYSE,"Kartoon Studios, Inc.",delisted_or_shrunk,20,2018-04-02,2022-11-14,2018-04-02,2023-06-02
894158,TOVX,NYSE,"Theriva Biologics, Inc.",delisted_or_shrunk,6,2018-02-22,2022-03-16,2018-02-22,2022-10-02
1328792,TPCS,Nasdaq,TECHPRECISION CORP,delisted_or_shrunk,20,2018-02-13,2022-11-17,2018-02-13,2023-06-05
1455684,TPICQ,OTC,"TPI COMPOSITES, INC",delisted_or_shrunk,20,2018-03-08,2022-11-03,2018-03-08,2023-05-22
1544227,TPST,Nasdaq,"Tempest Therapeutics, Inc.",delisted_or_shrunk,19,2018-03-15,2022-11-08,2018-03-15,2023-05-27
1674356,TPTS,NYSE,"Terra Property Trust, Inc.",delisted_or_shrunk,12,2020-03-02,2022-11-14,2020-03-02,2023-06-02
1580345,TPVG,NYSE,TriplePoint Venture Growth BDC Corp.,delisted_or_shrunk,6,2018-03-12,2021-03-03,2018-03-12,2021-09-19
1130598,TRAW,Nasdaq,"Traws Pharma, Inc.",delisted_or_shrunk,19,2018-03-16,2022-11-14,2018-03-16,2023-06-02
1045942,TRCK,OTC,"Track Group, Inc.",delisted_or_shrunk,20,2018-02-08,2022-12-16,2018-02-08,2023-07-04
1550453,TRLC,OTC,TriLinc Global Impact Fund LLC,delisted_or_shrunk,20,2018-04-02,2022-11-14,2018-04-02,2023-06-02
1648636,TRLEF,OTC,Dune Oil Corp.,delisted_or_shrunk,17,2018-01-18,2021-11-15,2018-01-18,2022-06-03
732026,TRT,NYSE,TRIO-TECH INTERNATIONAL,delisted_or_shrunk,20,2018-02-12,2022-11-10,2018-02-12,2023-05-29
1660734,TRTN-PA,NYSE,Triton International Ltd,delisted_or_shrunk,20,2018-02-27,2022-11-01,2018-02-27,2023-05-20
1563880,TRVI,Nasdaq,"Trevi Therapeutics, Inc.",delisted_or_shrunk,15,2019-06-14,2022-11-10,2019-06-14,2023-05-29
1437750,TRXA,OTC,T-REX Acquisition Corp.,delisted_or_shrunk,7,2019-12-12,2022-05-23,2019-12-12,2022-12-09
1519061,TSEOQ,OTC,Trinseo PLC,delisted_or_shrunk,20,2018-03-01,2022-11-04,2018-03-01,2023-05-23
1508655,TSLX,NYSE,"Sixth Street Specialty Lending, Inc.",delisted_or_shrunk,20,2018-02-21,2022-11-01,2018-02-21,2023-05-20
1499832,TSQ,NYSE,"Townsquare Media, Inc.",delisted_or_shrunk,20,2018-03-13,2022-11-09,2018-03-13,2023-05-28
1466258,TT,NYSE,Trane Technologies plc,delisted_or_shrunk,20,2018-02-12,2022-11-02,2018-02-12,2023-05-21
1013880,TTEC,Nasdaq,"TTEC Holdings, Inc.",delisted_or_shrunk,20,2018-03-13,2022-11-09,2018-03-13,2023-05-28
1552800,TTSH,OTC,"TILE SHOP HOLDINGS, INC.",delisted_or_shrunk,20,2018-02-21,2022-11-03,2018-02-21,2023-05-22
875355,TULP,Nasdaq,"BLOOMIA HOLDINGS, INC.",delisted_or_shrunk,20,2018-03-15,2022-11-10,2018-03-15,2023-05-29
1679268,TUSK,Nasdaq,"MAMMOTH ENERGY SERVICES, INC.",delisted_or_shrunk,20,2018-02-28,2022-10-28,2018-02-28,2023-05-16
1376986,TVE,NYSE,Tennessee Valley Authority,delisted_or_shrunk,20,2018-02-02,2022-11-15,2018-02-02,2023-06-03
1346830,TVRD,Nasdaq,"Tvardi Therapeutics, Inc.",delisted_or_shrunk,20,2018-03-15,2022-11-07,2018-03-15,2023-05-26
746210,TWAV,Nasdaq,"TaoWeave, Inc.",delisted_or_shrunk,20,2018-03-07,2022-11-10,2018-03-07,2023-05-29
1465740,TWO-PC,NYSE,TWO HARBORS INVESTMENT CORP.,delisted_or_shrunk,20,2018-02-27,2022-11-09,2018-02-27,2023-05-28
1494413,TWOH,OTC,Two Hands Corp,delisted_or_shrunk,20,2018-03-29,2022-11-14,2018-03-29,2023-06-02
25743,TXMD,Nasdaq,"TherapeuticsMD, Inc.",delisted_or_shrunk,20,2018-02-23,2022-11-14,2018-02-23,2023-06-02
1133798,TXRP,OTC,"TX Rail Products, Inc.",delisted_or_shrunk,8,2018-01-31,2019-12-09,2018-01-31,2020-06-26
1863127,TYRA,Nasdaq,"Tyra Biosciences, Inc.",delisted_or_shrunk,5,2021-11-03,2022-11-03,2021-11-03,2023-05-22
1133311,TZOO,Nasdaq,TRAVELZOO,delisted_or_shrunk,20,2018-03-16,2022-11-14,2018-03-16,2023-06-02
1425292,UAN,NYSE,"CVR PARTNERS, LP",delisted_or_shrunk,20,2018-02-23,2022-11-01,2018-02-23,2023-05-20
8504,UAVS,NYSE,AgEagle Aerial Systems Inc.,delisted_or_shrunk,20,2018-03-23,2022-11-14,2018-03-23,2023-06-02
731653,UBCP,Nasdaq,UNITED BANCORP INC /OH/,delisted_or_shrunk,15,2018-05-15,2022-11-14,2018-05-15,2023-06-02
1543623,UCLE,OTC,US NUCLEAR CORP.,delisted_or_shrunk,20,2018-04-17,2022-11-22,2018-04-17,2023-06-10
1383149,UDN,NYSE,INVESCO DB US DOLLAR INDEX BEARISH FUND,delisted_or_shrunk,7,2018-02-28,2022-11-04,2018-02-28,2023-05-23
1096938,UEEC,OTC,"United Health Products, Inc.",delisted_or_shrunk,13,2018-04-17,2022-11-14,2018-04-17,2023-06-02
101984,UEIC,Nasdaq,UNIVERSAL ELECTRONICS INC,delisted_or_shrunk,20,2018-03-13,2022-11-04,2018-03-13,2023-05-23
100826,UELMO,OTC,UNION ELECTRIC CO,delisted_or_shrunk,20,2018-02-28,2022-11-04,2018-02-28,2023-05-23
101295,UG,Nasdaq,UNITED GUARDIAN INC,delisted_or_shrunk,20,2018-03-22,2022-11-09,2018-03-22,2023-05-28
1396878,UGA,NYSE,"United States Gasoline Fund, LP",delisted_or_shrunk,5,2018-03-14,2022-02-25,2018-03-14,2022-09-13
4457,UHAL,NYSE,U-Haul Holding Co /NV/,delisted_or_shrunk,20,2018-02-07,2022-11-09,2018-02-07,2023-05-28
798783,UHT,NYSE,UNIVERSAL HEALTH REALTY INCOME TRUST,delisted_or_shrunk,20,2018-02-28,2022-11-08,2018-02-28,2023-05-27
875657,ULBI,Nasdaq,ULTRALIFE CORP,delisted_or_shrunk,20,2018-02-08,2022-10-27,2018-02-08,2023-05-15
706863,UNB,Nasdaq,UNION BANKSHARES INC,delisted_or_shrunk,20,2018-03-16,2022-11-14,2018-03-16,2023-06-02
1376227,UNG,NYSE,"United States Natural Gas Fund, LP",delisted_or_shrunk,5,2018-02-28,2022-02-25,2018-02-28,2022-09-13
1405513,UNL,NYSE,"United States 12 Month Natural Gas Fund, LP",delisted_or_shrunk,5,2018-03-21,2022-03-04,2018-03-21,2022-09-20
798949,UNTC,OTC,UNIT CORP,delisted_or_shrunk,20,2018-02-27,2022-11-10,2018-02-27,2023-05-29
1751707,UNXP,,OZ VISION INC.,delisted_or_shrunk,5,2019-07-29,2022-08-16,2019-07-29,2023-03-04
1041657,UONE,Nasdaq,"URBAN ONE, INC.",delisted_or_shrunk,20,2018-03-16,2022-11-04,2018-03-16,2023-05-23
1505155,UPLD,Nasdaq,"Upland Software, Inc.",delisted_or_shrunk,20,2018-03-09,2022-11-03,2018-03-09,2023-05-22
1775194,UPXI,Nasdaq,"UPEXI, INC.",delisted_or_shrunk,6,2021-09-28,2022-11-14,2021-09-28,2023-06-02
1677897,UPYY,OTC,UPAY,delisted_or_shrunk,23,2018-07-18,2022-10-18,2018-07-18,2023-05-06
1375205,URG,NYSE,UR-ENERGY INC,delisted_or_shrunk,18,2018-03-02,2022-11-01,2018-03-02,2023-05-20
1668243,URGN,Nasdaq,UroGen Pharma Ltd.,delisted_or_shrunk,15,2019-02-28,2022-11-10,2019-02-28,2023-05-29
1522727,USAC,NYSE,"USA Compression Partners, LP",delisted_or_shrunk,20,2018-02-13,2022-11-01,2018-02-13,2023-05-20
856984,USAQ,OTC,"QHSLab, Inc.",delisted_or_shrunk,11,2018-08-27,2022-11-14,2018-08-27,2023-06-02
27093,USAU,Nasdaq,U.S. GOLD CORP.,delisted_or_shrunk,6,2018-03-16,2020-07-13,2018-03-16,2021-01-29
1074828,USBC,NYSE,"USBC, Inc.",delisted_or_shrunk,17,2018-02-14,2022-05-13,2018-02-14,2022-11-29
1479247,USCI,NYSE,United States Commodity Index Funds Trust,delisted_or_shrunk,16,2018-03-14,2022-11-07,2018-03-14,2023-05-26
1610682,USDP,OTC,USD Partners LP,delisted_or_shrunk,20,2018-03-09,2022-11-02,2018-03-09,2023-05-21
1088034,USIO,Nasdaq,"Usio, Inc.",delisted_or_shrunk,20,2018-03-30,2022-11-09,2018-03-30,2023-05-28
1405528,USL,NYSE,"United States 12 Month Oil Fund, LP",delisted_or_shrunk,5,2018-03-14,2022-02-25,2018-03-14,2022-09-13
1327068,USO,NYSE,"United States Oil Fund, LP",delisted_or_shrunk,7,2018-02-28,2022-02-25,2018-02-28,2022-09-13
832480,UTGN,OTC,UTG INC,delisted_or_shrunk,20,2018-03-26,2022-11-10,2018-03-26,2023-05-29
1383151,UUP,NYSE,Invesco DB US Dollar Index Bullish Fund,delisted_or_shrunk,6,2018-02-28,2022-08-05,2018-02-28,2023-02-21
102109,UUU,NYSE,"UNIVERSAL SAFETY PRODUCTS, INC.",delisted_or_shrunk,20,2018-02-20,2022-11-21,2018-02-20,2023-06-09
898171,UWHR,OTC,UWHARRIE CAPITAL CORP,delisted_or_shrunk,16,2018-05-08,2022-11-08,2018-05-08,2023-05-27
314808,VAL,NYSE,Valaris Ltd,delisted_or_shrunk,20,2018-02-27,2022-11-01,2018-02-27,2023-05-20
1266806,VANI,Nasdaq,"Vivani Medical, Inc.",delisted_or_shrunk,12,2018-03-20,2022-03-29,2018-03-20,2022-10-15
839087,VASO,OTC,VASO Corp,delisted_or_shrunk,20,2018-04-02,2022-11-14,2018-04-02,2023-06-02
1006837,VATE,NYSE,INNOVATE Corp.,delisted_or_shrunk,20,2018-03-14,2022-11-02,2018-03-14,2023-05-21
1855509,VEEE,Nasdaq,"Twin Vee PowerCats, Co.",delisted_or_shrunk,6,2021-08-24,2022-11-09,2021-08-24,2023-05-28
1692376,VEL,NYSE,"Velocity Financial, Inc.",delisted_or_shrunk,12,2020-04-07,2022-11-04,2020-04-07,2023-05-23
1831828,VERA,Nasdaq,"Vera Therapeutics, Inc.",delisted_or_shrunk,7,2021-06-24,2022-11-09,2021-06-24,2023-05-28
1615165,VERI,Nasdaq,"Veritone, Inc.",delisted_or_shrunk,20,2018-03-09,2022-11-14,2018-03-09,2023-06-02
1409269,VERO,OTC,Venus Concept Inc.,delisted_or_shrunk,20,2018-03-05,2022-11-10,2018-03-05,2023-05-29
863894,VERU,Nasdaq,VERU INC.,delisted_or_shrunk,21,2018-01-02,2022-12-05,2018-01-02,2023-06-23
1746119,VGES,OTC,Vanguard Green Investment Ltd,delisted_or_shrunk,14,2019-06-13,2022-12-07,2019-06-13,2023-06-25
1082324,VHC,Nasdaq,VirnetX Holding Corp,delisted_or_shrunk,20,2018-03-16,2022-11-08,2018-03-16,2023-05-27
1606268,VIASP,Nasdaq,"Via Renewables, Inc.",delisted_or_shrunk,20,2018-03-09,2022-11-03,2018-03-09,2023-05-22
1844971,VIP,Nasdaq,Vulcan Infrastructure & Power Inc.,delisted_or_shrunk,6,2021-09-23,2022-11-14,2021-09-23,2023-06-02
1832161,VIPZ,OTC,"VIP Play, Inc.",delisted_or_shrunk,5,2021-09-28,2022-10-13,2021-09-28,2023-05-01
1706431,VIR,Nasdaq,"Vir Biotechnology, Inc.",delisted_or_shrunk,13,2019-11-19,2022-11-03,2019-11-19,2023-05-22
751365,VIRC,Nasdaq,VIRCO MFG CORPORATION,delisted_or_shrunk,20,2018-04-27,2022-12-12,2018-04-27,2023-06-30
727510,VISK,OTC,"Viskase Holdings, Inc.",delisted_or_shrunk,19,2018-03-21,2022-11-09,2018-03-21,2023-05-28
1565228,VISL,OTC,"Vislink Technologies, Inc.",delisted_or_shrunk,20,2018-04-02,2022-11-14,2018-04-02,2023-06-02
1703073,VIVC,OTC,VIVIC CORP.,delisted_or_shrunk,16,2018-03-08,2022-11-14,2018-03-08,2023-06-02
1497253,VIVS,Nasdaq,"VivoSim Labs, INC.",delisted_or_shrunk,15,2018-02-08,2022-11-10,2018-02-08,2023-05-29
1605057,VMNT,OTC,"Vemanti Group, Inc.",delisted_or_shrunk,6,2021-08-12,2022-11-14,2021-08-12,2023-06-02
906107,VMRK,NYSE,VIVMARK RESIDENTIAL,delisted_or_shrunk,20,2018-02-22,2022-10-28,2018-02-22,2023-05-16
1579157,VNCE,Nasdaq,VINCE HOLDING CORP.,delisted_or_shrunk,20,2018-04-25,2022-12-13,2018-04-25,2023-07-01
899689,VNO,NYSE,VORNADO REALTY TRUST,delisted_or_shrunk,20,2018-02-12,2022-10-31,2018-02-12,2023-05-19
1699709,VNOV,OTC,VitaNova Life Sciences Corp,delisted_or_shrunk,5,2021-07-01,2022-11-14,2021-07-01,2023-06-02
93314,VNRX,NYSE,VOLITIONRX LTD,delisted_or_shrunk,20,2018-03-01,2022-11-14,2018-03-01,2023-06-02
1505413,VOC,NYSE,VOC Energy Trust,delisted_or_shrunk,20,2018-03-14,2022-11-10,2018-03-14,2023-05-29
1817229,VOR,Nasdaq,Vor Biopharma Inc.,delisted_or_shrunk,8,2021-03-25,2022-11-10,2021-03-25,2023-05-29
1410738,VPLM,OTC,Voip-pal.com Inc,delisted_or_shrunk,7,2018-01-12,2022-12-28,2018-01-12,2023-07-16
1376231,VPRB,OTC,"VPR Brands, LP.",delisted_or_shrunk,20,2018-04-18,2022-11-14,2018-04-18,2023-06-02
1495320,VRA,Nasdaq,"Vera Bradley, Inc.",delisted_or_shrunk,20,2018-04-03,2022-12-07,2018-04-03,2023-06-25
1660334,VRCA,Nasdaq,Verrica Pharmaceuticals Inc.,delisted_or_shrunk,11,2018-08-07,2022-11-07,2018-08-07,2023-05-26
1506929,VRDR,OTC,"VERDE RESOURCES, INC.",delisted_or_shrunk,20,2018-02-12,2022-11-17,2018-02-12,2023-06-05
1771706,VREOF,OTC,Vireo Growth Inc.,delisted_or_shrunk,8,2021-03-31,2022-11-14,2021-03-31,2023-06-02
1580864,VRM,Nasdaq,"Vroom, Inc.",delisted_or_shrunk,10,2020-08-13,2022-11-07,2020-08-13,2023-05-26
1104038,VRME,Nasdaq,"VerifyMe, Inc.",delisted_or_shrunk,17,2018-04-16,2022-11-10,2018-04-16,2023-05-29
1526119,VSTM,Nasdaq,"Verastem, Inc.",delisted_or_shrunk,20,2018-03-13,2022-11-03,2018-03-13,2023-05-22
1716621,VTAK,NYSE,"Catheter Precision, Inc.",delisted_or_shrunk,17,2018-11-14,2022-11-14,2018-11-14,2023-06-02
1411685,VTGN,Nasdaq,"Vistagen Therapeutics, Inc.",delisted_or_shrunk,20,2018-02-12,2022-11-10,2018-02-12,2023-05-29
1085243,VTSI,Nasdaq,"VirTra, Inc",delisted_or_shrunk,21,2018-03-30,2022-11-14,2018-03-30,2023-06-02
1641489,VTVT,Nasdaq,vTv Therapeutics Inc.,delisted_or_shrunk,11,2018-02-27,2022-05-12,2018-02-27,2022-11-28
1716166,VVOS,Nasdaq,"Vivos Therapeutics, Inc.",delisted_or_shrunk,8,2021-03-25,2022-12-20,2021-03-25,2023-07-08
72444,VXRT,OTC,"Vaxart, Inc.",delisted_or_shrunk,20,2018-02-06,2022-11-09,2018-02-06,2023-05-28
1424768,VYCO,OTC,VYCOR MEDICAL INC,delisted_or_shrunk,20,2018-03-30,2022-11-14,2018-03-30,2023-06-02
1745078,VYND,OTC,"Vynleads, Inc.",delisted_or_shrunk,15,2019-04-01,2022-11-21,2019-04-01,2023-06-09
1308027,VYST,OTC,Vystar Corp,delisted_or_shrunk,20,2018-03-29,2022-12-08,2018-03-29,2023-06-26
1515139,WAST,OTC,WASTE ENERGY CORP.,delisted_or_shrunk,15,2018-04-02,2022-04-15,2018-04-02,2022-11-01
1575793,WATT,Nasdaq,Energous Corp,delisted_or_shrunk,8,2018-03-16,2022-03-23,2018-03-16,2022-10-09
885275,WBHC,OTC,WILSON BANK HOLDING CO,delisted_or_shrunk,20,2018-03-09,2022-11-09,2018-03-09,2023-05-28
1645155,WBSR,OTC,Webstar Technology Group Inc.,delisted_or_shrunk,8,2019-05-14,2022-11-14,2019-05-14,2023-06-02
1318220,WCN,NYSE,"Waste Connections, Inc.",delisted_or_shrunk,20,2018-02-15,2022-11-03,2018-02-15,2023-05-22
1281984,WDLF,OTC,"Decentral Life, Inc.",delisted_or_shrunk,17,2018-08-06,2022-11-14,2018-08-06,2023-06-02
1813744,WDSP,OTC,"World Scan Project, Inc.",delisted_or_shrunk,5,2021-02-10,2022-10-31,2021-02-10,2023-05-19
107815,WELPP,OTC,WISCONSIN ELECTRIC POWER CO,delisted_or_shrunk,20,2018-02-28,2022-11-03,2018-02-28,2023-05-22
1423902,WES,NYSE,"Western Midstream Partners, LP",delisted_or_shrunk,20,2018-02-16,2022-11-02,2018-02-16,2023-05-21
1826660,WETH,Nasdaq,Wetouch Technology Inc.,delisted_or_shrunk,8,2021-03-24,2022-11-14,2021-03-24,2023-06-02
1360565,WFCF,Nasdaq,"Where Food Comes From, Inc.",delisted_or_shrunk,20,2018-04-02,2022-11-14,2018-04-02,2023-06-02
943535,WHEN,OTC,"WORLD HEALTH ENERGY HOLDINGS, INC.",delisted_or_shrunk,6,2019-08-19,2022-04-14,2019-08-19,2022-10-31
1552198,WHF,Nasdaq,"WhiteHorse Finance, Inc.",delisted_or_shrunk,11,2018-05-10,2022-11-14,2018-05-10,2023-06-02
1013706,WHLM,OTC,"Wilhelmina International, Inc.",delisted_or_shrunk,20,2018-03-22,2022-11-10,2018-03-22,2023-05-29
1527541,WHLR,Nasdaq,"Wheeler Real Estate Investment Trust, Inc.",delisted_or_shrunk,20,2018-03-07,2022-11-08,2018-03-07,2023-05-27
1025771,WHLT,OTC,CHASE PACKAGING CORP,delisted_or_shrunk,13,2018-03-13,2022-05-13,2018-03-13,2022-11-29
946486,WINT,,WINDTREE THERAPEUTICS INC /DE/,delisted_or_shrunk,18,2018-04-17,2022-08-11,2018-04-17,2023-02-27
1425287,WKHS,Nasdaq,Workhorse Group Inc.,delisted_or_shrunk,19,2018-03-14,2022-11-08,2018-03-14,2023-05-27
1096275,WKSP,Nasdaq,Worksport Ltd,delisted_or_shrunk,23,2018-02-14,2022-11-14,2018-02-14,2023-06-02
1604665,WLKP,NYSE,Westlake Chemical Partners LP,delisted_or_shrunk,20,2018-03-01,2022-11-03,2018-03-01,2023-05-22
1503658,WNHK,OTC,"Winning Catering Group, Inc.",delisted_or_shrunk,19,2018-04-17,2022-11-04,2018-04-17,2023-05-23
1674227,WORX,OTC,SCWorx Corp.,delisted_or_shrunk,20,2018-04-16,2022-11-14,2018-04-16,2023-06-02
1702924,WRAP,Nasdaq,"WRAP TECHNOLOGIES, INC.",delisted_or_shrunk,20,2018-03-06,2022-11-09,2018-03-06,2023-05-28
1175535,WSR,NYSE,Whitestone REIT,delisted_or_shrunk,20,2018-03-06,2022-11-04,2018-03-06,2023-05-23
1621906,WSTRF,OTC,Western Uranium & Vanadium Corp.,delisted_or_shrunk,12,2018-04-02,2022-11-17,2018-04-02,2023-06-05
1532390,WTER,OTC,ALKALINE WATER Co INC,delisted_or_shrunk,20,2018-02-20,2022-11-14,2018-02-20,2023-06-02
1140536,WTW,Nasdaq,WILLIS TOWERS WATSON PLC,delisted_or_shrunk,20,2018-02-28,2022-10-27,2018-02-28,2023-05-15
1631574,WVE,Nasdaq,"Wave Life Sciences, Inc.",delisted_or_shrunk,20,2018-03-12,2022-11-10,2018-03-12,2023-05-29
838875,WVVI,Nasdaq,WILLAMETTE VALLEY VINEYARDS INC,delisted_or_shrunk,20,2018-03-22,2022-11-14,2018-03-22,2023-06-02
839470,WWR,NYSE,"WESTWATER RESOURCES, INC.",delisted_or_shrunk,18,2018-03-01,2022-11-09,2018-03-01,2023-05-28
1560143,WYTC,OTC,WYTEC INTERNATIONAL INC,delisted_or_shrunk,20,2018-04-02,2022-11-18,2018-04-02,2023-06-06
1034760,WYY,NYSE,WIDEPOINT CORP,delisted_or_shrunk,20,2018-03-21,2022-11-14,2018-03-21,2023-06-02
1023458,XAEIU,OTC,AEI INCOME & GROWTH FUND XXII LTD PARTNERSHIP,delisted_or_shrunk,11,2019-08-14,2022-05-13,2019-08-14,2022-11-29
1641631,XAIR,Nasdaq,"Beyond Air, Inc.",delisted_or_shrunk,19,2018-03-30,2022-11-08,2018-03-30,2023-05-27
1534525,XBIO,Nasdaq,"Xenetic Biosciences, Inc.",delisted_or_shrunk,14,2018-03-30,2022-11-09,2018-03-30,2023-05-28
1626878,XBIT,Nasdaq,XBiotech Inc.,delisted_or_shrunk,9,2018-03-16,2022-11-09,2018-03-16,2023-05-28
1698530,XCUR,Nasdaq,"EXICURE, INC.",delisted_or_shrunk,14,2018-05-15,2022-11-14,2018-05-15,2023-06-02
1083220,XELB,Nasdaq,"XCel Brands, Inc.",delisted_or_shrunk,20,2018-03-30,2022-11-14,2018-03-30,2023-06-02
1582313,XENE,Nasdaq,Xenon Pharmaceuticals Inc.,delisted_or_shrunk,17,2018-03-07,2022-11-08,2018-03-07,2023-05-27
1481504,XERI,OTC,"XERIANT, INC.",delisted_or_shrunk,14,2018-11-21,2022-10-13,2018-11-21,2023-05-01
1603145,XIFR,NYSE,"XPLR Infrastructure, LP",delisted_or_shrunk,20,2018-02-21,2022-11-03,2018-02-21,2023-05-22
1840233,XLO,Nasdaq,"Xilio Therapeutics, Inc.",delisted_or_shrunk,5,2021-12-02,2022-11-09,2021-12-02,2023-05-28
1819493,XOS,Nasdaq,"Xos, Inc.",delisted_or_shrunk,5,2021-11-12,2022-11-10,2021-11-12,2023-05-29
917225,XPL,NYSE,SOLITARIO RESOURCES CORP.,delisted_or_shrunk,12,2018-03-14,2022-05-04,2018-03-14,2022-11-20
1529113,XTIA,Nasdaq,"XTI Aerospace, Inc.",delisted_or_shrunk,20,2018-03-27,2022-11-14,2018-03-27,2023-06-02
1453593,XTNT,NYSE,"Xtant Medical Holdings, Inc.",delisted_or_shrunk,20,2018-04-02,2022-11-03,2018-04-02,2023-05-22
1410428,XWEL,Nasdaq,"XWELL, Inc.",delisted_or_shrunk,17,2018-03-29,2022-11-14,2018-03-29,2023-06-02
1347858,XXII,Nasdaq,"22nd Century Group, Inc.",delisted_or_shrunk,20,2018-03-07,2022-11-08,2018-03-07,2023-05-27
1566044,YARW,Nasdaq,"Yarrow Bioscience, Inc.",delisted_or_shrunk,19,2018-03-28,2022-11-14,2018-03-28,2023-06-02
895464,YBGJ,OTC,Yubo International Biotech Ltd,delisted_or_shrunk,7,2021-05-24,2022-11-16,2021-05-24,2023-06-04
1644903,YCBD,NYSE,"cbdMD, Inc.",delisted_or_shrunk,20,2018-02-14,2022-12-15,2018-02-14,2023-07-03
1042187,YHGJ,Nasdaq,YUNHONG GREEN CTI LTD.,delisted_or_shrunk,20,2018-04-02,2022-11-18,2018-04-02,2023-06-06
1674440,YYAI,Nasdaq,AIRWA INC.,delisted_or_shrunk,16,2018-03-20,2022-03-17,2018-03-20,2022-10-03
1327978,ZARE,OTC,Ares Real Estate Income Trust Inc.,delisted_or_shrunk,20,2018-03-07,2022-11-10,2018-03-07,2023-05-29
1667313,ZDGE,NYSE,"Zedge, Inc.",delisted_or_shrunk,20,2018-03-14,2022-12-15,2018-03-14,2023-07-03
1279620,ZDPY,OTC,"Zoned Properties, Inc.",delisted_or_shrunk,20,2018-03-13,2022-11-10,2018-03-13,2023-05-29
1557376,ZEOX,OTC,"Zeo ScientifiX, Inc.",delisted_or_shrunk,20,2018-11-01,2022-09-14,2018-11-01,2023-04-02
1794276,ZHJD,OTC,Intelligent Hotel Group Ltd.,delisted_or_shrunk,5,2021-08-09,2022-11-14,2021-08-09,2023-06-02
1101026,ZIVO,OTC,"Zivo Bioscience, Inc.",delisted_or_shrunk,11,2018-02-21,2022-11-14,2018-02-21,2023-06-02
1704292,ZLAB,Nasdaq,Zai Lab Ltd,delisted_or_shrunk,8,2021-03-01,2022-11-09,2021-03-01,2023-05-28
1131312,ZNOG,OTC,ZION OIL & GAS INC,delisted_or_shrunk,7,2018-03-12,2022-11-10,2018-03-12,2023-05-29
1684144,ZOMDF,OTC,Zomedica Corp.,delisted_or_shrunk,15,2018-02-28,2022-11-14,2018-02-28,2023-06-02
1854139,ZVIA,NYSE,Zevia PBC,delisted_or_shrunk,6,2021-08-13,2022-11-10,2021-08-13,2023-05-29
846475,ZYXIQ,OTC,ZYNEX INC,delisted_or_shrunk,20,2018-02-28,2022-10-27,2018-02-28,2023-05-15
1090872,A,NYSE,"AGILENT TECHNOLOGIES, INC.",listed,20,2018-03-06,2022-12-21,2018-03-06,2023-07-09
1675149,AA,NYSE,Alcoa Corp,listed,18,2018-02-26,2022-10-27,2018-02-26,2023-05-15
6201,AAL,Nasdaq,American Airlines Group Inc.,listed,20,2018-02-21,2022-10-20,2018-02-21,2023-05-08
1748824,AAMI,NYSE,Acadian Asset Management Inc.,listed,14,2019-08-09,2022-11-04,2019-08-09,2023-05-23
1158114,AAOI,Nasdaq,"APPLIED OPTOELECTRONICS, INC.",listed,20,2018-02-28,2022-11-03,2018-02-28,2023-05-22
824142,AAON,Nasdaq,"AAON, INC.",listed,19,2018-02-27,2022-11-07,2018-02-27,2023-05-26
320193,AAPL,Nasdaq,Apple Inc.,listed,20,2018-02-02,2022-10-28,2018-02-02,2023-05-16
1500217,AAT,NYSE,"American Assets Trust, Inc.",listed,20,2018-02-16,2022-10-28,2018-02-16,2023-05-16
1576873,ABAT,Nasdaq,AMERICAN BATTERY TECHNOLOGY Co,listed,15,2018-01-17,2022-09-12,2018-01-17,2023-03-31
1551152,ABBV,NYSE,AbbVie Inc.,listed,20,2018-02-16,2022-11-04,2018-02-16,2023-05-23
351569,ABCB,NYSE,Ameris Bancorp,listed,20,2018-03-01,2022-11-07,2018-03-01,2023-05-26
1144980,ABG,NYSE,ASBURY AUTOMOTIVE GROUP INC,listed,20,2018-02-27,2022-10-28,2018-02-27,2023-05-16
771497,ABM,NYSE,ABM INDUSTRIES INC /DE/,listed,20,2018-03-07,2022-12-21,2018-03-07,2023-07-09
1559720,ABNB,Nasdaq,"Airbnb, Inc.",listed,8,2021-02-26,2022-11-03,2021-02-26,2023-05-22
1253986,ABR,NYSE,ARBOR REALTY TRUST INC,listed,20,2018-02-23,2022-11-04,2018-02-23,2023-05-23
1672688,ABSI,Nasdaq,Absci Corp,listed,6,2021-09-07,2022-11-09,2021-09-07,2023-05-28
1800,ABT,NYSE,ABBOTT LABORATORIES,listed,20,2018-02-16,2022-11-01,2018-02-16,2023-05-20
1755953,ABTC,Nasdaq,American Bitcoin Corp.,listed,13,2019-09-23,2022-11-14,2019-09-23,2023-06-02
1447028,ABUS,Nasdaq,Arbutus Biopharma Corp,listed,18,2018-03-16,2022-11-09,2018-03-16,2023-05-28
1739445,ACA,NYSE,"Arcosa, Inc.",listed,17,2018-11-14,2022-11-03,2018-11-14,2023-05-22
1070494,ACAD,Nasdaq,ACADIA PHARMACEUTICALS INC,listed,20,2018-02-27,2022-11-03,2018-02-27,2023-05-22
712034,ACCO,NYSE,ACCO BRANDS Corp,listed,20,2018-02-28,2022-11-08,2018-02-28,2023-05-27
1698991,ACEL,NYSE,"Accel Entertainment, Inc.",listed,14,2018-02-14,2022-11-08,2018-02-14,2023-05-27
947484,ACGL,Nasdaq,ARCH CAPITAL GROUP LTD.,listed,20,2018-02-28,2022-11-03,2018-02-28,2023-05-22
1520697,ACHC,Nasdaq,"Acadia Healthcare Company, Inc.",listed,20,2018-02-27,2022-11-02,2018-02-27,2023-05-21
1401521,ACIC,Nasdaq,AMERICAN COASTAL INSURANCE Corp,listed,20,2018-03-28,2022-11-09,2018-03-28,2023-05-28
935036,ACIW,Nasdaq,"ACI WORLDWIDE, INC.",listed,20,2018-02-27,2022-11-02,2018-02-27,2023-05-21
1113232,ACLS,Nasdaq,AXCELIS TECHNOLOGIES INC,listed,20,2018-03-14,2022-11-03,2018-03-14,2023-05-22
868857,ACM,NYSE,AECOM,listed,20,2018-02-07,2022-11-17,2018-02-07,2023-06-05
1680062,ACMR,Nasdaq,"ACM Research, Inc.",listed,20,2018-03-23,2022-11-08,2018-03-23,2023-05-27
715579,ACNB,Nasdaq,ACNB CORP,listed,20,2018-03-09,2022-11-04,2018-03-09,2023-05-23
95953,ACNT,Nasdaq,ASCENT INDUSTRIES CO.,listed,20,2018-03-13,2022-11-08,2018-03-13,2023-05-27
1529377,ACRE,NYSE,Ares Commercial Real Estate Corp,listed,19,2018-03-01,2022-11-02,2018-03-01,2023-05-21
1557746,ACRS,Nasdaq,"Aclaris Therapeutics, Inc.",listed,19,2018-03-12,2022-11-08,2018-03-12,2023-05-27
1823529,ACT,Nasdaq,"Enact Holdings, Inc.",listed,5,2021-11-04,2022-11-03,2021-11-04,2023-05-22
934549,ACTG,Nasdaq,ACACIA RESEARCH CORP,listed,20,2018-03-07,2022-11-14,2018-03-07,2023-06-02
2098,ACU,NYSE,ACME UNITED CORP,listed,20,2018-03-15,2022-11-09,2018-03-15,2023-05-28
1637873,ACVA,NYSE,ACV Auctions Inc.,listed,7,2021-05-13,2022-11-09,2021-05-13,2023-05-28
796343,ADBE,Nasdaq,ADOBE INC.,listed,20,2018-01-22,2022-09-28,2018-01-22,2023-04-16
917251,ADC,NYSE,AGREE REALTY CORP,listed,20,2018-02-22,2022-11-01,2018-02-22,2023-05-20
1803696,ADEA,Nasdaq,Adeia Inc.,listed,10,2020-08-10,2022-11-09,2020-08-10,2023-05-28
6281,ADI,Nasdaq,ANALOG DEVICES INC,listed,20,2018-02-28,2022-11-22,2018-02-28,2023-06-10
7084,ADM,NYSE,Archer-Daniels-Midland Co,listed,20,2018-02-16,2022-10-25,2018-02-16,2023-05-13
1368514,ADMA,Nasdaq,"ADMA BIOLOGICS, INC.",listed,20,2018-03-29,2022-11-09,2018-03-29,2023-05-28
8670,ADP,Nasdaq,AUTOMATIC DATA PROCESSING INC,listed,20,2018-02-01,2022-11-02,2018-02-01,2023-05-21
1478320,ADPT,Nasdaq,Adaptive Biotechnologies Corp,listed,14,2019-08-13,2022-11-03,2019-08-13,2023-05-22
769397,ADSK,Nasdaq,"Autodesk, Inc.",listed,20,2018-03-22,2022-12-06,2018-03-22,2023-06-24
1703056,ADT,NYSE,ADT Inc.,listed,20,2018-03-15,2022-11-03,2018-03-15,2023-05-22
926282,ADTN,Nasdaq,"ADTRAN Holdings, Inc.",listed,20,2018-02-23,2022-11-09,2018-02-23,2023-05-28
1468328,ADUS,Nasdaq,Addus HomeCare Corp,listed,20,2018-03-14,2022-11-01,2018-03-14,2023-05-20
1776661,ADV,Nasdaq,Advantage Solutions Inc.,listed,9,2020-03-30,2022-11-09,2020-03-30,2023-05-28
1002910,AEE,NYSE,AMEREN CORP,listed,20,2018-02-28,2022-11-04,2018-02-28,2023-05-23
1040470,AEHR,Nasdaq,AEHR TEST SYSTEMS,listed,20,2018-01-12,2022-10-14,2018-01-12,2023-05-02
927003,AEIS,Nasdaq,ADVANCED ENERGY INDUSTRIES INC,listed,20,2018-02-15,2022-11-01,2018-02-15,2023-05-20
919012,AEO,NYSE,AMERICAN EAGLE OUTFITTERS INC,listed,20,2018-03-16,2022-11-23,2018-03-16,2023-06-11
874761,AES,NYSE,AES CORP,listed,20,2018-02-27,2022-11-04,2018-02-27,2023-05-23
1789029,AEVA,Nasdaq,"Aeva Technologies, Inc.",listed,7,2021-06-02,2022-11-09,2021-06-02,2023-05-28
1042046,AFG,NYSE,AMERICAN FINANCIAL GROUP INC,listed,20,2018-02-23,2022-11-04,2018-02-23,2023-05-23
4977,AFL,NYSE,AFLAC INC,listed,17,2018-02-23,2022-11-02,2018-02-23,2023-05-21
1820953,AFRM,Nasdaq,"Affirm Holdings, Inc.",listed,8,2021-02-17,2022-11-08,2021-02-17,2023-05-27
880266,AGCO,NYSE,AGCO CORP /DE,listed,20,2018-02-28,2022-11-09,2018-02-28,2023-05-28
1098972,AGEN,Nasdaq,AGENUS INC,listed,20,2018-03-16,2022-11-08,2018-03-16,2023-05-27
1439222,AGIO,Nasdaq,"AGIOS PHARMACEUTICALS, INC.",listed,20,2018-02-14,2022-11-03,2018-02-14,2023-05-22
1831097,AGL,NYSE,"agilon health, inc.",listed,7,2021-05-26,2022-11-03,2021-05-26,2023-05-22
845877,AGM,NYSE,FEDERAL AGRICULTURAL MORTGAGE CORP,listed,20,2018-03-08,2022-11-07,2018-03-08,2023-05-26
1495932,AGNT,Nasdaq,"AGNT, Inc.",listed,20,2018-04-17,2022-11-02,2018-04-17,2023-05-21
100591,AGX,NYSE,ARGAN INC,listed,20,2018-04-11,2022-12-07,2018-04-11,2023-06-25
78749,AGYS,Nasdaq,AGILYSYS INC,listed,20,2018-01-26,2022-10-28,2018-01-26,2023-05-16
1725255,AHCO,Nasdaq,AdaptHealth Corp.,listed,16,2018-05-15,2022-11-08,2018-05-15,2023-05-27
1632970,AHR,NYSE,"American Healthcare REIT, Inc.",listed,20,2018-03-08,2022-11-14,2018-03-08,2023-06-02
1569187,AHRT,NYSE,"AH Realty Trust, Inc.",listed,20,2018-02-23,2022-11-09,2018-02-23,2023-05-28
1577526,AI,NYSE,"C3.ai, Inc.",listed,8,2021-03-02,2022-12-08,2021-03-02,2023-06-26
5272,AIG,NYSE,"AMERICAN INTERNATIONAL GROUP, INC.",listed,20,2018-02-16,2022-11-02,2018-02-16,2023-05-21
819793,AIN,NYSE,ALBANY INTERNATIONAL CORP /DE/,listed,20,2018-02-28,2022-10-25,2018-02-28,2023-05-13
1774170,AIOT,Nasdaq,"Powerfleet, Inc.",listed,13,2019-11-13,2022-11-09,2019-11-13,2023-05-28
1667011,AIP,Nasdaq,"Arteris, Inc.",listed,5,2021-12-01,2022-11-08,2021-12-01,2023-05-27
1750,AIR,NYSE,AAR CORP,listed,20,2018-03-21,2022-12-20,2018-03-21,2023-07-08
1870940,AIRS,Nasdaq,"Airsculpt Technologies, Inc.",listed,5,2021-12-03,2022-11-14,2021-12-03,2023-06-02
109563,AIT,NYSE,APPLIED INDUSTRIAL TECHNOLOGIES INC,listed,20,2018-01-26,2022-10-28,2018-01-26,2023-05-16
1267238,AIZ,NYSE,"ASSURANT, INC.",listed,20,2018-02-14,2022-11-03,2018-02-14,2023-05-22
354190,AJG,NYSE,Arthur J. Gallagher & Co.,listed,20,2018-02-12,2022-11-02,2018-02-12,2023-05-21
1086222,AKAM,Nasdaq,AKAMAI TECHNOLOGIES INC,listed,20,2018-03-01,2022-11-08,2018-03-01,2023-05-27
1517022,AKBA,Nasdaq,"Akebia Therapeutics, Inc.",listed,20,2018-03-12,2022-11-03,2018-03-12,2023-05-22
915913,ALB,NYSE,ALBEMARLE CORP,listed,20,2018-02-28,2022-11-02,2018-02-28,2023-05-21
3545,ALCO,Nasdaq,"ALICO, INC.",listed,20,2018-02-06,2022-12-13,2018-02-06,2023-07-01
1653087,ALEC,Nasdaq,"Alector, Inc.",listed,16,2019-03-26,2022-11-08,2019-03-26,2023-05-27
897077,ALG,NYSE,ALAMO GROUP INC,listed,20,2018-03-01,2022-11-03,2018-03-01,2023-05-22
866291,ALGM,Nasdaq,"ALLEGRO MICROSYSTEMS, INC.",listed,9,2020-11-20,2022-10-31,2020-11-20,2023-05-19
1097149,ALGN,Nasdaq,ALIGN TECHNOLOGY INC,listed,20,2018-02-28,2022-11-04,2018-02-28,2023-05-23
1362468,ALGT,Nasdaq,Allegiant Travel CO,listed,20,2018-03-01,2022-11-03,2018-03-01,2023-05-22
1832466,ALHC,Nasdaq,"Alignment Healthcare, Inc.",listed,7,2021-05-17,2022-11-03,2021-05-17,2023-05-22
1809104,ALIT,NYSE,"Alight, Inc. / Delaware",listed,5,2021-11-12,2022-11-03,2021-11-12,2023-05-22
766421,ALK,NYSE,"ALASKA AIR GROUP, INC.",listed,20,2018-02-15,2022-11-03,2018-02-15,2023-05-22
1520262,ALKS,Nasdaq,Alkermes plc.,listed,20,2018-02-16,2022-11-02,2018-02-16,2023-05-21
1529274,ALKT,Nasdaq,"ALKAMI TECHNOLOGY, INC.",listed,7,2021-05-12,2022-11-04,2021-05-12,2023-05-23
899051,ALL,NYSE,ALLSTATE CORP,listed,20,2018-02-26,2022-11-02,2018-02-26,2023-05-21
1737287,ALLO,Nasdaq,"Allogene Therapeutics, Inc.",listed,16,2018-11-21,2022-11-02,2018-11-21,2023-05-21
40729,ALLY,NYSE,Ally Financial Inc.,listed,20,2018-02-21,2022-11-02,2018-02-21,2023-05-21
46129,ALNT,Nasdaq,ALLIENT INC,listed,20,2018-03-14,2022-11-02,2018-03-14,2023-05-21
1178670,ALNY,Nasdaq,"ALNYLAM PHARMACEUTICALS, INC.",listed,20,2018-02-15,2022-10-27,2018-02-15,2023-05-15
8146,ALOT,Nasdaq,"AstroNova, Inc.",listed,20,2018-04-10,2022-12-07,2018-04-10,2023-06-25
1567900,ALOY,Nasdaq,REALLOYS INC.,listed,20,2018-04-17,2022-11-14,2018-04-17,2023-06-02
1459200,ALRM,Nasdaq,"Alarm.com Holdings, Inc.",listed,20,2018-02-28,2022-11-09,2018-02-28,2023-05-28
903419,ALRS,Nasdaq,ALERUS FINANCIAL CORP,listed,13,2019-11-07,2022-11-03,2019-11-07,2023-05-22
1411207,ALSN,NYSE,Allison Transmission Holdings Inc,listed,20,2018-02-15,2022-10-27,2018-02-15,2023-05-15
1326190,ALT,Nasdaq,"Altimmune, Inc.",listed,20,2018-04-02,2022-11-10,2018-04-02,2023-05-29
1759824,ALTG,NYSE,ALTA EQUIPMENT GROUP INC.,listed,12,2020-03-25,2022-11-09,2020-03-25,2023-05-28
778164,ALTO,Nasdaq,"Alto Ingredients, Inc.",listed,20,2018-03-15,2022-11-09,2018-03-15,2023-05-28
1034670,ALV,NYSE,AUTOLIV INC,listed,20,2018-02-22,2022-10-21,2018-02-22,2023-05-09
3499,ALX,NYSE,ALEXANDERS INC,listed,20,2018-02-12,2022-10-31,2018-02-12,2023-05-19
1623925,AM,NYSE,Antero Midstream Corp,listed,20,2018-02-13,2022-10-26,2018-02-13,2023-05-14
1823608,AMAL,Nasdaq,Amalgamated Financial Corp.,listed,8,2021-03-15,2022-11-04,2021-03-15,2023-05-23
1280263,AMBA,Nasdaq,AMBARELLA INC,listed,20,2018-03-30,2022-12-09,2018-03-30,2023-06-27
1411579,AMC,NYSE,"AMC ENTERTAINMENT HOLDINGS, INC.",listed,20,2018-03-01,2022-11-08,2018-03-01,2023-05-27
1514991,AMCX,Nasdaq,AMC Global Media Inc.,listed,20,2018-03-01,2022-11-04,2018-03-01,2023-05-23
2488,AMD,Nasdaq,ADVANCED MICRO DEVICES INC,listed,20,2018-02-27,2022-11-02,2018-02-27,2023-05-21
1037868,AME,NYSE,AMETEK INC/,listed,20,2018-02-22,2022-11-01,2018-02-22,2023-05-20
1004434,AMG,NYSE,"AFFILIATED MANAGERS GROUP, INC.",listed,20,2018-02-23,2022-11-07,2018-02-23,2023-05-26
318154,AMGN,Nasdaq,AMGEN INC,listed,20,2018-02-13,2022-11-04,2018-02-13,2023-05-23
1047127,AMKR,Nasdaq,"AMKOR TECHNOLOGY, INC.",listed,20,2018-02-23,2022-11-03,2018-02-23,2023-05-22
1142750,AMN,NYSE,AMN HEALTHCARE SERVICES INC,listed,20,2018-02-16,2022-11-04,2018-02-16,2023-05-23
820027,AMP,NYSE,AMERIPRISE FINANCIAL INC,listed,20,2018-02-23,2022-11-02,2018-02-23,2023-05-21
1297184,AMPH,Nasdaq,"Amphastar Pharmaceuticals, Inc.",listed,20,2018-03-14,2022-11-08,2018-03-14,2023-05-27
1866692,AMPL,Nasdaq,"Amplitude, Inc.",listed,5,2021-11-09,2022-11-03,2021-11-09,2023-05-22
1533924,AMPY,NYSE,Amplify Energy Corp.,listed,17,2018-03-14,2022-11-01,2018-03-14,2023-05-20
1704715,AMR,NYSE,"Alpha Metallurgical Resources, Inc.",listed,17,2018-11-14,2022-11-07,2018-11-14,2023-05-26
1488139,AMRC,NYSE,"Ameresco, Inc.",listed,20,2018-03-07,2022-11-01,2018-03-07,2023-05-20
1723128,AMRX,Nasdaq,"Amneal Pharmaceuticals, Inc.",listed,19,2018-03-09,2022-11-07,2018-03-09,2023-05-26
880807,AMSC,Nasdaq,AMERICAN SUPERCONDUCTOR CORP /DE/,listed,20,2018-02-05,2022-11-01,2018-02-05,2023-05-20
1018979,AMSF,Nasdaq,AMERISAFE INC,listed,20,2018-02-28,2022-10-28,2018-02-28,2023-05-16
1053507,AMT,NYSE,AMERICAN TOWER CORP /MA/,listed,20,2018-02-28,2022-10-27,2018-02-28,2023-05-15
1734342,AMTB,NYSE,Amerant Bancorp Inc.,listed,18,2018-09-21,2022-10-28,2018-09-21,2023-05-16
738214,AMTX,Nasdaq,"AEMETIS, INC",listed,20,2018-03-29,2022-11-07,2018-03-29,2023-05-26
1393584,AMWL,NYSE,American Well Corp,listed,9,2020-11-13,2022-11-08,2020-11-13,2023-05-27
1018724,AMZN,Nasdaq,AMAZON COM INC,listed,20,2018-02-02,2022-10-28,2018-02-02,2023-05-16
350698,AN,NYSE,"AUTONATION, INC.",listed,20,2018-02-15,2022-10-27,2018-02-15,2023-05-15
1370053,ANAB,Nasdaq,"ANAPTYSBIO, INC",listed,20,2018-03-05,2022-11-08,2018-03-05,2023-05-27
821026,ANDE,Nasdaq,"Andersons, Inc.",listed,20,2018-02-26,2022-11-03,2018-02-26,2023-05-22
1596532,ANET,NYSE,"Arista Networks, Inc.",listed,20,2018-02-20,2022-11-01,2018-02-20,2023-05-20
1018840,ANF,NYSE,ABERCROMBIE & FITCH CO /DE/,listed,20,2018-04-02,2022-12-06,2018-04-02,2023-06-24
1705110,ANGI,Nasdaq,Angi Inc.,listed,20,2018-03-14,2022-11-09,2018-03-14,2023-05-28
1275187,ANGO,Nasdaq,ANGIODYNAMICS INC,listed,19,2018-01-05,2022-10-11,2018-01-05,2023-04-29
898437,ANIK,Nasdaq,"Anika Therapeutics, Inc.",listed,20,2018-02-27,2022-11-09,2018-02-27,2023-05-28
1023024,ANIP,Nasdaq,ANI PHARMACEUTICALS INC,listed,20,2018-02-27,2022-11-09,2018-02-27,2023-05-28
784199,AORT,NYSE,"ARTIVION, INC.",listed,17,2018-03-09,2022-11-04,2018-03-09,2023-05-23
91142,AOS,NYSE,SMITH A O CORP,listed,20,2018-02-16,2022-10-28,2018-02-16,2023-05-16
1387467,AOSL,Nasdaq,ALPHA & OMEGA SEMICONDUCTOR Ltd,listed,20,2018-02-08,2022-11-07,2018-02-08,2023-05-26
6176,AP,NYSE,AMPCO PITTSBURGH CORP,listed,20,2018-03-16,2022-11-14,2018-03-16,2023-06-02
1517302,APAM,NYSE,Artisan Partners Asset Management Inc.,listed,20,2018-02-21,2022-11-03,2018-02-21,2023-05-22
2969,APD,NYSE,"Air Products & Chemicals, Inc.",listed,20,2018-01-26,2022-11-22,2018-01-26,2023-06-10
1796209,APG,NYSE,APi Group Corp,listed,11,2020-06-02,2022-11-03,2020-06-02,2023-05-22
820313,APH,NYSE,AMPHENOL CORP /DE/,listed,20,2018-02-21,2022-10-28,2018-02-21,2023-05-16
1418121,APLE,NYSE,"Apple Hospitality REIT, Inc.",listed,20,2018-02-22,2022-11-07,2018-02-22,2023-05-26
1751008,APP,Nasdaq,AppLovin Corp,listed,7,2021-05-14,2022-11-10,2021-05-14,2023-05-29
1433195,APPF,Nasdaq,APPFOLIO INC,listed,20,2018-02-26,2022-10-28,2018-02-26,2023-05-16
1441683,APPN,Nasdaq,APPIAN CORP,listed,20,2018-02-23,2022-11-03,2018-02-23,2023-05-22
317788,APPS,Nasdaq,"Digital Turbine, Inc.",listed,20,2018-02-07,2022-11-09,2018-02-07,2023-05-28
719135,APYX,Nasdaq,Apyx Medical Corp,listed,20,2018-03-13,2022-11-10,2018-03-13,2023-05-29
1398733,AQST,Nasdaq,"Aquestive Therapeutics, Inc.",listed,18,2018-09-04,2022-11-01,2018-09-04,2023-05-20
1433270,AR,NYSE,ANTERO RESOURCES Corp,listed,20,2018-02-13,2022-10-26,2018-02-13,2023-05-14
894405,ARCB,Nasdaq,ARCBEST CORP /TX/,listed,20,2018-02-28,2022-11-04,2018-02-28,2023-05-23
1768224,ARCT,Nasdaq,Arcturus Therapeutics Holdings Inc.,listed,14,2019-08-14,2022-11-09,2019-08-14,2023-05-28
1437402,ARDX,Nasdaq,"ARDELYX, INC.",listed,20,2018-03-14,2022-11-03,2018-03-14,2023-05-22
1035443,ARE,NYSE,"ALEXANDRIA REAL ESTATE EQUITIES, INC.",listed,20,2018-01-30,2022-10-24,2018-01-30,2023-05-12
1176948,ARES,NYSE,Ares Management Corp,listed,20,2018-03-01,2022-11-07,2018-03-01,2023-05-26
1875444,ARHS,Nasdaq,"Arhaus, Inc.",listed,5,2021-12-09,2022-11-10,2021-12-09,2023-05-29
1467760,ARI,NYSE,"Apollo Commercial Real Estate Finance, Inc.",listed,20,2018-02-14,2022-10-24,2018-02-14,2023-05-12
1823794,ARKO,Nasdaq,ARKO Corp.,listed,8,2021-03-25,2022-11-07,2021-03-25,2023-05-26
1102238,ARL,NYSE,AMERICAN REALTY INVESTORS INC,listed,14,2018-04-02,2022-03-29,2018-04-02,2022-10-15
1736946,ARLO,NYSE,"Arlo Technologies, Inc.",listed,18,2018-08-27,2022-11-09,2018-08-27,2023-05-28
1584509,ARMK,NYSE,Aramark,listed,20,2018-02-06,2022-11-22,2018-02-06,2023-06-10
1389050,AROC,NYSE,"Archrock, Inc.",listed,20,2018-02-22,2022-11-03,2018-02-22,2023-05-22
717538,AROW,Nasdaq,ARROW FINANCIAL CORP,listed,20,2018-03-12,2022-11-07,2018-03-12,2023-05-26
1787306,ARQT,Nasdaq,"Arcutis Biotherapeutics, Inc.",listed,10,2020-03-19,2022-11-08,2020-03-19,2023-05-27
1428205,ARR,NYSE,"Armour Residential REIT, Inc.",listed,20,2018-02-14,2022-10-26,2018-02-14,2023-05-14
1820721,ARRY,Nasdaq,"Array Technologies, Inc.",listed,9,2020-11-16,2022-11-09,2020-11-16,2023-05-28
863110,ARTNA,Nasdaq,ARTESIAN RESOURCES CORP,listed,20,2018-03-15,2022-11-04,2018-03-15,2023-05-23
1655759,ARVN,Nasdaq,"ARVINAS, INC.",listed,17,2018-11-14,2022-11-09,2018-11-14,2023-05-28
7536,ARW,NYSE,"ARROW ELECTRONICS, INC.",listed,20,2018-02-06,2022-11-03,2018-02-06,2023-05-22
879407,ARWR,Nasdaq,"ARROWHEAD PHARMACEUTICALS, INC.",listed,20,2018-02-09,2022-11-28,2018-02-09,2023-06-16
1477720,ASAN,NYSE,"Asana, Inc.",listed,9,2020-12-10,2022-12-01,2020-12-10,2023-06-19
7789,ASB,NYSE,ASSOCIATED BANC-CORP,listed,20,2018-02-06,2022-10-27,2018-02-06,2023-05-15
1674862,ASH,NYSE,ASHLAND INC.,listed,20,2018-01-30,2022-11-21,2018-01-30,2023-06-09
1673985,ASIX,NYSE,AdvanSix Inc.,listed,20,2018-02-27,2022-11-04,2018-02-27,2023-05-23
1754170,ASLE,Nasdaq,AerSale Corp,listed,8,2021-03-16,2022-11-09,2021-03-16,2023-05-28
1426800,ASMB,Nasdaq,"ASSEMBLY BIOSCIENCES, INC.",listed,14,2018-05-07,2022-11-08,2018-05-07,2023-05-27
1817358,ASO,Nasdaq,"Academy Sports & Outdoors, Inc.",listed,9,2020-12-10,2022-12-07,2020-12-10,2023-06-25
1145986,ASPN,NYSE,ASPEN AEROGELS INC,listed,20,2018-03-01,2022-11-07,2018-03-01,2023-05-26
792987,ASTE,Nasdaq,ASTEC INDUSTRIES INC,listed,20,2018-03-01,2022-11-03,2018-03-01,2023-05-22
1083446,ASTH,Nasdaq,"Astrana Health, Inc.",listed,20,2018-04-02,2022-11-07,2018-04-02,2023-05-26
1780312,ASTS,Nasdaq,"AST SpaceMobile, Inc.",listed,6,2021-08-16,2022-11-14,2021-08-16,2023-06-02
720500,ASYS,Nasdaq,AMTECH SYSTEMS INC,listed,20,2018-02-08,2022-11-30,2018-02-08,2023-06-18
1350653,ATEC,Nasdaq,"Alphatec Holdings, Inc.",listed,20,2018-03-09,2022-11-03,2018-03-09,2023-05-22
1580808,ATEN,NYSE,"A10 Networks, Inc.",listed,20,2018-08-29,2022-11-03,2018-08-29,2023-05-22
1304492,ATEX,Nasdaq,Anterix Inc.,listed,20,2018-02-06,2022-10-31,2018-02-06,2023-05-19
1018963,ATI,NYSE,ATI INC,listed,20,2018-02-20,2022-11-03,2018-02-20,2023-05-22
1666138,ATKR,NYSE,Atkore Inc.,listed,20,2018-02-06,2022-11-18,2018-02-06,2023-06-06
1464343,ATLC,Nasdaq,Atlanticus Holdings Corp,listed,20,2018-04-02,2022-11-08,2018-04-02,2023-05-27
1132651,ATLO,Nasdaq,AMES NATIONAL CORP,listed,20,2018-03-12,2022-11-08,2018-03-12,2023-05-27
879585,ATNI,Nasdaq,"ATN International, Inc.",listed,20,2018-03-01,2022-11-09,2018-03-01,2023-05-28
731802,ATO,NYSE,ATMOS ENERGY CORP,listed,20,2018-02-06,2022-11-14,2018-02-06,2023-06-02
1420520,ATOM,Nasdaq,Atomera Inc,listed,17,2018-05-15,2022-11-09,2018-05-15,2023-05-28
896622,ATR,NYSE,"APTARGROUP, INC.",listed,20,2018-02-26,2022-10-28,2018-02-26,2023-05-16
1323885,ATRC,Nasdaq,"AtriCure, Inc.",listed,20,2018-02-28,2022-11-02,2018-02-28,2023-05-21
8063,ATRO,Nasdaq,ASTRONICS CORP,listed,20,2018-03-01,2022-11-15,2018-03-01,2023-06-03
883948,AUB,NYSE,Atlantic Union Bankshares Corp,listed,20,2018-02-27,2022-11-03,2018-02-27,2023-05-22
1600620,AUPH,Nasdaq,Aurinia Pharmaceuticals Inc.,listed,8,2021-02-24,2022-11-03,2021-02-24,2023-05-22
1501796,AURA,Nasdaq,"Aura Biosciences, Inc.",listed,5,2021-11-24,2022-11-10,2021-11-24,2023-05-29
104918,AVA,NYSE,AVISTA CORP,listed,20,2018-02-21,2022-11-01,2018-02-21,2023-05-20
1832332,AVAH,Nasdaq,"Aveanna Healthcare Holdings, Inc.",listed,7,2021-05-25,2022-11-15,2021-05-25,2023-06-03
1368622,AVAV,Nasdaq,AeroVironment Inc,listed,20,2018-03-07,2022-12-07,2018-03-07,2023-06-25
915912,AVB,NYSE,AVALONBAY COMMUNITIES INC,listed,20,2018-02-23,2022-11-08,2018-02-23,2023-05-27
1730168,AVGO,Nasdaq,Broadcom Inc.,listed,19,2018-06-14,2022-12-16,2018-06-14,2023-07-04
1122976,AVNT,NYSE,AVIENT CORP,listed,20,2018-02-15,2022-11-02,2018-02-15,2023-05-21
1377789,AVNW,Nasdaq,"AVIAT NETWORKS, INC.",listed,20,2018-02-08,2022-11-02,2018-02-08,2023-05-21
1802974,AVO,Nasdaq,"Mission Produce, Inc.",listed,9,2021-01-19,2022-12-22,2021-01-19,2023-07-10
1777921,AVPT,Nasdaq,"AvePoint, Inc.",listed,5,2021-11-15,2022-11-14,2021-11-15,2023-06-02
8858,AVT,Nasdaq,AVNET INC,listed,20,2018-01-26,2022-10-28,2018-01-26,2023-05-16
1722482,AVTR,NYSE,"Avantor, Inc.",listed,14,2019-08-06,2022-10-28,2019-08-06,2023-05-16
1314052,AVXL,Nasdaq,ANAVEX LIFE SCIENCES CORP.,listed,14,2018-02-07,2022-11-28,2018-02-07,2023-06-16
8818,AVY,NYSE,Avery Dennison Corp,listed,20,2018-02-21,2022-11-01,2018-02-21,2023-05-20
7431,AWI,NYSE,ARMSTRONG WORLD INDUSTRIES INC,listed,20,2018-02-26,2022-10-25,2018-02-26,2023-05-13
1410636,AWK,NYSE,"American Water Works Company, Inc.",listed,20,2018-02-20,2022-10-31,2018-02-20,2023-05-19
1056903,AWR,NYSE,AMERICAN STATES WATER CO,listed,20,2018-02-26,2022-11-07,2018-02-26,2023-05-26
1299709,AX,NYSE,"Axos Financial, Inc.",listed,20,2018-01-30,2022-10-28,2018-01-30,2023-05-16
805928,AXGN,Nasdaq,"Axogen, Inc.",listed,20,2018-02-28,2022-11-08,2018-02-28,2023-05-27
1069183,AXON,Nasdaq,"AXON ENTERPRISE, INC.",listed,20,2018-03-01,2022-11-09,2018-03-01,2023-05-28
4962,AXP,NYSE,AMERICAN EXPRESS CO,listed,20,2018-02-16,2022-10-21,2018-02-16,2023-05-09
1579428,AXSM,Nasdaq,"Axsome Therapeutics, Inc.",listed,20,2018-03-07,2022-11-07,2018-03-07,2023-05-26
1616862,AXTA,NYSE,Axalta Coating Systems Ltd.,listed,20,2018-02-22,2022-10-25,2018-02-22,2023-05-13
1051627,AXTI,Nasdaq,AXT INC,listed,20,2018-03-09,2022-11-10,2018-03-09,2023-05-29
1144215,AYI,NYSE,ACUITY INC. (DE),listed,20,2018-01-09,2022-10-26,2018-01-09,2023-05-14
866787,AZO,NYSE,AUTOZONE INC,listed,20,2018-03-16,2022-12-20,2018-03-16,2023-07-08
933974,AZTA,Nasdaq,"Azenta, Inc.",listed,20,2018-02-05,2022-11-25,2018-02-05,2023-06-13
8947,AZZ,NYSE,AZZ INC,listed,20,2018-05-15,2022-10-11,2018-05-15,2023-04-29
12927,BA,NYSE,BOEING CO,listed,20,2018-02-12,2022-10-26,2018-02-12,2023-05-14
70858,BAC,NYSE,BANK OF AMERICA CORP /DE/,listed,20,2018-02-22,2022-10-28,2018-02-22,2023-05-16
1649739,BAFN,Nasdaq,BayFirst Financial Corp.,listed,5,2021-12-16,2022-11-10,2021-12-16,2023-05-29
1443646,BAH,NYSE,Booz Allen Hamilton Holding Corp,listed,20,2018-02-05,2022-10-28,2018-02-05,2023-05-16
9389,BALL,NYSE,BALL Corp,listed,20,2018-03-01,2022-11-03,2018-03-01,2023-05-22
1169770,BANC,NYSE,"BANC OF CALIFORNIA, INC.",listed,20,2018-02-28,2022-11-07,2018-02-28,2023-05-26
1514416,BAND,Nasdaq,Bandwidth Inc.,listed,20,2018-02-26,2022-11-02,2018-02-26,2023-05-21
760498,BANF,Nasdaq,BANCFIRST CORP /OK/,listed,19,2018-03-01,2022-11-04,2018-03-01,2023-05-23
946673,BANR,Nasdaq,BANNER CORP,listed,20,2018-02-23,2022-11-03,2018-02-23,2023-05-22
10456,BAX,NYSE,BAXTER INTERNATIONAL INC,listed,20,2018-02-23,2022-10-27,2018-02-23,2023-05-15
1070235,BB,NYSE,BLACKBERRY Ltd,listed,12,2020-04-07,2022-12-21,2020-04-07,2023-07-09
1703956,BBCP,Nasdaq,"Concrete Pumping Holdings, Inc.",listed,16,2018-10-19,2022-09-08,2018-10-19,2023-03-27
1743881,BBIO,Nasdaq,"BridgeBio Pharma, Inc.",listed,12,2019-08-14,2022-11-03,2019-08-14,2023-05-22
902791,BBSI,Nasdaq,BARRETT BUSINESS SERVICES INC,listed,20,2018-03-06,2022-11-03,2018-03-06,2023-05-22
1108134,BBT,NYSE,Beacon Financial Corp,listed,20,2018-03-01,2022-11-09,2018-03-01,2023-05-28
1113809,BBW,NYSE,BUILD-A-BEAR WORKSHOP INC,listed,20,2018-03-15,2022-12-08,2018-03-15,2023-06-26
764478,BBY,NYSE,BEST BUY CO INC,listed,20,2018-04-02,2022-12-06,2018-04-02,2023-06-24
14930,BC,NYSE,BRUNSWICK CORP,listed,20,2018-02-20,2022-11-01,2018-02-20,2023-05-20
1328581,BCC,NYSE,BOISE CASCADE Co,listed,20,2018-02-26,2022-10-31,2018-02-26,2023-05-19
1730984,BCML,Nasdaq,BayCom Corp,listed,19,2018-06-18,2022-11-10,2018-06-18,2023-05-29
78890,BCO,NYSE,BRINKS CO,listed,20,2018-03-01,2022-10-26,2018-03-01,2023-05-14
9326,BCPC,Nasdaq,BALCHEM CORP,listed,20,2018-03-01,2022-11-04,2018-03-01,2023-05-23
882796,BCRX,Nasdaq,BIOCRYST PHARMACEUTICALS INC,listed,20,2018-03-12,2022-11-04,2018-03-12,2023-05-23
913142,BDC,NYSE,BELDEN INC.,listed,20,2018-02-13,2022-11-07,2018-02-13,2023-05-26
1439725,BDSX,Nasdaq,BIODESIX INC,listed,9,2020-12-10,2022-11-03,2020-12-10,2023-05-22
10795,BDX,NYSE,BECTON DICKINSON & CO,listed,20,2018-02-06,2022-11-22,2018-02-06,2023-06-10
1664703,BE,NYSE,Bloom Energy Corp,listed,18,2018-09-07,2022-11-03,2018-09-07,2023-05-22
1745999,BEAM,Nasdaq,Beam Therapeutics Inc.,listed,12,2020-03-30,2022-11-07,2020-03-30,2023-05-26
729580,BELFA,Nasdaq,BEL FUSE INC /NJ,listed,20,2018-03-09,2022-11-04,2018-03-09,2023-05-23
38777,BEN,NYSE,FRANKLIN TEMPLETON INC,listed,20,2018-01-30,2022-11-14,2018-01-30,2023-06-02
14693,BF-B,NYSE,BROWN FORMAN CORP,listed,20,2018-03-07,2022-12-07,2018-03-07,2023-06-25
1437578,BFAM,NYSE,BRIGHT HORIZONS FAMILY SOLUTIONS INC.,listed,20,2018-02-28,2022-11-08,2018-02-28,2023-05-27
1746109,BFC,Nasdaq,Bank First Corp,listed,17,2018-12-07,2022-11-09,2018-12-07,2023-05-28
1804176,BFLY,NYSE,"Butterfly Network, Inc.",listed,8,2021-03-29,2022-11-03,2021-03-29,2023-05-22
907254,BFS,NYSE,"SAUL CENTERS, INC.",listed,20,2018-02-27,2022-11-08,2018-02-27,2023-05-27
1624322,BFST,Nasdaq,"Business First Bancshares, Inc.",listed,20,2018-03-21,2022-11-03,2018-03-21,2023-05-22
1094831,BGC,Nasdaq,"BGC Group, Inc.",listed,20,2018-02-22,2022-11-08,2018-02-22,2023-05-27
1278027,BGS,NYSE,"B&G Foods, Inc.",listed,20,2018-03-01,2022-11-09,2018-03-01,2023-05-28
1726173,BH-A,NYSE,Biglari Holdings Inc.,listed,19,2018-05-04,2022-11-04,2018-05-04,2023-05-23
743367,BHB,NYSE,BAR HARBOR BANKSHARES,listed,20,2018-03-13,2022-11-04,2018-03-13,2023-05-23
885590,BHC,NYSE,Bausch Health Companies Inc.,listed,20,2018-02-28,2022-11-03,2018-02-28,2023-05-22
863436,BHE,NYSE,BENCHMARK ELECTRONICS INC,listed,20,2018-03-01,2022-11-04,2018-03-01,2023-05-23
1685040,BHF,Nasdaq,"Brighthouse Financial, Inc.",listed,20,2018-03-16,2022-11-08,2018-03-16,2023-05-27
1574085,BHR,NYSE,Braemar Hotels & Resorts Inc.,listed,20,2018-03-14,2022-11-07,2018-03-14,2023-05-26
875045,BIIB,Nasdaq,BIOGEN INC.,listed,20,2018-02-01,2022-10-25,2018-02-01,2023-05-13
1786352,BILL,NYSE,"BILL Holdings, Inc.",listed,12,2020-02-11,2022-11-04,2020-02-11,2023-05-23
1531152,BJ,NYSE,"BJ's Wholesale Club Holdings, Inc.",listed,18,2018-09-07,2022-11-23,2018-09-07,2023-06-11
1013488,BJRI,Nasdaq,BJs RESTAURANTS INC,listed,20,2018-02-26,2022-10-31,2018-02-26,2023-05-19
1332349,BKD,NYSE,Brookdale Senior Living Inc.,listed,20,2018-02-22,2022-11-08,2018-02-22,2023-05-27
885245,BKE,NYSE,BUCKLE INC,listed,20,2018-04-04,2022-12-08,2018-04-04,2023-06-26
1130464,BKH,NYSE,BLACK HILLS CORP /SD/,listed,20,2018-02-26,2022-11-03,2018-02-26,2023-05-22
1075531,BKNG,Nasdaq,Booking Holdings Inc.,listed,20,2018-02-27,2022-11-02,2018-02-27,2023-05-21
1701605,BKR,Nasdaq,Baker Hughes Co,listed,20,2018-02-23,2022-10-20,2018-02-23,2023-05-08
1753539,BKSY,NYSE,BlackSky Technology Inc.,listed,7,2020-03-06,2022-11-08,2020-03-06,2023-05-27
2186,BKTI,NYSE,BK Technologies Corp,listed,20,2018-03-06,2022-11-04,2018-03-06,2023-05-23
1504008,BKU,NYSE,"BankUnited, Inc.",listed,20,2018-03-01,2022-11-01,2018-03-01,2023-05-20
1666134,BL,Nasdaq,"BLACKLINE, INC.",listed,20,2018-03-08,2022-11-04,2018-03-08,2023-05-23
1589526,BLBD,Nasdaq,Blue Bird Corp,listed,20,2018-02-07,2022-12-12,2018-02-07,2023-06-30
1316835,BLDR,NYSE,"Builders FirstSource, Inc.",listed,20,2018-03-01,2022-11-08,2018-03-01,2023-05-27
834365,BLFS,Nasdaq,BIOLIFE SOLUTIONS INC,listed,20,2018-03-09,2022-11-09,2018-03-09,2023-05-28
1280058,BLKB,Nasdaq,BLACKBAUD INC,listed,20,2018-02-20,2022-11-03,2018-02-20,2023-05-22
1546417,BLMN,Nasdaq,"Bloomin' Brands, Inc.",listed,20,2018-02-28,2022-11-01,2018-02-28,2023-05-20
1855747,BLND,NYSE,"Blend Labs, Inc.",listed,6,2021-08-24,2022-11-10,2021-08-24,2023-05-29
1462056,BLZE,Nasdaq,"Backblaze, Inc.",listed,5,2021-12-14,2022-11-10,2021-12-14,2023-05-29
1830043,BMBL,Nasdaq,Bumble Inc.,listed,8,2021-03-15,2022-11-16,2021-03-15,2023-06-04
9092,BMI,NYSE,BADGER METER INC,listed,20,2018-03-01,2022-10-25,2018-03-01,2023-05-13
1829311,BMNR,NYSE,"BITMINE IMMERSION TECHNOLOGIES, INC.",listed,5,2021-12-09,2022-12-09,2021-12-09,2023-06-27
1048477,BMRN,Nasdaq,BIOMARIN PHARMACEUTICAL INC,listed,20,2018-02-26,2022-10-28,2018-02-26,2023-05-16
14272,BMY,NYSE,BRISTOL MYERS SQUIBB CO,listed,20,2018-02-13,2022-10-26,2018-02-13,2023-05-14
1634117,BNED,NYSE,"Barnes & Noble Education, Inc.",listed,20,2018-03-01,2022-12-06,2018-03-01,2023-06-24
1424182,BNL,NYSE,"Broadstone Net Lease, Inc.",listed,20,2018-03-15,2022-11-03,2018-03-15,2023-05-22
1390777,BNY,NYSE,Bank of New York Mellon Corp,listed,15,2018-05-08,2022-11-07,2018-05-08,2023-05-26
1494582,BOC,NYSE,BOSTON OMAHA Corp,listed,20,2018-03-30,2022-11-10,2018-03-30,2023-05-29
46195,BOH,NYSE,BANK OF HAWAII CORP,listed,20,2018-02-28,2022-10-27,2018-02-28,2023-05-15
875357,BOKF,Nasdaq,BOK FINANCIAL CORP,listed,20,2018-02-27,2022-11-02,2018-02-27,2023-05-21
34067,BOOM,Nasdaq,DMC Global Inc.,listed,20,2018-03-08,2022-11-03,2018-03-08,2023-05-22
1610250,BOOT,NYSE,"Boot Barn Holdings, Inc.",listed,20,2018-02-01,2022-10-27,2018-02-01,2023-05-15
1372612,BOX,NYSE,BOX INC,listed,20,2018-03-22,2022-12-02,2018-03-22,2023-06-20
763901,BPOP,Nasdaq,"POPULAR, INC.",listed,20,2018-03-01,2022-11-09,2018-03-01,2023-05-28
1383312,BR,NYSE,"BROADRIDGE FINANCIAL SOLUTIONS, INC.",listed,20,2018-02-08,2022-11-02,2018-02-08,2023-05-21
1772016,BRBR,NYSE,"BELLRING BRANDS, INC.",listed,13,2019-11-22,2022-11-17,2019-11-22,2023-06-05
842717,BRBS,NYSE,"BLUE RIDGE BANKSHARES, INC.",listed,10,2020-04-14,2022-11-03,2020-04-14,2023-05-22
746598,BRC,NYSE,BRADY CORP,listed,20,2018-02-22,2022-11-17,2018-02-22,2023-06-05
1067983,BRK-B,NYSE,BERKSHIRE HATHAWAY INC,listed,20,2018-02-26,2022-11-07,2018-02-26,2023-05-26
1109354,BRKR,Nasdaq,BRUKER CORP,listed,20,2018-03-16,2022-11-04,2018-03-16,2023-05-23
79282,BRO,NYSE,"BROWN & BROWN, INC.",listed,20,2018-02-28,2022-11-03,2018-02-28,2023-05-22
1866581,BROS,NYSE,Dutch Bros Inc.,listed,5,2021-11-12,2022-11-10,2021-11-12,2023-05-29
1717547,BRSP,NYSE,"BrightSpire Capital, Inc.",listed,20,2018-03-23,2022-11-02,2018-03-23,2023-05-21
14846,BRT,NYSE,BRT Apartments Corp.,listed,17,2018-08-08,2022-11-09,2018-08-08,2023-05-28
1581068,BRX,NYSE,Brixmor Property Group Inc.,listed,20,2018-02-12,2022-11-01,2018-02-12,2023-05-20
1676238,BRZE,Nasdaq,"Braze, Inc.",listed,5,2021-12-21,2022-12-14,2021-12-21,2023-07-02
10329,BSET,Nasdaq,BASSETT FURNITURE INDUSTRIES INC,listed,20,2018-01-18,2022-09-29,2018-01-18,2023-04-17
1130144,BSRR,Nasdaq,SIERRA BANCORP,listed,20,2018-03-14,2022-11-03,2018-03-14,2023-05-22
1746129,BSVN,Nasdaq,Bank7 Corp.,listed,13,2018-11-14,2022-03-31,2018-11-14,2022-10-17
885725,BSX,NYSE,BOSTON SCIENTIFIC CORP,listed,20,2018-02-20,2022-11-03,2018-02-20,2023-05-22
1031308,BSY,Nasdaq,BENTLEY SYSTEMS INC,listed,9,2020-11-10,2022-11-08,2020-11-10,2023-05-27
1064728,BTU,NYSE,PEABODY ENERGY CORP,listed,20,2018-02-26,2022-11-03,2018-02-26,2023-05-22
1579298,BURL,NYSE,"Burlington Stores, Inc.",listed,20,2018-03-20,2022-11-22,2018-03-20,2023-06-10
314489,BUSE,Nasdaq,FIRST BUSEY CORP /NV/,listed,20,2018-02-28,2022-11-03,2018-02-28,2023-05-22
1734713,BV,NYSE,"BrightView Holdings, Inc.",listed,18,2018-08-09,2022-11-17,2018-08-09,2023-06-05
1665988,BVS,Nasdaq,Bioventus Inc.,listed,8,2021-03-26,2022-11-21,2021-03-26,2023-06-09
1630805,BW,NYSE,"Babcock & Wilcox Enterprises, Inc.",listed,20,2018-03-01,2022-11-08,2018-03-01,2023-05-27
908255,BWA,NYSE,BORGWARNER INC,listed,20,2018-02-08,2022-10-27,2018-02-08,2023-05-15
1341317,BWB,Nasdaq,Bridgewater Bancshares Inc,listed,19,2018-05-10,2022-11-03,2018-05-10,2023-05-22
1505732,BWFG,Nasdaq,"Bankwell Financial Group, Inc.",listed,20,2018-03-30,2022-11-07,2018-03-30,2023-05-26
1781755,BWIN,Nasdaq,"Baldwin Insurance Group, Inc.",listed,13,2019-12-02,2022-11-07,2019-12-02,2023-05-26
1847590,BWMN,Nasdaq,Bowman Consulting Group Ltd.,listed,7,2021-06-14,2022-11-14,2021-06-14,2023-06-02
1486957,BWXT,NYSE,"BWX Technologies, Inc.",listed,20,2018-02-27,2022-11-07,2018-02-27,2023-05-26
1393818,BX,NYSE,Blackstone Inc.,listed,20,2018-03-01,2022-11-04,2018-03-01,2023-05-23
1301787,BXC,NYSE,BlueLinx Holdings Inc.,listed,20,2018-03-01,2022-11-01,2018-03-01,2023-05-20
1037540,BXP,NYSE,"BXP, Inc.",listed,20,2018-02-28,2022-11-04,2018-02-28,2023-05-23
1702750,BY,NYSE,"BYLINE BANCORP, INC.",listed,20,2018-03-30,2022-11-04,2018-03-30,2023-05-23
906553,BYD,NYSE,BOYD GAMING CORP,listed,20,2018-02-26,2022-11-03,2018-02-26,2023-05-22
1655210,BYND,Nasdaq,"BEYOND MEAT, INC.",listed,15,2019-06-12,2022-11-10,2019-06-12,2023-05-29
915840,BZH,NYSE,BEAZER HOMES USA INC,listed,20,2018-02-06,2022-11-10,2018-02-06,2023-05-29
831001,C,NYSE,CITIGROUP INC,listed,20,2018-02-23,2022-11-04,2018-02-23,2023-05-23
1632127,CABO,NYSE,"Cable One, Inc.",listed,20,2018-03-01,2022-11-04,2018-03-01,2023-05-23
750686,CAC,Nasdaq,CAMDEN NATIONAL CORP,listed,20,2018-03-09,2022-11-03,2018-03-09,2023-05-22
885550,CACC,Nasdaq,CREDIT ACCEPTANCE CORP,listed,19,2018-02-09,2022-11-01,2018-02-09,2023-05-20
16058,CACI,NYSE,CACI INTERNATIONAL INC /DE/,listed,20,2018-02-01,2022-10-27,2018-02-01,2023-05-15
23217,CAG,NYSE,CONAGRA BRANDS INC.,listed,20,2018-01-04,2022-10-06,2018-01-04,2023-04-24
721371,CAH,NYSE,CARDINAL HEALTH INC,listed,20,2018-02-08,2022-11-04,2018-02-08,2023-05-23
887596,CAKE,Nasdaq,CHEESECAKE FACTORY INC,listed,20,2018-02-28,2022-11-02,2018-02-28,2023-05-21
14707,CAL,NYSE,CALERES INC,listed,20,2018-04-04,2022-12-06,2018-04-04,2023-06-24
16160,CALM,Nasdaq,CAL-MAINE FOODS INC,listed,21,2018-01-05,2022-12-28,2018-01-05,2023-07-16
1406666,CALX,NYSE,"CALIX, INC",listed,20,2018-03-14,2022-10-25,2018-03-14,2023-05-13
837465,CALY,NYSE,Callaway Golf Co,listed,20,2018-02-27,2022-11-04,2018-02-27,2023-05-23
723612,CAR,Nasdaq,"AVIS BUDGET GROUP, INC.",listed,20,2018-02-22,2022-11-01,2018-02-22,2023-05-20
1829576,CARE,Nasdaq,"Carter Bankshares, Inc.",listed,7,2021-03-12,2022-11-04,2021-03-12,2023-05-23
1494259,CARG,Nasdaq,"CarGurus, Inc.",listed,20,2018-03-01,2022-11-08,2018-03-01,2023-05-27
1783180,CARR,NYSE,CARRIER GLOBAL Corp,listed,11,2020-05-11,2022-10-27,2020-05-11,2023-05-15
1683606,CARS,NYSE,Cars.com Inc.,listed,20,2018-03-06,2022-11-03,2018-03-06,2023-05-22
907471,CASH,Nasdaq,"PATHWARD FINANCIAL, INC.",listed,20,2018-02-07,2022-11-22,2018-02-07,2023-06-10
708781,CASS,Nasdaq,CASS INFORMATION SYSTEMS INC,listed,20,2018-02-28,2022-11-07,2018-02-28,2023-05-26
726958,CASY,Nasdaq,CASEYS GENERAL STORES INC,listed,20,2018-03-07,2022-12-06,2018-03-07,2023-06-24
18230,CAT,NYSE,CATERPILLAR INC,listed,20,2018-02-15,2022-11-02,2018-02-15,2023-05-21
861842,CATY,Nasdaq,CATHAY GENERAL BANCORP,listed,20,2018-03-01,2022-11-08,2018-03-01,2023-05-27
711669,CBAN,NYSE,COLONY BANKCORP INC,listed,19,2018-03-15,2022-11-10,2018-03-15,2023-05-29
1605301,CBFV,Nasdaq,"CB Financial Services, Inc.",listed,20,2018-03-28,2022-11-09,2018-03-28,2023-05-28
910612,CBL,NYSE,CBL & ASSOCIATES PROPERTIES INC,listed,20,2018-03-01,2022-11-14,2018-03-01,2023-06-02
1419536,CBNK,Nasdaq,Capital Bancorp Inc,listed,17,2018-11-15,2022-11-09,2018-11-15,2023-05-28
1374310,CBOE,CBOE,"Cboe Global Markets, Inc.",listed,20,2018-02-22,2022-11-04,2018-02-22,2023-05-23
1138118,CBRE,NYSE,"CBRE GROUP, INC.",listed,20,2018-03-01,2022-10-27,2018-03-01,2023-05-15
1067294,CBRL,Nasdaq,"CRACKER BARREL OLD COUNTRY STORE, INC",listed,20,2018-02-20,2022-12-02,2018-02-20,2023-06-20
16040,CBT,NYSE,CABOT CORP,listed,20,2018-02-08,2022-11-23,2018-02-08,2023-06-11
723188,CBU,NYSE,"COMMUNITY FINANCIAL SYSTEM, INC.",listed,20,2018-03-01,2022-11-09,2018-03-01,2023-05-28
944148,CBZ,NYSE,"CBIZ, Inc.",listed,20,2018-03-01,2022-10-28,2018-03-01,2023-05-16
1627223,CC,NYSE,Chemours Co,listed,20,2018-02-16,2022-10-26,2018-02-16,2023-05-14
1437958,CCB,Nasdaq,COASTAL FINANCIAL CORP,listed,18,2018-08-31,2022-11-09,2018-08-31,2023-05-28
726601,CCBG,Nasdaq,CAPITAL CITY BANK GROUP INC,listed,20,2018-03-05,2022-10-31,2018-03-05,2023-05-19
1818201,CCC,Nasdaq,CCC Intelligent Solutions Holdings Inc.,listed,5,2021-11-12,2022-11-04,2021-11-12,2023-05-23
1662579,CCCC,Nasdaq,"C4 Therapeutics, Inc.",listed,9,2020-11-12,2022-11-03,2020-11-12,2023-05-22
1051470,CCI,NYSE,CROWN CASTLE INC.,listed,20,2018-02-26,2022-11-04,2018-02-26,2023-05-23
815097,CCL,NYSE,Carnival Corp Ltd.,listed,18,2018-03-22,2022-09-30,2018-03-22,2023-04-18
736772,CCNE,Nasdaq,CNB FINANCIAL CORP/PA,listed,20,2018-03-08,2022-11-02,2018-03-08,2023-05-21
1334978,CCO,NYSE,"Clear Channel Outdoor Holdings, Inc.",listed,20,2018-05-03,2022-11-08,2018-05-03,2023-05-27
1158324,CCOI,Nasdaq,"COGENT COMMUNICATIONS HOLDINGS, INC.",listed,20,2018-02-23,2022-11-04,2018-02-23,2023-05-23
1576940,CCS,NYSE,"Century Communities, Inc.",listed,20,2018-03-01,2022-10-27,2018-03-01,2023-05-15
1866633,CCSI,Nasdaq,"Consensus Cloud Solutions, Inc.",listed,5,2021-11-15,2022-11-14,2021-11-15,2023-06-02
215466,CDE,NYSE,"Coeur Mining, Inc.",listed,20,2018-02-07,2022-11-09,2018-02-07,2023-05-28
813672,CDNS,Nasdaq,CADENCE DESIGN SYSTEMS INC,listed,20,2018-02-20,2022-10-24,2018-02-20,2023-05-12
860546,CDP,NYSE,COPT DEFENSE PROPERTIES,listed,20,2018-02-16,2022-11-01,2018-02-16,2023-05-20
1860543,CDRE,NYSE,"Cadre Holdings, Inc.",listed,5,2021-12-02,2022-11-10,2021-12-02,2023-05-29
1402057,CDW,Nasdaq,CDW Corp,listed,20,2018-03-01,2022-11-02,2018-03-01,2023-05-21
1306830,CE,NYSE,Celanese Corp,listed,20,2018-02-09,2022-11-04,2018-02-09,2023-05-23
3197,CECO,Nasdaq,CECO ENVIRONMENTAL CORP,listed,20,2018-03-09,2022-11-07,2018-03-09,2023-05-26
1341766,CELH,Nasdaq,"Celsius Holdings, Inc.",listed,20,2018-03-08,2022-11-09,2018-03-08,2023-05-28
887733,CENT,Nasdaq,CENTRAL GARDEN & PET CO,listed,20,2018-02-08,2022-11-22,2018-02-08,2023-06-10
949157,CENX,Nasdaq,CENTURY ALUMINUM CO,listed,19,2018-02-28,2022-11-07,2018-02-28,2023-05-26
1009759,CEPL,Nasdaq,"Capstone Energy Plus, Inc.",listed,20,2018-02-05,2022-11-14,2018-02-05,2023-06-02
1827090,CERT,Nasdaq,"Certara, Inc.",listed,8,2021-03-15,2022-11-07,2021-03-15,2023-05-26
1173489,CEVA,Nasdaq,CEVA INC,listed,20,2018-03-01,2022-11-09,2018-03-01,2023-05-28
1324404,CF,NYSE,"CF Industries Holdings, Inc.",listed,20,2018-02-22,2022-11-03,2018-02-22,2023-05-22
1070680,CFBK,Nasdaq,CF BANKSHARES INC.,listed,20,2018-03-15,2022-11-09,2018-03-15,2023-05-28
913341,CFFI,Nasdaq,C & F FINANCIAL CORP,listed,20,2018-03-08,2022-11-08,2018-03-08,2023-05-27
1490906,CFFN,Nasdaq,"Capitol Federal Financial, Inc.",listed,20,2018-02-08,2022-11-23,2018-02-08,2023-06-11
759944,CFG,NYSE,CITIZENS FINANCIAL GROUP INC/RI,listed,20,2018-02-22,2022-11-04,2018-02-22,2023-05-23
39263,CFR,NYSE,"CULLEN/FROST BANKERS, INC.",listed,20,2018-02-07,2022-10-27,2018-02-07,2023-05-15
1527166,CG,Nasdaq,Carlyle Group Inc.,listed,20,2018-02-15,2022-11-08,2018-02-15,2023-05-27
851205,CGNX,Nasdaq,COGNEX CORP,listed,20,2018-02-15,2022-11-03,2018-02-15,2023-05-22
1299969,CHCI,Nasdaq,"Comstock Holding Companies, Inc.",listed,20,2018-04-20,2022-11-10,2018-04-20,2023-05-29
726854,CHCO,Nasdaq,CITY HOLDING CO,listed,20,2018-02-28,2022-11-03,2018-02-28,2023-05-22
1631569,CHCT,NYSE,Community Healthcare Trust Inc,listed,17,2018-05-08,2022-11-01,2018-05-08,2023-05-20
313927,CHD,NYSE,CHURCH & DWIGHT CO INC /DE/,listed,20,2018-02-23,2022-10-28,2018-02-23,2023-05-16
20212,CHDN,Nasdaq,Churchill Downs Inc,listed,20,2018-02-28,2022-10-26,2018-02-28,2023-05-14
19584,CHE,NYSE,CHEMED CORP,listed,18,2018-04-27,2022-11-02,2018-04-27,2023-05-21
1517175,CHEF,Nasdaq,"Chefs' Warehouse, Inc.",listed,20,2018-03-09,2022-10-26,2018-03-09,2023-05-14
1046311,CHH,NYSE,CHOICE HOTELS INTERNATIONAL INC /DE,listed,20,2018-03-01,2022-11-09,2018-03-01,2023-05-28
763563,CHMG,Nasdaq,CHEMUNG FINANCIAL CORP,listed,20,2018-03-08,2022-11-09,2018-03-08,2023-05-28
1777393,CHPT,NYSE,"ChargePoint Holdings, Inc.",listed,7,2021-06-11,2022-12-08,2021-06-11,2023-06-26
1486159,CHRD,Nasdaq,Chord Energy Corp,listed,20,2018-02-28,2022-11-03,2018-02-28,2023-05-22
1549084,CHRN,Nasdaq,ChronoScale Holdings Corp,listed,20,2018-03-13,2022-11-03,2018-03-13,2023-05-22
1512762,CHRS,Nasdaq,"Coherus Oncology, Inc.",listed,20,2018-03-08,2022-11-08,2018-03-08,2023-05-27
1043277,CHRW,Nasdaq,"C. H. ROBINSON WORLDWIDE, INC.",listed,20,2018-02-28,2022-11-04,2018-02-28,2023-05-23
1091667,CHTR,Nasdaq,"CHARTER COMMUNICATIONS, INC. /MO/",listed,20,2018-02-02,2022-10-28,2018-02-02,2023-05-16
1766502,CHWY,NYSE,"Chewy, Inc.",listed,15,2019-07-19,2022-12-08,2019-07-19,2023-06-26
1739940,CI,NYSE,Cigna Group,listed,16,2019-02-28,2022-11-03,2019-02-28,2023-05-22
24090,CIA,NYSE,"CITIZENS, INC.",listed,20,2018-03-29,2022-11-04,2018-03-29,2023-05-23
936395,CIEN,NYSE,CIENA CORP,listed,20,2018-03-07,2022-12-16,2018-03-07,2023-07-04
1409493,CIM,NYSE,CHIMERA INVESTMENT CORP,listed,20,2018-02-20,2022-11-03,2018-02-20,2023-05-22
20286,CINF,Nasdaq,CINCINNATI FINANCIAL CORP,listed,20,2018-02-23,2022-10-31,2018-02-23,2023-05-19
944745,CIVB,Nasdaq,"CIVISTA BANCSHARES, INC.",listed,20,2018-03-08,2022-11-09,2018-03-08,2023-05-28
1049606,CIX,NYSE,COMPX INTERNATIONAL INC,listed,20,2018-02-28,2022-11-02,2018-02-28,2023-05-21
21665,CL,NYSE,COLGATE PALMOLIVE CO,listed,20,2018-02-15,2022-10-28,2018-02-15,2023-05-16
913277,CLAR,Nasdaq,Clarus Corp,listed,20,2018-03-12,2022-11-07,2018-03-12,2023-05-26
764065,CLF,NYSE,CLEVELAND-CLIFFS INC.,listed,20,2018-02-14,2022-10-26,2018-02-14,2023-05-14
796505,CLFD,Nasdaq,"Clearfield, Inc.",listed,20,2018-01-29,2022-11-23,2018-01-29,2023-06-11
822818,CLH,NYSE,CLEAN HARBORS INC,listed,20,2018-02-28,2022-11-02,2018-02-28,2023-05-21
945983,CLMB,Nasdaq,"Climb Global Solutions, Inc.",listed,20,2018-03-15,2022-11-03,2018-03-15,2023-05-22
1368265,CLNE,Nasdaq,Clean Energy Fuels Corp.,listed,20,2018-03-13,2022-11-08,2018-03-13,2023-05-27
1801170,CLOV,Nasdaq,"CLOVER HEALTH INVESTMENTS, CORP. /DE",listed,8,2021-03-31,2022-11-07,2021-03-31,2023-05-26
1285550,CLPT,Nasdaq,"ClearPoint Neuro, Inc.",listed,20,2018-03-21,2022-11-08,2018-03-21,2023-05-27
1441236,CLW,NYSE,Clearwater Paper Corp,listed,20,2018-02-21,2022-10-31,2018-02-21,2023-05-19
21076,CLX,NYSE,CLOROX CO /DE/,listed,20,2018-02-02,2022-11-01,2018-02-02,2023-05-20
22444,CMC,NYSE,COMMERCIAL METALS Co,listed,20,2018-01-08,2022-10-13,2018-01-08,2023-05-01
1005229,CMCO,Nasdaq,COLUMBUS MCKINNON CORP,listed,20,2018-02-06,2022-10-27,2018-02-06,2023-05-15
1156375,CME,Nasdaq,CME GROUP INC.,listed,20,2018-03-01,2022-11-02,2018-03-01,2023-05-21
1058090,CMG,NYSE,CHIPOTLE MEXICAN GRILL INC,listed,20,2018-02-08,2022-10-26,2018-02-08,2023-05-14
26172,CMI,NYSE,CUMMINS INC,listed,20,2018-02-14,2022-11-04,2018-02-14,2023-05-23
1626450,CMRC,Nasdaq,"Commerce.com, Inc.",listed,10,2020-09-11,2022-11-04,2020-09-11,2023-05-23
811156,CMS,NYSE,CMS ENERGY CORP,listed,20,2018-02-14,2022-10-27,2018-02-14,2023-05-15
1026655,CMT,NYSE,CORE MOLDING TECHNOLOGIES INC,listed,20,2018-03-07,2022-11-08,2018-03-07,2023-05-27
1666291,CMTG,NYSE,"Claros Mortgage Trust, Inc.",listed,5,2021-12-16,2022-11-09,2021-12-16,2023-05-28
718413,CMTV,Nasdaq,COMMUNITY BANCORP /VT,listed,20,2018-03-15,2022-11-14,2018-03-15,2023-06-02
21175,CNA,NYSE,CNA FINANCIAL CORP,listed,20,2018-02-14,2022-10-31,2018-02-14,2023-05-19
1071739,CNC,NYSE,CENTENE CORP,listed,20,2018-02-20,2022-10-25,2018-02-20,2023-05-13
1677703,CNDT,Nasdaq,CONDUENT Inc,listed,20,2018-03-01,2022-11-01,2018-03-01,2023-05-20
1385280,CNK,NYSE,"Cinemark Holdings, Inc.",listed,20,2018-02-23,2022-11-04,2018-02-23,2023-05-23
1856525,CNM,NYSE,"Core & Main, Inc.",listed,6,2021-09-14,2022-12-13,2021-09-14,2023-07-01
816956,CNMD,NYSE,CONMED Corp,listed,20,2018-02-26,2022-10-27,2018-02-26,2023-05-15
1704720,CNNE,NYSE,"Cannae Holdings, Inc.",listed,20,2018-03-26,2022-11-09,2018-03-26,2023-05-28
712771,CNOB,Nasdaq,"ConnectOne Bancorp, Inc.",listed,20,2018-03-06,2022-11-04,2018-03-06,2023-05-23
1130310,CNP,NYSE,CENTERPOINT ENERGY INC,listed,20,2018-02-22,2022-11-01,2018-02-22,2023-05-20
1710366,CNR,NYSE,"Core Natural Resources, Inc.",listed,20,2018-02-16,2022-11-01,2018-02-16,2023-05-20
1284812,CNS,NYSE,"COHEN & STEERS, INC.",listed,20,2018-02-23,2022-11-04,2018-02-23,2023-05-23
1070412,CNX,NYSE,CNX Resources Corp,listed,20,2018-02-07,2022-10-27,2018-02-07,2023-05-15
1803599,CNXC,Nasdaq,Concentrix Corp,listed,8,2021-02-16,2022-10-07,2021-02-16,2023-04-25
1050377,CNXN,Nasdaq,PC CONNECTION INC,listed,20,2018-03-09,2022-11-04,2018-03-09,2023-05-23
1482981,COCO,Nasdaq,"Vita Coco Company, Inc.",listed,5,2021-11-17,2022-11-10,2021-11-17,2023-05-29
1345126,CODI,NYSE,Compass Diversified Holdings,listed,20,2018-02-28,2022-11-03,2018-02-28,2023-05-22
927628,COF,NYSE,CAPITAL ONE FINANCIAL CORP,listed,20,2018-02-21,2022-11-04,2018-02-21,2023-05-23
803164,COFS,Nasdaq,CHOICEONE FINANCIAL SERVICES INC,listed,20,2018-03-29,2022-11-10,2018-03-29,2023-05-29
820318,COHR,NYSE,COHERENT CORP.,listed,20,2018-02-08,2022-11-09,2018-02-08,2023-05-28
21535,COHU,Nasdaq,COHU INC,listed,20,2018-03-02,2022-10-28,2018-03-02,2023-05-16
1679788,COIN,Nasdaq,"Coinbase Global, Inc.",listed,7,2021-05-14,2022-11-03,2021-05-14,2023-05-22
317540,COKE,Nasdaq,"Coca-Cola Consolidated, Inc.",listed,20,2018-02-28,2022-11-01,2018-02-28,2023-05-20
887343,COLB,Nasdaq,"COLUMBIA BANKING SYSTEM, INC.",listed,20,2018-03-01,2022-10-28,2018-03-01,2023-05-16
1267565,COLL,Nasdaq,"COLLEGIUM PHARMACEUTICAL, INC",listed,20,2018-03-07,2022-11-03,2018-03-07,2023-05-22
1050797,COLM,Nasdaq,COLUMBIA SPORTSWEAR CO,listed,20,2018-02-22,2022-11-03,2018-02-22,2023-05-22
1563190,COMP,NYSE,"Compass, Inc.",listed,7,2021-05-13,2022-11-14,2021-05-13,2023-06-02
711404,COO,Nasdaq,"COOPER COMPANIES, INC.",listed,20,2018-03-09,2022-12-09,2018-03-09,2023-06-27
1857853,COOK,NYSE,"Traeger, Inc.",listed,6,2021-09-10,2022-11-14,2021-09-10,2023-06-02
1163165,COP,NYSE,CONOCOPHILLIPS,listed,20,2018-02-20,2022-11-03,2018-02-20,2023-05-22
1140859,COR,NYSE,"Cencora, Inc.",listed,20,2018-02-06,2022-11-22,2018-02-06,2023-06-10
1088856,CORT,Nasdaq,CORCEPT THERAPEUTICS INC,listed,20,2018-02-28,2022-11-03,2018-02-28,2023-05-22
909832,COST,Nasdaq,COSTCO WHOLESALE CORP /NEW,listed,20,2018-03-15,2022-12-29,2018-03-15,2023-07-17
1024305,COTY,NYSE,COTY INC.,listed,20,2018-02-08,2022-11-08,2018-02-08,2023-05-27
1651562,COUR,NYSE,"Coursera, Inc.",listed,7,2021-05-11,2022-11-09,2021-05-11,2023-05-28
1175454,CPAY,NYSE,"CORPAY, INC.",listed,20,2018-03-01,2022-11-08,2018-03-01,2023-05-27
16732,CPB,Nasdaq,CAMPBELL'S Co,listed,20,2018-03-05,2022-12-07,2018-03-05,2023-06-25
19745,CPK,NYSE,CHESAPEAKE UTILITIES CORP,listed,20,2018-03-01,2022-11-02,2018-03-01,2023-05-21
1834584,CPNG,NYSE,"Coupang, Inc.",listed,7,2021-05-13,2022-11-10,2021-05-13,2023-05-29
900075,CPRT,Nasdaq,COPART INC,listed,20,2018-02-27,2022-11-18,2018-02-27,2023-06-06
1320461,CPS,NYSE,Cooper-Standard Holdings Inc.,listed,20,2018-02-20,2022-11-02,2018-02-20,2023-05-21
889609,CPSS,Nasdaq,"CONSUMER PORTFOLIO SERVICES, INC.",listed,20,2018-03-07,2022-11-14,2018-03-07,2023-06-02
1053706,CRAI,Nasdaq,"CRA INTERNATIONAL, INC.",listed,20,2018-03-12,2022-11-03,2018-03-12,2023-05-22
1619856,CRBU,Nasdaq,"Caribou Biosciences, Inc.",listed,6,2021-09-02,2022-11-08,2021-09-02,2023-05-27
1609253,CRC,NYSE,California Resources Corp,listed,20,2018-02-27,2022-11-07,2018-02-27,2023-05-26
1828962,CRCT,Nasdaq,"Cricut, Inc.",listed,7,2021-05-13,2022-11-09,2021-05-13,2023-05-28
25475,CRD-A,NYSE,CRAWFORD & CO,listed,20,2018-03-07,2022-11-08,2018-03-07,2023-05-27
1060822,CRI,NYSE,CARTERS INC,listed,18,2018-04-26,2022-10-28,2018-04-26,2023-05-16
23194,CRK,NYSE,COMSTOCK RESOURCES INC,listed,17,2018-02-27,2022-11-03,2018-02-27,2023-05-22
1100682,CRL,NYSE,"CHARLES RIVER LABORATORIES INTERNATIONAL, INC.",listed,20,2018-02-13,2022-11-02,2018-02-13,2023-05-21
1108524,CRM,NYSE,"Salesforce, Inc.",listed,20,2018-03-09,2022-12-01,2018-03-09,2023-06-19
1410098,CRMD,Nasdaq,CorMedix Inc.,listed,20,2018-03-19,2022-11-10,2018-03-19,2023-05-29
1768267,CRNC,Nasdaq,Cerence Inc.,listed,13,2019-12-19,2022-11-29,2019-12-19,2023-06-17
1658247,CRNX,Nasdaq,"Crinetics Pharmaceuticals, Inc.",listed,10,2018-08-30,2022-11-14,2018-08-30,2023-06-02
1334036,CROX,Nasdaq,"Crocs, Inc.",listed,20,2018-02-28,2022-11-03,2018-02-28,2023-05-22
17843,CRS,NYSE,CARPENTER TECHNOLOGY CORP,listed,20,2018-02-01,2022-10-27,2018-02-01,2023-05-15
1743759,CRSR,Nasdaq,"Corsair Gaming, Inc.",listed,9,2020-11-10,2022-11-03,2020-11-10,2023-05-22
772406,CRUS,Nasdaq,"CIRRUS LOGIC, INC.",listed,20,2018-02-05,2022-11-01,2018-02-05,2023-05-20
874866,CRVL,Nasdaq,CORVEL CORP,listed,20,2018-02-02,2022-11-03,2018-02-02,2023-05-22
1535527,CRWD,Nasdaq,"CrowdStrike Holdings, Inc.",listed,15,2019-07-19,2022-11-30,2019-07-19,2023-06-18
858877,CSCO,Nasdaq,"CISCO SYSTEMS, INC.",listed,20,2018-02-20,2022-11-22,2018-02-20,2023-06-10
1057352,CSGP,Nasdaq,"COSTAR GROUP, INC.",listed,20,2018-02-23,2022-10-26,2018-02-23,2023-05-14
790051,CSL,NYSE,CARLISLE COMPANIES INC,listed,20,2018-02-16,2022-10-28,2018-02-16,2023-05-16
798359,CSR,NYSE,CENTERSPACE,listed,19,2018-03-12,2022-10-31,2018-03-12,2023-05-19
1447362,CSTL,Nasdaq,CASTLE BIOSCIENCES INC,listed,14,2019-09-03,2022-11-02,2019-09-03,2023-05-21
1016281,CSV,NYSE,CARRIAGE SERVICES INC,listed,20,2018-02-21,2022-11-02,2018-02-21,2023-05-21
1624794,CSW,NYSE,"CSW INDUSTRIALS, INC.",listed,20,2018-02-08,2022-11-03,2018-02-08,2023-05-22
277948,CSX,Nasdaq,CSX CORP,listed,20,2018-02-07,2022-10-21,2018-02-07,2023-05-09
723254,CTAS,Nasdaq,CINTAS CORP,listed,20,2018-01-05,2022-10-06,2018-01-05,2023-04-24
350852,CTBI,Nasdaq,COMMUNITY TRUST BANCORP INC /KY/,listed,20,2018-02-28,2022-11-08,2018-02-28,2023-05-27
1793229,CTEV,NYSE,Claritev Corp,listed,9,2020-11-13,2022-11-09,2020-11-13,2023-05-28
1831915,CTKB,Nasdaq,"Cytek Biosciences, Inc.",listed,6,2021-09-03,2022-11-09,2021-09-03,2023-05-28
1501989,CTMX,Nasdaq,"CytomX Therapeutics, Inc.",listed,20,2018-03-07,2022-11-08,2018-03-07,2023-05-27
23795,CTO,NYSE,"CTO Realty Growth, Inc.",listed,20,2018-02-28,2022-10-27,2018-02-28,2023-05-15
1709682,CTOS,NYSE,"Custom Truck One Source, Inc.",listed,13,2019-11-12,2022-11-08,2019-11-12,2023-05-27
1318484,CTRN,Nasdaq,Citi Trends Inc,listed,20,2018-04-18,2022-12-08,2018-04-18,2023-06-26
26058,CTS,NYSE,CTS CORP,listed,20,2018-02-23,2022-10-26,2018-02-23,2023-05-14
1058290,CTSH,Nasdaq,COGNIZANT TECHNOLOGY SOLUTIONS CORP,listed,20,2018-02-27,2022-11-03,2018-02-27,2023-05-22
1755672,CTVA,NYSE,"Corteva, Inc.",listed,15,2019-05-31,2022-11-04,2019-05-31,2023-05-23
1298675,CUBE,NYSE,CubeSmart,listed,20,2018-02-16,2022-10-28,2018-02-16,2023-05-16
1488813,CUBI,NYSE,"Customers Bancorp, Inc.",listed,20,2018-02-23,2022-11-08,2018-02-23,2023-05-27
1645460,CUE,Nasdaq,"Cue Biopharma, Inc.",listed,11,2018-08-13,2022-03-16,2018-08-13,2022-10-02
1776909,CURI,Nasdaq,CuriosityStream Inc.,listed,8,2021-03-31,2022-11-10,2021-03-31,2023-05-29
1792781,CURV,NYSE,Torrid Holdings Inc.,listed,6,2021-09-08,2022-12-08,2021-09-08,2023-06-26
25232,CUZ,NYSE,COUSINS PROPERTIES INC,listed,20,2018-02-07,2022-10-27,2018-02-07,2023-05-15
354647,CVBF,Nasdaq,CVB FINANCIAL CORP,listed,19,2018-03-01,2022-11-09,2018-03-01,2023-05-28
278166,CVCO,Nasdaq,"CAVCO INDUSTRIES, INC.",listed,20,2018-02-07,2022-11-04,2018-02-07,2023-05-23
1590584,CVEO,NYSE,Civeo Corp,listed,20,2018-02-23,2022-10-28,2018-02-23,2023-05-16
1376139,CVI,NYSE,CVR ENERGY INC,listed,20,2018-02-26,2022-11-01,2018-02-26,2023-05-20
928658,CVLG,NYSE,"COVENANT LOGISTICS GROUP, INC.",listed,20,2018-02-28,2022-11-04,2018-02-28,2023-05-23
1169561,CVLT,Nasdaq,COMMVAULT SYSTEMS INC,listed,20,2018-01-25,2022-11-01,2018-01-25,2023-05-20
1690820,CVNA,NYSE,CARVANA CO.,listed,20,2018-03-06,2022-11-03,2018-03-06,2023-05-22
64803,CVS,NYSE,CVS HEALTH Corp,listed,18,2018-02-14,2022-11-02,2018-02-14,2023-05-21
730464,CVSA,NYSE,Covista Inc.,listed,20,2018-02-06,2022-11-03,2018-02-06,2023-05-22
93410,CVX,NYSE,CHEVRON CORP,listed,20,2018-02-22,2022-11-03,2018-02-22,2023-05-22
26324,CW,NYSE,CURTISS WRIGHT CORP,listed,20,2018-02-22,2022-11-03,2018-02-22,2023-05-22
1127371,CWBC,Nasdaq,Community West Bancshares,listed,20,2018-03-14,2022-11-02,2018-03-14,2023-05-21
1567683,CWEN,NYSE,"Clearway Energy, Inc.",listed,20,2018-03-01,2022-11-02,2018-03-01,2023-05-21
1669779,CWH,NYSE,"Camping World Holdings, Inc.",listed,20,2018-03-13,2022-11-02,2018-03-13,2023-05-21
911177,CWST,Nasdaq,CASELLA WASTE SYSTEMS INC,listed,20,2018-03-02,2022-10-28,2018-03-02,2023-05-16
1035201,CWT,NYSE,CALIFORNIA WATER SERVICE GROUP,listed,20,2018-03-01,2022-10-27,2018-03-01,2023-05-15
1075736,CXDO,Nasdaq,"Crexendo, Inc.",listed,20,2018-03-06,2022-11-10,2018-03-06,2023-05-29
1569345,CXM,NYSE,"Sprinklr, Inc.",listed,6,2021-09-10,2022-12-06,2021-09-10,2023-06-24
25445,CXT,NYSE,"Crane NXT, Co.",listed,20,2018-02-27,2022-11-01,2018-02-27,2023-05-20
1070985,CXW,NYSE,"CoreCivic, Inc.",listed,20,2018-02-22,2022-11-03,2018-02-22,2023-05-22
1108109,CYH,NYSE,COMMUNITY HEALTH SYSTEMS INC,listed,20,2018-02-28,2022-10-27,2018-02-28,2023-05-15
1124524,CYRX,Nasdaq,"Cryoport, Inc.",listed,20,2018-03-08,2022-11-04,2018-03-08,2023-05-23
1061983,CYTK,Nasdaq,CYTOKINETICS INC,listed,20,2018-03-05,2022-11-04,2018-03-05,2023-05-23
739421,CZFS,Nasdaq,CITIZENS FINANCIAL SERVICES INC,listed,20,2018-03-08,2022-11-08,2018-03-08,2023-05-27
810958,CZNC,Nasdaq,CITIZENS & NORTHERN CORP,listed,19,2018-02-15,2022-08-05,2018-02-15,2023-02-21
1590895,CZR,Nasdaq,"Caesars Entertainment, Inc.",listed,20,2018-02-27,2022-11-02,2018-02-27,2023-05-21
1367859,CZWI,Nasdaq,Citizens Community Bancorp Inc.,listed,19,2018-02-13,2022-11-07,2018-02-13,2023-05-26
715957,D,NYSE,"DOMINION ENERGY, INC",listed,20,2018-02-27,2022-11-04,2018-02-27,2023-05-23
915779,DAKT,Nasdaq,DAKTRONICS INC /SD/,listed,20,2018-03-02,2022-12-13,2018-03-02,2023-07-01
27904,DAL,NYSE,"DELTA AIR LINES, INC.",listed,20,2018-02-23,2022-10-13,2018-02-23,2023-05-01
26780,DAN,NYSE,DANA Inc,listed,20,2018-02-14,2022-10-27,2018-02-14,2023-05-15
916540,DAR,NYSE,DARLING INGREDIENTS INC.,listed,20,2018-02-27,2022-11-08,2018-02-27,2023-05-27
1792789,DASH,Nasdaq,"DoorDash, Inc.",listed,8,2021-03-05,2022-11-04,2021-03-05,2023-05-23
28823,DBD,NYSE,"DIEBOLD NIXDORF, Inc",listed,20,2018-02-28,2022-11-09,2018-02-28,2023-05-28
1319947,DBI,NYSE,Designer Brands Inc.,listed,20,2018-03-23,2022-12-01,2018-03-23,2023-06-19
1467623,DBX,Nasdaq,"DROPBOX, INC.",listed,19,2018-05-11,2022-11-04,2018-05-11,2023-05-23
1062231,DCH,NYSE,Dauch Corp,listed,20,2018-02-16,2022-11-04,2018-02-16,2023-05-23
29644,DCI,NYSE,DONALDSON Co INC,listed,20,2018-03-09,2022-12-07,2018-03-09,2023-06-25
30305,DCO,NYSE,DUCOMMUN INC /DE/,listed,20,2018-02-28,2022-11-07,2018-02-28,2023-05-26
846617,DCOM,NYSE,"Dime Commercial Bancshares, Inc. /NY/",listed,20,2018-03-09,2022-11-07,2018-03-09,2023-05-26
872912,DCTH,Nasdaq,"DELCATH SYSTEMS, INC.",listed,19,2018-03-16,2022-11-08,2018-03-16,2023-05-27
1666700,DD,NYSE,"DuPont de Nemours, Inc.",listed,20,2018-02-15,2022-11-08,2018-02-15,2023-05-27
910638,DDD,NYSE,3D SYSTEMS CORP,listed,20,2018-03-14,2022-11-09,2018-03-14,2023-05-28
1561550,DDOG,Nasdaq,"Datadog, Inc.",listed,13,2019-11-13,2022-11-04,2019-11-13,2023-05-23
28917,DDS,NYSE,"DILLARD'S, INC.",listed,20,2018-03-30,2022-12-02,2018-03-30,2023-06-20
315189,DE,NYSE,DEERE & CO,listed,20,2018-03-01,2022-12-15,2018-03-01,2023-07-03
1622194,DEA,NYSE,"Easterly Government Properties, Inc.",listed,20,2018-03-01,2022-11-01,2018-03-01,2023-05-20
910521,DECK,NYSE,DECKERS OUTDOOR CORP,listed,20,2018-02-09,2022-11-03,2018-02-09,2023-05-22
1364250,DEI,NYSE,Douglas Emmett Inc,listed,18,2018-05-09,2022-11-04,2018-05-09,2023-05-23
1571996,DELL,NYSE,Dell Technologies Inc.,listed,20,2018-03-29,2022-12-05,2018-03-29,2023-06-23
1867066,DERM,Nasdaq,Journey Medical Corp,listed,5,2021-12-16,2022-11-10,2021-12-16,2023-05-29
1825088,DFH,NYSE,"Dream Finders Homes, Inc.",listed,8,2021-03-30,2022-11-03,2021-03-30,2023-05-22
1669811,DFIN,NYSE,"Donnelley Financial Solutions, Inc.",listed,20,2018-02-28,2022-11-02,2018-02-28,2023-05-21
29534,DG,NYSE,DOLLAR GENERAL CORP,listed,20,2018-03-23,2022-12-01,2018-03-23,2023-06-19
800457,DGICA,Nasdaq,DONEGAL GROUP INC,listed,6,2018-03-09,2022-03-07,2018-03-09,2022-09-23
854775,DGII,Nasdaq,DIGI INTERNATIONAL INC,listed,19,2018-01-30,2022-11-23,2018-01-30,2023-06-11
1022079,DGX,NYSE,QUEST DIAGNOSTICS INC,listed,20,2018-02-23,2022-10-21,2018-02-23,2023-05-09
882184,DHI,NYSE,HORTON D R INC /DE/,listed,20,2018-02-08,2022-11-18,2018-02-08,2023-06-06
313616,DHR,NYSE,DANAHER CORP /DE/,listed,20,2018-02-21,2022-10-20,2018-02-21,2023-05-08
1393883,DHX,NYSE,"DHI GROUP, INC.",listed,20,2018-02-12,2022-11-02,2018-02-12,2023-05-21
1600641,DIBS,Nasdaq,"1stdibs.com, Inc.",listed,6,2021-08-12,2022-11-10,2021-08-12,2023-05-29
49754,DIN,NYSE,"Dine Brands Global, Inc.",listed,20,2018-02-20,2022-11-02,2018-02-20,2023-05-21
29002,DIOD,Nasdaq,DIODES INC /DEL/,listed,20,2018-02-20,2022-11-07,2018-02-20,2023-05-26
1744489,DIS,NYSE,Walt Disney Co,listed,15,2019-05-08,2022-11-29,2019-05-08,2023-06-17
783412,DJCO,Nasdaq,DAILY JOURNAL CORP,listed,20,2018-02-08,2022-12-19,2018-02-08,2023-07-07
1694426,DK,NYSE,"Delek US Holdings, Inc.",listed,20,2018-03-01,2022-11-08,2018-03-01,2023-05-27
1089063,DKS,NYSE,"DICK'S SPORTING GOODS, INC.",listed,20,2018-03-30,2022-11-23,2018-03-30,2023-06-11
1308547,DLB,NYSE,"Dolby Laboratories, Inc.",listed,20,2018-01-31,2022-11-18,2018-01-31,2023-06-06
1297996,DLR,NYSE,"DIGITAL REALTY TRUST, INC.",listed,20,2018-03-01,2022-11-04,2018-03-01,2023-05-23
1649744,DLTH,Nasdaq,DULUTH HOLDINGS INC.,listed,20,2018-03-21,2022-12-02,2018-03-21,2023-06-20
935703,DLTR,Nasdaq,"DOLLAR TREE, INC.",listed,20,2018-03-16,2022-11-22,2018-03-16,2023-06-10
27996,DLX,NYSE,DELUXE CORP,listed,20,2018-02-23,2022-11-04,2018-02-23,2023-05-23
1047340,DMC,NYSE,DEL MONTE CORP,listed,20,2018-02-20,2022-11-02,2018-02-20,2023-05-21
1800315,DMRA,Nasdaq,"Damora Therapeutics, Inc.",listed,5,2020-12-11,2022-02-17,2020-12-11,2022-09-05
1830214,DNA,NYSE,"Ginkgo Bioworks Holdings, Inc.",listed,5,2021-11-15,2022-11-14,2021-11-15,2023-06-02
1599617,DNOW,NYSE,DNOW Inc.,listed,20,2018-02-14,2022-11-02,2018-02-14,2023-05-21
1690585,DNTH,Nasdaq,"Dianthus Therapeutics, Inc. /DE/",listed,9,2019-03-19,2022-03-08,2019-03-19,2022-09-24
1857154,DNUT,Nasdaq,"Krispy Kreme, Inc.",listed,6,2021-08-18,2022-11-15,2021-08-18,2023-06-03
765880,DOC,NYSE,"HEALTHPEAK PROPERTIES, INC.",listed,19,2018-02-13,2022-11-02,2018-02-13,2023-05-21
1582961,DOCN,NYSE,"DigitalOcean Holdings, Inc.",listed,7,2021-05-07,2022-11-07,2021-05-07,2023-05-26
1516513,DOCS,NYSE,"Doximity, Inc.",listed,6,2021-08-12,2022-11-10,2021-08-12,2023-05-29
1261333,DOCU,Nasdaq,"DOCUSIGN, INC.",listed,19,2018-06-08,2022-12-08,2018-06-08,2023-06-26
1505952,DOMO,Nasdaq,"DOMO, INC.",listed,18,2018-09-13,2022-12-09,2018-09-13,2023-06-27
868780,DORM,Nasdaq,"Dorman Products, Inc.",listed,20,2018-02-27,2022-10-24,2018-02-27,2023-05-12
29905,DOV,NYSE,DOVER Corp,listed,20,2018-02-09,2022-10-20,2018-02-09,2023-05-08
1751788,DOW,NYSE,DOW INC.,listed,15,2019-05-03,2022-10-21,2019-05-03,2023-05-09
1286681,DPZ,Nasdaq,DOMINOS PIZZA INC,listed,20,2018-02-20,2022-10-13,2018-02-20,2023-05-01
1298946,DRH,Nasdaq,DiamondRock Hospitality Co,listed,20,2018-02-27,2022-11-04,2018-02-27,2023-05-23
940944,DRI,NYSE,DARDEN RESTAURANTS INC,listed,20,2018-01-03,2022-10-04,2018-01-03,2023-04-22
1833756,DRS,Nasdaq,"Leonardo DRS, Inc.",listed,7,2021-05-17,2022-11-07,2021-05-17,2023-05-26
1804745,DRVN,Nasdaq,Driven Brands Holdings Inc.,listed,8,2021-03-24,2022-11-04,2021-03-24,2023-05-23
1828791,DSP,Nasdaq,Viant Technology Inc.,listed,8,2021-03-23,2022-11-09,2021-03-23,2023-05-28
1773383,DT,NYSE,"Dynatrace, Inc.",listed,14,2019-09-05,2022-11-02,2019-09-05,2023-05-21
936340,DTE,NYSE,DTE ENERGY CO,listed,20,2018-02-16,2022-10-27,2018-02-16,2023-05-15
1357874,DTIL,Nasdaq,PRECISION BIOSCIENCES INC,listed,15,2019-04-29,2022-11-08,2019-04-29,2023-05-27
1842022,DTM,NYSE,"DT Midstream, Inc.",listed,6,2021-08-06,2022-10-28,2021-08-06,2023-05-16
1326160,DUK,NYSE,Duke Energy CORP,listed,20,2018-02-21,2022-11-04,2018-02-21,2023-05-23
1562088,DUOL,Nasdaq,"Duolingo, Inc.",listed,6,2021-08-12,2022-11-14,2021-08-12,2023-06-02
1396536,DUOT,Nasdaq,"DUOS TECHNOLOGIES GROUP, INC.",listed,20,2018-04-02,2022-11-14,2018-04-02,2023-06-02
1819928,DV,NYSE,"DoubleVerify Holdings, Inc.",listed,7,2021-05-26,2022-11-08,2021-05-26,2023-05-27
927066,DVA,NYSE,DAVITA INC.,listed,20,2018-02-23,2022-10-31,2018-02-23,2023-05-19
1682149,DVLT,Nasdaq,Datavault AI Inc.,listed,18,2018-09-14,2022-11-16,2018-09-14,2023-06-04
1090012,DVN,NYSE,DEVON ENERGY CORP/DE,listed,19,2018-02-21,2022-11-02,2018-02-21,2023-05-21
826675,DX,NYSE,DYNEX CAPITAL INC,listed,19,2018-03-05,2022-10-31,2018-03-05,2023-05-19
1688568,DXC,NYSE,DXC Technology Co,listed,20,2018-02-09,2022-11-04,2018-02-09,2023-05-23
1093557,DXCM,Nasdaq,DEXCOM INC,listed,20,2018-02-27,2022-10-27,2018-02-27,2023-05-15
1020710,DXPE,Nasdaq,DXP ENTERPRISES INC,listed,20,2018-03-28,2022-11-09,2018-03-28,2023-05-28
931148,EAF,NYSE,GRAFTECH INTERNATIONAL LTD,listed,19,2018-05-07,2022-11-04,2018-05-07,2023-05-23
1065088,EBAY,Nasdaq,EBAY INC,listed,20,2018-02-05,2022-11-03,2018-02-05,2023-05-22
1810546,EBC,Nasdaq,"Eastern Bankshares, Inc.",listed,10,2020-09-24,2022-11-04,2020-09-24,2023-05-23
33002,EBF,NYSE,"ENNIS, INC.",listed,20,2018-01-05,2022-09-30,2018-01-05,2023-04-18
1478454,EBMT,Nasdaq,"Eagle Bancorp Montana, Inc.",listed,19,2018-03-13,2022-11-09,2018-03-13,2023-05-28
1367644,EBS,NYSE,Emergent BioSolutions Inc.,listed,20,2018-02-23,2022-11-09,2018-02-23,2023-05-28
1415404,ECHO,Nasdaq,EchoStar CORP,listed,20,2018-02-22,2022-11-03,2018-02-22,2023-05-22
31462,ECL,NYSE,ECOLAB INC.,listed,20,2018-02-23,2022-11-04,2018-02-23,2023-05-23
1084961,ECPG,Nasdaq,ENCORE CAPITAL GROUP INC,listed,20,2018-02-21,2022-11-02,2018-02-21,2023-05-21
1708035,ECVT,NYSE,Ecovyst Inc.,listed,20,2018-03-22,2022-11-04,2018-03-22,2023-05-23
1047862,ED,NYSE,CONSOLIDATED EDISON INC,listed,20,2018-02-15,2022-11-03,2018-02-15,2023-05-22
1650664,EDIT,Nasdaq,"Editas Medicine, Inc.",listed,20,2018-03-08,2022-11-02,2018-03-08,2023-05-21
1029199,EEFT,Nasdaq,"EURONET WORLDWIDE, INC.",listed,20,2018-03-01,2022-11-04,2018-03-01,2023-05-23
1411342,EFC,NYSE,Ellington Financial Inc.,listed,20,2018-03-15,2022-11-09,2018-03-15,2023-05-28
890564,EFOR,NYSE,Everforth Inc,listed,20,2018-03-01,2022-11-07,2018-03-01,2023-05-26
1025835,EFSC,Nasdaq,ENTERPRISE FINANCIAL SERVICES CORP,listed,20,2018-02-23,2022-10-28,2018-02-23,2023-05-16
880641,EFSI,Nasdaq,EAGLE FINANCIAL SERVICES INC,listed,20,2018-03-15,2022-11-10,2018-03-15,2023-05-29
33185,EFX,NYSE,EQUIFAX INC,listed,20,2018-03-01,2022-10-20,2018-03-01,2023-05-08
1066194,EGAN,Nasdaq,EGAIN Corp,listed,20,2018-02-13,2022-11-14,2018-02-13,2023-06-02
1050441,EGBN,Nasdaq,EAGLE BANCORP INC,listed,20,2018-03-01,2022-11-09,2018-03-01,2023-05-28
1023731,EGHT,Nasdaq,8X8 INC /DE/,listed,20,2018-02-01,2022-11-03,2018-02-01,2023-05-22
49600,EGP,NYSE,EASTGROUP PROPERTIES INC,listed,20,2018-02-14,2022-10-26,2018-02-14,2023-05-14
894627,EGY,NYSE,VAALCO ENERGY INC /DE/,listed,20,2018-03-07,2022-11-08,2018-03-07,2023-05-27
785161,EHC,NYSE,Encompass Health Corp,listed,20,2018-02-28,2022-11-02,2018-02-28,2023-05-21
1379041,EIG,NYSE,"Employers Holdings, Inc.",listed,16,2018-03-01,2022-04-29,2018-03-01,2022-11-15
827052,EIX,NYSE,EDISON INTERNATIONAL,listed,20,2018-02-22,2022-11-01,2018-02-22,2023-05-20
1001250,EL,NYSE,ESTEE LAUDER COMPANIES INC,listed,20,2018-02-02,2022-11-02,2018-02-02,2023-05-21
1739104,ELAN,NYSE,Elanco Animal Health Inc,listed,17,2018-11-08,2022-11-08,2018-11-08,2023-05-27
1600033,ELF,NYSE,"e.l.f. Beauty, Inc.",listed,20,2018-03-01,2022-11-03,2018-03-01,2023-05-22
1488917,ELMD,NYSE,"Electromed, Inc.",listed,20,2018-02-13,2022-11-08,2018-02-13,2023-05-27
104894,ELME,NYSE,Elme Communities,listed,20,2018-02-20,2022-10-28,2018-02-20,2023-05-16
895417,ELS,NYSE,EQUITY LIFESTYLE PROPERTIES INC,listed,20,2018-02-28,2022-10-21,2018-02-28,2023-05-09
1156039,ELV,NYSE,"Elevance Health, Inc.",listed,20,2018-02-21,2022-10-19,2018-02-21,2023-05-07
105634,EME,NYSE,"EMCOR Group, Inc.",listed,20,2018-02-22,2022-10-27,2018-02-22,2023-05-15
915389,EMN,NYSE,EASTMAN CHEMICAL CO,listed,20,2018-03-01,2022-10-28,2018-03-01,2023-05-16
32604,EMR,NYSE,EMERSON ELECTRIC CO,listed,20,2018-02-07,2022-11-14,2018-02-07,2023-06-02
1420800,ENOV,NYSE,Enovis CORP,listed,20,2018-02-16,2022-11-02,2018-02-16,2023-05-21
1463101,ENPH,Nasdaq,"Enphase Energy, Inc.",listed,20,2018-04-02,2022-10-25,2018-04-02,2023-05-13
1632790,ENR,NYSE,"ENERGIZER HOLDINGS, INC.",listed,20,2018-01-31,2022-11-15,2018-01-31,2023-06-03
1289308,ENS,NYSE,EnerSys,listed,20,2018-02-07,2022-11-09,2018-02-07,2023-05-28
1125376,ENSG,Nasdaq,"ENSIGN GROUP, INC",listed,20,2018-02-08,2022-10-26,2018-02-08,2023-05-14
1177648,ENTA,Nasdaq,ENANTA PHARMACEUTICALS INC,listed,20,2018-02-09,2022-11-23,2018-02-09,2023-06-11
1101302,ENTG,Nasdaq,ENTEGRIS INC,listed,20,2018-02-15,2022-11-02,2018-02-15,2023-05-21
1529864,ENVA,NYSE,"Enova International, Inc.",listed,20,2018-02-26,2022-10-28,2018-02-26,2023-05-16
1828318,ENVX,Nasdaq,Enovix Corp,listed,7,2021-03-08,2022-11-04,2021-03-08,2023-05-23
821189,EOG,NYSE,EOG RESOURCES INC,listed,20,2018-02-27,2022-11-03,2018-02-27,2023-05-22
1570562,EOLS,Nasdaq,"Evolus, Inc.",listed,20,2018-03-29,2022-11-08,2018-03-29,2023-05-27
1805077,EOSE,Nasdaq,"Eos Energy Enterprises, Inc.",listed,8,2021-02-26,2022-11-07,2021-02-26,2023-05-26
1352010,EPAM,NYSE,"EPAM Systems, Inc.",listed,19,2018-02-27,2022-11-04,2018-02-27,2023-05-23
1096752,EPC,NYSE,EDGEWELL PERSONAL CARE Co,listed,20,2018-02-08,2022-11-16,2018-02-08,2023-06-04
1006655,EPM,NYSE,EVOLUTION PETROLEUM CORP,listed,20,2018-02-08,2022-11-09,2018-02-08,2023-05-28
1045450,EPR,NYSE,EPR PROPERTIES,listed,20,2018-03-01,2022-11-03,2018-03-01,2023-05-22
1728951,EPRT,NYSE,"ESSENTIAL PROPERTIES REALTY TRUST, INC.",listed,18,2018-08-08,2022-10-27,2018-08-08,2023-05-15
1726126,EPSN,Nasdaq,Epsilon Energy Ltd.,listed,16,2019-03-29,2022-11-10,2019-03-29,2023-05-29
1333986,EQH,NYSE,"Equitable Holdings, Inc.",listed,19,2018-06-20,2022-11-03,2018-06-20,2023-05-22
1101239,EQIX,Nasdaq,EQUINIX INC,listed,20,2018-02-26,2022-11-04,2018-02-26,2023-05-23
33213,EQT,NYSE,EQT Corp,listed,20,2018-02-15,2022-10-27,2018-02-15,2023-05-15
922621,ERIE,Nasdaq,ERIE INDEMNITY CO,listed,20,2018-02-22,2022-10-27,2018-02-22,2023-05-15
1421517,ERII,Nasdaq,"Energy Recovery, Inc.",listed,20,2018-03-08,2022-11-02,2018-03-08,2023-05-21
72741,ES,NYSE,EVERSOURCE ENERGY,listed,20,2018-02-26,2022-11-04,2018-02-26,2023-05-23
33488,ESCA,Nasdaq,ESCALADE INC,listed,20,2018-02-27,2022-10-27,2018-02-27,2023-05-15
866706,ESE,NYSE,ESCO TECHNOLOGIES INC,listed,20,2018-02-07,2022-11-29,2018-02-07,2023-06-17
1590714,ESI,NYSE,Element Solutions Inc,listed,20,2018-02-28,2022-10-27,2018-02-28,2023-05-15
1357971,ESOA,Nasdaq,Energy Services of America CORP,listed,20,2018-02-13,2022-12-22,2018-02-13,2023-07-10
33533,ESP,NYSE,ESPEY MFG & ELECTRONICS CORP,listed,20,2018-02-13,2022-11-10,2018-02-13,2023-05-29
1531031,ESQ,Nasdaq,"Esquire Financial Holdings, Inc.",listed,20,2018-03-29,2022-11-10,2018-03-29,2023-05-29
1541401,ESRT,NYSE,"Empire State Realty Trust, Inc.",listed,20,2018-02-28,2022-11-03,2018-02-28,2023-05-22
920522,ESS,NYSE,"ESSEX PROPERTY TRUST, INC.",listed,20,2018-02-22,2022-10-27,2018-02-22,2023-05-15
1707753,ESTC,NYSE,Elastic N.V.,listed,17,2018-12-12,2022-12-02,2018-12-12,2023-06-20
896156,ETD,NYSE,ETHAN ALLEN INTERIORS INC,listed,20,2018-01-25,2022-10-26,2018-01-25,2023-05-14
1551182,ETN,NYSE,Eaton Corp plc,listed,20,2018-02-28,2022-11-01,2018-02-28,2023-05-20
1710340,ETON,Nasdaq,"Eton Pharmaceuticals, Inc.",listed,16,2018-12-20,2022-11-10,2018-12-20,2023-05-29
1370637,ETSY,NYSE,ETSY INC,listed,20,2018-03-01,2022-11-03,2018-03-01,2023-05-22
1109116,EVC,NYSE,ENTRAVISION COMMUNICATIONS CORP,listed,20,2018-03-30,2022-11-04,2018-03-30,2023-05-23
1853145,EVCM,Nasdaq,EverCommerce Inc.,listed,6,2021-08-12,2022-11-10,2021-08-12,2023-05-29
1640428,EVER,Nasdaq,"EverQuote, Inc.",listed,18,2018-08-10,2022-11-03,2018-08-10,2023-05-22
1821159,EVGO,Nasdaq,EVgo Inc.,listed,5,2021-11-12,2022-11-04,2021-11-12,2023-05-23
1628908,EVH,NYSE,"Evolent Health, Inc.",listed,20,2018-03-01,2022-11-03,2018-03-01,2023-05-22
65312,EVI,NYSE,"EVI INDUSTRIES, INC.",listed,20,2018-02-14,2022-11-08,2018-02-14,2023-05-27
1805385,EVLV,Nasdaq,"Evolv Technologies Holdings, Inc.",listed,5,2021-11-15,2022-11-09,2021-11-15,2023-05-28
1360901,EVR,NYSE,Evercore Inc.,listed,20,2018-02-23,2022-11-03,2018-02-23,2023-05-22
1711269,EVRG,Nasdaq,"Evergy, Inc.",listed,18,2018-08-08,2022-11-04,2018-08-08,2023-05-23
1559865,EVTC,NYSE,"EVERTEC, Inc.",listed,20,2018-02-28,2022-11-04,2018-02-28,2023-05-23
1099800,EW,NYSE,Edwards Lifesciences Corp,listed,15,2018-02-16,2022-10-28,2018-02-16,2023-05-16
1069157,EWBC,Nasdaq,EAST WEST BANCORP INC,listed,20,2018-02-27,2022-11-08,2018-02-27,2023-05-27
1109357,EXC,Nasdaq,EXELON CORP,listed,20,2018-02-09,2022-11-03,2018-02-09,2023-05-22
895126,EXE,Nasdaq,EXPAND ENERGY Corp,listed,20,2018-02-22,2022-11-01,2018-02-22,2023-05-20
939767,EXEL,Nasdaq,"EXELIXIS, INC.",listed,20,2018-02-26,2022-11-01,2018-02-26,2023-05-20
1476840,EXFY,Nasdaq,"Expensify, Inc.",listed,5,2021-12-23,2022-11-14,2021-12-23,2023-06-02
1297989,EXLS,Nasdaq,"ExlService Holdings, Inc.",listed,20,2018-02-27,2022-10-27,2018-02-27,2023-05-15
918646,EXP,NYSE,EAGLE MATERIALS INC,listed,20,2018-01-31,2022-10-26,2018-01-31,2023-05-14
746515,EXPD,NYSE,EXPEDITORS INTERNATIONAL OF WASHINGTON INC,listed,20,2018-02-23,2022-11-08,2018-02-23,2023-05-27
1324424,EXPE,Nasdaq,"Expedia Group, Inc.",listed,20,2018-02-09,2022-11-04,2018-02-09,2023-05-23
851520,EXPO,Nasdaq,EXPONENT INC,listed,20,2018-02-23,2022-11-04,2018-02-23,2023-05-23
1289490,EXR,NYSE,Extra Space Storage Inc.,listed,20,2018-03-01,2022-11-04,2018-03-01,2023-05-23
1078271,EXTR,Nasdaq,EXTREME NETWORKS INC,listed,20,2018-02-08,2022-10-28,2018-02-08,2023-05-16
1710155,EYE,Nasdaq,"National Vision Holdings, Inc.",listed,20,2018-03-08,2022-11-10,2018-03-08,2023-05-29
1314102,EYPT,Nasdaq,"EyePoint, Inc.",listed,19,2018-02-08,2022-11-04,2018-02-08,2023-05-23
876523,EZPW,Nasdaq,EZCORP INC,listed,20,2018-01-31,2022-11-16,2018-01-31,2023-06-04
37996,F,NYSE,FORD MOTOR CO,listed,16,2018-04-26,2022-10-27,2018-04-26,2023-05-15
1472787,FAF,NYSE,First American Financial Corp,listed,20,2018-02-16,2022-10-28,2018-02-16,2023-05-16
1539838,FANG,Nasdaq,"Diamondback Energy, Inc.",listed,20,2018-02-15,2022-11-08,2018-02-15,2023-05-27
815556,FAST,Nasdaq,FASTENAL CO,listed,20,2018-02-05,2022-10-18,2018-02-05,2023-05-06
1434316,FATE,Nasdaq,FATE THERAPEUTICS INC,listed,10,2018-03-05,2022-11-03,2018-03-05,2023-05-22
1519751,FBIN,NYSE,"Fortune Brands Innovations, Inc.",listed,20,2018-02-28,2022-10-27,2018-02-28,2023-05-15
1521951,FBIZ,Nasdaq,"FIRST BUSINESS FINANCIAL SERVICES, INC.",listed,20,2018-03-09,2022-10-28,2018-03-09,2023-05-16
1649749,FBK,NYSE,FB Financial Corp,listed,20,2018-03-16,2022-11-07,2018-03-16,2023-05-26
811589,FBNC,Nasdaq,FIRST BANCORP /NC/,listed,20,2018-03-01,2022-11-07,2018-03-01,2023-05-26
1057706,FBP,NYSE,FIRST BANCORP /PR/,listed,20,2018-03-16,2022-11-08,2018-03-16,2023-05-27
886206,FC,NYSE,FRANKLIN COVEY CO,listed,20,2018-01-09,2022-11-14,2018-01-09,2023-06-02
1070296,FCAP,Nasdaq,FIRST CAPITAL INC,listed,20,2018-03-12,2022-11-14,2018-03-12,2023-06-02
859070,FCBC,Nasdaq,FIRST COMMUNITY BANKSHARES INC /VA/,listed,20,2018-03-05,2022-11-08,2018-03-05,2023-05-27
932781,FCCO,Nasdaq,FIRST COMMUNITY CORP /SC/,listed,20,2018-03-14,2022-11-09,2018-03-14,2023-05-28
886128,FCEL,Nasdaq,FUELCELL ENERGY INC,listed,21,2018-01-11,2022-12-20,2018-01-11,2023-07-08
712537,FCF,NYSE,FIRST COMMONWEALTH FINANCIAL CORP /PA/,listed,20,2018-03-01,2022-11-07,2018-03-01,2023-05-26
840489,FCFS,Nasdaq,"FirstCash Holdings, Inc.",listed,20,2018-02-20,2022-10-31,2018-02-20,2023-05-19
887936,FCN,NYSE,"FTI CONSULTING, INC",listed,20,2018-02-22,2022-10-27,2018-02-22,2023-05-15
798941,FCNCA,Nasdaq,FIRST CITIZENS BANCSHARES INC /DE/,listed,20,2018-02-21,2022-11-04,2018-02-21,2023-05-23
1650132,FCPT,NYSE,"Four Corners Property Trust, Inc.",listed,20,2018-02-27,2022-11-02,2018-02-27,2023-05-21
831259,FCX,NYSE,FREEPORT-MCMORAN INC,listed,20,2018-02-20,2022-11-04,2018-02-20,2023-05-23
1098151,FDBC,Nasdaq,FIDELITY D & D BANCORP INC,listed,20,2018-03-15,2022-11-10,2018-03-15,2023-05-29
1650648,FDMT,Nasdaq,"4D Molecular Therapeutics, Inc.",listed,8,2021-03-25,2022-11-08,2021-03-25,2023-05-27
1013237,FDS,NYSE,FACTSET RESEARCH SYSTEMS INC,listed,20,2018-01-09,2022-10-21,2018-01-09,2023-05-09
1048911,FDX,NYSE,FEDEX CORP,listed,19,2018-03-21,2022-12-20,2018-03-21,2023-07-08
1031296,FE,NYSE,FIRSTENERGY CORP,listed,20,2018-02-20,2022-10-25,2018-02-20,2023-05-13
39020,FEIM,Nasdaq,FREQUENCY ELECTRONICS INC,listed,19,2018-03-19,2022-12-20,2018-03-19,2023-07-08
38725,FELE,Nasdaq,FRANKLIN ELECTRIC CO INC,listed,20,2018-02-27,2022-11-01,2018-02-27,2023-05-20
1401257,FET,NYSE,"FORUM ENERGY TECHNOLOGIES, INC.",listed,20,2018-02-27,2022-11-09,2018-02-27,2023-05-28
1337298,FF,NYSE,FutureFuel Corp.,listed,20,2018-03-16,2022-11-09,2018-03-16,2023-05-28
708955,FFBC,Nasdaq,FIRST FINANCIAL BANCORP /OH/,listed,20,2018-02-26,2022-11-04,2018-02-26,2023-05-23
36029,FFIN,Nasdaq,FIRST FINANCIAL BANKSHARES INC,listed,20,2018-02-16,2022-11-02,2018-02-16,2023-05-21
1048695,FFIV,Nasdaq,"F5, INC.",listed,20,2018-02-02,2022-11-15,2018-02-02,2023-06-03
1408534,FGBIP,Nasdaq,"First Guaranty Bancshares, Inc.",listed,20,2018-03-16,2022-11-09,2018-03-16,2023-05-28
36377,FHB,Nasdaq,"FIRST HAWAIIAN, INC.",listed,20,2018-02-28,2022-11-07,2018-02-28,2023-05-26
1056288,FHI,NYSE,"FEDERATED HERMES, INC.",listed,20,2018-02-23,2022-11-01,2018-02-23,2023-05-20
36966,FHN,NYSE,FIRST HORIZON CORP,listed,20,2018-02-28,2022-11-07,2018-02-28,2023-05-26
860413,FIBK,Nasdaq,FIRST INTERSTATE BANCSYSTEM INC,listed,20,2018-02-28,2022-11-07,2018-02-28,2023-05-26
814547,FICO,NYSE,FAIR ISAAC CORP,listed,20,2018-01-25,2022-11-09,2018-01-25,2023-05-28
1846576,FIGS,NYSE,"FIGS, Inc.",listed,6,2021-08-12,2022-11-10,2021-08-12,2023-05-29
1801661,FIRY,NYSE,Firy Inc.,listed,8,2021-03-12,2022-11-07,2021-03-12,2023-05-26
1136893,FIS,NYSE,"Fidelity National Information Services, Inc.",listed,20,2018-02-22,2022-11-04,2018-02-22,2023-05-23
862831,FISI,Nasdaq,FINANCIAL INSTITUTIONS INC,listed,20,2018-03-14,2022-11-07,2018-03-14,2023-05-26
798354,FISV,Nasdaq,FISERV INC,listed,20,2018-02-22,2022-10-28,2018-02-22,2023-05-16
35527,FITB,NYSE,FIFTH THIRD BANCORP,listed,20,2018-02-28,2022-11-08,2018-02-28,2023-05-27
1177609,FIVE,Nasdaq,"FIVE BELOW, INC",listed,20,2018-03-22,2022-12-01,2018-03-22,2023-06-19
1288847,FIVN,Nasdaq,"Five9, Inc.",listed,20,2018-03-01,2022-11-07,2018-03-01,2023-05-26
1035983,FIX,NYSE,COMFORT SYSTEMS USA INC,listed,20,2018-02-22,2022-10-26,2018-02-22,2023-05-14
866374,FLEX,Nasdaq,FLEX LTD.,listed,20,2018-01-29,2022-10-31,2018-01-29,2023-05-19
910073,FLG,NYSE,"FLAGSTAR BANK, NATIONAL ASSOCIATION",listed,20,2018-03-02,2022-11-04,2018-03-02,2023-05-23
1674930,FLGT,Nasdaq,"Fulgent Genetics, Inc.",listed,20,2018-03-20,2022-11-07,2018-03-20,2023-05-26
1868941,FLNC,Nasdaq,"Fluence Energy, Inc.",listed,5,2021-12-14,2022-12-14,2021-12-14,2023-07-02
1124198,FLR,NYSE,FLUOR CORP,listed,20,2018-02-20,2022-11-04,2018-02-20,2023-05-23
30625,FLS,NYSE,FLOWSERVE CORP,listed,20,2018-02-28,2022-10-31,2018-02-28,2023-05-19
1084869,FLWS,Nasdaq,1 800 FLOWERS COM INC,listed,20,2018-02-09,2022-11-14,2018-02-09,2023-06-02
37472,FLXS,Nasdaq,FLEXSTEEL INDUSTRIES INC,listed,20,2018-01-30,2022-10-31,2018-01-30,2023-05-19
1580560,FLYW,Nasdaq,Flywire Corp,listed,6,2021-08-16,2022-11-14,2021-08-16,2023-06-02
792966,FMAO,Nasdaq,FARMERS & MERCHANTS BANCORP INC,listed,20,2018-02-28,2022-10-25,2018-02-28,2023-05-13
37785,FMC,NYSE,FMC CORP,listed,20,2018-02-28,2022-11-02,2018-02-28,2023-05-21
709337,FMNB,Nasdaq,FARMERS NATIONAL BANC CORP /OH/,listed,20,2018-03-06,2022-11-08,2018-03-06,2023-05-27
37808,FNB,NYSE,FNB CORP/PA/,listed,20,2018-02-28,2022-11-04,2018-02-28,2023-05-23
1507079,FND,NYSE,"Floor & Decor Holdings, Inc.",listed,20,2018-03-05,2022-11-03,2018-03-05,2023-05-22
1331875,FNF,NYSE,"Fidelity National Financial, Inc.",listed,20,2018-02-23,2022-11-09,2018-02-23,2023-05-28
1704711,FNKO,Nasdaq,"Funko, Inc.",listed,20,2018-03-19,2022-11-03,2018-03-19,2023-05-22
765207,FNLC,Nasdaq,"First Bancorp, Inc /ME/",listed,20,2018-03-14,2022-11-04,2018-03-14,2023-05-23
1114927,FNRN,Nasdaq,FIRST NORTHERN COMMUNITY BANCORP,listed,20,2018-03-08,2022-11-09,2018-03-08,2023-05-28
919864,FNWD,Nasdaq,Finward Bancorp,listed,20,2018-02-20,2022-11-14,2018-02-20,2023-06-02
1828937,FOA,NYSE,Finance of America Companies Inc.,listed,6,2021-08-16,2022-11-09,2021-08-16,2023-05-28
1406587,FOR,NYSE,Forestar Group Inc.,listed,19,2018-02-28,2022-11-17,2018-02-28,2023-06-05
1039399,FORM,Nasdaq,FORMFACTOR INC,listed,20,2018-02-27,2022-11-01,2018-02-27,2023-05-20
1023313,FORR,Nasdaq,"FORRESTER RESEARCH, INC.",listed,20,2018-03-09,2022-11-04,2018-03-09,2023-05-23
883569,FOSL,Nasdaq,"Fossil Group, Inc.",listed,20,2018-03-02,2022-11-10,2018-03-02,2023-05-29
1794669,FOUR,NYSE,"Shift4 Payments, Inc.",listed,10,2020-08-12,2022-11-08,2020-08-12,2023-05-27
1754301,FOXA,Nasdaq,Fox Corp,listed,16,2019-03-18,2022-11-01,2019-03-18,2023-05-20
1424929,FOXF,Nasdaq,FOX FACTORY HOLDING CORP,listed,20,2018-02-27,2022-11-03,2018-02-27,2023-05-22
1574197,FPH,NYSE,"Five Point Holdings, LLC",listed,20,2018-03-30,2022-10-31,2018-03-30,2023-05-19
1591670,FPI,NYSE,Farmland Partners Inc.,listed,20,2018-03-05,2022-10-26,2018-03-05,2023-05-14
921825,FR,NYSE,FIRST INDUSTRIAL REALTY TRUST INC,listed,20,2018-02-26,2022-10-21,2018-02-26,2023-05-09
723646,FRAF,Nasdaq,FRANKLIN FINANCIAL SERVICES CORP /PA/,listed,18,2018-03-12,2022-11-04,2018-03-12,2023-05-23
39092,FRD,Nasdaq,FRIEDMAN INDUSTRIES INC,listed,15,2018-02-14,2022-12-02,2018-02-14,2023-06-20
924805,FRHC,Nasdaq,Freedom Holding Corp.,listed,20,2018-02-14,2022-11-15,2018-02-14,2023-06-03
712534,FRME,Nasdaq,FIRST MERCHANTS CORP,listed,20,2018-03-01,2022-11-09,2018-03-01,2023-05-28
1800667,FROG,Nasdaq,JFrog Ltd,listed,9,2020-11-05,2022-11-03,2020-11-05,2023-05-22
844059,FRPH,Nasdaq,"FRP HOLDINGS, INC.",listed,18,2018-03-16,2022-11-14,2018-03-16,2023-06-02
1611647,FRPT,Nasdaq,"Freshpet, Inc.",listed,20,2018-03-07,2022-11-08,2018-03-07,2023-05-27
1544522,FRSH,Nasdaq,Freshworks Inc.,listed,5,2021-11-05,2022-11-04,2021-11-05,2023-05-23
1325670,FRST,Nasdaq,Primis Financial Corp.,listed,20,2018-03-16,2022-11-09,2018-03-16,2023-05-28
1275168,FSBC,Nasdaq,FIVE STAR BANCORP,listed,7,2021-06-17,2022-11-14,2021-06-17,2023-06-02
1530249,FSBW,Nasdaq,"FS Bancorp, Inc.",listed,20,2018-03-16,2022-11-09,2018-03-16,2023-05-28
1274494,FSLR,Nasdaq,"FIRST SOLAR, INC.",listed,20,2018-02-23,2022-10-28,2018-02-23,2023-05-16
1517413,FSLY,Nasdaq,"Fastly, Inc.",listed,14,2019-08-09,2022-11-04,2019-08-09,2023-05-23
277509,FSS,NYSE,FEDERAL SIGNAL CORP /DE/,listed,20,2018-02-28,2022-11-03,2018-02-28,2023-05-22
352825,FSTR,Nasdaq,FOSTER L B CO,listed,20,2018-02-28,2022-11-08,2018-02-28,2023-05-27
1709442,FSUN,Nasdaq,FIRSTSUN CAPITAL BANCORP,listed,6,2021-09-10,2022-11-10,2021-09-10,2023-05-29
1590364,FTAI,Nasdaq,FTAI Aviation Ltd.,listed,21,2018-03-01,2022-11-17,2018-03-01,2023-06-05
1727263,FTDR,Nasdaq,"Frontdoor, Inc.",listed,17,2018-11-06,2022-11-03,2018-11-06,2023-05-22
928054,FTK,NYSE,FLOTEK INDUSTRIES INC/CN/,listed,20,2018-03-08,2022-11-10,2018-03-08,2023-05-29
1262039,FTNT,Nasdaq,"Fortinet, Inc.",listed,20,2018-02-26,2022-11-07,2018-02-26,2023-05-26
1659166,FTV,NYSE,Fortive Corp,listed,20,2018-02-28,2022-10-26,2018-02-28,2023-05-14
1484769,FUBO,NYSE,FuboTV Inc.,listed,17,2018-04-17,2022-11-07,2018-04-17,2023-05-26
39368,FUL,NYSE,FULLER H B CO,listed,20,2018-01-31,2022-09-22,2018-01-31,2023-04-10
763907,FUNC,Nasdaq,FIRST UNITED CORP/MD/,listed,20,2018-03-09,2022-11-10,2018-03-09,2023-05-29
1675644,FVCB,Nasdaq,"FVCBankcorp, Inc.",listed,17,2018-11-14,2022-11-09,2018-11-14,2023-05-28
38264,FWDI,Nasdaq,"Forward Industries, Inc.",listed,20,2018-02-14,2022-12-16,2018-02-14,2023-07-04
1560385,FWONA,Nasdaq,Liberty Media Corp,listed,20,2018-03-01,2022-11-04,2018-03-01,2023-05-23
912728,FWRD,Nasdaq,FORWARD AIR CORP,listed,20,2018-02-23,2022-11-09,2018-02-23,2023-05-28
1789940,FWRG,Nasdaq,"First Watch Restaurant Group, Inc.",listed,5,2021-11-08,2022-11-07,2021-11-08,2023-05-26
719402,FXNC,Nasdaq,FIRST NATIONAL CORP /VA/,listed,20,2018-03-23,2022-11-10,2018-03-23,2023-05-29
714395,GABC,Nasdaq,"GERMAN AMERICAN BANCORP, INC.",listed,20,2018-03-01,2022-11-07,2018-03-01,2023-05-26
39911,GAP,NYSE,GAP INC,listed,20,2018-03-20,2022-11-22,2018-03-20,2023-06-10
40211,GATX,NYSE,GATX CORP,listed,20,2018-02-21,2022-10-28,2018-02-21,2023-05-16
1494904,GBLI,Nasdaq,"Global Indemnity Group, LLC",listed,14,2018-03-09,2021-11-09,2018-03-09,2022-05-28
923120,GBX,NYSE,GREENBRIER COMPANIES INC,listed,20,2018-01-05,2022-10-31,2018-01-05,2023-05-19
1070524,GCBC,Nasdaq,GREENE COUNTY BANCORP INC,listed,20,2018-02-14,2022-11-10,2018-02-14,2023-05-29
1819796,GCMG,Nasdaq,GCM Grosvenor Inc.,listed,9,2020-11-20,2022-11-09,2020-11-20,2023-05-28
18498,GCO,NYSE,GENESCO INC,listed,20,2018-04-04,2022-12-08,2018-04-04,2023-06-26
40533,GD,NYSE,GENERAL DYNAMICS CORP,listed,20,2018-02-12,2022-10-26,2018-02-12,2023-05-14
1609711,GDDY,NYSE,GoDaddy Inc.,listed,20,2018-02-27,2022-11-04,2018-02-27,2023-05-23
1386278,GDOT,NYSE,GREEN DOT CORP,listed,20,2018-02-27,2022-11-09,2018-02-27,2023-05-28
1809519,GDRX,Nasdaq,"GoodRx Holdings, Inc.",listed,9,2020-11-12,2022-11-09,2020-11-12,2023-05-28
1743725,GDYN,Nasdaq,"GRID DYNAMICS HOLDINGS, INC.",listed,13,2019-03-20,2022-11-03,2019-03-20,2023-05-22
40545,GE,NYSE,GENERAL ELECTRIC CO,listed,20,2018-02-23,2022-10-25,2018-02-23,2023-05-13
849399,GEN,Nasdaq,Gen Digital Inc.,listed,20,2018-02-02,2022-11-09,2018-02-02,2023-05-28
64472,GENC,NYSE,GENCOR INDUSTRIES INC,listed,20,2018-02-02,2022-12-16,2018-02-02,2023-07-04
923796,GEO,NYSE,GEO GROUP INC,listed,20,2018-02-26,2022-11-08,2018-02-26,2023-05-27
1392380,GEVO,Nasdaq,"Gevo, Inc.",listed,19,2018-03-28,2022-11-08,2018-03-28,2023-05-27
50725,GFF,NYSE,GRIFFON CORP,listed,20,2018-02-01,2022-11-18,2018-02-01,2023-06-06
42888,GGG,NYSE,GRACO INC,listed,20,2018-02-20,2022-10-26,2018-02-20,2023-05-14
1576280,GH,Nasdaq,"Guardant Health, Inc.",listed,17,2018-11-19,2022-11-03,2018-11-19,2023-05-22
104889,GHC,NYSE,Graham Holdings Co,listed,20,2018-02-23,2022-11-02,2018-02-23,2023-05-21
716314,GHM,NYSE,GRAHAM CORP,listed,20,2018-02-02,2022-11-07,2018-02-02,2023-05-26
945114,GIC,NYSE,GLOBAL INDUSTRIAL Co,listed,20,2018-03-15,2022-11-01,2018-03-15,2023-05-20
821002,GIII,Nasdaq,G III APPAREL GROUP LTD /DE/,listed,20,2018-04-02,2022-12-07,2018-04-02,2023-06-25
882095,GILD,Nasdaq,"GILEAD SCIENCES, INC.",listed,20,2018-02-27,2022-11-02,2018-02-27,2023-05-21
40704,GIS,NYSE,GENERAL MILLS INC,listed,20,2018-03-21,2022-12-20,2018-03-21,2023-07-08
1192448,GKOS,NYSE,GLAUKOS Corp,listed,20,2018-02-28,2022-11-04,2018-02-28,2023-05-23
320335,GL,NYSE,GLOBE LIFE INC.,listed,20,2018-02-27,2022-11-08,2018-02-27,2023-05-27
1575965,GLPI,Nasdaq,"Gaming & Leisure Properties, Inc.",listed,20,2018-02-16,2022-10-27,2018-02-16,2023-05-15
1385613,GLRE,Nasdaq,"GREENLIGHT CAPITAL RE, LTD.",listed,17,2018-02-20,2022-08-02,2018-02-20,2023-02-18
24741,GLW,NYSE,CORNING INC /NY,listed,20,2018-02-15,2022-10-27,2018-02-15,2023-05-15
1467858,GM,NYSE,General Motors Co,listed,20,2018-02-06,2022-10-25,2018-02-06,2023-05-13
1326380,GME,NYSE,GameStop Corp.,listed,20,2018-04-02,2022-12-07,2018-04-02,2023-06-25
1237831,GMED,NYSE,GLOBUS MEDICAL INC,listed,20,2018-02-22,2022-11-08,2018-02-22,2023-05-27
1528356,GNE,NYSE,Genie Energy Ltd.,listed,20,2018-03-16,2022-11-09,2018-03-16,2023-05-28
1326200,GNK,NYSE,GENCO SHIPPING & TRADING LTD,listed,20,2018-02-28,2022-11-09,2018-02-28,2023-05-28
1526113,GNL,NYSE,"Global Net Lease, Inc.",listed,20,2018-02-28,2022-11-03,2018-02-28,2023-05-22
1474735,GNRC,NYSE,GENERAC HOLDINGS INC.,listed,20,2018-02-26,2022-11-07,2018-02-26,2023-05-26
355811,GNTX,Nasdaq,GENTEX CORP,listed,20,2018-02-21,2022-11-04,2018-02-21,2023-05-23
1276520,GNW,NYSE,GENWORTH FINANCIAL INC,listed,20,2018-02-28,2022-11-03,2018-02-28,2023-05-22
1771515,GO,Nasdaq,Grocery Outlet Holding Corp.,listed,14,2019-08-13,2022-11-09,2019-08-13,2023-05-28
1537054,GOGO,Nasdaq,Gogo Inc.,listed,20,2018-02-22,2022-11-03,2018-02-22,2023-05-22
1591588,GOLD,NYSE,"Gold.com, Inc.",listed,20,2018-02-09,2022-11-09,2018-02-09,2023-05-28
1672013,GOLF,NYSE,Acushnet Holdings Corp.,listed,20,2018-03-07,2022-11-03,2018-03-07,2023-05-22
1652044,GOOGL,Nasdaq,Alphabet Inc.,listed,20,2018-02-06,2022-10-26,2018-02-06,2023-05-14
40987,GPC,NYSE,GENUINE PARTS CO,listed,20,2018-02-27,2022-10-20,2018-02-27,2023-05-08
1031203,GPI,NYSE,GROUP 1 AUTOMOTIVE INC,listed,20,2018-02-20,2022-10-28,2018-02-20,2023-05-16
1408075,GPK,NYSE,GRAPHIC PACKAGING HOLDING CO,listed,20,2018-02-07,2022-10-25,2018-02-07,2023-05-13
1123360,GPN,NYSE,GLOBAL PAYMENTS INC,listed,20,2018-02-23,2022-10-31,2018-02-23,2023-05-19
874499,GPOR,NYSE,GULFPORT ENERGY CORP,listed,20,2018-02-22,2022-11-02,2018-02-22,2023-05-21
1309402,GPRE,Nasdaq,Green Plains Inc.,listed,20,2018-02-14,2022-11-03,2018-02-14,2023-05-22
1373670,GRBK,NYSE,"Green Brick Partners, Inc.",listed,20,2018-03-12,2022-11-02,2018-03-12,2023-05-21
42682,GRC,NYSE,GORMAN RUPP CO,listed,20,2018-02-23,2022-10-31,2018-02-23,2023-05-19
1490281,GRPN,Nasdaq,"Groupon, Inc.",listed,20,2018-02-14,2022-11-07,2018-02-14,2023-05-26
886982,GS,NYSE,GOLDMAN SACHS GROUP INC,listed,20,2018-02-26,2022-11-03,2018-02-26,2023-05-22
1366868,GSAT,Nasdaq,"Globalstar, Inc.",listed,20,2018-02-23,2022-11-03,2018-02-23,2023-05-22
854560,GSBC,Nasdaq,"GREAT SOUTHERN BANCORP, INC.",listed,20,2018-03-06,2022-11-08,2018-03-06,2023-05-27
1726978,GSHD,Nasdaq,"Goosehead Insurance, Inc.",listed,19,2018-06-07,2022-10-27,2018-06-07,2023-05-15
1126741,GSIT,Nasdaq,GSI TECHNOLOGY INC,listed,20,2018-02-02,2022-11-04,2018-02-02,2023-05-23
42582,GT,Nasdaq,GOODYEAR TIRE & RUBBER CO /OH/,listed,20,2018-02-08,2022-11-01,2018-02-08,2023-05-20
1273441,GTE,NYSE,GRAN TIERRA ENERGY INC.,listed,20,2018-02-27,2022-11-02,2018-02-27,2023-05-21
1718512,GTES,NYSE,Gates Industrial Corp Ltd.,listed,20,2018-03-15,2022-11-04,2018-03-15,2023-05-23
1653482,GTLB,Nasdaq,Gitlab Inc.,listed,5,2021-12-07,2022-12-06,2021-12-07,2023-06-24
1794515,GTM,Nasdaq,ZoomInfo Technologies Inc.,listed,10,2020-08-11,2022-11-01,2020-08-11,2023-05-20
43196,GTN,NYSE,"GRAY MEDIA, INC",listed,20,2018-02-27,2022-11-04,2018-02-27,2023-05-23
1735707,GTX,Nasdaq,Garrett Motion Inc.,listed,17,2018-11-06,2022-10-26,2018-11-06,2023-05-14
1052752,GTY,NYSE,GETTY REALTY CORP /MD/,listed,20,2018-03-01,2022-10-27,2018-03-01,2023-05-15
861459,GVA,NYSE,GRANITE CONSTRUCTION INC,listed,20,2018-02-16,2022-10-27,2018-02-16,2023-05-15
1528396,GWRE,NYSE,"Guidewire Software, Inc.",listed,20,2018-03-07,2022-12-07,2018-03-07,2023-06-25
1434728,GWRS,Nasdaq,"Global Water Resources, Inc.",listed,20,2018-03-09,2022-11-10,2018-03-09,2023-05-29
277135,GWW,NYSE,"W.W. GRAINGER, INC.",listed,20,2018-02-26,2022-10-28,2018-02-26,2023-05-16
1852244,GXO,NYSE,"GXO Logistics, Inc.",listed,6,2021-08-09,2022-11-09,2021-08-09,2023-05-28
1124105,GYRE,Nasdaq,"GYRE THERAPEUTICS, INC.",listed,19,2018-03-19,2022-11-14,2018-03-19,2023-06-02
1468174,H,NYSE,Hyatt Hotels Corp,listed,20,2018-02-15,2022-11-03,2018-02-15,2023-05-22
313143,HAE,NYSE,HAEMONETICS CORP,listed,20,2018-02-06,2022-11-08,2018-02-06,2023-05-27
1109242,HAFC,Nasdaq,HANMI FINANCIAL CORP,listed,20,2018-03-01,2022-11-09,2018-03-01,2023-05-28
45012,HAL,NYSE,HALLIBURTON CO,listed,20,2018-02-09,2022-10-26,2018-02-09,2023-05-14
1159036,HALO,Nasdaq,"HALOZYME THERAPEUTICS, INC.",listed,20,2018-02-20,2022-11-08,2018-02-20,2023-05-27
46080,HAS,Nasdaq,"HASBRO, INC.",listed,20,2018-02-26,2022-10-26,2018-02-26,2023-05-14
1561894,HASI,NYSE,"HA Sustainable Infrastructure Capital, Inc.",listed,13,2018-02-23,2022-08-09,2018-02-23,2023-02-25
1834622,HAYW,NYSE,"Hayward Holdings, Inc.",listed,7,2021-05-18,2022-11-02,2021-05-18,2023-05-21
49196,HBAN,Nasdaq,HUNTINGTON BANCSHARES INC /MD/,listed,20,2018-02-16,2022-10-28,2018-02-16,2023-05-16
1709164,HBB,NYSE,Hamilton Beach Brands Holding Co,listed,19,2018-03-07,2022-11-02,2018-03-07,2023-05-21
1436425,HBCP,Nasdaq,"HOME BANCORP, INC.",listed,20,2018-03-14,2022-11-04,2018-03-14,2023-05-23
775215,HBT,Nasdaq,"HBT Financial, Inc.",listed,13,2019-11-20,2022-11-08,2019-11-20,2023-05-27
860730,HCA,NYSE,"HCA Healthcare, Inc.",listed,20,2018-02-23,2022-11-01,2018-02-23,2023-05-20
1636422,HCAT,Nasdaq,"Health Catalyst, Inc.",listed,14,2019-08-23,2022-11-09,2019-08-23,2023-05-28
1691303,HCC,NYSE,"WARRIOR MET COAL, INC.",listed,20,2018-02-14,2022-11-02,2018-02-14,2023-05-21
1400810,HCI,NYSE,"HCI Group, Inc.",listed,20,2018-03-07,2022-11-09,2018-03-07,2023-05-28
1057379,HCKT,Nasdaq,"HACKETT GROUP, INC.",listed,20,2018-03-09,2022-11-09,2018-03-09,2023-05-28
731012,HCSG,Nasdaq,HEALTHCARE SERVICES GROUP INC,listed,20,2018-02-23,2022-10-21,2018-02-23,2023-05-09
354950,HD,NYSE,"HOME DEPOT, INC.",listed,20,2018-03-22,2022-11-22,2018-03-22,2023-06-10
925528,HDSN,Nasdaq,HUDSON TECHNOLOGIES INC /NY,listed,20,2018-03-16,2022-11-08,2018-03-16,2023-05-27
354707,HE,NYSE,HAWAIIAN ELECTRIC INDUSTRIES INC,listed,20,2018-03-01,2022-11-07,2018-03-01,2023-05-26
46619,HEI,NYSE,HEICO CORP,listed,20,2018-03-01,2022-12-21,2018-03-01,2023-07-09
1046025,HFWA,Nasdaq,HERITAGE FINANCIAL CORP /WA/,listed,20,2018-02-28,2022-11-09,2018-02-28,2023-05-28
1674168,HGV,NYSE,Hilton Grand Vacations Inc.,listed,20,2018-03-01,2022-11-09,2018-03-01,2023-05-28
874766,HIG,NYSE,"HARTFORD INSURANCE GROUP, INC.",listed,18,2018-02-23,2022-10-27,2018-02-23,2023-05-15
1501585,HII,NYSE,"HUNTINGTON INGALLS INDUSTRIES, INC.",listed,20,2018-02-15,2022-11-03,2018-02-15,2023-05-22
1773751,HIMS,NYSE,"Hims & Hers Health, Inc.",listed,8,2021-03-22,2022-11-07,2021-03-22,2023-05-26
1828105,HIPO,NYSE,Hippo Holdings Inc.,listed,5,2021-11-10,2022-11-10,2021-11-10,2023-05-29
921082,HIW,NYSE,"HIGHWOODS PROPERTIES, INC.",listed,20,2018-02-06,2022-10-25,2018-02-06,2023-05-13
719413,HL,NYSE,HECLA MINING CO/DE/,listed,20,2018-02-15,2022-11-09,2018-02-15,2023-05-28
1302215,HLI,NYSE,"HOULIHAN LOKEY, INC.",listed,20,2018-02-07,2022-11-03,2018-02-07,2023-05-22
1024795,HLIO,NYSE,"HELIOS TECHNOLOGIES, INC.",listed,20,2018-02-27,2022-11-08,2018-02-27,2023-05-27
1822928,HLLY,NYSE,Holley Inc.,listed,5,2021-11-10,2022-11-14,2021-11-10,2023-06-02
1822492,HLMN,Nasdaq,Hillman Solutions Corp.,listed,5,2021-11-03,2022-11-03,2021-11-03,2023-05-22
1433642,HLNE,Nasdaq,Hamilton Lane INC,listed,20,2018-02-09,2022-11-01,2018-02-09,2023-05-20
1585689,HLT,NYSE,Hilton Worldwide Holdings Inc.,listed,20,2018-02-14,2022-10-26,2018-02-14,2023-05-14
866829,HLX,NYSE,"HORNBECK OFFSHORE SERVICES, INC.",listed,20,2018-02-23,2022-10-26,2018-02-23,2023-05-14
850141,HMN,NYSE,HORACE MANN EDUCATORS CORP /DE/,listed,20,2018-03-01,2022-11-08,2018-03-01,2023-05-27
48287,HNI,NYSE,HNI CORP,listed,20,2018-02-23,2022-11-01,2018-02-23,2023-05-20
788965,HNRG,Nasdaq,HALLADOR ENERGY CO,listed,19,2018-03-13,2022-11-14,2018-03-13,2023-06-02
1530979,HNST,Nasdaq,"Honest Company, Inc.",listed,7,2021-06-17,2022-11-10,2021-06-17,2023-05-29
1828588,HNVR,Nasdaq,"Hanover Bancorp, Inc. /MD",listed,7,2021-06-02,2022-12-23,2021-06-02,2023-07-11
1077688,HOFT,Nasdaq,HOOKER FURNISHINGS Corp,listed,20,2018-04-13,2022-12-08,2018-04-13,2023-06-26
793952,HOG,NYSE,"HARLEY-DAVIDSON, INC.",listed,20,2018-02-21,2022-11-03,2018-02-21,2023-05-22
1331520,HOMB,NYSE,HOME BANCSHARES INC,listed,20,2018-02-27,2022-11-04,2018-02-27,2023-05-23
773840,HON,Nasdaq,HONEYWELL INTERNATIONAL INC,listed,20,2018-02-09,2022-10-27,2018-02-09,2023-05-15
1783879,HOOD,Nasdaq,"Robinhood Markets, Inc.",listed,6,2021-08-18,2022-11-03,2021-08-18,2023-05-22
1128361,HOPE,Nasdaq,HOPE BANCORP INC,listed,20,2018-03-01,2022-11-04,2018-03-01,2023-05-23
357294,HOV,NYSE,HOVNANIAN ENTERPRISES INC,listed,20,2018-03-09,2022-12-19,2018-03-09,2023-07-07
46765,HP,NYSE,"Helmerich & Payne, Inc.",listed,20,2018-02-02,2022-11-17,2018-02-02,2023-06-05
1645590,HPE,NYSE,Hewlett Packard Enterprise Co,listed,20,2018-03-09,2022-12-08,2018-03-09,2023-06-26
1792849,HPK,Nasdaq,"HighPeak Energy, Inc.",listed,9,2020-11-12,2022-11-14,2020-11-12,2023-06-02
1482512,HPP,NYSE,"Hudson Pacific Properties, Inc.",listed,18,2018-02-16,2022-11-04,2018-02-16,2023-05-23
47217,HPQ,NYSE,HP INC,listed,20,2018-03-01,2022-12-06,2018-03-01,2023-06-24
1140102,HQI,Nasdaq,"HireQuest, Inc.",listed,20,2018-03-29,2022-11-04,2018-03-29,2023-05-23
1428336,HQY,Nasdaq,"HEALTHEQUITY, INC.",listed,20,2018-03-28,2022-12-08,2018-03-28,2023-06-26
1360604,HR,NYSE,Healthcare Realty Trust Inc,listed,20,2018-02-20,2022-11-09,2018-02-20,2023-05-28
12659,HRB,NYSE,H&R BLOCK INC,listed,19,2018-03-08,2022-11-03,2018-03-08,2023-05-22
48465,HRL,NYSE,HORMEL FOODS CORP /DE/,listed,20,2018-03-09,2022-12-06,2018-03-09,2023-06-24
1802665,HRMY,Nasdaq,"Harmony Biosciences Holdings, Inc.",listed,9,2020-11-12,2022-11-01,2020-11-12,2023-05-20
1360214,HROW,Nasdaq,"HARROW, INC.",listed,20,2018-03-08,2022-11-14,2018-03-08,2023-06-02
1598665,HRTG,NYSE,"Heritage Insurance Holdings, Inc.",listed,20,2018-03-15,2022-11-09,2018-03-15,2023-05-28
1000228,HSIC,Nasdaq,HENRY SCHEIN INC,listed,20,2018-02-21,2022-11-01,2018-02-21,2023-05-20
1070750,HST,Nasdaq,"HOST HOTELS & RESORTS, INC.",listed,20,2018-02-27,2022-11-04,2018-02-27,2023-05-23
1095565,HSTM,Nasdaq,HEALTHSTREAM INC,listed,20,2018-02-26,2022-10-27,2018-02-26,2023-05-15
47111,HSY,NYSE,HERSHEY CO,listed,20,2018-02-27,2022-11-04,2018-02-27,2023-05-23
1538263,HTB,NYSE,"HomeTrust Bancshares, Inc.",listed,20,2018-02-09,2022-11-09,2018-02-09,2023-05-28
1265131,HTH,NYSE,Hilltop Holdings Inc.,listed,20,2018-02-15,2022-10-24,2018-02-15,2023-05-12
799233,HTLD,Nasdaq,HEARTLAND EXPRESS INC,listed,20,2018-03-01,2022-11-09,2018-03-01,2023-05-28
766829,HTO,Nasdaq,H2O AMERICA,listed,20,2018-02-27,2022-10-28,2018-02-27,2023-05-16
1657853,HTZ,Nasdaq,"HERTZ GLOBAL HOLDINGS, INC",listed,20,2018-02-27,2022-10-27,2018-02-27,2023-05-15
48898,HUBB,NYSE,HUBBELL INC,listed,20,2018-02-15,2022-10-26,2018-02-15,2023-05-14
940942,HUBG,Nasdaq,"Hub Group, Inc.",listed,20,2018-02-28,2022-11-04,2018-02-28,2023-05-23
1404655,HUBS,NYSE,HUBSPOT INC,listed,20,2018-02-13,2022-11-02,2018-02-13,2023-05-21
49071,HUM,NYSE,HUMANA INC,listed,20,2018-02-16,2022-11-02,2018-02-16,2023-05-21
1818382,HUMA,Nasdaq,"Humacyte, Inc.",listed,5,2021-11-15,2022-11-10,2021-11-15,2023-05-29
1307954,HUN,NYSE,Huntsman CORP,listed,20,2018-02-23,2022-11-04,2018-02-23,2023-05-23
315374,HURC,Nasdaq,HURCO COMPANIES INC,listed,20,2018-01-05,2022-09-02,2018-01-05,2023-03-21
1289848,HURN,Nasdaq,Huron Consulting Group Inc.,listed,20,2018-02-28,2022-11-01,2018-02-28,2023-05-20
216085,HVT,NYSE,HAVERTY FURNITURE COMPANIES INC,listed,20,2018-03-02,2022-11-04,2018-03-02,2023-05-23
893847,HWBK,Nasdaq,"HAWTHORN BANCSHARES, INC.",listed,19,2018-03-16,2022-11-10,2018-03-16,2023-05-29
750577,HWC,Nasdaq,HANCOCK WHITNEY CORP,listed,20,2018-02-27,2022-11-03,2018-02-27,2023-05-22
46250,HWKN,Nasdaq,HAWKINS INC,listed,20,2018-02-08,2022-11-02,2018-02-08,2023-05-21
4281,HWM,NYSE,Howmet Aerospace Inc.,listed,19,2018-02-26,2022-10-31,2018-02-26,2023-05-19
717605,HXL,NYSE,HEXCEL CORP /DE/,listed,20,2018-02-07,2022-10-24,2018-02-07,2023-05-12
1173514,HY,NYSE,"HYSTER-YALE, INC.",listed,20,2018-02-27,2022-11-01,2018-02-27,2023-05-20
1759631,HYLN,NYSE,Hyliion Holdings Corp.,listed,5,2021-02-26,2022-11-09,2021-02-26,2023-05-28
1057060,HZO,NYSE,MARINEMAX INC,listed,20,2018-01-31,2022-11-18,2018-01-31,2023-06-06
836690,IA,Nasdaq,INNOVATIVE SOLUTIONS & SUPPORT INC,listed,20,2018-02-14,2022-12-16,2018-02-14,2023-07-04
917520,IART,Nasdaq,INTEGRA LIFESCIENCES HOLDINGS CORP,listed,20,2018-03-01,2022-10-26,2018-03-01,2023-05-14
39311,IBCP,Nasdaq,INDEPENDENT BANK CORP /MI/,listed,18,2018-03-07,2022-11-04,2018-03-07,2023-05-23
1381197,IBKR,Nasdaq,"Interactive Brokers Group, Inc.",listed,20,2018-03-01,2022-11-08,2018-03-01,2023-05-27
51143,IBM,NYSE,INTERNATIONAL BUSINESS MACHINES CORP,listed,16,2018-04-24,2022-10-25,2018-04-24,2023-05-13
315709,IBOC,Nasdaq,INTERNATIONAL BANCSHARES CORP,listed,17,2018-05-08,2022-11-03,2018-05-08,2023-05-22
1580905,IBP,NYSE,"Installed Building Products, Inc.",listed,20,2018-02-28,2022-11-03,2018-02-28,2023-05-22
1326110,IBRX,Nasdaq,"ImmunityBio, Inc.",listed,20,2018-03-12,2022-11-09,2018-03-12,2023-05-28
1571949,ICE,NYSE,"Intercontinental Exchange, Inc.",listed,19,2018-02-07,2022-11-03,2018-02-07,2023-05-22
1362004,ICFI,Nasdaq,"ICF International, Inc.",listed,20,2018-02-28,2022-11-04,2018-02-28,2023-05-23
1652535,ICHR,Nasdaq,"ICHOR HOLDINGS, LTD.",listed,20,2018-03-13,2022-11-09,2018-03-13,2023-05-28
883984,ICUI,Nasdaq,ICU MEDICAL INC/DE,listed,20,2018-03-16,2022-11-07,2018-03-16,2023-05-26
1057877,IDA,NYSE,IDACORP INC,listed,20,2018-02-22,2022-11-03,2018-02-22,2023-05-22
1405495,IDCC,Nasdaq,"InterDigital, Inc.",listed,20,2018-02-22,2022-11-03,2018-02-22,2023-05-22
1030192,IDR,NYSE,"Idaho Strategic Resources, Inc.",listed,12,2018-02-26,2021-11-15,2018-02-26,2022-06-03
1005731,IDT,NYSE,IDT CORP,listed,20,2018-03-12,2022-12-13,2018-03-12,2023-07-01
874716,IDXX,Nasdaq,IDEXX LABORATORIES INC /DE,listed,20,2018-02-16,2022-11-01,2018-02-16,2023-05-20
1048268,IESC,Nasdaq,"IES Holdings, Inc.",listed,20,2018-02-06,2022-12-06,2018-02-06,2023-06-24
832101,IEX,NYSE,IDEX CORP /DE/,listed,20,2018-02-22,2022-10-26,2018-02-22,2023-05-14
51253,IFF,NYSE,INTERNATIONAL FLAVORS & FRAGRANCES INC,listed,20,2018-02-27,2022-11-07,2018-02-27,2023-05-26
1400891,IHRT,Nasdaq,"iHeartMedia, Inc.",listed,20,2018-05-03,2022-11-03,2018-05-03,2023-05-22
1371489,III,Nasdaq,Information Services Group Inc.,listed,20,2018-03-16,2022-11-04,2018-03-16,2023-05-23
764401,IIIN,NYSE,INSTEEL INDUSTRIES INC,listed,20,2018-01-18,2022-10-27,2018-01-18,2023-05-15
1728688,IIIV,Nasdaq,"i3 Verticals, Inc.",listed,18,2018-08-13,2022-11-18,2018-08-13,2023-06-06
1677576,IIPR,NYSE,INNOVATIVE INDUSTRIAL PROPERTIES INC,listed,19,2018-05-10,2022-11-09,2018-05-10,2023-05-28
1750149,IKT,Nasdaq,"Inhibikase Therapeutics, Inc.",listed,8,2021-03-31,2022-11-14,2021-03-31,2023-06-02
1110803,ILMN,Nasdaq,"ILLUMINA, INC.",listed,20,2018-02-13,2022-11-04,2018-02-13,2023-05-23
50493,IMKTA,Nasdaq,INGLES MARKETS INC,listed,20,2018-02-08,2022-11-23,2018-02-08,2023-06-11
1058811,IMMR,Nasdaq,IMMERSION CORP,listed,20,2018-02-27,2022-11-14,2018-02-27,2023-06-02
1472012,IMNM,Nasdaq,Immunome Inc.,listed,9,2020-11-16,2022-11-14,2020-11-16,2023-06-02
1683695,IMXI,Nasdaq,"International Money Express, Inc.",listed,20,2018-03-15,2022-11-09,2018-03-15,2023-05-28
1562463,INBK,Nasdaq,First Internet Bancorp,listed,20,2018-03-08,2022-11-09,2018-03-08,2023-05-28
879169,INCY,Nasdaq,INCYTE CORP,listed,20,2018-02-15,2022-11-01,2018-02-15,2023-05-20
776901,INDB,Nasdaq,INDEPENDENT BANK CORP,listed,20,2018-02-27,2022-11-03,2018-02-27,2023-05-22
1841925,INDI,Nasdaq,"indie Semiconductor, Inc.",listed,6,2021-08-13,2022-11-14,2021-08-13,2023-06-02
1337013,INFU,NYSE,"InfuSystem Holdings, Inc",listed,20,2018-03-19,2022-11-08,2018-03-19,2023-05-27
1294133,INGN,Nasdaq,Inogen Inc,listed,20,2018-02-27,2022-11-03,2018-02-27,2023-05-22
1046257,INGR,NYSE,Ingredion Inc,listed,20,2018-02-21,2022-11-07,2018-02-21,2023-05-26
1497645,INN,NYSE,"Summit Hotel Properties, Inc.",listed,19,2018-02-21,2022-11-02,2018-02-21,2023-05-21
1834376,INNV,Nasdaq,InnovAge Holding Corp.,listed,7,2021-05-11,2022-11-08,2021-05-11,2023-05-27
1055726,INO,Nasdaq,"INOVIO PHARMACEUTICALS, INC.",listed,20,2018-03-14,2022-11-08,2018-03-14,2023-05-27
903651,INOD,Nasdaq,INNODATA INC,listed,20,2018-03-22,2022-11-10,2018-03-22,2023-05-29
1615063,INSE,Nasdaq,"Inspired Entertainment, Inc.",listed,20,2018-02-05,2022-11-09,2018-02-05,2023-05-28
1104506,INSM,Nasdaq,INSMED Inc,listed,16,2018-02-23,2022-10-27,2018-02-23,2023-05-15
1609550,INSP,NYSE,"Inspire Medical Systems, Inc.",listed,19,2018-06-07,2022-11-01,2018-06-07,2023-05-20
1679049,INSW,NYSE,"International Seaways, Inc.",listed,20,2018-03-12,2022-11-08,2018-03-12,2023-05-27
1565687,INTA,Nasdaq,"Intapp, Inc.",listed,6,2021-09-15,2022-11-08,2021-09-15,2023-05-27
50863,INTC,Nasdaq,INTEL CORP,listed,20,2018-02-16,2022-10-28,2018-02-16,2023-05-16
1036262,INTT,NYSE,INTEST CORP,listed,20,2018-03-28,2022-11-14,2018-03-28,2023-06-02
896878,INTU,Nasdaq,INTUIT INC.,listed,20,2018-02-22,2022-11-29,2018-02-22,2023-06-17
1080014,INVA,Nasdaq,"Innoviva, Inc.",listed,20,2018-02-23,2022-11-09,2018-02-23,2023-05-28
1687229,INVH,NYSE,Invitation Homes Inc.,listed,20,2018-03-29,2022-10-27,2018-03-29,2023-05-15
1042893,INVX,NYSE,"Innovex International, Inc.",listed,20,2018-02-27,2022-10-27,2018-02-27,2023-05-15
1824920,IONQ,NYSE,"IonQ, Inc.",listed,5,2021-11-15,2022-11-14,2021-11-15,2023-06-02
874015,IONS,Nasdaq,IONIS PHARMACEUTICALS INC,listed,20,2018-02-28,2022-11-09,2018-02-28,2023-05-28
1054905,IOSP,Nasdaq,INNOSPEC INC.,listed,20,2018-02-15,2022-11-09,2018-02-15,2023-05-28
1425205,IOVA,Nasdaq,"IOVANCE BIOTHERAPEUTICS, INC.",listed,20,2018-03-12,2022-11-03,2018-03-12,2023-05-22
51434,IP,NYSE,INTERNATIONAL PAPER CO /NEW/,listed,20,2018-02-22,2022-10-28,2018-02-22,2023-05-16
822663,IPAR,Nasdaq,INTERPARFUMS INC,listed,20,2018-03-13,2022-11-09,2018-03-13,2023-05-28
1111928,IPGP,Nasdaq,IPG PHOTONICS CORP,listed,20,2018-02-28,2022-11-01,2018-02-28,2023-05-20
1478242,IQV,NYSE,IQVIA HOLDINGS INC.,listed,20,2018-02-16,2022-10-27,2018-02-16,2023-05-15
1699150,IR,NYSE,Ingersoll Rand Inc.,listed,20,2018-02-16,2022-11-04,2018-02-16,2023-05-23
1418819,IRDM,Nasdaq,Iridium Communications Inc.,listed,20,2018-02-22,2022-10-20,2018-02-22,2023-05-08
1020569,IRM,NYSE,IRON MOUNTAIN INC,listed,20,2018-02-16,2022-11-03,2018-02-16,2023-05-22
1325618,IRMD,Nasdaq,IRADIMED CORP,listed,20,2018-03-08,2022-11-03,2018-03-08,2023-05-22
1466085,IRT,NYSE,"INDEPENDENCE REALTY TRUST, INC.",listed,20,2018-02-23,2022-10-27,2018-02-23,2023-05-15
1388658,IRTC,Nasdaq,"iRhythm Holdings, Inc.",listed,20,2018-03-01,2022-11-04,2018-03-01,2023-05-23
1446847,IRWD,Nasdaq,IRONWOOD PHARMACEUTICALS INC,listed,20,2018-02-22,2022-11-03,2018-02-22,2023-05-22
842517,ISBA,Nasdaq,ISABELLA BANK CORP,listed,9,2018-03-16,2020-10-29,2018-03-16,2021-05-17
1035267,ISRG,Nasdaq,INTUITIVE SURGICAL INC,listed,20,2018-02-02,2022-10-21,2018-02-02,2023-05-09
1602658,ISTR,Nasdaq,Investar Holding Corp,listed,20,2018-03-16,2022-11-02,2018-03-16,2023-05-21
749251,IT,NYSE,GARTNER INC,listed,20,2018-02-22,2022-11-01,2018-02-22,2023-05-20
1114483,ITGR,NYSE,Integer Holdings Corp,listed,20,2018-02-22,2022-10-27,2018-02-22,2023-05-15
720858,ITIC,Nasdaq,INVESTORS TITLE CO,listed,20,2018-03-12,2022-11-08,2018-03-12,2023-05-27
780571,ITRI,Nasdaq,"ITRON, INC.",listed,20,2018-03-01,2022-11-03,2018-03-01,2023-05-22
216228,ITT,NYSE,ITT INC.,listed,20,2018-02-16,2022-11-03,2018-02-16,2023-05-22
49826,ITW,NYSE,ILLINOIS TOOL WORKS INC,listed,20,2018-02-15,2022-10-27,2018-02-15,2023-05-15
1307748,IVT,NYSE,InvenTrust Properties Corp.,listed,20,2018-03-07,2022-11-02,2018-03-07,2023-05-21
1832038,IVVD,Nasdaq,"Invivyd, Inc.",listed,6,2021-09-20,2022-11-10,2021-09-20,2023-05-29
914208,IVZ,NYSE,Invesco Ltd.,listed,20,2018-02-23,2022-11-02,2018-02-23,2023-05-21
52988,J,NYSE,JACOBS SOLUTIONS INC.,listed,20,2018-02-07,2022-11-21,2018-02-07,2023-06-09
1009829,JAKK,Nasdaq,JAKKS PACIFIC INC,listed,20,2018-03-16,2022-11-14,2018-03-16,2023-06-02
1817713,JANX,Nasdaq,"Janux Therapeutics, Inc.",listed,6,2021-08-10,2022-11-10,2021-08-10,2023-05-29
1689796,JBGS,NYSE,JBG SMITH Properties,listed,20,2018-03-12,2022-11-01,2018-03-12,2023-05-20
728535,JBHT,Nasdaq,HUNT J B TRANSPORT SERVICES INC,listed,20,2018-02-23,2022-11-04,2018-02-23,2023-05-23
1839839,JBI,NYSE,"Janus International Group, Inc.",listed,6,2021-08-10,2022-11-10,2021-08-10,2023-05-29
898293,JBL,NYSE,JABIL INC,listed,20,2018-01-04,2022-10-25,2018-01-04,2023-05-13
1158463,JBLU,Nasdaq,JETBLUE AIRWAYS CORP,listed,20,2018-02-16,2022-11-02,2018-02-16,2023-05-21
880117,JBSS,Nasdaq,SANFILIPPO JOHN B & SON INC,listed,20,2018-02-05,2022-11-03,2018-02-05,2023-05-22
1433660,JBTM,NYSE,JBT MAREL Corp,listed,20,2018-02-28,2022-10-28,2018-02-28,2023-05-16
96223,JEF,NYSE,Jefferies Financial Group Inc.,listed,19,2018-02-27,2022-10-07,2018-02-27,2023-04-25
1674335,JELD,NYSE,"JELD-WEN Holding, Inc.",listed,20,2018-03-06,2022-11-01,2018-03-06,2023-05-20
1687932,JILL,NYSE,"J.Jill, Inc.",listed,20,2018-04-13,2022-12-06,2018-04-13,2023-06-24
785956,JJSF,Nasdaq,J&J SNACK FOODS CORP,listed,20,2018-02-01,2022-11-22,2018-02-01,2023-06-10
779152,JKHY,Nasdaq,JACK HENRY & ASSOCIATES INC,listed,20,2018-02-08,2022-11-09,2018-02-08,2023-05-28
1037976,JLL,NYSE,JONES LANG LASALLE INC,listed,20,2018-02-23,2022-11-02,2018-02-23,2023-05-21
200406,JNJ,NYSE,JOHNSON & JOHNSON,listed,20,2018-02-21,2022-10-27,2018-02-21,2023-05-15
745308,JOE,NYSE,ST JOE Co,listed,20,2018-03-01,2022-10-26,2018-03-01,2023-05-14
788329,JOUT,Nasdaq,JOHNSON OUTDOORS INC,listed,20,2018-02-02,2022-12-09,2018-02-02,2023-06-27
19617,JPM,NYSE,JPMORGAN CHASE & CO,listed,20,2018-02-27,2022-11-03,2018-02-27,2023-05-22
1620459,JRVR,Nasdaq,"James River Group Holdings, Inc.",listed,18,2018-03-01,2022-11-02,2018-03-01,2023-05-21
886346,KAI,NYSE,KADANT INC,listed,20,2018-02-27,2022-11-09,2018-02-27,2023-05-28
811596,KALU,Nasdaq,KAISER ALUMINUM CORP,listed,20,2018-02-23,2022-10-25,2018-02-23,2023-05-13
795266,KBH,NYSE,KB HOME,listed,20,2018-01-26,2022-10-07,2018-01-26,2023-04-25
1357615,KBR,NYSE,"KBR, INC.",listed,20,2018-02-23,2022-10-27,2018-02-23,2023-05-15
1418135,KDP,Nasdaq,Keurig Dr Pepper Inc.,listed,20,2018-02-14,2022-10-27,2018-02-14,2023-05-15
1606757,KE,Nasdaq,"Kimball Electronics, Inc.",listed,20,2018-02-08,2022-11-08,2018-02-08,2023-05-27
55135,KELYA,Nasdaq,KELLY SERVICES INC,listed,20,2018-02-20,2022-11-10,2018-02-20,2023-05-29
56047,KEX,NYSE,KIRBY CORP,listed,20,2018-02-26,2022-11-04,2018-02-26,2023-05-23
91576,KEY,NYSE,KEYCORP /NEW/,listed,19,2018-02-26,2022-11-01,2018-02-26,2023-05-20
1601046,KEYS,NYSE,"Keysight Technologies, Inc.",listed,20,2018-03-08,2022-12-15,2018-03-08,2023-07-03
930420,KFRC,NYSE,KFORCE INC,listed,20,2018-02-23,2022-11-02,2018-02-23,2023-05-21
56679,KFY,NYSE,KORN FERRY,listed,20,2018-03-09,2022-12-09,2018-03-09,2023-06-27
1637459,KHC,Nasdaq,Kraft Heinz Co,listed,20,2018-02-16,2022-10-27,2018-02-16,2023-05-15
1425450,KIDS,Nasdaq,ORTHOPEDIATRICS CORP,listed,20,2018-03-15,2022-11-01,2018-03-15,2023-05-20
879101,KIM,NYSE,KIMCO REALTY CORP,listed,19,2018-02-23,2022-10-28,2018-02-23,2023-05-16
33992,KINS,Nasdaq,"KINGSTONE COMPANIES, INC.",listed,20,2018-03-15,2022-11-14,2018-03-15,2023-06-02
1404912,KKR,NYSE,KKR & Co. Inc.,listed,20,2018-02-23,2022-11-08,2018-02-23,2023-05-27
319201,KLAC,Nasdaq,KLA CORP,listed,20,2018-01-26,2022-10-28,2018-01-26,2023-05-16
56978,KLIC,Nasdaq,KULICKE & SOFFA INDUSTRIES INC,listed,20,2018-02-01,2022-11-17,2018-02-01,2023-06-05
1432133,KLTR,Nasdaq,KALTURA INC,listed,6,2021-08-19,2022-11-10,2021-08-19,2023-05-29
55785,KMB,Nasdaq,KIMBERLY CLARK CORP,listed,20,2018-02-08,2022-10-25,2018-02-08,2023-05-13
1506307,KMI,NYSE,"KINDER MORGAN, INC.",listed,20,2018-02-09,2022-10-21,2018-02-09,2023-05-09
860748,KMPR,NYSE,KEMPER Corp,listed,20,2018-02-13,2022-11-02,2018-02-13,2023-05-21
55242,KMT,NYSE,KENNAMETAL INC,listed,20,2018-02-06,2022-11-03,2018-02-06,2023-05-22
1170010,KMX,NYSE,CARMAX INC,listed,20,2018-01-04,2022-09-30,2018-01-04,2023-04-18
1587523,KN,NYSE,Knowles Corp,listed,20,2018-02-20,2022-10-27,2018-02-20,2023-05-15
1730430,KNSA,Nasdaq,"Kiniksa Pharmaceuticals International, plc",listed,18,2018-08-06,2022-11-03,2018-08-06,2023-05-22
1669162,KNSL,NYSE,"Kinsale Capital Group, Inc.",listed,20,2018-03-01,2022-10-27,2018-03-01,2023-05-15
1692787,KNTK,NYSE,Kinetik Holdings Inc.,listed,16,2019-03-01,2022-11-09,2019-03-01,2023-05-28
1492691,KNX,NYSE,Knight-Swift Transportation Holdings Inc.,listed,20,2018-03-01,2022-11-02,2018-03-01,2023-05-21
21344,KO,NYSE,COCA COLA CO,listed,20,2018-02-23,2022-10-26,2018-02-23,2023-05-14
31235,KODK,NYSE,EASTMAN KODAK CO,listed,20,2018-03-15,2022-11-08,2018-03-15,2023-05-27
1315257,KOP,NYSE,Koppers Holdings Inc.,listed,20,2018-02-27,2022-11-04,2018-02-27,2023-05-23
771266,KOPN,Nasdaq,KOPIN CORP,listed,20,2018-03-23,2022-11-08,2018-03-23,2023-05-27
1509991,KOS,NYSE,Kosmos Energy Ltd.,listed,20,2018-02-26,2022-11-07,2018-02-26,2023-05-26
1025996,KRC,NYSE,KILROY REALTY CORP,listed,20,2018-02-13,2022-10-26,2018-02-13,2023-05-14
1631596,KREF,NYSE,KKR Real Estate Finance Trust Inc.,listed,20,2018-02-28,2022-10-24,2018-02-28,2023-05-12
704440,KRMD,Nasdaq,"KORU Medical Systems, Inc.",listed,19,2018-05-07,2022-11-09,2018-05-07,2023-05-28
1617242,KRNY,Nasdaq,Kearny Financial Corp.,listed,20,2018-02-08,2022-11-07,2018-02-08,2023-05-26
1257640,KRO,NYSE,KRONOS WORLDWIDE INC,listed,20,2018-03-12,2022-11-02,2018-03-12,2023-05-21
1664710,KROS,Nasdaq,"Keros Therapeutics, Inc.",listed,11,2020-05-22,2022-11-03,2020-05-22,2023-05-22
1703647,KRRO,Nasdaq,"Korro Bio, Inc.",listed,13,2019-11-18,2022-11-08,2019-11-18,2023-05-27
1758021,KRT,Nasdaq,Karat Packaging Inc.,listed,7,2021-05-28,2022-11-14,2021-05-28,2023-06-02
1772177,KRUS,Nasdaq,"KURA SUSHI USA, INC.",listed,13,2019-11-26,2022-11-10,2019-11-26,2023-05-29
1711279,KRYS,Nasdaq,"Krystal Biotech, Inc.",listed,5,2020-03-10,2021-11-08,2020-03-10,2022-05-27
885639,KSS,NYSE,KOHLS Corp,listed,20,2018-03-23,2022-12-01,2018-03-23,2023-06-19
1760965,KTB,NYSE,"Kontoor Brands, Inc.",listed,15,2019-06-20,2022-11-04,2019-06-20,2023-05-23
1069258,KTOS,Nasdaq,"KRATOS DEFENSE & SECURITY SOLUTIONS, INC.",listed,20,2018-02-28,2022-11-03,2018-02-28,2023-05-22
1422143,KURA,Nasdaq,"Kura Oncology, Inc.",listed,15,2018-03-12,2022-11-03,2018-03-12,2023-05-22
81362,KWR,NYSE,QUAKER CHEMICAL CORP,listed,20,2018-02-28,2022-11-03,2018-02-28,2023-05-22
1072627,KWY,NYSE,KINGSWAY Corp,listed,20,2018-03-16,2022-11-10,2018-03-16,2023-05-29
1815442,KYMR,Nasdaq,"Kymera Therapeutics, Inc.",listed,9,2020-11-05,2022-11-03,2020-11-05,2023-05-22
60086,L,NYSE,LOEWS CORP,listed,20,2018-02-15,2022-10-31,2018-02-15,2023-05-19
1162194,LAB,Nasdaq,STANDARD BIOTOOLS INC.,listed,20,2018-03-08,2022-11-09,2018-03-08,2023-05-28
1023128,LAD,NYSE,LITHIA MOTORS INC,listed,20,2018-02-23,2022-10-27,2018-02-23,2023-05-15
1090425,LAMR,Nasdaq,LAMAR ADVERTISING CO/NEW,listed,20,2018-02-27,2022-11-04,2018-02-27,2023-05-23
1141688,LARK,Nasdaq,LANDMARK BANCORP INC,listed,20,2018-03-14,2022-11-10,2018-03-14,2023-05-29
1124796,LASR,Nasdaq,"NLIGHT, INC.",listed,19,2018-05-25,2022-11-07,2018-05-25,2023-05-26
912766,LAUR,Nasdaq,"LAUREATE EDUCATION, INC.",listed,20,2018-03-20,2022-11-03,2018-03-20,2023-05-22
1625641,LAW,NYSE,"CS Disco, Inc.",listed,6,2021-09-03,2022-11-10,2021-09-03,2023-05-29
1311370,LAZ,NYSE,"Lazard, Inc.",listed,20,2018-02-27,2022-10-31,2018-02-27,2023-05-19
1694028,LBRT,NYSE,Liberty Energy Inc.,listed,20,2018-03-23,2022-10-21,2018-03-23,2023-05-09
1570585,LBTYA,Nasdaq,Liberty Global Ltd.,listed,20,2018-02-14,2022-11-01,2018-02-14,2023-05-20
1811210,LCID,Nasdaq,"Lucid Group, Inc.",listed,6,2021-08-16,2022-11-08,2021-08-16,2023-05-27
763744,LCII,NYSE,LCI INDUSTRIES,listed,20,2018-02-28,2022-11-01,2018-02-28,2023-05-20
1074902,LCNB,Nasdaq,LCNB CORP,listed,16,2018-03-09,2022-11-09,2018-03-09,2023-05-28
876343,LCTX,NYSE,"Lineage Cell Therapeutics, Inc.",listed,20,2018-03-15,2022-11-10,2018-03-15,2023-05-29
874396,LCUT,Nasdaq,"LIFETIME BRANDS, INC",listed,20,2018-03-16,2022-11-03,2018-03-16,2023-05-22
1831631,LDI,NYSE,"loanDepot, Inc.",listed,8,2021-03-16,2022-11-10,2021-03-16,2023-05-29
1336920,LDOS,NYSE,"Leidos Holdings, Inc.",listed,20,2018-02-23,2022-11-01,2018-02-23,2023-05-20
799288,LE,Nasdaq,"LANDS' END, INC.",listed,20,2018-03-29,2022-12-01,2018-03-29,2023-06-19
842162,LEA,NYSE,LEAR CORP,listed,20,2018-02-06,2022-11-01,2018-02-06,2023-05-20
59527,LECO,Nasdaq,LINCOLN ELECTRIC HOLDINGS INC,listed,20,2018-02-27,2022-10-27,2018-02-27,2023-05-15
58361,LEE,Nasdaq,"LEE ENTERPRISES, Inc",listed,19,2018-02-02,2022-08-04,2018-02-02,2023-02-20
58492,LEG,NYSE,LEGGETT & PLATT INC,listed,20,2018-02-22,2022-11-03,2018-02-22,2023-05-22
1436208,LEGH,Nasdaq,Legacy Housing Corp,listed,16,2019-04-09,2022-11-08,2019-04-09,2023-05-27
920760,LEN,NYSE,LENNAR CORP /NEW/,listed,20,2018-01-25,2022-10-04,2018-01-25,2023-04-22
1065059,LEU,NYSE,CENTRUS ENERGY CORP,listed,20,2018-03-15,2022-11-09,2018-03-15,2023-05-28
94845,LEVI,NYSE,LEVI STRAUSS & CO,listed,20,2018-02-07,2022-10-06,2018-02-07,2023-04-24
948320,LFMD,Nasdaq,"LifeMD, Inc.",listed,20,2018-04-02,2022-11-10,2018-04-02,2023-05-29
1845257,LFST,Nasdaq,"LifeStance Health Group, Inc.",listed,6,2021-08-12,2022-11-09,2021-08-12,2023-05-28
889331,LFUS,Nasdaq,LITTELFUSE INC /DE,listed,20,2018-02-23,2022-11-02,2018-02-23,2023-05-21
1580670,LGIH,Nasdaq,"LGI Homes, Inc.",listed,20,2018-02-27,2022-11-01,2018-02-27,2023-05-20
886163,LGND,Nasdaq,LIGAND PHARMACEUTICALS INC,listed,20,2018-03-01,2022-11-08,2018-03-01,2023-05-27
920148,LH,NYSE,LABCORP HOLDINGS INC.,listed,20,2018-02-27,2022-11-01,2018-02-27,2023-05-20
202058,LHX,NYSE,"L3HARRIS TECHNOLOGIES, INC. /DE/",listed,19,2018-01-31,2022-10-31,2018-01-31,2023-05-19
1069202,LII,NYSE,LENNOX INTERNATIONAL INC,listed,20,2018-02-16,2022-10-27,2018-02-16,2023-05-15
1712184,LILA,Nasdaq,Liberty Latin America Ltd.,listed,20,2018-02-14,2022-11-08,2018-02-14,2023-05-27
1286613,LINC,Nasdaq,LINCOLN EDUCATIONAL SERVICES CORP,listed,20,2018-03-09,2022-11-07,2018-03-09,2023-05-26
1512499,LIND,Nasdaq,"LINDBLAD EXPEDITIONS HOLDINGS, INC.",listed,20,2018-03-02,2022-11-02,2018-03-02,2023-05-21
1633978,LITE,Nasdaq,Lumentum Holdings Inc.,listed,20,2018-02-06,2022-11-08,2018-02-06,2023-05-27
721994,LKFN,Nasdaq,LAKELAND FINANCIAL CORP,listed,20,2018-03-01,2022-10-26,2018-03-01,2023-05-14
1065696,LKQ,Nasdaq,LKQ CORP,listed,20,2018-02-28,2022-11-01,2018-02-28,2023-05-20
59478,LLY,NYSE,ELI LILLY & Co,listed,20,2018-02-20,2022-11-01,2018-02-20,2023-05-20
1158895,LMAT,Nasdaq,LEMAITRE VASCULAR INC,listed,20,2018-03-09,2022-11-08,2018-03-09,2023-05-27
1606163,LMB,Nasdaq,"Limbach Holdings, Inc.",listed,20,2018-04-02,2022-11-09,2018-04-02,2023-05-28
1691421,LMND,NYSE,"Lemonade, Inc.",listed,10,2020-08-12,2022-11-09,2020-08-12,2023-05-28
1342423,LMNR,Nasdaq,Limoneira CO,listed,21,2018-01-08,2022-12-22,2018-01-08,2023-07-10
936468,LMT,NYSE,LOCKHEED MARTIN CORP,listed,20,2018-02-06,2022-10-18,2018-02-06,2023-05-06
59558,LNC,NYSE,LINCOLN NATIONAL CORP,listed,20,2018-02-22,2022-11-03,2018-02-22,2023-05-22
3570,LNG,NYSE,"Cheniere Energy, Inc.",listed,20,2018-02-21,2022-11-03,2018-02-21,2023-05-22
836157,LNN,NYSE,LINDSAY CORP,listed,19,2018-03-29,2022-10-20,2018-03-29,2023-05-08
352541,LNT,Nasdaq,ALLIANT ENERGY CORP,listed,20,2018-02-23,2022-11-08,2018-02-23,2023-05-27
1521036,LNTH,Nasdaq,"Lantheus Holdings, Inc.",listed,20,2018-02-26,2022-11-03,2018-02-26,2023-05-22
1462120,LOB,NYSE,"Live Oak Bancshares, Inc.",listed,20,2018-03-08,2022-11-02,2018-03-08,2023-05-21
1606366,LOCO,Nasdaq,"El Pollo Loco Holdings, Inc.",listed,20,2018-03-09,2022-11-04,2018-03-09,2023-05-23
1120970,LODE,NYSE,Comstock Inc.,listed,20,2018-02-20,2022-11-01,2018-02-20,2023-05-20
1032975,LOGI,Nasdaq,LOGITECH INTERNATIONAL S.A.,listed,20,2018-01-25,2022-10-27,2018-01-25,2023-05-15
1434588,LOPE,Nasdaq,"Grand Canyon Education, Inc.",listed,20,2018-02-21,2022-10-27,2018-02-21,2023-05-15
1701758,LOVE,Nasdaq,Lovesac Co,listed,18,2018-09-14,2022-12-08,2018-09-14,2023-06-26
60667,LOW,NYSE,LOWES COMPANIES INC,listed,20,2018-04-02,2022-11-23,2018-04-02,2023-06-11
1596993,LPG,NYSE,DORIAN LPG LTD.,listed,20,2018-02-08,2022-11-02,2018-02-08,2023-05-21
1397911,LPLA,Nasdaq,LPL Financial Holdings Inc.,listed,20,2018-02-21,2022-11-01,2018-02-21,2023-05-20
889971,LPTH,Nasdaq,LIGHTPATH TECHNOLOGIES INC,listed,20,2018-02-13,2022-11-10,2018-02-13,2023-05-29
60519,LPX,NYSE,LOUISIANA-PACIFIC CORP,listed,20,2018-02-13,2022-11-03,2018-02-13,2023-05-22
1819576,LQDA,Nasdaq,Liquidia Corp,listed,8,2021-03-25,2022-11-08,2021-03-25,2023-05-27
1235468,LQDT,Nasdaq,LIQUIDITY SERVICES INC,listed,20,2018-02-01,2022-12-08,2018-02-01,2023-06-26
707549,LRCX,Nasdaq,LAM RESEARCH CORP,listed,20,2018-01-30,2022-10-24,2018-01-30,2023-05-12
1157408,LRN,NYSE,"Stride, Inc.",listed,20,2018-01-26,2022-10-26,2018-01-26,2023-05-14
1041514,LSAK,Nasdaq,LESAKA TECHNOLOGIES INC,listed,20,2018-02-08,2022-11-08,2018-02-08,2023-05-27
855658,LSCC,Nasdaq,LATTICE SEMICONDUCTOR CORP,listed,20,2018-03-14,2022-11-01,2018-03-14,2023-05-20
853816,LSTR,Nasdaq,LANDSTAR SYSTEM INC,listed,20,2018-02-23,2022-10-28,2018-02-23,2023-05-16
887905,LTC,NYSE,LTC PROPERTIES INC,listed,20,2018-03-01,2022-10-27,2018-03-01,2023-05-15
1869198,LTH,NYSE,"Life Time Group Holdings, Inc.",listed,5,2021-11-17,2022-11-09,2021-11-17,2023-05-28
1114925,LTRX,Nasdaq,LANTRONIX INC,listed,20,2018-01-26,2022-11-09,2018-01-26,2023-05-28
1397187,LULU,Nasdaq,lululemon athletica inc.,listed,20,2018-03-27,2022-12-08,2018-03-27,2023-06-26
18926,LUMN,NYSE,"Lumen Technologies, Inc.",listed,20,2018-03-01,2022-11-03,2018-03-01,2023-05-22
92380,LUV,NYSE,SOUTHWEST AIRLINES CO,listed,20,2018-02-07,2022-10-31,2018-02-07,2023-05-19
1300514,LVS,NYSE,LAS VEGAS SANDS CORP,listed,20,2018-02-23,2022-10-21,2018-02-23,2023-05-09
1679273,LW,NYSE,"Lamb Weston Holdings, Inc.",listed,20,2018-01-04,2022-10-05,2018-01-04,2023-04-23
814586,LWAY,Nasdaq,"Lifeway Foods, Inc.",listed,20,2018-03-30,2022-11-14,2018-03-30,2023-06-02
1325964,LWLG,Nasdaq,"Lightwave Logic, Inc.",listed,19,2018-03-16,2022-11-09,2018-03-16,2023-05-28
1062822,LXRX,Nasdaq,"LEXICON PHARMACEUTICALS, INC.",listed,13,2018-03-01,2022-03-10,2018-03-01,2022-09-26
60714,LXU,NYSE,"LSB INDUSTRIES, INC.",listed,20,2018-02-26,2022-11-02,2018-02-26,2023-05-21
1489393,LYB,NYSE,LyondellBasell Industries N.V.,listed,20,2018-02-22,2022-10-28,2018-02-22,2023-05-16
1806952,LYEL,Nasdaq,"Lyell Immunopharma, Inc.",listed,6,2021-08-12,2022-11-08,2021-08-12,2023-05-27
1759509,LYFT,Nasdaq,"Lyft, Inc.",listed,15,2019-05-14,2022-11-08,2019-05-14,2023-05-27
763532,LYTS,Nasdaq,LSI INDUSTRIES INC,listed,20,2018-02-07,2022-11-04,2018-02-07,2023-05-23
1335258,LYV,NYSE,"Live Nation Entertainment, Inc.",listed,20,2018-02-27,2022-11-03,2018-02-27,2023-05-22
1286139,LZ,Nasdaq,"LEGALZOOM.COM, INC.",listed,6,2021-08-12,2022-11-10,2021-08-12,2023-05-29
57131,LZB,NYSE,LA-Z-BOY INC,listed,20,2018-02-20,2022-11-30,2018-02-20,2023-06-18
794367,M,NYSE,"Macy's, Inc.",listed,20,2018-04-04,2022-11-30,2018-04-04,2023-06-18
1141391,MA,NYSE,Mastercard Inc,listed,18,2018-02-14,2022-10-27,2018-02-14,2023-05-15
912595,MAA,NYSE,MID AMERICA APARTMENT COMMUNITIES INC.,listed,20,2018-02-23,2022-10-27,2018-02-23,2023-05-15
912242,MAC,NYSE,MACERICH CO,listed,20,2018-02-23,2022-11-07,2018-02-23,2023-05-26
41719,MAGN,NYSE,Magnera Corp,listed,20,2018-02-26,2022-11-03,2018-02-26,2023-05-22
1520358,MAMA,Nasdaq,"Mama's Creations, Inc.",listed,20,2018-05-16,2022-12-12,2018-05-16,2023-06-30
871763,MAN,NYSE,ManpowerGroup Inc.,listed,20,2018-02-23,2022-11-07,2018-02-23,2023-05-26
1056696,MANH,Nasdaq,MANHATTAN ASSOCIATES INC,listed,20,2018-02-09,2022-10-28,2018-02-09,2023-05-16
1048286,MAR,Nasdaq,MARRIOTT INTERNATIONAL INC /MD/,listed,20,2018-02-15,2022-11-03,2018-02-15,2023-05-22
1507605,MARA,Nasdaq,"MARA Holdings, Inc.",listed,7,2018-04-16,2022-11-14,2018-04-16,2023-06-02
62996,MAS,NYSE,MASCO CORP /DE/,listed,20,2018-02-08,2022-10-26,2018-02-08,2023-05-14
1555279,MASS,Nasdaq,908 Devices Inc.,listed,8,2021-03-31,2022-11-14,2021-03-31,2023-06-02
63276,MAT,Nasdaq,MATTEL INC /DE/,listed,20,2018-02-27,2022-11-01,2018-02-27,2023-05-20
1000623,MATV,NYSE,"Mativ Holdings, Inc.",listed,20,2018-03-01,2022-11-09,2018-03-01,2023-05-28
63296,MATW,Nasdaq,MATTHEWS INTERNATIONAL CORP,listed,19,2018-01-31,2022-11-18,2018-01-31,2023-06-06
3453,MATX,NYSE,"Matson, Inc.",listed,20,2018-02-23,2022-11-03,2018-02-23,2023-05-22
1818383,MAX,NYSE,"MediaAlpha, Inc.",listed,9,2020-12-11,2022-11-04,2020-12-11,2023-05-23
814585,MBI,NYSE,MBIA INC,listed,18,2018-03-01,2022-11-02,2018-03-01,2023-05-21
1629019,MBIN,Nasdaq,Merchants Bancorp,listed,20,2018-03-28,2022-11-08,2018-03-28,2023-05-27
1590976,MBUU,Nasdaq,"MALIBU BOATS, INC.",listed,20,2018-02-09,2022-11-04,2018-02-09,2023-05-23
1042729,MBWM,Nasdaq,MERCANTILE BANK CORP,listed,20,2018-03-05,2022-11-04,2018-03-05,2023-05-23
1476034,MCB,NYSE,Metropolitan Bank Holding Corp.,listed,20,2018-03-28,2022-10-31,2018-03-28,2023-05-19
1747068,MCBS,Nasdaq,"MetroCity Bankshares, Inc.",listed,13,2019-11-08,2022-11-04,2019-11-08,2023-05-23
63908,MCD,NYSE,MCDONALDS CORP,listed,20,2018-02-23,2022-11-07,2018-02-23,2023-05-26
1638290,MCFT,Nasdaq,"MasterCraft Boat Holdings, Inc.",listed,20,2018-02-09,2022-11-09,2018-02-09,2023-05-28
827054,MCHP,Nasdaq,MICROCHIP TECHNOLOGY INC,listed,20,2018-02-07,2022-11-03,2018-02-07,2023-05-22
927653,MCK,NYSE,MCKESSON CORP,listed,20,2018-02-01,2022-11-02,2018-02-01,2023-05-21
1059556,MCO,NYSE,MOODYS CORP /DE/,listed,20,2018-02-27,2022-10-26,2018-02-27,2023-05-14
907242,MCRI,Nasdaq,MONARCH CASINO & RESORT INC,listed,20,2018-03-14,2022-11-04,2018-03-14,2023-05-23
62234,MCS,NYSE,MARCUS CORP,listed,20,2018-03-13,2022-11-03,2018-03-13,2023-05-22
64996,MCY,NYSE,MERCURY GENERAL CORP,listed,20,2018-02-08,2022-11-01,2018-02-08,2023-05-20
893949,MD,NYSE,"Pediatrix Medical Group, Inc.",listed,20,2018-02-14,2022-11-03,2018-02-14,2023-05-22
1441816,MDB,Nasdaq,"MongoDB, Inc.",listed,20,2018-03-30,2022-12-08,2018-03-30,2023-06-26
1157601,MDGL,Nasdaq,"MADRIGAL PHARMACEUTICALS, INC.",listed,12,2018-03-13,2022-02-24,2018-03-13,2022-09-12
1103982,MDLZ,Nasdaq,"Mondelez International, Inc.",listed,20,2018-02-09,2022-11-01,2018-02-09,2023-05-20
1613103,MDT,NYSE,Medtronic plc,listed,20,2018-03-02,2022-12-01,2018-03-02,2023-06-19
1376339,MDXG,Nasdaq,"MIMEDX GROUP, INC.",listed,16,2020-03-17,2022-11-02,2020-03-17,2023-05-21
1766368,MEC,NYSE,"Mayville Engineering Company, Inc.",listed,15,2019-06-18,2022-11-02,2019-06-18,2023-05-21
910329,MED,NYSE,MEDIFAST INC,listed,20,2018-03-16,2022-11-03,2018-03-16,2023-05-22
1668397,MEDP,Nasdaq,"Medpace Holdings, Inc.",listed,20,2018-02-27,2022-10-25,2018-02-27,2023-05-13
65270,MEI,NYSE,METHODE ELECTRONICS INC,listed,20,2018-03-01,2022-12-01,2018-03-01,2023-06-19
1099590,MELI,Nasdaq,MERCADOLIBRE INC,listed,20,2018-02-23,2022-11-04,2018-02-23,2023-05-23
1099219,MET,NYSE,METLIFE INC,listed,20,2018-03-01,2022-11-03,2018-03-01,2023-05-22
1326801,META,Nasdaq,"Meta Platforms, Inc.",listed,20,2018-02-01,2022-10-27,2018-02-01,2023-05-15
1687187,METC,Nasdaq,"Ramaco Resources, Inc.",listed,20,2018-03-21,2022-11-09,2018-03-21,2023-05-28
1000209,MFIN,Nasdaq,MEDALLION FINANCIAL CORP,listed,20,2018-03-14,2022-11-03,2018-03-14,2023-05-22
1436126,MG,NYSE,"Mistras Group, Inc.",listed,20,2018-03-14,2022-11-07,2018-03-14,2023-05-26
1161728,MGEE,Nasdaq,MGE ENERGY INC,listed,20,2018-02-23,2022-11-03,2018-02-23,2023-05-22
789570,MGM,NYSE,MGM Resorts International,listed,20,2018-03-01,2022-11-02,2018-03-01,2023-05-21
1595974,MGNI,Nasdaq,"MAGNITE, INC.",listed,20,2018-03-15,2022-11-09,2018-03-15,2023-05-28
1125345,MGNX,Nasdaq,MACROGENICS INC,listed,18,2018-02-27,2022-11-03,2018-02-27,2023-05-22
835011,MGPI,Nasdaq,MGP INGREDIENTS INC,listed,20,2018-03-01,2022-11-03,2018-03-01,2023-05-22
752714,MGRC,Nasdaq,MCGRATH RENTCORP,listed,20,2018-02-27,2022-10-27,2018-02-27,2023-05-15
1735438,MGTX,Nasdaq,MeiraGTx Holdings plc,listed,18,2018-08-08,2022-11-10,2018-08-08,2023-05-29
1698990,MGY,NYSE,Magnolia Oil & Gas Corp,listed,17,2018-11-13,2022-11-02,2018-11-13,2023-05-21
851968,MHK,NYSE,MOHAWK INDUSTRIES INC,listed,20,2018-02-28,2022-10-28,2018-02-28,2023-05-16
799292,MHO,NYSE,"M/I HOMES, INC.",listed,20,2018-02-16,2022-10-28,2018-02-16,2023-05-16
769520,MIDD,Nasdaq,MIDDLEBY Corp,listed,20,2018-02-28,2022-11-10,2018-02-28,2023-05-29
1809987,MIR,NYSE,"Mirion Technologies, Inc.",listed,5,2021-11-10,2022-11-03,2021-11-10,2023-05-22
1759425,MIRM,Nasdaq,"Mirum Pharmaceuticals, Inc.",listed,14,2019-08-28,2022-11-09,2019-08-28,2023-05-28
807863,MITK,Nasdaq,MITEK SYSTEMS INC,listed,19,2018-02-01,2022-10-28,2018-02-01,2023-05-16
63754,MKC,NYSE,MCCORMICK & CO INC,listed,20,2018-01-25,2022-10-06,2018-01-25,2023-04-24
1096343,MKL,NYSE,MARKEL GROUP INC.,listed,20,2018-02-23,2022-11-01,2018-02-23,2023-05-20
1049502,MKSI,Nasdaq,MKS INC,listed,20,2018-02-28,2022-11-07,2018-02-28,2023-05-26
1278021,MKTX,Nasdaq,MARKETAXESS HOLDINGS INC,listed,20,2018-02-21,2022-10-26,2018-02-21,2023-05-14
724004,MLAB,Nasdaq,MESA LABORATORIES INC /CO/,listed,20,2018-02-06,2022-11-03,2018-02-06,2023-05-22
89439,MLI,NYSE,MUELLER INDUSTRIES INC,listed,20,2018-02-28,2022-10-19,2018-02-28,2023-05-07
916076,MLM,NYSE,MARTIN MARIETTA MATERIALS INC,listed,20,2018-02-23,2022-11-02,2018-02-23,2023-05-21
63330,MLP,NYSE,MAUI LAND & PINEAPPLE CO INC,listed,20,2018-02-26,2022-11-02,2018-02-26,2023-05-21
924822,MLR,NYSE,MILLER INDUSTRIES INC /TN/,listed,20,2018-03-07,2022-11-09,2018-03-07,2023-05-28
1578732,MMI,NYSE,"Marcus & Millichap, Inc.",listed,20,2018-03-16,2022-11-04,2018-03-16,2023-05-23
1032220,MMS,NYSE,"MAXIMUS, INC.",listed,20,2018-02-08,2022-11-22,2018-02-08,2023-06-10
856982,MMSI,Nasdaq,MERIT MEDICAL SYSTEMS INC,listed,20,2018-03-01,2022-10-28,2018-03-01,2023-05-16
899460,MNKD,Nasdaq,MANNKIND CORP,listed,20,2018-02-27,2022-11-08,2018-02-27,2023-05-27
876427,MNRO,Nasdaq,"MONRO, INC.",listed,20,2018-02-01,2022-10-31,2018-02-01,2023-05-19
1693577,MNSB,Nasdaq,"MainStreet Bancshares, Inc.",listed,15,2019-05-15,2022-11-10,2019-05-15,2023-05-29
865752,MNST,Nasdaq,Monster Beverage Corp,listed,20,2018-03-01,2022-11-04,2018-03-01,2023-05-23
1826600,MNTK,Nasdaq,"Montauk Renewables, Inc.",listed,8,2021-03-31,2022-11-09,2021-03-31,2023-05-28
764180,MO,NYSE,"ALTRIA GROUP, INC.",listed,20,2018-02-27,2022-10-27,2018-02-27,2023-05-15
1179929,MOH,NYSE,"MOLINA HEALTHCARE, INC.",listed,20,2018-03-01,2022-10-27,2018-03-01,2023-05-15
1289419,MORN,Nasdaq,"Morningstar, Inc.",listed,20,2018-03-01,2022-10-28,2018-03-01,2023-05-16
1285785,MOS,NYSE,MOSAIC CO,listed,20,2018-02-21,2022-11-08,2018-02-21,2023-05-27
72573,MOV,NYSE,MOVADO GROUP INC,listed,20,2018-03-29,2022-11-22,2018-03-29,2023-06-10
1801368,MP,NYSE,MP Materials Corp. / DE,listed,8,2021-03-22,2022-11-04,2021-03-22,2023-05-23
918251,MPAA,Nasdaq,MOTORCAR PARTS OF AMERICA INC,listed,20,2018-02-09,2022-11-09,2018-02-09,2023-05-28
879635,MPB,Nasdaq,MID PENN BANCORP INC,listed,20,2018-03-13,2022-11-04,2018-03-13,2023-05-23
1510295,MPC,NYSE,Marathon Petroleum Corp,listed,20,2018-02-28,2022-11-01,2018-02-28,2023-05-20
1287865,MPT,NYSE,MEDICAL PROPERTIES TRUST INC,listed,20,2018-03-01,2022-11-09,2018-03-01,2023-05-28
1280452,MPWR,Nasdaq,"MONOLITHIC POWER SYSTEMS, INC.",listed,20,2018-03-01,2022-11-09,2018-03-01,2023-05-28
1522540,MQ,Nasdaq,"Marqeta, Inc.",listed,6,2021-08-11,2022-11-09,2021-08-11,2023-05-28
1438423,MRAM,Nasdaq,EVERSPIN TECHNOLOGIES INC.,listed,20,2018-03-15,2022-11-10,2018-03-15,2023-05-29
1750735,MRBK,Nasdaq,Meridian Corp,listed,17,2018-11-14,2022-11-09,2018-11-14,2023-05-28
1049521,MRCY,Nasdaq,MERCURY SYSTEMS INC,listed,20,2018-02-02,2022-11-08,2018-02-02,2023-05-27
1437925,MRDN,Nasdaq,Meridian Holdings Inc./NV,listed,17,2018-06-15,2022-09-07,2018-06-15,2023-03-26
310158,MRK,NYSE,"Merck & Co., Inc.",listed,20,2018-02-27,2022-11-03,2018-02-27,2023-05-22
1682852,MRNA,Nasdaq,"Moderna, Inc.",listed,16,2019-03-13,2022-11-03,2019-03-13,2023-05-22
62709,MRSH,NYSE,"MARSH & MCLENNAN COMPANIES, INC.",listed,20,2018-02-22,2022-10-20,2018-02-22,2023-05-08
799167,MRTN,Nasdaq,MARTEN TRANSPORT LTD,listed,20,2018-03-09,2022-11-08,2018-03-09,2023-05-27
1823239,MRVI,Nasdaq,"MARAVAI LIFESCIENCES HOLDINGS, INC.",listed,8,2021-03-22,2022-11-04,2021-03-22,2023-05-23
1835632,MRVL,Nasdaq,"Marvell Technology, Inc.",listed,7,2021-06-09,2022-12-02,2021-06-09,2023-06-20
895421,MS,NYSE,MORGAN STANLEY,listed,20,2018-02-27,2022-11-03,2018-02-27,2023-05-22
1466026,MSBI,Nasdaq,"Midland States Bancorp, Inc.",listed,20,2018-03-06,2022-11-03,2018-03-06,2023-05-22
1408198,MSCI,NYSE,MSCI Inc.,listed,20,2018-02-26,2022-10-25,2018-02-26,2023-05-13
789019,MSFT,Nasdaq,MICROSOFT CORP,listed,20,2018-01-31,2022-10-25,2018-01-31,2023-05-13
1636519,MSGS,NYSE,Madison Square Garden Sports Corp.,listed,20,2018-02-08,2022-10-27,2018-02-08,2023-05-15
1003078,MSM,NYSE,MSC INDUSTRIAL DIRECT CO INC,listed,20,2018-01-10,2022-10-20,2018-01-10,2023-05-08
1050446,MSTR,Nasdaq,Strategy Inc,listed,20,2018-02-07,2022-11-01,2018-02-07,2023-05-20
36270,MTB,NYSE,M&T BANK CORP,listed,20,2018-02-22,2022-11-07,2018-02-22,2023-05-26
891103,MTCH,Nasdaq,"Match Group, Inc.",listed,19,2018-03-01,2022-11-04,2018-03-01,2023-05-23
1037646,MTD,NYSE,METTLER TOLEDO INTERNATIONAL INC/,listed,20,2018-02-09,2022-11-04,2018-02-09,2023-05-23
1520006,MTDR,NYSE,Matador Resources Co,listed,20,2018-03-01,2022-10-28,2018-03-01,2023-05-16
876437,MTG,NYSE,MGIC INVESTMENT CORP,listed,20,2018-02-23,2022-11-02,2018-02-23,2023-05-21
812011,MTN,NYSE,VAIL RESORTS INC,listed,20,2018-03-08,2022-12-08,2018-03-08,2023-06-26
1104657,MTRN,NYSE,MATERION Corp,listed,20,2018-02-15,2022-11-02,2018-02-15,2023-05-21
866273,MTRX,Nasdaq,MATRIX SERVICE CO,listed,20,2018-02-08,2022-11-09,2018-02-08,2023-05-28
1493594,MTSI,Nasdaq,"MACOM Technology Solutions Holdings, Inc.",listed,20,2018-02-07,2022-11-14,2018-02-07,2023-06-02
1598428,MTUS,NYSE,Metallus Inc.,listed,20,2018-02-20,2022-11-03,2018-02-20,2023-05-22
61986,MTW,NYSE,MANITOWOC CO INC,listed,20,2018-02-23,2022-11-08,2018-02-23,2023-05-27
891014,MTX,NYSE,MINERALS TECHNOLOGIES INC,listed,20,2018-02-16,2022-10-28,2018-02-16,2023-05-16
15615,MTZ,NYSE,MASTEC INC,listed,20,2018-02-27,2022-11-03,2018-02-27,2023-05-22
723125,MU,Nasdaq,MICRON TECHNOLOGY INC,listed,20,2018-03-23,2022-12-22,2018-03-23,2023-07-10
717423,MUR,NYSE,MURPHY OIL CORP,listed,19,2018-02-26,2022-11-03,2018-02-26,2023-05-22
1573516,MUSA,NYSE,Murphy USA Inc.,listed,20,2018-02-20,2022-10-27,2018-02-20,2023-05-15
314203,MUX,NYSE,McEwen Inc.,listed,20,2018-02-21,2022-11-04,2018-02-21,2023-05-23
1277902,MVBF,Nasdaq,MVB FINANCIAL CORP,listed,20,2018-03-08,2022-11-08,2018-03-08,2023-05-27
1760689,MVST,Nasdaq,"Microvast Holdings, Inc.",listed,5,2021-11-15,2022-11-10,2021-11-15,2023-05-29
1350593,MWA,NYSE,"Mueller Water Products, Inc.",listed,20,2018-02-08,2022-11-18,2018-02-08,2023-06-06
1288469,MXL,Nasdaq,"MAXLINEAR, INC",listed,20,2018-02-20,2022-10-25,2018-02-20,2023-05-13
1327607,MYFW,Nasdaq,First Western Financial Inc,listed,18,2018-08-30,2022-11-04,2018-08-30,2023-05-23
899923,MYGN,Nasdaq,MYRIAD GENETICS INC,listed,19,2018-02-07,2022-11-02,2018-02-07,2023-05-21
57515,MZTI,Nasdaq,MARZETTI CO,listed,20,2018-01-30,2022-11-03,2018-01-30,2023-05-22
1834488,NABL,NYSE,"N-able, Inc.",listed,6,2021-08-12,2022-11-10,2021-08-12,2023-05-29
1386570,NAGE,Nasdaq,"Niagen Bioscience, Inc.",listed,20,2018-03-15,2022-11-02,2018-03-15,2023-05-21
275053,NATR,Nasdaq,NATURES SUNSHINE PRODUCTS INC,listed,20,2018-03-16,2022-11-03,2018-03-16,2023-05-22
1593538,NAVI,Nasdaq,NAVIENT CORP,listed,20,2018-02-26,2022-10-26,2018-02-26,2023-05-14
1475841,NBHC,NYSE,National Bank Holdings Corp,listed,20,2018-02-27,2022-11-08,2018-02-27,2023-05-27
914475,NBIX,Nasdaq,NEUROCRINE BIOSCIENCES INC,listed,20,2018-02-13,2022-11-01,2018-02-13,2023-05-20
790359,NBTB,Nasdaq,NBT BANCORP INC,listed,20,2018-03-01,2022-11-09,2018-03-01,2023-05-28
789933,NC,NYSE,NACCO INDUSTRIES INC,listed,18,2018-03-07,2022-11-02,2018-03-07,2023-05-21
1513761,NCLH,NYSE,Norwegian Cruise Line Holdings Ltd.,listed,20,2018-02-27,2022-11-08,2018-02-27,2023-05-27
1377630,NCMI,Nasdaq,"National CineMedia, Inc.",listed,20,2018-03-19,2022-11-07,2018-03-19,2023-05-26
1692427,NCSM,Nasdaq,"NCS Multistage Holdings, Inc.",listed,20,2018-03-09,2022-11-01,2018-03-09,2023-05-20
1120193,NDAQ,Nasdaq,"NASDAQ, INC.",listed,20,2018-02-28,2022-11-02,2018-02-28,2023-05-21
72331,NDSN,Nasdaq,NORDSON CORP,listed,20,2018-03-05,2022-12-19,2018-03-05,2023-07-07
1847398,NECB,Nasdaq,"NorthEast Community Bancorp, Inc./MD/",listed,7,2021-06-28,2022-11-10,2021-06-28,2023-05-29
753308,NEE,NYSE,NEXTERA ENERGY INC,listed,20,2018-02-16,2022-11-03,2018-02-16,2023-05-22
1164727,NEM,NYSE,NEWMONT Corp /DE/,listed,20,2018-02-22,2022-11-01,2018-02-22,2023-05-20
1077183,NEO,Nasdaq,NEOGENOMICS INC,listed,19,2018-05-08,2022-11-08,2018-05-08,2023-05-27
711377,NEOG,Nasdaq,NEOGEN CORP,listed,20,2018-01-05,2022-09-30,2018-01-05,2023-04-18
1477333,NET,NYSE,"Cloudflare, Inc.",listed,13,2019-11-12,2022-11-03,2019-11-12,2023-05-22
1282637,NEU,NYSE,NEWMARKET CORP,listed,20,2018-02-15,2022-10-25,2018-02-15,2023-05-13
1587987,NEWT,Nasdaq,"NewtekOne, Inc.",listed,13,2018-03-16,2022-03-01,2018-03-16,2022-09-17
1612720,NEXT,Nasdaq,NextDecade Corp,listed,5,2018-03-08,2022-03-28,2018-03-08,2022-10-14
1065280,NFLX,Nasdaq,NETFLIX INC,listed,20,2018-01-29,2022-10-20,2018-01-29,2023-05-08
1084991,NGS,NYSE,NATURAL GAS SERVICES GROUP INC,listed,20,2018-03-09,2022-11-14,2018-03-09,2023-06-02
1547459,NGVC,NYSE,"Natural Grocers by Vitamin Cottage, Inc.",listed,20,2018-02-01,2022-12-08,2018-02-01,2023-06-26
1653477,NGVT,NYSE,Ingevity Corp,listed,20,2018-02-28,2022-11-03,2018-02-28,2023-05-22
1047335,NHC,NYSE,NATIONAL HEALTHCARE CORP,listed,20,2018-02-20,2022-11-03,2018-02-20,2023-05-22
877860,NHI,NYSE,NATIONAL HEALTH INVESTORS INC,listed,13,2018-02-16,2022-11-08,2018-02-16,2023-05-27
1561032,NHP,Nasdaq,"National Healthcare Properties, Inc.",listed,19,2018-03-20,2022-11-10,2018-03-20,2023-05-29
1111711,NI,NYSE,NISOURCE INC.,listed,16,2018-05-02,2022-11-07,2018-05-02,2023-05-26
1174850,NIC,NYSE,NICOLET BANKSHARES INC,listed,20,2018-03-07,2022-11-01,2018-03-07,2023-05-20
1532286,NINE,NYSE,"Nine Energy Service, Inc.",listed,20,2018-03-29,2022-11-07,2018-03-29,2023-05-26
356309,NJR,NYSE,NEW JERSEY RESOURCES CORP,listed,18,2018-02-08,2022-08-04,2018-02-08,2023-02-20
320187,NKE,NYSE,"NIKE, Inc.",listed,20,2018-01-05,2022-10-06,2018-01-05,2023-04-24
796534,NKSH,Nasdaq,NATIONAL BANKSHARES INC,listed,20,2018-03-14,2022-11-09,2018-03-14,2023-05-28
906709,NKTR,Nasdaq,NEKTAR THERAPEUTICS,listed,20,2018-03-01,2022-11-04,2018-03-01,2023-05-23
72162,NL,NYSE,"NLI HOLDINGS, INC.",listed,20,2018-03-12,2022-11-02,2018-03-12,2023-05-21
1043219,NLY,NYSE,ANNALY CAPITAL MANAGEMENT INC,listed,20,2018-02-16,2022-11-03,2018-02-16,2023-05-22
1547903,NMIH,Nasdaq,"NMI Holdings, Inc.",listed,20,2018-02-16,2022-11-02,2018-02-16,2023-05-21
1690680,NMRK,Nasdaq,"NEWMARK GROUP, INC.",listed,20,2018-03-20,2022-11-07,2018-03-20,2023-05-26
918541,NNBR,Nasdaq,NN INC,listed,20,2018-04-02,2022-11-02,2018-04-02,2023-05-21
751364,NNN,NYSE,"NNN REIT, INC.",listed,20,2018-02-13,2022-11-02,2018-02-13,2023-05-21
1133421,NOC,NYSE,NORTHROP GRUMMAN CORP /DE/,listed,20,2018-01-29,2022-10-27,2018-01-29,2023-05-15
1681206,NODK,Nasdaq,"NI Holdings, Inc.",listed,20,2018-03-07,2022-11-07,2018-03-07,2023-05-26
1104485,NOG,NYSE,"NORTHERN OIL & GAS, INC.",listed,20,2018-02-23,2022-11-09,2018-02-23,2023-05-28
1021860,NOV,NYSE,NOV Inc.,listed,20,2018-02-16,2022-10-28,2018-02-16,2023-05-16
1076930,NOVT,Nasdaq,NOVANTA INC,listed,20,2018-02-28,2022-11-08,2018-02-28,2023-05-27
1373715,NOW,NYSE,"ServiceNow, Inc.",listed,20,2018-02-28,2022-10-27,2018-02-28,2023-05-15
1528287,NPCE,Nasdaq,NeuroPace Inc,listed,7,2021-06-03,2022-11-08,2021-06-03,2023-05-27
80172,NPK,NYSE,NATIONAL PRESTO INDUSTRIES INC,listed,20,2018-03-16,2022-11-14,2018-03-16,2023-06-02
71829,NPKI,NYSE,NPK International Inc.,listed,20,2018-02-23,2022-11-02,2018-02-23,2023-05-21
1164863,NPO,NYSE,Enpro Inc.,listed,20,2018-02-26,2022-11-07,2018-02-26,2023-05-26
70487,NRC,Nasdaq,NRC HEALTH,listed,20,2018-03-14,2022-11-04,2018-03-14,2023-05-23
1786248,NREF,NYSE,"NexPoint Real Estate Finance, Inc.",listed,8,2021-02-25,2022-11-02,2021-02-25,2023-05-21
1013871,NRG,NYSE,"NRG ENERGY, INC.",listed,20,2018-03-01,2022-11-07,2018-03-01,2023-05-26
1163370,NRIM,Nasdaq,NORTHRIM BANCORP INC,listed,20,2018-03-13,2022-11-04,2018-03-13,2023-05-23
1549595,NRIX,Nasdaq,"Nurix Therapeutics, Inc.",listed,9,2020-10-14,2022-10-06,2020-10-14,2023-04-24
932696,NSIT,Nasdaq,INSIGHT ENTERPRISES INC,listed,20,2018-02-26,2022-11-03,2018-02-26,2023-05-22
1000753,NSP,NYSE,"INSPERITY, INC.",listed,20,2018-02-12,2022-10-31,2018-02-12,2023-05-19
1002047,NTAP,Nasdaq,"NetApp, Inc.",listed,20,2018-02-22,2022-12-01,2018-02-22,2023-06-19
1078075,NTCT,Nasdaq,NETSCOUT SYSTEMS INC,listed,20,2018-02-01,2022-11-03,2018-02-01,2023-05-22
1122904,NTGR,Nasdaq,"NETGEAR, INC.",listed,20,2018-02-16,2022-11-04,2018-02-16,2023-05-23
1652130,NTLA,Nasdaq,"Intellia Therapeutics, Inc.",listed,20,2018-03-14,2022-11-03,2018-03-14,2023-05-22
1618732,NTNX,Nasdaq,"Nutanix, Inc.",listed,20,2018-03-15,2022-12-07,2018-03-15,2023-06-25
1604821,NTRA,Nasdaq,"Natera, Inc.",listed,20,2018-03-15,2022-11-09,2018-03-15,2023-05-28
73124,NTRS,Nasdaq,NORTHERN TRUST CORP,listed,20,2018-02-27,2022-10-25,2018-02-27,2023-05-13
1798100,NTST,NYSE,NETSTREIT Corp.,listed,9,2020-10-30,2022-10-27,2020-10-30,2023-05-15
73309,NUE,NYSE,NUCOR CORP,listed,18,2018-05-09,2022-11-09,2018-05-09,2023-05-28
1021561,NUS,NYSE,"NU SKIN ENTERPRISES, INC.",listed,20,2018-02-16,2022-11-03,2018-02-16,2023-05-22
1479681,NUTX,Nasdaq,Nutex Health Inc.,listed,20,2018-04-17,2022-11-21,2018-04-17,2023-06-09
1811063,NUVB,NYSE,Nuvation Bio Inc.,listed,8,2021-03-11,2022-11-03,2021-03-11,2023-05-22
1000694,NVAX,Nasdaq,NOVAVAX INC,listed,20,2018-03-14,2022-11-09,2018-03-14,2023-05-28
1645113,NVCR,Nasdaq,NovoCure Ltd,listed,20,2018-02-22,2022-10-27,2018-02-22,2023-05-15
1045810,NVDA,Nasdaq,NVIDIA CORP,listed,20,2018-02-28,2022-11-18,2018-02-28,2023-06-06
724910,NVEC,Nasdaq,NVE CORP /NEW/,listed,19,2018-01-17,2022-10-19,2018-01-17,2023-05-07
906163,NVR,NYSE,NVR INC,listed,20,2018-02-14,2022-11-04,2018-02-14,2023-05-23
1757073,NVST,NYSE,Envista Holdings Corp,listed,13,2019-10-24,2022-11-03,2019-10-24,2023-05-22
1471265,NWBI,Nasdaq,"Northwest Bancshares, Inc.",listed,20,2018-03-01,2022-11-04,2018-03-01,2023-05-23
1013272,NWFL,Nasdaq,NORWOOD FINANCIAL CORP,listed,19,2018-03-15,2022-11-10,2018-03-15,2023-05-29
814453,NWL,Nasdaq,NEWELL BRANDS INC.,listed,20,2018-03-01,2022-10-28,2018-03-01,2023-05-16
1733998,NWN,NYSE,Northwest Natural Holding Co,listed,17,2018-11-06,2022-11-08,2018-11-06,2023-05-27
1001385,NWPX,Nasdaq,"NWPX Infrastructure, Inc.",listed,20,2018-03-16,2022-11-09,2018-03-16,2023-05-28
1564708,NWSA,Nasdaq,NEWS CORP,listed,20,2018-02-09,2022-11-09,2018-02-09,2023-05-28
1423221,NX,NYSE,Quanex Building Products CORP,listed,20,2018-03-06,2022-12-16,2018-03-06,2023-07-04
1130713,NXH,Nasdaq,"NEIGHBORHOOD INTELLIGENCE, INC.",listed,20,2018-03-15,2022-11-01,2018-03-15,2023-05-20
1413447,NXPI,Nasdaq,NXP Semiconductors N.V.,listed,13,2019-10-29,2022-11-01,2019-10-29,2023-05-20
1620393,NXRT,NYSE,"NexPoint Residential Trust, Inc.",listed,20,2018-02-15,2022-10-26,2018-02-15,2023-05-14
1142417,NXST,Nasdaq,"NEXSTAR MEDIA GROUP, INC.",listed,20,2018-03-01,2022-11-09,2018-03-01,2023-05-28
71691,NYT,NYSE,NEW YORK TIMES CO,listed,20,2018-02-27,2022-11-02,2018-02-27,2023-05-21
726728,O,NYSE,REALTY INCOME CORP,listed,20,2018-02-22,2022-11-03,2018-02-22,2023-05-22
1516912,OBK,NYSE,"Origin Bancorp, Inc.",listed,19,2018-06-01,2022-11-02,2018-06-01,2023-05-21
1754226,OBT,Nasdaq,"Orange County Bancorp, Inc. /DE/",listed,6,2021-09-15,2022-11-10,2021-09-15,2023-05-29
1370946,OC,NYSE,Owens Corning,listed,20,2018-02-21,2022-10-26,2018-02-21,2023-05-14
1004702,OCFC,Nasdaq,OCEANFIRST FINANCIAL CORP,listed,20,2018-02-28,2022-11-09,2018-02-28,2023-05-28
1393434,OCUL,Nasdaq,"OCULAR THERAPEUTIX, INC",listed,20,2018-03-08,2022-11-07,2018-03-08,2023-05-26
74046,ODC,NYSE,Oil-Dri Corp of America,listed,20,2018-03-09,2022-12-06,2018-03-09,2023-06-24
878927,ODFL,Nasdaq,"OLD DOMINION FREIGHT LINE, INC.",listed,20,2018-02-27,2022-11-03,2018-02-27,2023-05-22
1609804,OEC,NYSE,Orion S.A.,listed,12,2020-02-20,2022-11-03,2020-02-20,2023-05-22
1030469,OFG,NYSE,OFG BANCORP,listed,20,2018-03-13,2022-11-04,2018-03-13,2023-05-23
884624,OFIX,Nasdaq,Orthofix Medical Inc.,listed,16,2018-02-26,2022-08-05,2018-02-26,2023-02-21
1317945,OFLX,Nasdaq,"Omega Flex, Inc.",listed,20,2018-03-05,2022-11-07,2018-03-05,2023-05-26
1021635,OGE,NYSE,OGE ENERGY CORP.,listed,20,2018-02-22,2022-11-03,2018-02-22,2023-05-22
1821825,OGN,NYSE,Organon & Co.,listed,7,2021-06-21,2022-11-04,2021-06-21,2023-05-23
888491,OHI,NYSE,OMEGA HEALTHCARE INVESTORS INC,listed,20,2018-02-23,2022-11-03,2018-02-23,2023-05-22
812074,OI,NYSE,"O-I Glass, Inc. /DE/",listed,20,2018-02-14,2022-11-02,2018-02-14,2023-05-21
73756,OII,NYSE,OCEANEERING INTERNATIONAL INC,listed,20,2018-03-01,2022-10-28,2018-03-01,2023-05-16
1121484,OIS,NYSE,"OIL STATES INTERNATIONAL, INC",listed,20,2018-02-20,2022-10-28,2018-02-20,2023-05-16
1039684,OKE,NYSE,ONEOK INC /NEW/,listed,20,2018-02-27,2022-11-02,2018-02-27,2023-05-21
1660134,OKTA,Nasdaq,"Okta, Inc.",listed,20,2018-03-12,2022-12-01,2018-03-12,2023-06-19
1637715,OKUR,Nasdaq,"OnKure Therapeutics, Inc.",listed,7,2021-05-20,2022-11-08,2021-05-20,2023-05-27
1005284,OLED,Nasdaq,UNIVERSAL DISPLAY CORP \PA\,listed,20,2018-02-22,2022-11-03,2018-02-22,2023-05-22
1639300,OLLI,Nasdaq,"Ollie's Bargain Outlet Holdings, Inc.",listed,20,2018-04-04,2022-12-07,2018-04-04,2023-06-25
74303,OLN,NYSE,OLIN Corp,listed,20,2018-02-26,2022-10-27,2018-02-26,2023-05-15
29989,OMC,NYSE,OMNICOM GROUP INC.,listed,20,2018-02-15,2022-10-19,2018-02-15,2023-05-07
926326,OMCL,Nasdaq,"OMNICELL, INC.",listed,20,2018-02-27,2022-11-04,2018-02-27,2023-05-23
1584207,OMF,NYSE,"OneMain Holdings, Inc.",listed,20,2018-02-21,2022-10-28,2018-02-21,2023-05-16
1097864,ON,Nasdaq,ON SEMICONDUCTOR CORP,listed,20,2018-02-21,2022-10-31,2018-02-21,2023-05-19
707179,ONB,Nasdaq,OLD NATIONAL BANCORP /IN/,listed,20,2018-02-15,2022-11-02,2018-02-15,2023-05-21
1646188,ONDS,Nasdaq,Ondas Inc.,listed,19,2018-03-28,2022-11-14,2018-03-28,2023-06-02
1772921,ONEW,Nasdaq,OneWater Marine Inc.,listed,12,2020-03-20,2022-12-15,2020-03-20,2023-07-03
873860,ONIT,NYSE,ONITY GROUP INC.,listed,20,2018-02-28,2022-11-03,2018-02-28,2023-05-22
1873923,ONL,NYSE,Orion Properties Inc.,listed,5,2021-12-02,2022-11-02,2021-12-02,2023-05-21
1643615,ONT,NYSE,"Onterris, Inc.",listed,10,2020-08-31,2022-11-09,2020-08-31,2023-05-28
704532,ONTO,NYSE,ONTO INNOVATION INC.,listed,20,2018-02-26,2022-11-10,2018-02-26,2023-05-29
1327688,OOMA,NYSE,OOMA INC,listed,20,2018-04-02,2022-12-09,2018-04-02,2023-06-27
1722010,OPBK,Nasdaq,OP Bancorp,listed,19,2018-05-15,2022-11-14,2018-05-15,2023-06-02
1014739,OPCH,Nasdaq,"Option Care Health, Inc.",listed,20,2018-03-26,2022-10-27,2018-03-26,2023-05-15
1801169,OPEN,Nasdaq,Opendoor Technologies Inc.,listed,8,2021-03-04,2022-11-03,2021-03-04,2023-05-22
944809,OPK,Nasdaq,"OPKO HEALTH, INC.",listed,20,2018-03-01,2022-11-08,2018-03-01,2023-05-27
1395942,OPLN,NYSE,"OPENLANE, Inc.",listed,20,2018-02-21,2022-11-02,2018-02-21,2023-05-21
1538716,OPRT,Nasdaq,Oportun Financial Corp,listed,13,2019-11-13,2022-11-08,2019-11-13,2023-05-27
1448431,OPRX,Nasdaq,OptimizeRx Corp,listed,20,2018-03-08,2022-11-08,2018-03-08,2023-05-27
1702780,OPTU,NYSE,"Optimum Communications, Inc.",listed,20,2018-03-06,2022-11-02,2018-03-06,2023-05-21
791963,OPY,NYSE,OPPENHEIMER HOLDINGS INC,listed,20,2018-03-02,2022-10-28,2018-03-02,2023-05-16
1296445,ORA,NYSE,"ORMAT TECHNOLOGIES, INC.",listed,20,2018-03-16,2022-11-03,2018-03-16,2023-05-22
1518621,ORC,NYSE,"Orchid Island Capital, Inc.",listed,17,2018-02-15,2022-10-28,2018-02-15,2023-05-16
1341439,ORCL,NYSE,ORACLE CORP,listed,20,2018-03-21,2022-12-13,2018-03-21,2023-07-01
1661181,ORGO,Nasdaq,Organogenesis Holdings Inc.,listed,17,2018-03-14,2022-11-09,2018-03-14,2023-05-28
74260,ORI,NYSE,OLD REPUBLIC INTERNATIONAL CORP,listed,20,2018-02-28,2022-11-04,2018-02-28,2023-05-23
898173,ORLY,Nasdaq,O REILLY AUTOMOTIVE INC,listed,20,2018-02-28,2022-11-08,2018-02-28,2023-05-27
1402829,ORN,NYSE,Orion Group Holdings Inc,listed,20,2018-03-13,2022-10-28,2018-03-13,2023-05-16
826154,ORRF,Nasdaq,ORRSTOWN FINANCIAL SERVICES INC,listed,20,2018-03-09,2022-11-09,2018-03-09,2023-05-28
357173,OSBC,Nasdaq,OLD SECOND BANCORP INC,listed,20,2018-03-13,2022-11-08,2018-03-13,2023-05-27
1568651,OSCR,NYSE,"Oscar Health, Inc.",listed,7,2021-05-14,2022-11-09,2021-05-14,2023-05-28
874501,OSG,NYSE,OCTAVE SPECIALTY GROUP INC,listed,20,2018-02-28,2022-11-08,2018-02-28,2023-05-27
1039065,OSIS,Nasdaq,OSI SYSTEMS INC,listed,20,2018-02-06,2022-10-28,2018-02-06,2023-05-16
775158,OSK,NYSE,OSHKOSH CORP,listed,19,2018-01-25,2022-10-27,2018-01-25,2023-05-15
1044777,OSPN,Nasdaq,OneSpan Inc.,listed,20,2018-03-08,2022-11-01,2018-03-08,2023-05-20
1116463,OSUR,Nasdaq,ORASURE TECHNOLOGIES INC,listed,20,2018-02-28,2022-11-08,2018-02-28,2023-05-27
1781335,OTIS,NYSE,Otis Worldwide Corp,listed,11,2020-05-08,2022-10-27,2020-05-08,2023-05-15
1466593,OTTR,Nasdaq,Otter Tail Corp,listed,20,2018-02-20,2022-11-02,2018-02-20,2023-05-21
1816581,OUST,Nasdaq,"Ouster, Inc.",listed,8,2021-03-09,2022-11-08,2021-03-09,2023-05-27
1579877,OUT,NYSE,OUTFRONT Media Inc.,listed,20,2018-02-28,2022-11-04,2018-02-28,2023-05-23
894671,OVBC,Nasdaq,OHIO VALLEY BANC CORP,listed,20,2018-03-16,2022-11-14,2018-03-16,2023-06-02
1636651,OVID,Nasdaq,Ovid Therapeutics Inc.,listed,20,2018-03-29,2022-11-08,2018-03-29,2023-05-27
1431567,OVLY,Nasdaq,Oak Valley Bancorp,listed,20,2018-03-15,2022-11-14,2018-03-15,2023-06-02
1792580,OVV,NYSE,Ovintiv Inc.,listed,12,2020-02-21,2022-11-09,2020-02-21,2023-05-28
1823945,OWL,NYSE,BLUE OWL CAPITAL INC.,listed,6,2021-08-12,2022-11-04,2021-08-12,2023-05-23
1816708,OWLT,NYSE,"Owlet, Inc.",listed,5,2021-11-15,2022-11-14,2021-11-15,2023-06-02
75288,OXM,NYSE,OXFORD INDUSTRIES INC,listed,20,2018-04-02,2022-12-08,2018-04-02,2023-06-26
1259429,OXSQ,Nasdaq,Oxford Square Capital Corp.,listed,19,2018-03-01,2022-11-08,2018-03-01,2023-05-27
797468,OXY,NYSE,OCCIDENTAL PETROLEUM CORP /DE/,listed,20,2018-02-23,2022-11-08,2018-02-23,2023-05-27
1474432,P,NYSE,"Everpure, Inc.",listed,20,2018-03-26,2022-12-15,2018-03-26,2023-07-03
1299130,PACB,Nasdaq,"PACIFIC BIOSCIENCES OF CALIFORNIA, INC.",listed,20,2018-02-26,2022-11-08,2018-02-26,2023-05-27
1712463,PACK,NYSE,Ranpak Holdings Corp.,listed,14,2019-08-13,2022-11-01,2019-08-13,2023-05-20
1019849,PAG,NYSE,"PENSKE AUTOMOTIVE GROUP, INC.",listed,20,2018-02-22,2022-10-27,2018-02-22,2023-05-15
1069899,PAHC,Nasdaq,PHIBRO ANIMAL HEALTH CORP,listed,20,2018-02-05,2022-11-09,2018-02-05,2023-05-28
1357459,PALI,Nasdaq,"PALISADE BIO, INC.",listed,16,2018-04-02,2022-11-14,2018-04-02,2023-06-02
798287,PAMT,Nasdaq,PAMT CORP,listed,20,2018-03-09,2022-10-28,2018-03-09,2023-05-16
1606909,PANL,Nasdaq,Pangaea Logistics Solutions Ltd.,listed,20,2018-03-21,2022-11-09,2018-03-21,2023-05-28
1327567,PANW,Nasdaq,Palo Alto Networks Inc,listed,20,2018-02-27,2022-11-18,2018-02-27,2023-06-06
708821,PAR,NYSE,PAR TECHNOLOGY CORP,listed,20,2018-03-16,2022-11-09,2018-03-16,2023-05-28
821483,PARR,NYSE,"PAR PACIFIC HOLDINGS, INC.",listed,20,2018-03-12,2022-11-03,2018-03-12,2023-05-22
1734722,PATH,NYSE,"UiPath, Inc.",listed,7,2021-06-09,2022-12-05,2021-06-09,2023-06-23
76605,PATK,Nasdaq,PATRICK INDUSTRIES INC,listed,20,2018-02-28,2022-11-03,2018-02-28,2023-05-22
1841156,PAY,NYSE,"Paymentus Holdings, Inc.",listed,6,2021-08-11,2022-11-10,2021-08-11,2023-05-29
1590955,PAYC,NYSE,"Paycom Software, Inc.",listed,20,2018-02-14,2022-11-03,2018-02-14,2023-05-22
1845815,PAYO,Nasdaq,Payoneer Global Inc.,listed,6,2021-08-11,2022-11-09,2021-08-11,2023-05-28
1496443,PAYS,Nasdaq,"Paysign, Inc.",listed,20,2018-03-26,2022-11-09,2018-03-26,2023-05-28
723531,PAYX,Nasdaq,PAYCHEX INC,listed,20,2018-03-28,2022-12-22,2018-03-28,2023-07-10
1068851,PB,NYSE,PROSPERITY BANCSHARES INC,listed,20,2018-02-28,2022-11-04,2018-02-28,2023-05-23
1534504,PBF,NYSE,PBF Energy Inc.,listed,20,2018-02-23,2022-10-27,2018-02-23,2023-05-15
1769663,PBFS,Nasdaq,"Pioneer Bancorp, Inc./MD",listed,15,2019-06-21,2022-11-14,2019-06-21,2023-06-02
1295947,PBH,NYSE,Prestige Consumer Healthcare Inc.,listed,20,2018-02-01,2022-11-03,2018-02-01,2023-05-22
78814,PBI,NYSE,PITNEY BOWES INC /DE/,listed,20,2018-02-22,2022-11-04,2018-02-22,2023-05-23
1401667,PBYI,Nasdaq,"PUMA BIOTECHNOLOGY, INC.",listed,20,2018-03-09,2022-11-03,2018-03-09,2023-05-22
75362,PCAR,Nasdaq,PACCAR INC,listed,20,2018-02-21,2022-10-28,2018-02-21,2023-05-16
1423869,PCB,Nasdaq,PCB BANCORP,listed,18,2018-09-20,2022-11-03,2018-09-20,2023-05-22
1004980,PCG,NYSE,PG&E Corp,listed,20,2018-02-09,2022-10-27,2018-02-09,2023-05-15
1611052,PCOR,NYSE,"PROCORE TECHNOLOGIES, INC.",listed,6,2021-08-06,2022-11-04,2021-08-06,2023-05-23
1396814,PCRX,Nasdaq,"Pacira BioSciences, Inc.",listed,20,2018-02-28,2022-11-03,2018-02-28,2023-05-22
1830033,PCT,Nasdaq,"PureCycle Technologies, Inc.",listed,7,2021-05-19,2022-11-09,2021-05-19,2023-05-28
1591698,PCTY,Nasdaq,Paylocity Holding Corp,listed,20,2018-02-09,2022-11-04,2018-02-09,2023-05-23
276720,PCYO,Nasdaq,PURE CYCLE CORP,listed,20,2018-01-09,2022-11-14,2018-01-09,2023-06-02
1568100,PD,NYSE,"PagerDuty, Inc.",listed,15,2019-06-07,2022-12-02,2019-06-07,2023-06-20
788920,PDEX,Nasdaq,PRO DEX INC,listed,20,2018-02-08,2022-11-03,2018-02-08,2023-05-22
1120914,PDFS,Nasdaq,PDF SOLUTIONS INC,listed,20,2018-03-16,2022-11-10,2018-03-16,2023-05-29
1042776,PDM,NYSE,"Piedmont Realty Trust, Inc.",listed,20,2018-02-21,2022-11-02,2018-02-21,2023-05-21
1826681,PDYN,Nasdaq,Palladyne AI Corp.,listed,5,2021-11-09,2022-11-08,2021-11-09,2023-05-27
1093672,PEBK,Nasdaq,PEOPLES BANCORP OF NORTH CAROLINA INC,listed,20,2018-03-15,2022-11-04,2018-03-15,2023-05-23
318300,PEBO,Nasdaq,PEOPLES BANCORP INC,listed,20,2018-02-27,2022-11-03,2018-02-27,2023-05-22
1476204,PECO,Nasdaq,"Phillips Edison & Company, Inc.",listed,20,2018-03-30,2022-11-03,2018-03-30,2023-05-22
1141197,PED,NYSE,PEDEVCO CORP,listed,19,2018-03-29,2022-11-14,2018-03-29,2023-06-02
788784,PEG,NYSE,PUBLIC SERVICE ENTERPRISE GROUP INC,listed,20,2018-02-26,2022-10-31,2018-02-26,2023-05-19
1013857,PEGA,Nasdaq,PEGASYSTEMS INC,listed,19,2018-02-26,2022-07-27,2018-02-26,2023-02-12
1321732,PEN,NYSE,Penumbra Inc,listed,20,2018-02-27,2022-11-03,2018-02-27,2023-05-22
1616533,PENG,Nasdaq,"Penguin Solutions, Inc.",listed,19,2018-03-22,2022-10-14,2018-03-22,2023-05-02
921738,PENN,Nasdaq,"PENN Entertainment, Inc.",listed,20,2018-03-01,2022-11-03,2018-03-01,2023-05-22
77476,PEP,Nasdaq,PEPSICO INC,listed,20,2018-02-13,2022-10-12,2018-02-13,2023-04-30
891532,PESI,Nasdaq,PERMA FIX ENVIRONMENTAL SERVICES INC,listed,20,2018-03-16,2022-11-03,2018-03-16,2023-05-22
78003,PFE,NYSE,PFIZER INC,listed,20,2018-02-22,2022-11-09,2018-02-22,2023-05-28
1126328,PFG,Nasdaq,PRINCIPAL FINANCIAL GROUP INC,listed,20,2018-02-09,2022-11-02,2018-02-09,2023-05-21
1618673,PFGC,NYSE,Performance Food Group Co,listed,20,2018-02-07,2022-11-09,2018-02-07,2023-05-28
1056943,PFIS,Nasdaq,PEOPLES FINANCIAL SERVICES CORP.,listed,20,2018-03-14,2022-11-08,2018-03-14,2023-05-27
1178970,PFS,NYSE,PROVIDENT FINANCIAL SERVICES INC,listed,20,2018-03-01,2022-11-09,2018-03-01,2023-05-28
1745916,PFSI,NYSE,"PennyMac Financial Services, Inc.",listed,17,2018-11-02,2022-11-02,2018-11-02,2023-05-21
80424,PG,NYSE,PROCTER & GAMBLE Co,listed,20,2018-01-23,2022-10-19,2018-01-23,2023-05-07
1050743,PGC,Nasdaq,PEAPACK GLADSTONE FINANCIAL CORP,listed,20,2018-03-12,2022-11-09,2018-03-12,2023-05-28
1551306,PGNY,Nasdaq,"Progyny, Inc.",listed,13,2019-12-06,2022-11-04,2019-12-06,2023-05-23
80661,PGR,NYSE,PROGRESSIVE CORP/OH/,listed,17,2018-05-02,2022-11-01,2018-05-02,2023-05-20
76334,PH,NYSE,Parker-Hannifin Corp,listed,20,2018-02-08,2022-11-04,2018-02-08,2023-05-23
1783183,PHAT,Nasdaq,"Phathom Pharmaceuticals, Inc.",listed,9,2019-11-25,2022-11-08,2019-11-25,2023-05-27
822416,PHM,NYSE,PULTEGROUP INC/MI/,listed,20,2018-02-07,2022-10-25,2018-02-07,2023-05-13
1412408,PHR,NYSE,"Phreesia, Inc.",listed,14,2019-09-10,2022-12-09,2019-09-10,2023-06-27
1114995,PI,Nasdaq,IMPINJ INC,listed,20,2018-03-15,2022-10-26,2018-03-15,2023-05-14
931015,PII,NYSE,Polaris Inc.,listed,20,2018-02-15,2022-10-25,2018-02-15,2023-05-13
1786117,PINE,NYSE,"Alpine Income Property Trust, Inc.",listed,12,2020-02-21,2022-10-20,2020-02-21,2023-05-08
1506293,PINS,NYSE,"PINTEREST, INC.",listed,15,2019-05-17,2022-10-27,2019-05-17,2023-05-15
1626115,PJT,NYSE,PJT Partners Inc.,listed,20,2018-02-27,2022-10-28,2018-02-27,2023-05-16
1617406,PK,NYSE,Park Hotels & Resorts Inc.,listed,20,2018-03-01,2022-11-03,2018-03-01,2023-05-22
1315399,PKBK,Nasdaq,"PARKE BANCORP, INC.",listed,17,2018-05-10,2022-11-10,2018-05-10,2023-05-29
76267,PKE,NYSE,PARK AEROSPACE CORP,listed,20,2018-01-05,2022-10-07,2018-01-05,2023-04-25
75677,PKG,NYSE,PACKAGING CORP OF AMERICA,listed,20,2018-02-28,2022-11-03,2018-02-28,2023-05-22
76282,PKOH,Nasdaq,PARK OHIO HOLDINGS CORP,listed,20,2018-03-08,2022-11-08,2018-03-08,2023-05-27
810136,PLAB,Nasdaq,PHOTRONICS INC,listed,20,2018-03-09,2022-12-23,2018-03-09,2023-07-11
1525769,PLAY,Nasdaq,"Dave & Buster's Entertainment, Inc.",listed,20,2018-04-03,2022-12-06,2018-04-03,2023-06-24
1803914,PLBY,Nasdaq,"Playboy, Inc.",listed,7,2021-05-13,2022-11-09,2021-05-13,2023-05-28
1045609,PLD,NYSE,"Prologis, Inc.",listed,9,2018-02-15,2022-02-09,2018-02-15,2022-08-28
1761312,PLMR,Nasdaq,"Palomar Holdings, Inc.",listed,15,2019-05-17,2022-11-03,2019-05-17,2023-05-22
1637207,PLNT,NYSE,"Planet Fitness, Inc.",listed,20,2018-03-01,2022-11-09,2018-03-01,2023-05-28
1287213,PLOW,NYSE,"DOUGLAS DYNAMICS, INC",listed,20,2018-03-01,2022-11-01,2018-03-01,2023-05-20
80035,PLPC,Nasdaq,PREFORMED LINE PRODUCTS CO,listed,20,2018-03-09,2022-11-01,2018-03-09,2023-05-20
1625101,PLSE,Nasdaq,"PULSE BIOSCIENCES, INC.",listed,20,2018-03-16,2022-11-10,2018-03-16,2023-05-29
1828016,PLTK,Nasdaq,Playtika Holding Corp.,listed,8,2021-02-26,2022-11-08,2021-02-26,2023-05-27
1321655,PLTR,Nasdaq,Palantir Technologies Inc.,listed,9,2020-11-13,2022-11-07,2020-11-13,2023-05-26
1093691,PLUG,Nasdaq,PLUG POWER INC,listed,20,2018-03-12,2022-11-08,2018-03-12,2023-05-27
1022408,PLUS,Nasdaq,EPLUS INC,listed,20,2018-02-08,2022-11-03,2018-02-08,2023-05-22
1006281,PLX,NYSE,"Protalix BioTherapeutics, Inc.",listed,20,2018-03-06,2022-11-14,2018-03-06,2023-06-02
785786,PLXS,Nasdaq,PLEXUS CORP,listed,20,2018-02-02,2022-11-18,2018-02-02,2023-06-06
1413329,PM,NYSE,Philip Morris International Inc.,listed,20,2018-02-13,2022-10-27,2018-02-13,2023-05-15
1641614,PMTS,Nasdaq,CPI Card Group Inc.,listed,20,2018-03-13,2022-11-03,2018-03-13,2023-05-22
713676,PNC,NYSE,"PNC FINANCIAL SERVICES GROUP, INC.",listed,18,2018-02-28,2022-11-02,2018-02-28,2023-05-21
56868,PNRG,Nasdaq,PRIMEENERGY RESOURCES CORP,listed,19,2018-04-17,2022-08-19,2018-04-17,2023-03-07
1766400,PNTG,Nasdaq,"Pennant Group, Inc.",listed,13,2019-11-12,2022-11-07,2019-11-12,2023-05-26
764622,PNW,NYSE,PINNACLE WEST CAPITAL CORP,listed,20,2018-02-23,2022-11-03,2018-02-23,2023-05-22
1145197,PODD,Nasdaq,INSULET CORP,listed,20,2018-02-22,2022-11-04,2018-02-22,2023-05-23
945841,POOL,Nasdaq,POOL CORP,listed,20,2018-02-28,2022-10-27,2018-02-28,2023-05-15
784977,POR,NYSE,PORTLAND GENERAL ELECTRIC CO /OR/,listed,19,2018-02-16,2022-10-25,2018-02-16,2023-05-13
1530950,POST,NYSE,"Post Holdings, Inc.",listed,20,2018-02-02,2022-11-17,2018-02-02,2023-06-05
833640,POWI,Nasdaq,POWER INTEGRATIONS INC,listed,20,2018-02-14,2022-11-02,2018-02-14,2023-05-21
80420,POWL,Nasdaq,POWELL INDUSTRIES INC,listed,20,2018-02-07,2022-12-06,2018-02-07,2023-06-24
1015383,POWW,Nasdaq,Outdoor Holding Co,listed,19,2018-04-11,2022-11-14,2018-04-11,2023-06-02
802481,PPC,Nasdaq,PILGRIMS PRIDE CORP,listed,20,2018-02-16,2022-10-27,2018-02-16,2023-05-15
79879,PPG,NYSE,PPG INDUSTRIES INC,listed,20,2018-02-15,2022-10-20,2018-02-15,2023-05-08
914122,PPIH,Nasdaq,"Perma-Pipe International Holdings, Inc.",listed,20,2018-04-19,2022-12-06,2018-04-19,2023-06-24
922224,PPL,NYSE,PPL Corp,listed,20,2018-02-22,2022-11-04,2018-02-22,2023-05-23
1800227,PPLI,Nasdaq,People Inc,listed,10,2020-08-10,2022-11-09,2020-08-10,2023-05-28
1658566,PR,NYSE,Permian Resources Corp,listed,20,2018-02-26,2022-11-09,2018-02-26,2023-05-28
1185348,PRAA,Nasdaq,PRA GROUP INC,listed,20,2018-02-28,2022-11-04,2018-02-28,2023-05-23
1689548,PRAX,Nasdaq,"Praxis Precision Medicines, Inc.",listed,9,2020-11-23,2022-11-09,2020-11-23,2023-05-28
1784535,PRCH,Nasdaq,"Porch Group, Inc.",listed,8,2021-03-31,2022-11-09,2021-03-31,2023-05-28
1588978,PRCT,Nasdaq,PROCEPT BioRobotics Corp,listed,5,2021-11-05,2022-11-04,2021-11-05,2023-05-23
1046568,PRDO,Nasdaq,PERDOCEO EDUCATION Corp,listed,20,2018-02-21,2022-11-07,2018-02-21,2023-05-26
1808834,PRG,NYSE,"PROG Holdings, Inc.",listed,9,2020-10-29,2022-10-26,2020-10-29,2023-05-14
876167,PRGS,Nasdaq,PROGRESS SOFTWARE CORP /MA,listed,20,2018-01-26,2022-10-06,2018-01-26,2023-04-24
1475922,PRI,NYSE,"Primerica, Inc.",listed,20,2018-02-26,2022-11-09,2018-02-26,2023-05-28
1361538,PRIM,NYSE,Primoris Services Corp,listed,20,2018-02-26,2022-11-08,2018-02-26,2023-05-27
805676,PRK,NYSE,PARK NATIONAL CORP /OH/,listed,20,2018-02-27,2022-11-08,2018-02-27,2023-05-27
1564902,PRKS,NYSE,United Parks & Resorts Inc.,listed,20,2018-02-28,2022-11-09,2018-02-28,2023-05-28
1443669,PRLB,NYSE,Proto Labs Inc,listed,20,2018-02-23,2022-11-04,2018-02-23,2023-05-23
1880319,PRM,NYSE,"Perimeter Solutions, Inc.",listed,5,2021-12-14,2022-11-04,2021-12-14,2023-05-23
884219,PRSU,NYSE,"Pursuit Attractions & Hospitality, Inc.",listed,20,2018-02-28,2022-11-04,2018-02-28,2023-05-23
1653558,PRTH,Nasdaq,"Priority Technology Holdings, Inc.",listed,17,2018-11-14,2022-11-10,2018-11-14,2023-05-29
1137774,PRU,NYSE,PRUDENTIAL FINANCIAL INC,listed,20,2018-02-16,2022-11-03,2018-02-16,2023-05-22
1759655,PRVA,Nasdaq,"Privia Health Group, Inc.",listed,7,2021-05-28,2022-11-10,2021-05-28,2023-05-29
1393311,PSA,NYSE,Public Storage,listed,20,2018-03-01,2022-11-01,2018-03-01,2023-05-20
1137091,PSIX,Nasdaq,"POWER SOLUTIONS INTERNATIONAL, INC.",listed,17,2019-05-16,2022-11-14,2019-05-16,2023-06-02
1041803,PSMT,Nasdaq,PRICESMART INC,listed,20,2018-01-04,2022-10-31,2018-01-04,2023-05-19
275880,PSN,NYSE,PARSONS CORP,listed,15,2019-06-18,2022-11-02,2019-06-18,2023-05-21
1527753,PSNL,Nasdaq,"Personalis, Inc.",listed,14,2019-08-13,2022-11-02,2019-08-13,2023-05-21
1759774,PSTL,NYSE,"Postal Realty Trust, Inc.",listed,15,2019-06-27,2022-11-04,2019-06-27,2023-05-23
1534701,PSX,NYSE,Phillips 66,listed,20,2018-02-23,2022-11-09,2018-02-23,2023-05-28
857005,PTC,Nasdaq,PTC INC.,listed,20,2018-02-06,2022-11-15,2018-02-06,2023-06-03
1070081,PTCT,Nasdaq,"PTC THERAPEUTICS, INC.",listed,20,2018-03-06,2022-10-27,2018-03-06,2023-05-15
889900,PTEN,Nasdaq,PATTERSON UTI ENERGY INC,listed,20,2018-02-20,2022-10-31,2018-02-20,2023-05-19
1377121,PTGX,Nasdaq,"Protagonist Therapeutics, Inc",listed,20,2018-03-07,2022-11-08,2018-03-07,2023-05-27
1871509,PTLO,Nasdaq,Portillo's Inc.,listed,5,2021-11-18,2022-11-03,2021-11-18,2023-05-22
1639825,PTON,Nasdaq,"PELOTON INTERACTIVE, INC.",listed,13,2019-11-06,2022-11-03,2019-11-06,2023-05-22
1422930,PUBM,Nasdaq,"PubMatic, Inc.",listed,8,2021-03-26,2022-11-08,2021-03-26,2023-05-27
1680247,PUMP,NYSE,ProPetro Holding Corp.,listed,20,2018-03-27,2022-11-03,2018-03-27,2023-05-22
78239,PVH,NYSE,PVH CORP. /DE/,listed,20,2018-03-30,2022-12-08,2018-03-30,2023-06-26
1583648,PVLA,Nasdaq,"PALVELLA THERAPEUTICS, INC.",listed,18,2018-03-15,2022-11-04,2018-03-15,2023-05-23
1777835,PWP,Nasdaq,Perella Weinberg Partners,listed,8,2021-03-15,2022-11-07,2021-03-15,2023-05-26
1050915,PWR,NYSE,"QUANTA SERVICES, INC.",listed,20,2018-02-28,2022-11-04,2018-02-28,2023-05-23
1633917,PYPL,Nasdaq,"PayPal Holdings, Inc.",listed,20,2018-02-07,2022-11-04,2018-02-07,2023-05-23
901491,PZZA,Nasdaq,PAPA JOHNS INTERNATIONAL INC,listed,20,2018-02-27,2022-11-03,2018-02-27,2023-05-22
804328,QCOM,Nasdaq,QUALCOMM INC/DE,listed,20,2018-01-31,2022-11-02,2018-01-31,2023-05-21
906465,QCRH,Nasdaq,QCR HOLDINGS INC,listed,20,2018-03-12,2022-11-08,2018-03-12,2023-05-27
1107843,QLYS,Nasdaq,"QUALYS, INC.",listed,20,2018-02-23,2022-11-02,2018-02-23,2023-05-21
709283,QMCO,Nasdaq,QUANTUM CORP /DE/,listed,17,2019-08-06,2022-11-02,2019-08-06,2023-05-21
1117297,QNST,Nasdaq,"QUINSTREET, INC",listed,20,2018-02-05,2022-11-04,2018-02-05,2023-05-23
1604778,QRVO,Nasdaq,"Qorvo, Inc.",listed,20,2018-02-01,2022-11-03,2018-02-01,2023-05-22
1618756,QSR,NYSE,Restaurant Brands International Inc.,listed,20,2018-02-23,2022-11-03,2018-02-23,2023-05-22
1410384,QTWO,NYSE,"Q2 Holdings, Inc.",listed,20,2018-02-16,2022-11-07,2018-02-16,2023-05-26
1481792,QUAD,NYSE,"Quad/Graphics, Inc.",listed,20,2018-02-21,2022-11-02,2018-02-21,2023-05-21
1758009,QUBT,Nasdaq,Quantum Computing Inc.,listed,15,2019-03-28,2022-11-14,2019-03-28,2023-06-02
882508,QUIK,Nasdaq,QUICKLOGIC Corp,listed,20,2018-03-09,2022-11-16,2018-03-09,2023-06-04
1590560,QURE,Nasdaq,uniQure N.V.,listed,17,2018-03-14,2022-02-25,2018-03-14,2022-09-13
1236275,QXO,NYSE,"QXO, Inc.",listed,20,2018-03-26,2022-11-14,2018-03-26,2023-06-02
85961,R,NYSE,RYDER SYSTEM INC,listed,17,2018-02-20,2022-10-26,2018-02-20,2023-05-14
1320854,RAIL,Nasdaq,"FreightCar America, Inc.",listed,20,2018-03-09,2022-11-07,2018-03-09,2023-05-26
733269,RAMP,NYSE,"LiveRamp Holdings, Inc.",listed,20,2018-02-07,2022-11-08,2018-02-07,2023-05-27
1515673,RARE,Nasdaq,Ultragenyx Pharmaceutical Inc.,listed,19,2018-02-21,2022-11-03,2018-02-21,2023-05-22
1499422,RBB,Nasdaq,RBB Bancorp,listed,20,2018-03-30,2022-12-23,2018-03-30,2023-07-11
1708055,RBBN,Nasdaq,Ribbon Communications Inc.,listed,20,2018-03-08,2022-10-28,2018-03-08,2023-05-16
1324948,RBC,NYSE,RBC Bearings INC,listed,20,2018-02-06,2022-11-10,2018-02-06,2023-05-29
921557,RBCAA,Nasdaq,REPUBLIC BANCORP INC /KY/,listed,20,2018-03-09,2022-11-04,2018-03-09,2023-05-23
1751783,RBKB,Nasdaq,"Rhinebeck Bancorp, Inc.",listed,17,2018-12-24,2022-11-10,2018-12-24,2023-05-29
1315098,RBLX,NYSE,Roblox Corp,listed,7,2021-05-13,2022-11-09,2021-05-13,2023-05-28
748268,RCAT,Nasdaq,"Red Cat Holdings, Inc.",listed,15,2018-04-09,2022-12-15,2018-04-09,2023-07-03
1762303,RCEL,Nasdaq,"AVITA Medical, Inc.",listed,9,2020-08-27,2022-11-10,2020-08-27,2023-05-29
895456,RCKY,Nasdaq,"ROCKY BRANDS, INC.",listed,18,2018-03-12,2022-11-08,2018-03-12,2023-05-27
884887,RCL,NYSE,ROYAL CARIBBEAN CRUISES LTD,listed,20,2018-02-21,2022-11-03,2018-02-21,2023-05-22
1724521,RCUS,NYSE,"Arcus Biosciences, Inc.",listed,19,2018-05-09,2022-11-02,2018-05-09,2023-05-21
890926,RDN,NYSE,RADIAN GROUP INC,listed,19,2018-05-09,2022-11-04,2018-05-09,2023-05-23
790526,RDNT,Nasdaq,"RadNet, Inc.",listed,20,2018-03-19,2022-11-09,2018-03-19,2023-05-28
1596961,RDNW,Nasdaq,"RideNow Group, Inc.",listed,20,2018-02-27,2022-11-09,2018-02-27,2023-05-28
1720116,RDVT,Nasdaq,"Red Violet, Inc.",listed,19,2018-05-14,2022-11-07,2018-05-14,2023-05-26
1819810,RDW,NYSE,Redwire Corp,listed,6,2021-03-29,2022-11-14,2021-03-29,2023-06-02
1573221,REAL,Nasdaq,"TheRealReal, Inc.",listed,14,2019-08-14,2022-11-08,2019-08-14,2023-05-27
910606,REG,Nasdaq,REGENCY CENTERS CORP,listed,20,2018-02-27,2022-11-04,2018-02-27,2023-05-23
872589,REGN,Nasdaq,"REGENERON PHARMACEUTICALS, INC.",listed,20,2018-02-08,2022-11-03,2018-02-08,2023-05-22
1384195,REI,NYSE,"RING ENERGY, INC.",listed,20,2018-03-15,2022-11-10,2018-03-15,2023-05-29
355948,RELL,Nasdaq,"RICHARDSON ELECTRONICS, LTD.",listed,20,2018-01-11,2022-10-06,2018-01-11,2023-04-24
1782170,RELY,Nasdaq,"Remitly Global, Inc.",listed,5,2021-11-12,2022-11-09,2021-11-12,2023-05-28
1001614,REPX,NYSE,"Riley Exploration Permian, Inc.",listed,20,2018-03-28,2022-11-14,2018-03-28,2023-06-02
742278,RES,NYSE,RPC INC,listed,20,2018-02-28,2022-10-28,2018-02-28,2023-05-16
744187,REX,NYSE,REX AMERICAN RESOURCES Corp,listed,20,2018-03-29,2022-12-05,2018-03-29,2023-06-23
1571283,REXR,NYSE,"Rexford Industrial Realty, Inc.",listed,20,2018-02-21,2022-10-24,2018-02-21,2023-05-12
1786431,REYN,Nasdaq,Reynolds Consumer Products Inc.,listed,12,2020-03-10,2022-11-08,2020-03-10,2023-05-27
1740332,REZI,NYSE,"RESIDEO TECHNOLOGIES, INC.",listed,17,2018-11-13,2022-11-01,2018-11-13,2023-05-20
1281761,RF,NYSE,REGIONS FINANCIAL CORP,listed,20,2018-02-26,2022-11-03,2018-02-26,2023-05-22
898174,RGA,NYSE,REINSURANCE GROUP OF AMERICA INC,listed,20,2018-02-27,2022-11-04,2018-02-27,2023-05-23
1069533,RGCO,Nasdaq,RGC RESOURCES INC,listed,20,2018-02-08,2022-12-02,2018-02-08,2023-06-20
730272,RGEN,Nasdaq,REPLIGEN CORP,listed,20,2018-02-22,2022-11-01,2018-02-22,2023-05-20
85535,RGLD,Nasdaq,ROYAL GOLD INC,listed,19,2018-02-08,2022-11-03,2018-02-08,2023-05-22
1590877,RGNX,Nasdaq,REGENXBIO Inc.,listed,20,2018-03-06,2022-11-03,2018-03-06,2023-05-22
1084765,RGP,Nasdaq,"RESOURCES CONNECTION, INC.",listed,20,2018-01-04,2022-10-06,2018-01-04,2023-04-24
95029,RGR,NYSE,STURM RUGER & CO INC,listed,20,2018-02-21,2022-11-02,2018-02-21,2023-05-21
1528849,RH,NYSE,RH,listed,20,2018-03-29,2022-12-08,2018-03-29,2023-06-26
315213,RHI,NYSE,ROBERT HALF INC.,listed,20,2018-02-20,2022-10-28,2018-02-20,2023-05-16
1040829,RHP,NYSE,"Ryman Hospitality Properties, Inc.",listed,20,2018-02-27,2022-11-01,2018-02-27,2023-05-20
935419,RICK,Nasdaq,"RCI HOSPITALITY HOLDINGS, INC.",listed,21,2018-02-14,2022-12-14,2018-02-14,2023-07-02
1034842,RIGL,Nasdaq,RIGEL PHARMACEUTICALS INC,listed,20,2018-03-06,2022-11-03,2018-03-06,2023-05-22
1464790,RILY,Nasdaq,"BRC Group Holdings, Inc.",listed,20,2018-03-14,2022-11-04,2018-03-14,2023-05-23
1167419,RIOT,Nasdaq,"Riot Platforms, Inc.",listed,17,2018-04-17,2022-11-07,2018-04-17,2023-05-26
1556593,RITM,NYSE,Rithm Capital Corp.,listed,20,2018-02-15,2022-11-03,2018-02-15,2023-05-22
1874178,RIVN,Nasdaq,"Rivian Automotive, Inc. / DE",listed,5,2021-12-17,2022-11-09,2021-12-17,2023-05-28
810332,RJET,Nasdaq,REPUBLIC AIRWAYS HOLDINGS INC.,listed,18,2018-09-05,2022-12-29,2018-09-05,2023-07-17
720005,RJF,NYSE,RAYMOND JAMES FINANCIAL INC,listed,20,2018-02-08,2022-11-22,2018-02-08,2023-06-10
1819994,RKLB,Nasdaq,Rocket Lab Corp,listed,6,2021-03-31,2022-11-09,2021-03-31,2023-05-28
1805284,RKT,NYSE,"Rocket Companies, Inc.",listed,10,2020-09-02,2022-11-09,2020-09-02,2023-05-28
1037038,RL,NYSE,RALPH LAUREN CORP,listed,20,2018-02-08,2022-11-10,2018-02-08,2023-05-29
1812364,RLAY,Nasdaq,"Relay Therapeutics, Inc.",listed,10,2020-08-27,2022-11-03,2020-08-27,2023-05-22
1171155,RLGT,NYSE,"RADIANT LOGISTICS, INC",listed,18,2018-02-08,2022-05-10,2018-02-08,2022-11-26
84246,RLI,NYSE,RLI CORP,listed,20,2018-02-23,2022-10-21,2018-02-23,2023-05-09
1519401,RM,NYSE,Regional Management Corp.,listed,20,2018-02-23,2022-11-04,2018-02-23,2023-05-23
1581091,RMAX,NYSE,"RE/MAX Holdings, Inc.",listed,21,2018-03-15,2022-11-03,2018-03-15,2023-05-22
1767837,RMBI,Nasdaq,"Richmond Mutual Bancorporation, Inc.",listed,15,2019-06-18,2022-11-10,2019-06-18,2023-05-29
917273,RMBS,Nasdaq,RAMBUS INC,listed,20,2018-02-23,2022-11-04,2018-02-23,2023-05-23
943819,RMD,NYSE,RESMED INC,listed,20,2018-01-24,2022-10-28,2018-01-24,2023-05-16
1635282,RMNI,Nasdaq,"Rimini Street, Inc.",listed,20,2018-03-15,2022-11-02,2018-03-15,2023-05-21
1644378,RMR,Nasdaq,RMR GROUP INC.,listed,20,2018-02-08,2022-11-14,2018-02-08,2023-06-02
1453687,RNAC,Nasdaq,"Cartesian Therapeutics, Inc.",listed,16,2018-03-15,2022-11-03,2018-03-15,2023-05-22
1384905,RNG,NYSE,"RingCentral, Inc.",listed,20,2018-02-26,2022-11-09,2018-02-26,2023-05-28
1699039,RNGR,NYSE,"Ranger Energy Services, Inc.",listed,20,2018-03-13,2022-10-31,2018-03-13,2023-05-19
715072,RNST,NYSE,RENASANT CORP,listed,20,2018-02-28,2022-11-04,2018-02-28,2023-05-23
1718227,ROAD,Nasdaq,"Construction Partners, Inc.",listed,19,2018-06-04,2022-11-22,2018-06-04,2023-06-10
912562,ROCK,Nasdaq,"GIBRALTAR INDUSTRIES, INC.",listed,20,2018-02-27,2022-11-03,2018-02-27,2023-05-22
84748,ROG,NYSE,ROGERS CORP,listed,20,2018-02-28,2022-11-09,2018-02-28,2023-05-28
1024478,ROK,NYSE,"ROCKWELL AUTOMATION, INC",listed,20,2018-01-31,2022-11-08,2018-01-31,2023-05-27
1428439,ROKU,Nasdaq,"ROKU, INC",listed,20,2018-03-01,2022-11-03,2018-03-01,2023-05-22
84839,ROL,NYSE,ROLLINS INC,listed,20,2018-02-26,2022-10-27,2018-02-26,2023-05-15
1788882,ROOT,Nasdaq,"Root, Inc.",listed,9,2020-12-02,2022-11-09,2020-12-02,2023-05-28
882835,ROP,Nasdaq,ROPER TECHNOLOGIES INC,listed,20,2018-02-23,2022-11-02,2018-02-23,2023-05-21
745732,ROST,Nasdaq,"ROSS STORES, INC.",listed,20,2018-04-03,2022-12-07,2018-04-03,2023-06-25
1720592,RPAY,Nasdaq,Repay Holdings Corp,listed,13,2019-11-14,2022-11-09,2019-11-14,2023-05-28
1841968,RPC,NYSE,"Ridgepost Capital, Inc.",listed,5,2021-11-22,2022-11-14,2021-11-22,2023-06-02
1560327,RPD,Nasdaq,"Rapid7, Inc.",listed,20,2018-03-08,2022-11-03,2018-03-08,2023-05-22
110621,RPM,NYSE,RPM INTERNATIONAL INC/DE/,listed,20,2018-01-04,2022-10-05,2018-01-04,2023-04-23
1802768,RPRX,Nasdaq,Royalty Pharma plc,listed,10,2020-08-12,2022-11-08,2020-08-12,2023-05-27
1071236,RRBI,Nasdaq,RED RIVER BANCSHARES INC,listed,15,2019-06-07,2022-11-10,2019-06-07,2023-05-29
315852,RRC,NYSE,RANGE RESOURCES CORP,listed,20,2018-02-28,2022-10-24,2018-02-28,2023-05-12
1653653,RRR,Nasdaq,"Red Rock Resorts, Inc.",listed,20,2018-03-01,2022-11-08,2018-03-01,2023-05-27
82811,RRX,NYSE,REGAL REXNORD CORP,listed,20,2018-02-27,2022-11-04,2018-02-27,2023-05-23
861884,RS,NYSE,"RELIANCE, INC.",listed,20,2018-02-28,2022-11-03,2018-02-28,2023-05-22
1060391,RSG,NYSE,"REPUBLIC SERVICES, INC.",listed,20,2018-02-09,2022-10-28,2018-02-09,2023-05-16
1793659,RSI,NYSE,"Rush Street Interactive, Inc.",listed,8,2021-03-25,2022-11-03,2021-03-25,2023-05-22
1824403,RSVR,Nasdaq,"Reservoir Media, Inc.",listed,5,2021-11-09,2022-11-08,2021-11-09,2023-05-27
101829,RTX,NYSE,RTX Corp,listed,19,2018-04-27,2022-10-25,2018-04-27,2023-05-13
1469367,RUN,Nasdaq,Sunrun Inc.,listed,20,2018-03-06,2022-11-02,2018-03-06,2023-05-21
1012019,RUSHA,Nasdaq,RUSH ENTERPRISES INC \TX\,listed,20,2018-03-01,2022-11-09,2018-03-01,2023-05-28
1746618,RVLV,NYSE,"Revolve Group, Inc.",listed,14,2019-08-12,2022-11-02,2019-08-12,2023-05-21
31791,RVTY,NYSE,"REVVITY, INC.",listed,20,2018-02-27,2022-11-14,2018-02-27,2023-06-02
1601830,RXRX,Nasdaq,"RECURSION PHARMACEUTICALS, INC.",listed,7,2021-05-12,2022-11-08,2021-05-12,2023-05-27
1111485,RXST,Nasdaq,"RxSight, Inc.",listed,6,2021-09-09,2022-11-07,2021-09-09,2023-05-26
1810019,RXT,Nasdaq,"Rackspace Technology, Inc.",listed,10,2020-08-31,2022-11-09,2020-08-31,2023-05-28
1597672,RYAM,NYSE,RAYONIER ADVANCED MATERIALS INC.,listed,20,2018-03-01,2022-11-02,2018-03-01,2023-05-21
1849253,RYAN,NYSE,"RYAN SPECIALTY HOLDINGS, INC.",listed,6,2021-09-02,2022-11-10,2021-09-02,2023-05-29
52827,RYN,NYSE,RAYONIER INC,listed,20,2018-02-23,2022-11-04,2018-02-23,2023-05-23
1649904,RYTM,Nasdaq,"RHYTHM PHARMACEUTICALS, INC.",listed,20,2018-03-12,2022-11-08,2018-03-12,2023-05-27
1481582,RYZ,NYSE,Ryerson Holding Corp,listed,20,2018-03-05,2022-11-02,2018-03-05,2023-05-21
1583708,S,NYSE,"SentinelOne, Inc.",listed,6,2021-09-10,2022-12-06,2021-09-10,2023-06-24
1597033,SABR,Nasdaq,Sabre Corp,listed,20,2018-02-16,2022-11-02,2018-02-16,2023-05-21
1095651,SAFE,NYSE,Safehold Inc.,listed,20,2018-02-26,2022-11-04,2018-02-26,2023-05-23
1172052,SAFT,Nasdaq,SAFETY INSURANCE GROUP INC,listed,20,2018-02-28,2022-11-04,2018-02-28,2023-05-23
1043509,SAH,NYSE,SONIC AUTOMOTIVE INC,listed,20,2018-02-28,2022-10-28,2018-02-28,2023-05-16
1177702,SAIA,Nasdaq,SAIA INC,listed,20,2018-02-22,2022-11-01,2018-02-22,2023-05-20
1571123,SAIC,Nasdaq,Science Applications International Corp,listed,20,2018-03-29,2022-12-05,2018-03-29,2023-06-23
949870,SAM,NYSE,BOSTON BEER CO INC,listed,20,2018-02-21,2022-10-20,2018-02-21,2023-05-08
897723,SANM,Nasdaq,SANMINA CORP,listed,20,2018-02-02,2022-11-10,2018-02-02,2023-05-29
1034054,SBAC,Nasdaq,SBA COMMUNICATIONS CORP,listed,20,2018-03-01,2022-11-03,2018-03-01,2023-05-22
730708,SBCF,Nasdaq,SEACOAST BANKING CORP OF FLORIDA,listed,20,2018-02-28,2022-11-04,2018-02-28,2023-05-23
767405,SBFG,Nasdaq,"SB FINANCIAL GROUP, INC.",listed,20,2018-03-09,2022-11-04,2018-03-09,2023-05-23
1368458,SBH,NYSE,"Sally Beauty Holdings, Inc.",listed,20,2018-02-08,2022-11-17,2018-02-08,2023-06-05
1492298,SBRA,Nasdaq,"Sabra Health Care REIT, Inc.",listed,20,2018-02-21,2022-11-07,2018-02-21,2023-05-26
705432,SBSI,NYSE,SOUTHSIDE BANCSHARES INC,listed,20,2018-02-28,2022-10-28,2018-02-28,2023-05-16
829224,SBUX,Nasdaq,STARBUCKS CORP,listed,20,2018-01-31,2022-11-18,2018-01-31,2023-06-06
1001838,SCCO,NYSE,SOUTHERN COPPER CORP/,listed,20,2018-03-01,2022-10-31,2018-03-01,2023-05-19
866729,SCHL,Nasdaq,SCHOLASTIC CORP,listed,20,2018-03-23,2022-12-16,2018-03-23,2023-07-04
316709,SCHW,NYSE,SCHWAB CHARLES CORP,listed,20,2018-02-22,2022-11-08,2018-02-22,2023-05-27
89089,SCI,NYSE,SERVICE CORP INTERNATIONAL,listed,20,2018-02-14,2022-11-02,2018-02-14,2023-05-21
94049,SCL,NYSE,STEPAN CO,listed,20,2018-02-27,2022-11-03,2018-02-27,2023-05-22
918965,SCSC,Nasdaq,"SCANSOURCE, INC.",listed,20,2018-02-06,2022-11-08,2018-02-06,2023-05-27
1349436,SD,NYSE,SANDRIDGE ENERGY INC,listed,18,2018-02-22,2022-11-03,2018-02-22,2023-05-22
1490978,SDGR,Nasdaq,"Schrodinger, Inc.",listed,12,2020-03-16,2022-11-03,2020-03-16,2023-05-22
88121,SEB,NYSE,SEABOARD CORP /DE/,listed,19,2018-05-02,2022-11-01,2018-05-02,2023-05-20
1419612,SEDG,Nasdaq,"SOLAREDGE TECHNOLOGIES, INC.",listed,20,2018-02-20,2022-11-08,2018-02-20,2023-05-27
1697500,SEI,NYSE,"Solaris Energy Infrastructure, Inc.",listed,20,2018-03-06,2022-11-02,2018-03-06,2023-05-21
350894,SEIC,Nasdaq,SEI INVESTMENTS CO,listed,20,2018-02-22,2022-10-28,2018-02-22,2023-05-16
88948,SENEA,Nasdaq,Seneca Foods Corp,listed,20,2018-01-25,2022-11-09,2018-01-25,2023-05-28
1616543,SENS,Nasdaq,"Senseonics Holdings, Inc.",listed,20,2018-03-13,2022-11-08,2018-03-13,2023-05-27
1819142,SES,NYSE,SES AI Corp,listed,5,2021-03-31,2022-11-14,2021-03-31,2023-06-02
1662991,SEZL,Nasdaq,Sezzle Inc.,listed,6,2021-08-16,2022-11-14,2021-08-16,2023-06-02
720672,SF,NYSE,STIFEL FINANCIAL CORP,listed,20,2018-02-26,2022-11-09,2018-02-26,2023-05-28
1430723,SFBS,NYSE,"ServisFirst Bancshares, Inc.",listed,20,2018-02-28,2022-10-31,2018-02-28,2023-05-19
1576942,SFIX,Nasdaq,"Stitch Fix, Inc.",listed,20,2018-03-13,2022-12-07,2018-03-13,2023-06-25
1575515,SFM,Nasdaq,"Sprouts Farmers Market, Inc.",listed,20,2018-02-22,2022-11-08,2018-02-22,2023-05-27
1090009,SFST,Nasdaq,SOUTHERN FIRST BANCSHARES INC,listed,20,2018-02-28,2022-11-01,2018-02-28,2023-05-20
95574,SGC,Nasdaq,"SUPERIOR GROUP OF COMPANIES, INC.",listed,20,2018-02-22,2022-11-07,2018-02-22,2023-05-26
1531177,SGHT,Nasdaq,"Sight Sciences, Inc.",listed,6,2021-08-12,2022-11-10,2021-08-12,2023-05-29
1638833,SGRY,Nasdaq,"Surgery Partners, Inc.",listed,20,2018-03-16,2022-11-08,2018-03-16,2023-05-27
1620533,SHAK,NYSE,Shake Shack Inc.,listed,20,2018-02-26,2022-11-04,2018-02-26,2023-05-23
1035092,SHBI,Nasdaq,SHORE BANCSHARES INC,listed,20,2018-03-16,2022-11-14,2018-03-16,2023-06-02
1822479,SHC,Nasdaq,Sotera Health Co,listed,8,2021-03-09,2022-11-02,2021-03-09,2023-05-21
354963,SHEN,Nasdaq,SHENANDOAH TELECOMMUNICATIONS CO/VA/,listed,20,2018-03-15,2022-11-02,2018-03-15,2023-05-21
1831651,SHLS,Nasdaq,"Shoals Technologies Group, Inc.",listed,8,2021-03-16,2022-11-14,2021-03-16,2023-06-02
1295810,SHO,NYSE,"Sunstone Hotel Investors, Inc.",listed,20,2018-02-14,2022-11-08,2018-02-14,2023-05-27
895447,SHOE,Nasdaq,SHOE STATION GROUP INC,listed,20,2018-04-02,2022-12-02,2018-04-02,2023-06-20
913241,SHOO,Nasdaq,"STEVEN MADDEN, LTD.",listed,20,2018-03-01,2022-11-04,2018-03-01,2023-05-23
89800,SHW,NYSE,SHERWIN WILLIAMS CO,listed,20,2018-02-23,2022-10-25,2018-02-23,2023-05-13
1459839,SIBN,Nasdaq,"SI-BONE, Inc.",listed,17,2018-11-29,2022-11-08,2018-11-29,2023-05-27
90168,SIF,NYSE,SIFCO INDUSTRIES INC,listed,20,2018-02-08,2022-12-23,2018-02-08,2023-07-11
832988,SIG,NYSE,SIGNET JEWELERS LTD,listed,20,2018-04-02,2022-12-06,2018-04-02,2023-06-24
1010086,SIGA,Nasdaq,SIGA TECHNOLOGIES INC,listed,19,2018-03-06,2022-11-03,2018-03-06,2023-05-22
230557,SIGI,Nasdaq,SELECTIVE INSURANCE GROUP INC,listed,20,2018-02-20,2022-11-03,2018-02-20,2023-05-22
908937,SIRI,Nasdaq,SIRIUS XM HOLDINGS INC.,listed,20,2018-01-31,2022-11-01,2018-01-31,2023-05-20
1650729,SITE,NYSE,"SiteOne Landscape Supply, Inc.",listed,20,2018-02-28,2022-11-02,2018-02-28,2023-05-21
1451809,SITM,Nasdaq,SITIME Corp,listed,12,2020-03-02,2022-11-04,2020-03-02,2023-05-23
91419,SJM,NYSE,J M SMUCKER Co,listed,20,2018-02-23,2022-11-21,2018-02-23,2023-06-09
90896,SKY,NYSE,"Champion Homes, Inc.",listed,20,2018-01-11,2022-11-02,2018-01-11,2023-05-21
793733,SKYW,Nasdaq,SKYWEST INC,listed,20,2018-02-26,2022-11-04,2018-02-26,2023-05-23
1598981,SKYX,Nasdaq,SKYX Platforms Corp.,listed,7,2018-04-02,2022-11-10,2018-04-02,2023-05-29
1038074,SLAB,Nasdaq,SILICON LABORATORIES INC.,listed,20,2018-01-31,2022-10-26,2018-01-31,2023-05-14
87347,SLB,NYSE,SLB LIMITED/NV,listed,20,2018-01-24,2022-10-26,2018-01-24,2023-05-14
1040971,SLG,NYSE,SL GREEN REALTY CORP,listed,20,2018-02-23,2022-11-04,2018-02-23,2023-05-23
849869,SLGN,NYSE,SILGAN HOLDINGS INC,listed,20,2018-03-01,2022-11-03,2018-03-01,2023-05-22
1032033,SLM,Nasdaq,SLM Corp,listed,19,2018-02-23,2022-10-26,2018-02-23,2023-05-14
64463,SLNH,Nasdaq,"Soluna Holdings, Inc",listed,9,2018-03-29,2022-11-14,2018-03-29,2023-06-02
1023459,SLP,Nasdaq,"Simulations Plus, Inc.",listed,20,2018-01-09,2022-10-28,2018-01-09,2023-05-16
1856485,SLVM,NYSE,Sylvamo Corp,listed,5,2021-11-12,2022-11-10,2021-11-12,2023-05-29
893538,SM,NYSE,SM Energy Co,listed,20,2018-02-21,2022-11-04,2018-02-21,2023-05-23
1585389,SMA,NYSE,"SmartStop Self Storage REIT, Inc.",listed,20,2018-03-28,2022-11-10,2018-03-28,2023-05-29
916907,SMBC,Nasdaq,"SOUTHERN MISSOURI BANCORP, INC.",listed,20,2018-02-09,2022-11-09,2018-02-09,2023-05-28
1038773,SMBK,NYSE,SMARTFINANCIAL INC.,listed,20,2018-03-16,2022-11-09,2018-03-16,2023-05-28
1375365,SMCI,Nasdaq,"Super Micro Computer, Inc.",listed,18,2019-05-17,2022-11-04,2019-05-17,2023-05-23
825542,SMG,NYSE,SCOTTS MIRACLE-GRO CO,listed,20,2018-02-08,2022-11-28,2018-02-08,2023-06-16
1690334,SMHI,NYSE,SEACOR Marine Holdings Inc.,listed,20,2018-03-22,2022-11-02,2018-03-22,2023-05-21
924719,SMID,Nasdaq,SMITH MIDLAND CORP,listed,20,2018-03-29,2022-11-03,2018-03-29,2023-05-22
93389,SMP,NYSE,"STANDARD MOTOR PRODUCTS, INC.",listed,20,2018-02-22,2022-10-31,2018-02-22,2023-05-19
1702744,SMPL,Nasdaq,Simply Good Foods Co,listed,20,2018-01-09,2022-10-21,2018-01-09,2023-05-09
1837014,SMRT,NYSE,"SmartRent, Inc.",listed,5,2021-11-10,2022-11-10,2021-11-10,2023-05-29
88941,SMTC,Nasdaq,SEMTECH CORP,listed,20,2018-03-22,2022-11-30,2018-03-22,2023-06-18
714256,SMTI,Nasdaq,Sanara MedTech Inc.,listed,20,2018-03-29,2022-11-14,2018-03-29,2023-06-02
91440,SNA,NYSE,Snap-on Inc,listed,20,2018-02-15,2022-10-20,2018-02-15,2023-05-08
1564408,SNAP,NYSE,Snap Inc,listed,20,2018-02-22,2022-10-21,2018-02-22,2023-05-09
1529628,SND,Nasdaq,"Smart Sand, Inc.",listed,20,2018-03-15,2022-11-08,2018-03-15,2023-05-27
1043000,SNDA,NYSE,"SONIDA SENIOR LIVING, INC.",listed,20,2018-03-02,2022-11-14,2018-03-02,2023-06-02
1692063,SNDR,NYSE,"Schneider National, Inc.",listed,20,2018-02-27,2022-10-27,2018-02-27,2023-05-15
1395937,SNDX,Nasdaq,Syndax Pharmaceuticals Inc,listed,20,2018-03-08,2022-11-03,2018-03-08,2023-05-22
913760,SNEX,Nasdaq,StoneX Group Inc.,listed,20,2018-02-07,2022-11-29,2018-02-07,2023-06-17
318673,SNFCA,Nasdaq,SECURITY NATIONAL FINANCIAL CORP,listed,20,2018-04-02,2022-11-14,2018-04-02,2023-06-02
1640147,SNOW,NYSE,Snowflake Inc.,listed,9,2020-12-03,2022-12-02,2020-12-03,2023-06-20
883241,SNPS,Nasdaq,SYNOPSYS INC,listed,20,2018-02-23,2022-12-12,2018-02-23,2023-06-30
1177394,SNX,NYSE,TD SYNNEX CORP,listed,20,2018-01-29,2022-10-04,2018-01-29,2023-04-22
92122,SO,NYSE,SOUTHERN CO,listed,20,2018-02-21,2022-10-27,2018-02-21,2023-05-15
1818874,SOFI,Nasdaq,"SoFi Technologies, Inc.",listed,6,2021-08-16,2022-11-09,2021-08-16,2023-05-28
91767,SON,NYSE,SONOCO PRODUCTS CO,listed,20,2018-02-28,2022-11-02,2018-02-28,2023-05-21
1314727,SONO,Nasdaq,Sonos Inc,listed,18,2018-09-11,2022-11-23,2018-09-11,2023-06-11
109177,SPB,NYSE,"Spectrum Brands Holdings, Inc.",listed,20,2018-02-09,2022-11-22,2018-02-09,2023-06-10
1706946,SPCE,NYSE,"Virgin Galactic Holdings, Inc",listed,12,2020-02-28,2022-11-03,2020-02-28,2023-05-22
1163668,SPFI,Nasdaq,"SOUTH PLAINS FINANCIAL, INC.",listed,15,2019-06-24,2022-11-08,2019-06-24,2023-05-27
1063761,SPG,NYSE,SIMON PROPERTY GROUP INC.,listed,20,2018-02-23,2022-11-03,2018-02-23,2023-05-22
64040,SPGI,NYSE,S&P Global Inc.,listed,20,2018-02-09,2022-10-28,2018-02-09,2023-05-16
1795250,SPHR,NYSE,Sphere Entertainment Co.,listed,11,2020-05-18,2022-11-09,2020-05-18,2023-05-28
1816017,SPIR,NYSE,"Spire Global, Inc.",listed,6,2021-03-29,2022-11-10,2021-03-29,2023-05-29
1289945,SPOK,Nasdaq,"Spok Holdings, Inc",listed,20,2018-03-01,2022-10-27,2018-03-01,2023-05-15
1683553,SPRB,Nasdaq,"SPRUCE BIOSCIENCES, INC.",listed,9,2020-11-18,2022-11-10,2020-11-18,2023-05-29
1671858,SPRY,Nasdaq,"ARS Pharmaceuticals, Inc.",listed,6,2021-03-29,2022-05-12,2021-03-29,2022-11-28
1092699,SPSC,Nasdaq,SPS COMMERCE INC,listed,20,2018-02-26,2022-10-27,2018-02-26,2023-05-15
1517375,SPT,Nasdaq,"Sprout Social, Inc.",listed,12,2020-02-28,2022-11-04,2020-02-28,2023-05-23
88205,SPXC,NYSE,"SPX Technologies, Inc.",listed,20,2018-02-21,2022-11-04,2018-02-21,2023-05-23
1126956,SR,NYSE,SPIRE INC,listed,20,2018-02-01,2022-11-16,2018-02-01,2023-06-04
34782,SRCE,Nasdaq,1ST SOURCE CORP,listed,20,2018-02-16,2022-10-20,2018-02-16,2023-05-08
1032208,SRE,NYSE,SEMPRA,listed,20,2018-02-27,2022-11-03,2018-02-27,2023-05-22
1043337,SRI,NYSE,STONERIDGE INC,listed,20,2018-03-07,2022-11-02,2018-03-07,2023-05-21
873303,SRPT,Nasdaq,"Sarepta Therapeutics, Inc.",listed,20,2018-03-01,2022-11-02,2018-03-01,2023-05-21
1779128,SRTA,Nasdaq,"Strata Critical Medical, Inc.",listed,5,2021-08-16,2022-11-10,2021-08-16,2023-05-29
764038,SSB,NYSE,SouthState Bank Corp,listed,20,2018-02-23,2022-11-04,2018-02-23,2023-05-23
920371,SSD,NYSE,"Simpson Manufacturing Co., Inc.",listed,20,2018-03-01,2022-11-08,2018-03-01,2023-05-27
1402436,SSNC,Nasdaq,SS&C Technologies Holdings Inc,listed,20,2018-02-28,2022-11-03,2018-02-28,2023-05-22
832428,SSP,Nasdaq,E.W. SCRIPPS Co,listed,20,2018-02-28,2022-11-08,2018-02-28,2023-05-27
1549346,SSTK,NYSE,"Shutterstock, Inc.",listed,20,2018-02-22,2022-10-25,2018-02-22,2023-05-13
1477294,ST,NYSE,Sensata Technologies Holding plc,listed,20,2018-02-01,2022-11-01,2018-02-01,2023-05-20
718937,STAA,Nasdaq,STAAR SURGICAL CO,listed,20,2018-02-28,2022-11-02,2018-02-28,2023-05-21
1479094,STAG,NYSE,"STAG Industrial, Inc.",listed,20,2018-02-15,2022-10-27,2018-02-15,2023-05-15
719220,STBA,Nasdaq,S&T BANCORP INC,listed,20,2018-03-01,2022-11-02,2018-03-01,2023-05-21
94344,STC,NYSE,STEWART INFORMATION SERVICES CORP,listed,20,2018-02-28,2022-11-08,2018-02-28,2023-05-27
1796022,STEP,Nasdaq,StepStone Group Inc.,listed,9,2020-11-12,2022-11-07,2020-11-12,2023-05-26
876883,STGW,Nasdaq,Stagwell Inc,listed,20,2018-03-01,2022-11-07,2018-03-01,2023-05-26
1022671,STLD,Nasdaq,STEEL DYNAMICS INC,listed,20,2018-02-27,2022-10-26,2018-02-27,2023-05-14
1623526,STOK,Nasdaq,"Stoke Therapeutics, Inc.",listed,5,2021-03-09,2022-11-14,2021-03-09,2023-06-02
1013934,STRA,Nasdaq,"Strategic Education, Inc.",listed,20,2018-03-01,2022-11-03,2018-03-01,2023-05-22
874238,STRL,Nasdaq,"STERLING INFRASTRUCTURE, INC.",listed,20,2018-03-06,2022-11-01,2018-03-06,2023-05-20
1382101,STRO,Nasdaq,"SUTRO BIOPHARMA, INC.",listed,17,2018-11-14,2022-11-08,2018-11-14,2023-05-27
885508,STRS,Nasdaq,STRATUS PROPERTIES INC,listed,20,2018-03-16,2022-11-14,2018-03-16,2023-06-02
933034,STRT,Nasdaq,STRATTEC SECURITY CORP,listed,19,2018-02-08,2022-11-10,2018-02-08,2023-05-29
929351,STRZ,Nasdaq,STARZ ENTERTAINMENT CORP /CN/,listed,20,2018-02-08,2022-11-07,2018-02-08,2023-05-26
93751,STT,NYSE,STATE STREET CORP,listed,20,2018-02-26,2022-10-26,2018-02-26,2023-05-14
1680367,STTK,Nasdaq,"Shattuck Labs, Inc.",listed,9,2020-11-13,2022-11-09,2020-11-13,2023-05-28
1465128,STWD,NYSE,"STARWOOD PROPERTY TRUST, INC.",listed,20,2018-02-28,2022-11-09,2018-02-28,2023-05-28
1137789,STX,Nasdaq,Seagate Technology Holdings plc,listed,20,2018-01-29,2022-10-27,2018-01-29,2023-05-15
1289340,STXS,NYSE,"Stereotaxis, Inc.",listed,20,2018-03-20,2022-11-14,2018-03-20,2023-06-02
16918,STZ,NYSE,"CONSTELLATION BRANDS, INC.",listed,20,2018-01-05,2022-10-06,2018-01-05,2023-04-24
912593,SUI,NYSE,SUN COMMUNITIES INC,listed,20,2018-02-22,2022-10-25,2018-02-22,2023-05-13
1356576,SUPN,Nasdaq,"SUPERNUS PHARMACEUTICALS, INC.",listed,20,2018-03-01,2022-11-09,2018-03-01,2023-05-28
1092796,SWBI,Nasdaq,"SMITH & WESSON BRANDS, INC.",listed,20,2018-03-01,2022-12-06,2018-03-01,2023-06-24
1833197,SWIM,Nasdaq,"Latham Group, Inc.",listed,7,2021-06-03,2022-11-10,2021-06-03,2023-05-29
93556,SWK,NYSE,"STANLEY BLACK & DECKER, INC.",listed,20,2018-02-27,2022-10-27,2018-02-27,2023-05-15
4127,SWKS,Nasdaq,"SKYWORKS SOLUTIONS, INC.",listed,20,2018-02-05,2022-11-23,2018-02-05,2023-06-11
1514705,SXC,NYSE,"SunCoke Energy, Inc.",listed,20,2018-02-15,2022-10-31,2018-02-15,2023-05-19
310354,SXI,NYSE,STANDEX INTERNATIONAL CORP/DE/,listed,20,2018-01-30,2022-11-04,2018-01-30,2023-05-23
310142,SXT,NYSE,SENSIENT TECHNOLOGIES CORP,listed,20,2018-02-23,2022-11-01,2018-02-23,2023-05-20
835324,SYBT,Nasdaq,"Stock Yards Bancorp, Inc.",listed,20,2018-03-13,2022-11-04,2018-03-13,2023-05-23
1601712,SYF,NYSE,Synchrony Financial,listed,20,2018-02-22,2022-10-25,2018-02-22,2023-05-13
310764,SYK,NYSE,STRYKER CORP,listed,20,2018-02-08,2022-11-01,2018-02-08,2023-05-20
817720,SYNA,Nasdaq,SYNAPTICS Inc,listed,20,2018-02-08,2022-11-03,2018-02-08,2023-05-22
96021,SYY,NYSE,SYSCO CORP,listed,20,2018-02-06,2022-11-02,2018-02-06,2023-05-21
732717,T,NYSE,AT&T INC.,listed,18,2018-05-03,2022-11-03,2018-05-03,2023-05-22
1803901,TALK,Nasdaq,"Talkspace, Inc.",listed,8,2021-03-29,2022-11-08,2021-03-29,2023-05-27
1724965,TALO,NYSE,TALOS ENERGY INC.,listed,18,2018-08-09,2022-11-03,2018-08-09,2023-05-22
24545,TAP-A,NYSE,MOLSON COORS BEVERAGE CO,listed,20,2018-02-14,2022-11-01,2018-02-14,2023-05-20
1819790,TARS,Nasdaq,"Tarsus Pharmaceuticals, Inc.",listed,9,2020-11-25,2022-11-09,2020-11-25,2023-05-28
1829864,TASK,Nasdaq,"TaskUs, Inc.",listed,6,2021-08-11,2022-11-08,2021-08-11,2023-05-27
96536,TAYD,Nasdaq,"TAYLOR DEVICES, INC.",listed,20,2018-01-12,2022-09-30,2018-01-12,2023-04-18
1295401,TBBK,Nasdaq,"Bancorp, Inc.",listed,20,2018-03-16,2022-11-09,2018-03-16,2023-05-28
1493761,TBCH,Nasdaq,Turtle Beach Corp,listed,20,2018-03-07,2022-11-14,2018-03-07,2023-06-02
768899,TBI,NYSE,"TrueBlue, Inc.",listed,20,2018-02-26,2022-10-24,2018-02-26,2023-05-12
1583107,TBPH,Nasdaq,"Theravance Biopharma, Inc.",listed,20,2018-02-28,2022-11-09,2018-02-28,2023-05-28
1077428,TCBI,Nasdaq,TEXAS CAPITAL BANCSHARES INC/TX,listed,16,2018-02-14,2022-10-20,2018-02-14,2023-05-08
356171,TCBK,Nasdaq,TRICO BANCSHARES /,listed,20,2018-03-01,2022-11-09,2018-03-01,2023-05-28
1781730,TCBX,NYSE,"Third Coast Bancshares, Inc.",listed,5,2021-12-22,2022-11-10,2021-12-22,2023-05-29
733590,TCI,NYSE,TRANSCONTINENTAL REALTY INVESTORS INC,listed,14,2018-04-02,2022-03-29,2018-04-02,2022-10-15
1027838,TCMD,Nasdaq,TACTILE SYSTEMS TECHNOLOGY INC,listed,20,2018-02-26,2022-11-07,2018-02-26,2023-05-26
1579684,TDAY,NYSE,"USA TODAY Co., Inc.",listed,20,2018-02-28,2022-11-03,2018-02-28,2023-05-22
816761,TDC,NYSE,TERADATA CORP /DE/,listed,20,2018-02-23,2022-11-08,2018-02-23,2023-05-27
1260221,TDG,NYSE,TransDigm Group INC,listed,20,2018-02-07,2022-11-10,2018-02-07,2023-05-29
1477449,TDOC,NYSE,"Teladoc Health, Inc.",listed,20,2018-02-27,2022-11-02,2018-02-27,2023-05-21
1484778,TDUP,Nasdaq,ThredUp Inc.,listed,7,2021-05-13,2022-11-14,2021-05-13,2023-06-02
98222,TDW,NYSE,TIDEWATER INC,listed,19,2018-05-15,2022-11-03,2018-05-15,2023-05-22
1094285,TDY,NYSE,TELEDYNE TECHNOLOGIES INC,listed,20,2018-02-27,2022-11-02,2018-02-27,2023-05-21
842023,TECH,Nasdaq,BIO-TECHNE Corp,listed,20,2018-02-08,2022-11-07,2018-02-08,2023-05-26
1385157,TEL,NYSE,TE Connectivity plc,listed,20,2018-01-24,2022-11-15,2018-01-24,2023-06-03
1660280,TENB,Nasdaq,"Tenable Holdings, Inc.",listed,18,2018-09-07,2022-11-01,2018-09-07,2023-05-20
97210,TER,Nasdaq,"TERADYNE, INC",listed,20,2018-03-01,2022-11-04,2018-03-01,2023-05-23
97216,TEX,NYSE,TEREX CORP,listed,20,2018-02-16,2022-10-28,2018-02-16,2023-05-16
92230,TFC,NYSE,TRUIST FINANCIAL CORP,listed,20,2018-02-21,2022-10-31,2018-02-21,2023-05-19
1539638,TFIN,NYSE,"Triumph Financial, Inc.",listed,20,2018-02-13,2022-10-19,2018-02-13,2023-05-07
1381668,TFSL,Nasdaq,TFS Financial CORP,listed,20,2018-02-08,2022-11-22,2018-02-08,2023-06-10
96943,TFX,NYSE,TELEFLEX INC,listed,20,2018-02-22,2022-10-27,2018-02-22,2023-05-15
1534675,TGLS,NYSE,Tecnoglass Holdings Inc.,listed,20,2018-03-14,2022-11-04,2018-03-14,2023-05-23
27419,TGT,NYSE,TARGET CORP,listed,20,2018-03-14,2022-11-23,2018-03-14,2023-06-11
1001316,TGTX,Nasdaq,"TG THERAPEUTICS, INC.",listed,20,2018-03-15,2022-11-09,2018-03-15,2023-05-28
1712189,TH,Nasdaq,Target Hospitality Corp.,listed,15,2019-05-15,2022-11-09,2019-05-15,2023-05-28
714562,THFF,Nasdaq,FIRST FINANCIAL CORP /IN/,listed,20,2018-03-07,2022-11-02,2018-03-07,2023-05-21
944695,THG,NYSE,"HANOVER INSURANCE GROUP, INC.",listed,20,2018-02-27,2022-11-02,2018-02-27,2023-05-21
730263,THO,NYSE,THOR INDUSTRIES INC,listed,20,2018-03-07,2022-12-07,2018-03-07,2023-06-25
903129,THRM,Nasdaq,Gentherm Inc,listed,20,2018-02-23,2022-11-03,2018-02-23,2023-05-22
715787,TILE,Nasdaq,INTERFACE INC,listed,20,2018-03-01,2022-11-08,2018-03-01,2023-05-27
1409171,TITN,Nasdaq,Titan Machinery Inc.,listed,20,2018-04-06,2022-12-08,2018-04-06,2023-06-26
109198,TJX,NYSE,TJX COMPANIES INC /DE/,listed,20,2018-04-04,2022-11-29,2018-04-04,2023-06-17
1850902,TKNO,Nasdaq,"Alpha Teknova, Inc.",listed,6,2021-08-13,2022-11-14,2021-08-13,2023-06-02
98362,TKR,NYSE,TIMKEN CO,listed,20,2018-02-15,2022-10-26,2018-02-15,2023-05-14
1731348,TLRY,Nasdaq,"Tilray Brands, Inc.",listed,18,2018-08-29,2022-10-07,2018-08-29,2023-04-25
320121,TLS,Nasdaq,TELOS CORP,listed,20,2018-04-02,2022-11-09,2018-04-02,2023-05-28
1630627,TMCI,Nasdaq,"TREACE MEDICAL CONCEPTS, INC.",listed,7,2021-05-25,2022-11-09,2021-05-25,2023-05-28
1756262,TMDX,Nasdaq,"TransMedics Group, Inc.",listed,15,2019-06-12,2022-11-04,2019-06-12,2023-05-23
97745,TMO,NYSE,THERMO FISHER SCIENTIFIC INC.,listed,20,2018-02-28,2022-11-04,2018-02-28,2023-05-23
1005817,TMP,NYSE,TOMPKINS FINANCIAL CORP,listed,20,2018-03-01,2022-11-07,2018-03-01,2023-05-26
1283699,TMUS,Nasdaq,"T-Mobile US, Inc.",listed,20,2018-02-08,2022-10-27,2018-02-08,2023-05-15
97134,TNC,NYSE,TENNANT CO,listed,20,2018-02-28,2022-10-27,2018-02-28,2023-05-15
1438133,TNDM,Nasdaq,TANDEM DIABETES CARE INC,listed,20,2018-03-01,2022-11-02,2018-03-01,2023-05-21
937098,TNET,NYSE,"TRINET GROUP, INC.",listed,20,2018-02-27,2022-10-25,2018-02-27,2023-05-13
1819133,TNGX,Nasdaq,"Tango Therapeutics, Inc.",listed,5,2021-11-09,2022-11-10,2021-11-09,2023-05-29
1361658,TNL,NYSE,Travel & Leisure Co.,listed,20,2018-02-20,2022-10-27,2018-02-20,2023-05-15
1430306,TNXP,Nasdaq,Tonix Pharmaceuticals Holding Corp.,listed,12,2018-03-09,2022-03-14,2018-03-09,2022-09-30
794170,TOL,NYSE,"Toll Brothers, Inc.",listed,20,2018-03-08,2022-12-19,2018-03-08,2023-07-07
1566610,TONX,Nasdaq,TON Strategy Co,listed,20,2018-04-02,2022-11-14,2018-04-02,2023-06-02
1650164,TOST,NYSE,"Toast, Inc.",listed,5,2021-11-09,2022-11-14,2021-11-09,2023-06-02
1290677,TPB,NYSE,"Turning Point Brands, Inc.",listed,20,2018-03-08,2022-10-26,2018-03-08,2023-05-14
77543,TPC,NYSE,TUTOR PERINI CORP,listed,20,2018-02-27,2022-11-02,2018-02-27,2023-05-21
1811074,TPL,NYSE,Texas Pacific Land Corp,listed,8,2021-02-25,2022-11-02,2021-02-25,2023-05-21
1116132,TPR,NYSE,"TAPESTRY, INC.",listed,20,2018-02-07,2022-11-10,2018-02-07,2023-05-29
98677,TR,NYSE,TOOTSIE ROLL INDUSTRIES INC,listed,20,2018-03-01,2022-11-08,2018-03-01,2023-05-27
50471,TRAK,NYSE,"ReposiTrak, Inc.",listed,20,2018-02-08,2022-11-14,2018-02-08,2023-06-02
96869,TRC,NYSE,TEJON RANCH CO,listed,20,2018-03-12,2022-11-07,2018-03-12,2023-05-26
1434621,TREE,Nasdaq,"LendingTree, Inc.",listed,20,2018-02-26,2022-11-04,2018-02-26,2023-05-23
1069878,TREX,NYSE,TREX CO INC,listed,20,2018-02-21,2022-10-31,2018-02-21,2023-05-19
1389170,TRGP,NYSE,Targa Resources Corp.,listed,20,2018-02-16,2022-11-03,2018-02-16,2023-05-22
1786108,TRIN,NYSE,Trinity Capital Inc.,listed,11,2020-05-14,2022-11-03,2020-05-14,2023-05-22
1526520,TRIP,Nasdaq,"TripAdvisor, Inc.",listed,20,2018-02-21,2022-11-07,2018-02-21,2023-05-26
1754195,TRLV,NYSE,Trulieve Cannabis Corp.,listed,8,2021-03-23,2022-11-09,2021-03-23,2023-05-28
864749,TRMB,Nasdaq,TRIMBLE INC.,listed,20,2018-02-27,2022-11-02,2018-02-27,2023-05-21
36146,TRMK,Nasdaq,TRUSTMARK CORP,listed,20,2018-02-20,2022-11-03,2018-02-20,2023-05-22
99780,TRN,NYSE,TRINITY INDUSTRIES INC,listed,20,2018-02-22,2022-10-25,2018-02-22,2023-05-13
1476150,TRNO,NYSE,Terreno Realty Corp,listed,20,2018-02-07,2022-11-02,2018-02-07,2023-05-21
99302,TRNS,Nasdaq,TRANSCAT INC,listed,20,2018-02-02,2022-11-02,2018-02-02,2023-05-21
1113169,TROW,Nasdaq,PRICE T ROWE GROUP INC,listed,20,2018-02-16,2022-10-27,2018-02-16,2023-05-15
1530804,TROX,NYSE,Tronox Holdings plc,listed,20,2018-03-01,2022-10-27,2018-03-01,2023-05-15
842633,TRS,Nasdaq,TRIMAS CORP,listed,20,2018-02-27,2022-10-27,2018-02-27,2023-05-15
357301,TRST,Nasdaq,TRUSTCO BANK CORP N Y,listed,15,2018-05-04,2022-11-07,2018-05-04,2023-05-26
1630472,TRTX,NYSE,"TPG RE Finance Trust, Inc.",listed,20,2018-02-26,2022-11-01,2018-02-26,2023-05-20
1552033,TRU,NYSE,TransUnion,listed,20,2018-02-13,2022-10-25,2018-02-13,2023-05-13
1371285,TRUP,Nasdaq,"TRUPANION, INC.",listed,20,2018-02-14,2022-11-04,2018-02-14,2023-05-23
86312,TRV,NYSE,"TRAVELERS COMPANIES, INC.",listed,20,2018-02-15,2022-10-19,2018-02-15,2023-05-07
1046050,TSBK,Nasdaq,TIMBERLAND BANCORP INC,listed,20,2018-02-08,2022-12-09,2018-02-08,2023-06-27
916365,TSCO,Nasdaq,TRACTOR SUPPLY CO /DE/,listed,20,2018-02-22,2022-11-03,2018-02-22,2023-05-22
1318605,TSLA,Nasdaq,"Tesla, Inc.",listed,20,2018-02-23,2022-10-24,2018-02-23,2023-05-12
100493,TSN,NYSE,"TYSON FOODS, INC.",listed,12,2019-05-06,2022-11-14,2019-05-06,2023-06-02
1320760,TSSI,Nasdaq,"TSS, Inc.",listed,20,2018-03-23,2022-11-14,2018-03-23,2023-06-02
737758,TTC,NYSE,TORO CO,listed,20,2018-03-07,2022-12-22,2018-03-07,2023-07-10
1671933,TTD,Nasdaq,"Trade Desk, Inc.",listed,20,2018-02-28,2022-11-09,2018-02-28,2023-05-28
831641,TTEK,Nasdaq,TETRA TECH INC,listed,20,2018-02-01,2022-11-25,2018-02-01,2023-06-13
844965,TTI,NYSE,TETRA TECHNOLOGIES INC,listed,20,2018-03-05,2022-10-31,2018-03-05,2023-05-19
1116942,TTMI,Nasdaq,TTM TECHNOLOGIES INC,listed,20,2018-02-23,2022-11-08,2018-02-23,2023-05-27
946581,TTWO,Nasdaq,TAKE TWO INTERACTIVE SOFTWARE INC,listed,20,2018-02-08,2022-11-08,2018-02-08,2023-05-27
1438533,TVTX,Nasdaq,"Travere Therapeutics, Inc.",listed,20,2018-02-27,2022-10-27,2018-02-27,2023-05-15
1758730,TW,Nasdaq,Tradeweb Markets Inc.,listed,15,2019-05-20,2022-10-27,2019-05-20,2023-05-15
899751,TWI,NYSE,TITAN INTERNATIONAL INC,listed,20,2018-02-23,2022-11-07,2018-02-23,2023-05-26
100378,TWIN,Nasdaq,TWIN DISC INC,listed,20,2018-02-06,2022-11-09,2018-02-06,2023-05-28
1447669,TWLO,NYSE,TWILIO INC,listed,20,2018-03-01,2022-11-04,2018-03-01,2023-05-23
1581280,TWST,Nasdaq,Twist Bioscience Corp,listed,17,2018-12-20,2022-11-28,2018-12-20,2023-06-16
1770787,TXG,Nasdaq,"10x Genomics, Inc.",listed,13,2019-11-12,2022-11-03,2019-11-12,2023-05-22
97476,TXN,Nasdaq,TEXAS INSTRUMENTS INC,listed,20,2018-02-22,2022-10-26,2018-02-22,2023-05-14
1108426,TXNM,NYSE,TXNM ENERGY INC,listed,20,2018-03-01,2022-11-04,2018-03-01,2023-05-23
1289460,TXRH,Nasdaq,"Texas Roadhouse, Inc.",listed,20,2018-02-23,2022-11-04,2018-02-23,2023-05-23
217346,TXT,NYSE,TEXTRON INC,listed,20,2018-02-15,2022-10-27,2018-02-15,2023-05-15
860731,TYL,NYSE,TYLER TECHNOLOGIES INC,listed,20,2018-02-21,2022-10-27,2018-02-21,2023-05-15
1810806,U,NYSE,Unity Software Inc.,listed,9,2020-11-13,2022-11-09,2020-11-13,2023-05-28
1336917,UAA,NYSE,"Under Armour, Inc.",listed,19,2018-02-28,2022-11-08,2018-02-28,2023-05-27
100517,UAL,Nasdaq,"United Airlines Holdings, Inc.",listed,20,2018-02-22,2022-10-19,2018-02-22,2023-05-07
101538,UAMY,NYSE,UNITED STATES ANTIMONY CORP,listed,20,2018-04-02,2022-11-14,2018-04-02,2023-06-02
1543151,UBER,NYSE,"Uber Technologies, Inc",listed,15,2019-06-04,2022-11-02,2019-06-04,2023-05-21
729986,UBSI,Nasdaq,UNITED BANKSHARES INC/WV,listed,20,2018-03-01,2022-11-09,2018-03-01,2023-05-28
857855,UCB,NYSE,UNITED COMMUNITY BANKS INC,listed,20,2018-02-27,2022-11-04,2018-02-27,2023-05-23
1275014,UCTT,Nasdaq,"Ultra Clean Holdings, Inc.",listed,20,2018-03-14,2022-11-09,2018-03-14,2023-05-28
74208,UDR,NYSE,"UDR, Inc.",listed,20,2018-02-20,2022-10-27,2018-02-20,2023-05-15
1611547,UE,NYSE,Urban Edge Properties,listed,20,2018-02-14,2022-11-03,2018-02-14,2023-05-22
101199,UFCS,Nasdaq,UNITED FIRE GROUP INC,listed,15,2018-02-28,2022-02-25,2018-02-28,2022-09-13
100726,UFI,NYSE,UNIFI INC,listed,20,2018-01-31,2022-11-09,2018-01-31,2023-05-28
912767,UFPI,Nasdaq,UFP INDUSTRIES INC,listed,20,2018-02-28,2022-11-03,2018-02-28,2023-05-22
914156,UFPT,Nasdaq,UFP TECHNOLOGIES INC,listed,20,2018-03-16,2022-11-09,2018-03-16,2023-05-28
884614,UGI,NYSE,UGI CORP /PA/,listed,20,2018-02-06,2022-11-21,2018-02-06,2023-06-09
352915,UHS,NYSE,UNIVERSAL HEALTH SERVICES INC,listed,20,2018-02-28,2022-11-08,2018-02-28,2023-05-27
1511737,UI,NYSE,Ubiquiti Inc.,listed,20,2018-02-08,2022-11-04,2018-02-08,2023-05-23
746838,UIS,NYSE,UNISYS CORP,listed,20,2018-03-12,2022-11-23,2018-03-12,2023-06-11
1670076,ULCC,Nasdaq,"Frontier Group Holdings, Inc.",listed,7,2021-05-13,2022-10-26,2021-05-13,2023-05-14
1308208,ULH,Nasdaq,"UNIVERSAL LOGISTICS HOLDINGS, INC.",listed,20,2018-03-16,2022-11-10,2018-03-16,2023-05-29
1403568,ULTA,Nasdaq,"Ulta Beauty, Inc.",listed,20,2018-04-03,2022-12-01,2018-04-03,2023-06-19
101382,UMBF,Nasdaq,UMB FINANCIAL CORP,listed,20,2018-02-22,2022-10-27,2018-02-22,2023-05-15
752642,UMH,NYSE,"UMH PROPERTIES, INC.",listed,20,2018-03-08,2022-11-08,2018-03-08,2023-05-27
717954,UNF,NYSE,UNIFIRST CORP,listed,20,2018-01-04,2022-10-26,2018-01-04,2023-05-14
1020859,UNFI,NYSE,UNITED NATURAL FOODS INC,listed,20,2018-03-08,2022-12-07,2018-03-08,2023-06-25
731766,UNH,NYSE,UNITEDHEALTH GROUP INC,listed,20,2018-02-13,2022-11-02,2018-02-13,2023-05-21
5513,UNM,NYSE,Unum Group,listed,20,2018-02-21,2022-11-02,2018-02-21,2023-05-21
100885,UNP,NYSE,UNION PACIFIC CORP,listed,20,2018-02-09,2022-10-20,2018-02-09,2023-05-08
920427,UNTY,Nasdaq,UNITY BANCORP INC /NJ/,listed,19,2018-05-03,2022-11-10,2018-05-03,2023-05-29
1819516,UP,NYSE,Wheels Up Experience Inc.,listed,5,2021-11-10,2022-11-09,2021-11-10,2023-05-28
933036,UPBD,Nasdaq,"UPBOUND GROUP, INC.",listed,20,2018-03-01,2022-11-03,2018-03-01,2023-05-22
1090727,UPS,NYSE,UNITED PARCEL SERVICE INC,listed,20,2018-02-21,2022-11-02,2018-02-21,2023-05-21
1647639,UPST,Nasdaq,"Upstart Holdings, Inc.",listed,8,2021-03-18,2022-11-09,2021-03-18,2023-05-28
1627475,UPWK,Nasdaq,"UPWORK, INC",listed,17,2018-11-08,2022-10-26,2018-11-08,2023-05-14
912615,URBN,Nasdaq,URBAN OUTFITTERS INC,listed,20,2018-04-02,2022-12-12,2018-04-02,2023-06-30
1067701,URI,NYSE,"UNITED RENTALS, INC.",listed,20,2018-01-24,2022-10-26,2018-01-24,2023-05-14
36104,USB,NYSE,US BANCORP \DE\,listed,17,2018-05-03,2022-11-01,2018-05-03,2023-05-20
1665918,USFD,NYSE,US Foods Holding Corp.,listed,20,2018-02-27,2022-11-10,2018-02-27,2023-05-29
82020,USLM,Nasdaq,UNITED STATES LIME & MINERALS INC,listed,20,2018-03-02,2022-10-27,2018-03-02,2023-05-15
896264,USNA,NYSE,USANA HEALTH SCIENCES INC,listed,20,2018-02-28,2022-11-08,2018-02-28,2023-05-27
885978,USPH,NYSE,U S PHYSICAL THERAPY INC /NV,listed,18,2018-03-14,2022-11-08,2018-03-14,2023-05-27
1082554,UTHR,Nasdaq,UNITED THERAPEUTICS Corp,listed,20,2018-02-21,2022-11-02,2018-02-21,2023-05-21
1261654,UTI,NYSE,UNIVERSAL TECHNICAL INSTITUTE INC,listed,20,2018-02-09,2022-12-12,2018-02-09,2023-06-30
755001,UTL,NYSE,UNITIL CORP,listed,20,2018-02-01,2022-11-01,2018-02-01,2023-05-20
706698,UTMD,Nasdaq,UTAH MEDICAL PRODUCTS INC,listed,20,2018-03-06,2022-11-10,2018-03-06,2023-05-29
1739566,UTZ,NYSE,"Utz Brands, Inc.",listed,11,2019-03-28,2022-11-10,2019-03-28,2023-05-29
1385849,UUUU,NYSE,ENERGY FUELS INC,listed,15,2018-03-12,2022-11-04,2018-03-12,2023-05-23
891166,UVE,NYSE,"UNIVERSAL INSURANCE HOLDINGS, INC.",listed,20,2018-02-23,2022-11-02,2018-02-23,2023-05-21
102212,UVSP,Nasdaq,UNIVEST FINANCIAL Corp,listed,20,2018-03-01,2022-10-28,2018-03-01,2023-05-16
102037,UVV,NYSE,UNIVERSAL CORP /VA/,listed,20,2018-02-06,2022-11-03,2018-02-06,2023-05-22
1783398,UWMC,NYSE,UWM Holdings Corp,listed,8,2021-03-22,2022-11-04,2021-03-22,2023-05-23
1403161,V,NYSE,VISA INC.,listed,20,2018-02-01,2022-11-16,2018-02-01,2023-06-04
1572334,VABK,Nasdaq,Virginia National Bankshares Corp,listed,19,2018-05-15,2022-11-02,2018-05-15,2023-05-21
1524358,VAC,NYSE,MARRIOTT VACATIONS WORLDWIDE Corp,listed,20,2018-02-27,2022-11-04,2018-02-27,2023-05-23
717720,VALU,Nasdaq,VALUE LINE INC,listed,20,2018-03-14,2022-12-12,2018-03-14,2023-06-30
1111335,VC,Nasdaq,VISTEON CORP,listed,20,2018-02-22,2022-10-27,2018-02-22,2023-05-15
887359,VCEL,Nasdaq,Vericel Corp,listed,20,2018-03-05,2022-11-09,2018-03-05,2023-05-28
1570827,VCTR,Nasdaq,"Victory Capital Holdings, Inc.",listed,20,2018-03-29,2022-11-07,2018-03-29,2023-05-26
1384101,VCYT,Nasdaq,"VERACYTE, INC.",listed,20,2018-02-27,2022-11-03,2018-02-27,2023-05-22
103145,VECO,Nasdaq,VEECO INSTRUMENTS INC,listed,20,2018-02-21,2022-11-07,2018-02-21,2023-05-26
1393052,VEEV,NYSE,VEEVA SYSTEMS INC,listed,20,2018-03-30,2022-12-07,2018-03-30,2023-06-25
1825079,VELO,Nasdaq,"Velo3D, Inc.",listed,7,2021-05-24,2022-11-14,2021-05-24,2023-06-02
1806837,VERX,Nasdaq,"Vertex, Inc.",listed,10,2020-09-11,2022-11-09,2020-09-11,2023-05-28
103379,VFC,NYSE,V F CORP,listed,19,2018-02-28,2022-11-02,2018-02-28,2023-05-21
1584549,VFF,Nasdaq,"Village Farms International, Inc.",listed,12,2020-04-01,2022-11-09,2020-04-01,2023-05-28
783324,VGZ,NYSE,VISTA GOLD CORP,listed,8,2020-05-04,2022-02-24,2020-05-04,2022-09-12
59255,VHI,NYSE,VALHI INC /DE/,listed,20,2018-03-15,2022-11-03,2018-03-15,2023-05-22
912093,VIAV,Nasdaq,VIAVI SOLUTIONS INC.,listed,20,2018-02-07,2022-11-04,2018-02-07,2023-05-23
1705696,VICI,NYSE,VICI PROPERTIES INC.,listed,18,2018-03-28,2022-10-27,2018-03-28,2023-05-15
751978,VICR,Nasdaq,VICOR CORP,listed,20,2018-03-09,2022-11-03,2018-03-09,2023-05-22
1592386,VIRT,NYSE,"Virtu Financial, Inc.",listed,20,2018-03-13,2022-11-03,2018-03-13,2023-05-22
1517228,VISN,Nasdaq,"Vistance Networks, Inc.",listed,20,2018-02-15,2022-11-03,2018-02-15,2023-05-22
1579733,VITL,Nasdaq,"Vital Farms, Inc.",listed,10,2020-09-10,2022-11-03,2020-09-10,2023-05-22
103595,VLGEA,Nasdaq,VILLAGE SUPER MARKET INC,listed,20,2018-03-08,2022-12-07,2018-03-08,2023-06-25
1035002,VLO,NYSE,VALERO ENERGY CORP/TX,listed,20,2018-02-28,2022-10-26,2018-02-28,2023-05-14
714310,VLY,Nasdaq,VALLEY NATIONAL BANCORP,listed,20,2018-03-01,2022-11-08,2018-03-01,2023-05-27
1396009,VMC,NYSE,Vulcan Materials CO,listed,20,2018-02-27,2022-11-03,2018-02-27,2023-05-22
1729149,VMD,Nasdaq,"VIEMED HEALTHCARE, INC.",listed,14,2019-08-09,2022-11-01,2019-08-09,2023-05-20
102729,VMI,NYSE,VALMONT INDUSTRIES INC,listed,20,2018-02-28,2022-11-02,2018-02-28,2023-05-21
1347178,VNDA,Nasdaq,Vanda Pharmaceuticals Inc.,listed,20,2018-02-15,2022-11-03,2018-02-15,2023-05-22
1786842,VNT,NYSE,Vontier Corp,listed,9,2020-10-30,2022-11-04,2020-10-30,2023-05-23
1535929,VOYA,NYSE,"Voya Financial, Inc.",listed,19,2018-02-23,2022-11-03,2018-02-23,2023-05-22
1487952,VPG,NYSE,"Vishay Precision Group, Inc.",listed,20,2018-03-15,2022-11-08,2018-03-15,2023-05-27
1590750,VRDN,Nasdaq,"Viridian Therapeutics, Inc.\DE",listed,17,2018-03-15,2022-03-11,2018-03-15,2022-09-27
1681622,VREX,Nasdaq,Varex Imaging Corp,listed,20,2018-02-07,2022-11-18,2018-02-07,2023-06-06
1361113,VRNS,Nasdaq,VARONIS SYSTEMS INC,listed,20,2018-02-13,2022-11-01,2018-02-13,2023-05-20
1682745,VRRM,Nasdaq,VERRA MOBILITY Corp,listed,16,2019-03-18,2022-11-02,2019-03-18,2023-05-21
1442145,VRSK,Nasdaq,"Verisk Analytics, Inc.",listed,20,2018-02-20,2022-11-01,2018-02-20,2023-05-20
1014473,VRSN,Nasdaq,VERISIGN INC/CA,listed,20,2018-02-16,2022-10-27,2018-02-16,2023-05-15
1674101,VRT,NYSE,Vertiv Holdings Co,listed,12,2020-03-12,2022-10-31,2020-03-12,2023-05-19
883237,VRTS,NYSE,"VIRTUS INVESTMENT PARTNERS, INC.",listed,20,2018-02-27,2022-11-08,2018-02-27,2023-05-27
875320,VRTX,Nasdaq,VERTEX PHARMACEUTICALS INC / MA,listed,20,2018-02-15,2022-10-28,2018-02-15,2023-05-16
797721,VSAT,Nasdaq,VIASAT INC,listed,20,2018-02-09,2022-11-09,2018-02-09,2023-05-28
102752,VSEC,Nasdaq,VSE CORP,listed,20,2018-03-07,2022-10-27,2018-03-07,2023-05-15
103730,VSH,NYSE,VISHAY INTERTECHNOLOGY INC,listed,20,2018-02-16,2022-11-02,2018-02-16,2023-05-21
1692819,VST,NYSE,Vistra Corp.,listed,20,2018-02-26,2022-11-04,2018-02-26,2023-05-23
1856437,VSXY,NYSE,Victoria's Secret & Co.,listed,6,2021-09-10,2022-12-02,2021-09-10,2023-06-20
1525221,VTOL,NYSE,Bristow Group Inc.,listed,20,2018-03-09,2022-11-03,2018-03-09,2023-05-22
740260,VTR,NYSE,"Ventas, Inc.",listed,20,2018-02-09,2022-11-04,2018-02-09,2023-05-23
1792044,VTRS,Nasdaq,Viatris Inc,listed,8,2021-03-01,2022-11-07,2021-03-01,2023-05-26
1463972,VUZI,Nasdaq,Vuzix Corp,listed,20,2018-03-16,2022-11-09,2018-03-16,2023-05-28
1674910,VVV,NYSE,VALVOLINE INC,listed,20,2018-02-08,2022-11-23,2018-02-08,2023-06-11
1601548,VVX,NYSE,"V2X, Inc.",listed,20,2018-03-01,2022-11-08,2018-03-01,2023-05-27
1640266,VYGR,Nasdaq,"Voyager Therapeutics, Inc.",listed,20,2018-03-14,2022-11-08,2018-03-14,2023-05-27
70866,VYX,NYSE,NCR Voyix Corp,listed,20,2018-02-26,2022-10-31,2018-02-26,2023-05-19
732712,VZ,NYSE,VERIZON COMMUNICATIONS INC,listed,20,2018-02-23,2022-10-25,2018-02-23,2023-05-13
1616707,W,NYSE,Wayfair Inc.,listed,20,2018-02-26,2022-11-03,2018-02-26,2023-05-22
943452,WAB,NYSE,WESTINGHOUSE AIR BRAKE TECHNOLOGIES CORP,listed,20,2018-02-26,2022-11-01,2018-02-26,2023-05-20
311094,WABC,Nasdaq,WESTAMERICA BANCORPORATION,listed,20,2018-02-27,2022-11-08,2018-02-27,2023-05-27
936528,WAFD,Nasdaq,WAFD INC,listed,20,2018-01-26,2022-11-18,2018-01-26,2023-06-06
737468,WASH,Nasdaq,WASHINGTON TRUST BANCORP INC,listed,20,2018-02-27,2022-11-07,2018-02-27,2023-05-26
1000697,WAT,NYSE,WATERS CORP /DE/,listed,20,2018-02-27,2022-11-03,2018-02-27,2023-05-22
1437107,WBD,Nasdaq,"Warner Bros. Discovery, Inc.",listed,20,2018-02-28,2022-11-04,2018-02-28,2023-05-23
801337,WBS,NYSE,WEBSTER FINANCIAL CORP,listed,20,2018-03-01,2022-11-04,2018-03-01,2023-05-23
929008,WCC,NYSE,WESCO INTERNATIONAL INC,listed,20,2018-02-22,2022-11-04,2018-02-22,2023-05-23
1497770,WD,NYSE,"Walker & Dunlop, Inc.",listed,20,2018-02-23,2022-11-09,2018-02-23,2023-05-28
1327811,WDAY,Nasdaq,"Workday, Inc.",listed,20,2018-03-14,2022-11-29,2018-03-14,2023-06-17
106040,WDC,Nasdaq,WESTERN DIGITAL CORP,listed,20,2018-02-06,2022-11-02,2018-02-06,2023-05-21
105132,WDFC,Nasdaq,WD 40 CO,listed,20,2018-01-09,2022-10-24,2018-01-09,2023-05-12
1609151,WEAV,NYSE,"Weave Communications, Inc.",listed,5,2021-12-09,2022-11-10,2021-12-09,2023-05-29
783325,WEC,NYSE,"WEC ENERGY GROUP, INC.",listed,20,2018-02-28,2022-11-03,2018-02-28,2023-05-22
766704,WELL,NYSE,WELLTOWER INC.,listed,20,2018-02-28,2022-11-08,2018-02-28,2023-05-27
30697,WEN,Nasdaq,Wendy's Co,listed,20,2018-02-28,2022-11-09,2018-02-28,2023-05-28
793074,WERN,Nasdaq,WERNER ENTERPRISES INC,listed,20,2018-02-27,2022-11-04,2018-02-27,2023-05-23
1309108,WEX,NYSE,WEX Inc.,listed,20,2018-03-01,2022-10-28,2018-03-01,2023-05-16
106532,WEYS,Nasdaq,WEYCO GROUP INC,listed,20,2018-03-13,2022-11-07,2018-03-13,2023-05-26
72971,WFC,NYSE,WELLS FARGO & COMPANY/MN,listed,15,2018-05-04,2022-10-31,2018-05-04,2023-05-19
1603923,WFRD,Nasdaq,Weatherford International plc,listed,18,2018-02-14,2022-10-26,2018-02-14,2023-05-14
107687,WGO,NYSE,WINNEBAGO INDUSTRIES INC,listed,20,2018-03-22,2022-12-16,2018-03-22,2023-07-04
1818331,WGS,Nasdaq,GeneDx Holdings Corp.,listed,5,2021-11-15,2022-11-14,2021-11-15,2023-06-02
1722684,WH,NYSE,"WYNDHAM HOTELS & RESORTS, INC.",listed,19,2018-06-11,2022-10-26,2018-06-11,2023-05-14
1699136,WHD,NYSE,"Cactus, Inc.",listed,20,2018-03-19,2022-11-07,2018-03-19,2023-05-26
1165002,WHG,NYSE,WESTWOOD HOLDINGS GROUP INC,listed,20,2018-02-23,2022-10-26,2018-02-23,2023-05-14
106640,WHR,NYSE,WHIRLPOOL CORP /DE/,listed,20,2018-02-13,2022-10-21,2018-02-13,2023-05-09
1422142,WHWK,Nasdaq,"Whitehawk Therapeutics, Inc.",listed,20,2018-03-15,2022-11-09,2018-03-15,2023-05-28
908315,WINA,Nasdaq,WINMARK CORP,listed,20,2018-03-09,2022-10-12,2018-03-09,2023-04-30
1636222,WING,Nasdaq,Wingstop Inc.,listed,20,2018-02-23,2022-10-26,2018-02-23,2023-05-14
1445305,WK,NYSE,WORKIVA INC,listed,20,2018-02-22,2022-11-02,2018-02-22,2023-05-21
789460,WKC,NYSE,WORLD KINECT CORP,listed,20,2018-02-28,2022-10-28,2018-02-28,2023-05-16
1370450,WLDN,Nasdaq,"Willdan Group, Inc.",listed,20,2018-03-09,2022-11-04,2018-03-09,2023-05-23
1018164,WLFC,Nasdaq,WILLIS LEASE FINANCE CORP,listed,20,2018-03-15,2022-11-04,2018-03-15,2023-05-23
1262823,WLK,NYSE,WESTLAKE CORP,listed,20,2018-02-21,2022-11-03,2018-02-21,2023-05-22
107140,WLY,NYSE,"JOHN WILEY & SONS, INC.",listed,20,2018-03-07,2022-12-09,2018-03-07,2023-06-27
823768,WM,NYSE,WASTE MANAGEMENT INC,listed,20,2018-02-15,2022-10-26,2018-02-15,2023-05-14
107263,WMB,NYSE,"WILLIAMS COMPANIES, INC.",listed,20,2018-02-22,2022-10-31,2018-02-22,2023-05-19
1319161,WMG,Nasdaq,Warner Music Group Corp.,listed,20,2018-02-02,2022-11-22,2018-02-02,2023-06-10
105418,WMK,NYSE,WEIS MARKETS INC,listed,20,2018-03-15,2022-11-03,2018-03-15,2023-05-22
1604028,WMS,NYSE,"ADVANCED DRAINAGE SYSTEMS, INC.",listed,20,2018-02-09,2022-11-03,2018-02-09,2023-05-22
104169,WMT,Nasdaq,Walmart Inc.,listed,20,2018-03-30,2022-12-01,2018-03-30,2023-06-19
879526,WNC,NYSE,WABASH NATIONAL Corp,listed,20,2018-02-28,2022-10-26,2018-02-28,2023-05-14
1157647,WNEB,Nasdaq,"Western New England Bancorp, Inc.",listed,20,2018-03-15,2022-11-04,2018-03-15,2023-05-23
895419,WOLF,NYSE,"WOLFSPEED, INC.",listed,20,2018-01-24,2022-10-27,2018-01-24,2023-05-15
1826470,WOOF,Nasdaq,"Petco Health & Wellness Company, Inc.",listed,8,2021-04-05,2022-12-08,2021-04-05,2023-06-26
108516,WOR,NYSE,"WORTHINGTON ENTERPRISES, INC.",listed,17,2018-01-09,2022-10-11,2018-01-09,2023-04-29
1025378,WPC,NYSE,W. P. Carey Inc.,listed,20,2018-02-23,2022-11-04,2018-02-23,2023-05-23
11544,WRB,NYSE,BERKLEY W R CORP,listed,20,2018-02-23,2022-11-04,2018-02-23,2023-05-23
1504776,WRBY,NYSE,Warby Parker Inc.,listed,5,2021-11-12,2022-11-10,2021-11-12,2023-05-29
108385,WRLD,Nasdaq,WORLD ACCEPTANCE CORP,listed,20,2018-02-06,2022-11-04,2018-02-06,2023-05-23
203596,WSBC,Nasdaq,WESBANCO INC,listed,20,2018-02-27,2022-11-03,2018-02-27,2023-05-22
1569994,WSBF,Nasdaq,"Waterstone Financial, Inc.",listed,20,2018-03-06,2022-11-02,2018-03-06,2023-05-21
1647088,WSC,Nasdaq,WillScot Holdings Corp,listed,20,2018-03-16,2022-11-03,2018-03-16,2023-05-22
828944,WSFS,Nasdaq,WSFS FINANCIAL CORP,listed,20,2018-03-01,2022-11-04,2018-03-01,2023-05-23
719955,WSM,NYSE,WILLIAMS SONOMA INC,listed,20,2018-03-29,2022-12-02,2018-03-29,2023-06-20
105016,WSO,NYSE,WATSCO INC,listed,20,2018-03-01,2022-11-03,2018-03-01,2023-05-22
105770,WST,NYSE,WEST PHARMACEUTICAL SERVICES INC,listed,20,2018-02-26,2022-10-27,2018-02-26,2023-05-15
880631,WT,NYSE,"WisdomTree, Inc.",listed,20,2018-03-01,2022-11-04,2018-03-01,2023-05-23
1166928,WTBA,Nasdaq,WEST BANCORPORATION INC,listed,20,2018-03-01,2022-10-27,2018-03-01,2023-05-15
1015328,WTFC,Nasdaq,WINTRUST FINANCIAL CORP,listed,20,2018-02-28,2022-11-08,2018-02-28,2023-05-27
1288403,WTI,NYSE,W&T OFFSHORE INC,listed,20,2018-03-02,2022-11-09,2018-03-02,2023-05-28
776867,WTM,NYSE,WHITE MOUNTAINS INSURANCE GROUP LTD,listed,20,2018-02-28,2022-11-07,2018-02-28,2023-05-26
78128,WTRG,NYSE,"Essential Utilities, Inc.",listed,20,2018-02-28,2022-11-09,2018-02-28,2023-05-28
795403,WTS,NYSE,WATTS WATER TECHNOLOGIES INC,listed,20,2018-02-23,2022-11-03,2018-02-23,2023-05-22
1693256,WTTR,NYSE,"Select Water Solutions, Inc.",listed,20,2018-03-19,2022-11-03,2018-03-19,2023-05-22
1365135,WU,NYSE,Western Union CO,listed,20,2018-02-22,2022-11-01,2018-02-22,2023-05-20
1083301,WULF,Nasdaq,TERAWULF INC.,listed,19,2018-03-02,2022-11-14,2018-03-02,2023-06-02
105319,WW,Nasdaq,"WW INTERNATIONAL, INC.",listed,20,2018-02-28,2022-11-03,2018-02-28,2023-05-22
108312,WWD,Nasdaq,"Woodward, Inc.",listed,20,2018-01-24,2022-11-18,2018-01-24,2023-06-06
110471,WWW,NYSE,WOLVERINE WORLD WIDE INC /DE/,listed,20,2018-02-27,2022-11-10,2018-02-27,2023-05-29
106535,WY,NYSE,WEYERHAEUSER CO,listed,20,2018-02-16,2022-10-28,2018-02-16,2023-05-16
1174922,WYNN,Nasdaq,WYNN RESORTS LTD,listed,20,2018-02-28,2022-11-09,2018-02-28,2023-05-28
72903,XEL,Nasdaq,XCEL ENERGY INC,listed,20,2018-02-23,2022-10-27,2018-02-23,2023-05-15
1867096,XERS,Nasdaq,"Xeris Biopharma Holdings, Inc.",listed,5,2021-11-10,2022-11-09,2021-11-10,2023-05-28
1501697,XFOR,Nasdaq,"X4 Pharmaceuticals, Inc",listed,14,2018-05-10,2022-11-03,2018-05-10,2023-05-22
1274737,XGN,Nasdaq,EXAGEN INC.,listed,13,2019-11-12,2022-11-21,2019-11-12,2023-06-09
1616000,XHR,NYSE,"Xenia Hotels & Resorts, Inc.",listed,20,2018-02-27,2022-11-02,2018-02-27,2023-05-21
1473334,XMAX,Nasdaq,XMax Inc.,listed,20,2018-03-29,2022-11-18,2018-03-29,2023-06-06
1657573,XMTR,Nasdaq,"Xometry, Inc.",listed,6,2021-08-13,2022-11-14,2021-08-13,2023-06-02
1326732,XNCR,Nasdaq,Xencor Inc,listed,12,2018-02-28,2022-02-24,2018-02-28,2022-09-12
1767258,XPEL,Nasdaq,"XPEL, Inc.",listed,14,2019-08-21,2022-11-09,2019-08-21,2023-05-28
1166003,XPO,NYSE,"XPO, Inc.",listed,20,2018-02-12,2022-11-02,2018-02-12,2023-05-21
1802156,XPOF,NYSE,"Xponential Fitness, Inc.",listed,6,2021-08-25,2022-11-10,2021-08-25,2023-05-29
818479,XRAY,Nasdaq,DENTSPLY SIRONA Inc.,listed,20,2018-03-15,2022-11-14,2018-03-15,2023-06-02
1533615,XRN,NYSE,Chiron Real Estate Inc.,listed,20,2018-03-12,2022-11-04,2018-03-12,2023-05-23
1770450,XRX,Nasdaq,Xerox Holdings Corp,listed,14,2019-08-06,2022-11-02,2019-08-06,2023-05-21
1524472,XYL,NYSE,Xylem Inc.,listed,18,2018-02-23,2022-11-01,2018-02-23,2023-05-20
1512673,XYZ,NYSE,"Block, Inc.",listed,20,2018-02-27,2022-11-03,2018-02-27,2023-05-22
1345016,YELP,NYSE,YELP INC,listed,20,2018-02-28,2022-11-04,2018-02-28,2023-05-23
1670592,YETI,NYSE,"YETI Holdings, Inc.",listed,17,2018-12-06,2022-11-10,2018-12-06,2023-05-29
1614178,YEXT,NYSE,"Yext, Inc.",listed,20,2018-03-16,2022-12-02,2018-03-16,2023-06-20
108985,YORW,Nasdaq,YORK WATER CO,listed,20,2018-03-06,2022-11-03,2018-03-06,2023-05-22
1856314,YOU,NYSE,"Clear Secure, Inc.",listed,6,2021-08-16,2022-11-14,2021-08-16,2023-06-02
1041061,YUM,NYSE,YUM BRANDS INC,listed,20,2018-02-22,2022-11-08,2018-02-22,2023-05-27
1673358,YUMC,NYSE,"Yum China Holdings, Inc.",listed,20,2018-02-27,2022-11-09,2018-02-27,2023-05-28
1136869,ZBH,NYSE,"ZIMMER BIOMET HOLDINGS, INC.",listed,20,2018-02-27,2022-11-02,2018-02-27,2023-05-21
877212,ZBRA,Nasdaq,ZEBRA TECHNOLOGIES CORP,listed,20,2018-02-22,2022-11-01,2018-02-22,2023-05-20
1084048,ZD,Nasdaq,"ZIFF DAVIS, INC.",listed,20,2018-03-01,2022-11-09,2018-03-01,2023-05-28
1851003,ZETA,NYSE,Zeta Global Holdings Corp.,listed,6,2021-08-11,2022-11-02,2021-08-11,2023-05-21
1617640,ZG,Nasdaq,"ZILLOW GROUP, INC.",listed,20,2018-02-15,2022-11-02,2018-02-15,2023-05-21
109380,ZION,Nasdaq,"ZIONS BANCORPORATION, NATIONAL ASSOCIATION /UT/",listed,20,2018-03-01,2022-11-03,2018-03-01,2023-05-22
1617553,ZIP,NYSE,"ZIPRECRUITER, INC.",listed,6,2021-08-13,2022-11-09,2021-08-13,2023-05-28
1585521,ZM,Nasdaq,"Zoom Communications, Inc.",listed,15,2019-06-07,2022-11-23,2019-06-07,2023-06-11
1725160,ZNTL,Nasdaq,"Zentalis Pharmaceuticals, Inc.",listed,11,2020-05-15,2022-11-09,2020-05-15,2023-05-28
1713683,ZS,Nasdaq,"Zscaler, Inc.",listed,19,2018-06-07,2022-12-07,2018-06-07,2023-06-25
1555280,ZTS,NYSE,Zoetis Inc.,listed,20,2018-02-15,2022-11-03,2018-02-15,2023-05-22
1318008,ZUMZ,Nasdaq,Zumiez Inc,listed,20,2018-03-19,2022-12-05,2018-03-19,2023-06-23
1434647,ZVRA,Nasdaq,"ZEVRA THERAPEUTICS, INC.",listed,20,2018-03-30,2022-11-10,2018-03-30,2023-05-29
1439288,ZWS,NYSE,Zurn Elkay Water Solutions Corp,listed,19,2018-01-31,2022-10-25,2018-01-31,2023-05-13
1375063,,,SYNTHESIS ENERGY SYSTEMS INC,unresolved,6,2018-02-12,2020-01-13,2018-02-12,2020-07-31
1375151,,,"ZOGENIX, INC.",unresolved,13,2018-03-06,2022-03-01,2018-03-06,2022-09-17
1375195,,,CORETEC GROUP INC.,unresolved,6,2018-04-02,2022-03-21,2018-04-02,2022-10-07
1375618,,,"Amazing Energy Oil & Gas, Co.",unresolved,9,2018-03-19,2020-03-23,2018-03-19,2020-10-09
1375796,,,"Telaria, Inc.",unresolved,9,2018-03-02,2020-03-16,2018-03-02,2020-10-02
1376804,,,"VNUE, Inc.",unresolved,17,2018-04-16,2022-11-18,2018-04-16,2023-06-06
1377178,,,Ridgewood Energy U Fund LLC,unresolved,20,2018-03-09,2022-11-07,2018-03-09,2023-05-26
1378125,,,Toga Ltd,unresolved,6,2018-03-26,2020-06-15,2018-03-26,2021-01-01
1378453,,,TravelCenters of America Inc. /MD/,unresolved,20,2018-02-28,2022-11-02,2018-02-28,2023-05-21
1378624,,,"Cellular Biomedicine Group, Inc.",unresolved,12,2018-03-05,2020-11-09,2018-03-05,2021-05-28
1378718,,,"Wesco Aircraft Holdings, Inc",unresolved,8,2018-02-09,2019-11-26,2018-02-09,2020-06-13
1378946,,,"People's United Financial, Inc.",unresolved,17,2018-03-01,2022-03-01,2018-03-01,2022-09-17
1378992,,,"BERRY GLOBAL GROUP, INC.",unresolved,20,2018-02-07,2022-11-18,2018-02-07,2023-06-06
1379043,,,"XTREME FIGHTING CHAMPIONSHIPS, INC.",unresolved,8,2019-08-28,2022-04-21,2019-08-28,2022-11-07
1379661,,,Targa Resources Partners LP,unresolved,13,2018-02-16,2021-02-18,2018-02-16,2021-09-06
1380846,,,"TriState Capital Holdings, Inc.",unresolved,18,2018-02-23,2022-05-09,2018-02-23,2022-11-25
1381105,,,"Plastic2Oil, Inc.",unresolved,8,2018-04-02,2019-12-16,2018-04-02,2020-07-03
1381240,,,GSRX INDUSTRIES INC.,unresolved,9,2018-07-12,2021-02-16,2018-07-12,2021-09-04
1381435,,,"Giggles N' Hugs, Inc.",unresolved,8,2018-04-16,2019-11-18,2018-04-16,2020-06-05
1381531,,,Domtar CORP,unresolved,20,2018-02-23,2022-11-03,2018-02-23,2023-05-22
1381871,,,"bowmo, Inc.",unresolved,10,2018-02-13,2022-11-21,2018-02-13,2023-06-09
1382230,,,"ESSA Bancorp, Inc.",unresolved,20,2018-02-09,2022-12-14,2018-02-09,2023-07-02
1382821,,,Redfin Corp,unresolved,20,2018-02-22,2022-11-09,2018-02-22,2023-05-28
1382943,,,"PREDICTIVE TECHNOLOGY GROUP, INC.",unresolved,10,2019-02-14,2021-05-17,2019-02-14,2021-12-03
1383054,,,INVESCO DB SILVER FUND,unresolved,5,2018-02-28,2020-08-07,2018-02-28,2021-02-23
1383055,,,Invesco DB Gold Fund,unresolved,8,2018-02-28,2022-11-04,2018-02-28,2023-05-23
1383701,,,Histogen Inc.,unresolved,20,2018-03-08,2022-11-10,2018-03-08,2023-05-29
1384072,,,"Grizzly Energy, LLC",unresolved,7,2018-03-21,2019-08-19,2018-03-21,2020-03-06
1384135,,,"Lithium & Boron Technology, Inc.",unresolved,22,2018-04-30,2022-08-22,2018-04-30,2023-03-10
1385292,,,Monotype Imaging Holdings Inc.,unresolved,7,2018-02-27,2019-07-26,2018-02-27,2020-02-11
1385329,,,"Creative Waste Solutions, Inc.",unresolved,12,2018-01-16,2021-07-30,2018-01-16,2022-02-15
1385508,,,"OPIANT PHARMACEUTICALS, INC.",unresolved,16,2018-08-09,2022-11-14,2018-08-09,2023-06-02
1385662,,,RIDGEWOOD ENERGY V FUND LLC,unresolved,20,2018-03-09,2022-11-07,2018-03-09,2023-05-26
1385799,,,Advanced Biomedical Technologies Inc.,unresolved,5,2018-02-13,2021-03-22,2018-02-13,2021-10-08
1385867,,,Coupa Software Inc,unresolved,20,2018-03-28,2022-12-12,2018-03-28,2023-06-30
1386018,,,"Tiger Oil & Energy, Inc.",unresolved,7,2018-04-24,2019-11-18,2018-04-24,2020-06-05
1387061,,,"Lightstone Value Plus REIT V, Inc.",unresolved,20,2018-03-29,2022-11-14,2018-03-29,2023-06-02
1388319,,,"U.S. Stem Cell, Inc.",unresolved,14,2018-04-16,2022-05-23,2018-04-16,2022-12-09
1388410,,,"PARALLAX HEALTH SCIENCES, INC.",unresolved,5,2018-07-11,2019-04-01,2018-07-11,2019-10-18
1388430,,,"CAI International, Inc.",unresolved,16,2018-02-27,2021-11-05,2018-02-27,2022-05-24
1389002,,,MARIN SOFTWARE INC,unresolved,20,2018-03-01,2022-11-03,2018-03-01,2023-05-22
1389034,,,Kallo Inc.,unresolved,6,2018-11-14,2022-06-03,2018-11-14,2022-12-20
1389067,,,"ARtelligence Holdings, Inc.",unresolved,5,2018-04-02,2022-03-24,2018-04-02,2022-10-10
1389518,,,"Clubhouse Media Group, Inc.",unresolved,8,2021-03-15,2022-11-14,2021-03-15,2023-06-02
1390162,,,Howard Bancorp Inc,unresolved,16,2018-03-15,2021-11-09,2018-03-15,2022-05-28
1390312,,,"Bancorp of New Jersey, Inc.",unresolved,8,2018-03-16,2019-11-12,2018-03-16,2020-05-30
1390844,,,WABCO Holdings Inc.,unresolved,10,2018-02-16,2020-05-01,2018-02-16,2020-11-17
1391127,,,"Edgio, Inc.",unresolved,20,2018-02-08,2022-11-09,2018-02-08,2023-05-28
1392091,,,"Blueknight Energy Partners, L.P.",unresolved,19,2018-03-08,2022-08-04,2018-03-08,2023-02-20
1392545,,,"Lightning Gaming, Inc.",unresolved,20,2018-03-28,2022-11-14,2018-03-28,2023-06-02
1392972,,,"PROS Holdings, Inc.",unresolved,20,2018-02-15,2022-11-01,2018-02-15,2023-05-20
1393066,,,Resolute Forest Products Inc.,unresolved,20,2018-03-01,2022-11-03,2018-03-01,2023-05-22
1393540,,,IGEN NETWORKS CORP,unresolved,20,2018-04-17,2022-11-02,2018-04-17,2023-05-21
1393612,,,Discover Financial Services,unresolved,20,2018-02-21,2022-10-27,2018-02-21,2023-05-15
1394156,,,"Diversified Restaurant Holdings, Inc.",unresolved,8,2018-03-09,2019-11-13,2018-03-09,2020-05-31
1394319,,,"Tracon Pharmaceuticals, Inc.",unresolved,20,2018-03-01,2022-11-14,2018-03-01,2023-06-02
1394922,,,"ATEL 12, LLC",unresolved,8,2018-03-27,2019-11-14,2018-03-27,2020-06-01
1395585,,,First Trinity Financial CORP,unresolved,20,2018-03-08,2022-11-10,2018-03-08,2023-05-29
1395848,,,ADESTO TECHNOLOGIES Corp,unresolved,10,2018-03-13,2020-06-22,2018-03-13,2021-01-08
1396033,,,"LL Flooring Holdings, Inc.",unresolved,20,2018-02-27,2022-11-02,2018-02-27,2023-05-21
1396054,,,U.S. Lithium Corp.,unresolved,8,2018-04-17,2019-11-19,2018-04-17,2020-06-06
1396633,,,SUMMER ENERGY HOLDINGS INC,unresolved,12,2018-03-29,2020-11-19,2018-03-29,2021-06-07
1397047,,,"FlexShopper, Inc.",unresolved,20,2018-03-08,2022-11-10,2018-03-08,2023-05-29
1397403,,,IMH Financial Corp,unresolved,10,2018-03-29,2020-05-15,2018-03-29,2020-12-01
1397702,,,Silk Road Medical Inc,unresolved,15,2019-05-15,2022-11-09,2019-05-15,2023-05-28
1398137,,,"Generation Alpha, Inc.",unresolved,15,2018-04-02,2021-08-13,2018-04-02,2022-03-01
1398529,,,"GREENKRAFT, INC.",unresolved,7,2018-05-24,2020-01-21,2018-05-24,2020-08-08
1398987,,,Anywhere Real Estate Inc.,unresolved,20,2018-02-27,2022-11-03,2018-02-27,2023-05-22
1399249,,,"Pzena Investment Management, Inc.",unresolved,20,2018-03-09,2022-11-04,2018-03-09,2023-05-23
1399306,,,BrewBilt Brewing Co,unresolved,13,2018-02-20,2022-08-15,2018-02-20,2023-03-03
1399352,,,"COOL TECHNOLOGIES, INC.",unresolved,20,2018-04-17,2022-11-21,2018-04-17,2023-06-09
1399529,,,Dicerna Pharmaceuticals Inc,unresolved,13,2018-05-14,2021-11-09,2018-05-14,2022-05-28
1399855,,,"National American University Holdings, Inc.",unresolved,7,2018-01-05,2019-09-19,2018-01-05,2020-04-06
1399935,,,FHC Holdings Corp,unresolved,11,2018-03-28,2020-09-15,2018-03-28,2021-04-03
1401564,,,"First Financial Northwest, Inc.",unresolved,20,2018-03-09,2022-11-10,2018-03-09,2023-05-29
1401680,,,Cornerstone OnDemand Inc,unresolved,15,2018-02-27,2021-08-06,2018-02-27,2022-02-22
1401708,,,"NS Wind Down Co., Inc.",unresolved,20,2018-03-07,2022-11-07,2018-03-07,2023-05-26
1402479,,,"MedAvail Holdings, Inc.",unresolved,20,2018-03-27,2022-11-10,2018-03-27,2023-05-29
1403256,,,"Sculptor Capital Management, Inc.",unresolved,20,2018-02-23,2022-11-09,2018-02-23,2023-05-28
1403431,,,"Heritage-Crystal Clean, Inc.",unresolved,20,2018-03-01,2022-10-19,2018-03-01,2023-05-07
1403570,,,QUANTUM MATERIALS CORP.,unresolved,5,2018-04-30,2021-03-23,2018-04-30,2021-10-09
1403676,,,"GelTech Solutions, Inc.",unresolved,8,2018-03-26,2019-11-08,2018-03-26,2020-05-26
1403708,,,Evoke Pharma Inc,unresolved,12,2018-03-07,2022-11-09,2018-03-07,2023-05-28
1403752,,,Zymeworks BC Inc.,unresolved,19,2018-03-14,2022-08-04,2018-03-14,2023-02-20
1403853,,,"Nuverra Environmental Solutions, Inc.",unresolved,16,2018-03-16,2021-11-15,2018-03-16,2022-06-03
1404079,,,Samson Oil & Gas LTD,unresolved,10,2018-02-14,2020-05-20,2018-02-14,2020-12-06
1404123,,,1Life Healthcare Inc,unresolved,12,2020-03-27,2022-11-02,2020-03-27,2023-05-21
1404935,,,"THC Therapeutics, Inc.",unresolved,17,2018-12-19,2022-12-22,2018-12-19,2023-07-10
1405073,,,Approach Resources Inc,unresolved,8,2018-03-09,2019-11-18,2018-03-09,2020-06-05
1405660,,,Alternative Investment Corp,unresolved,6,2018-01-11,2019-02-19,2018-01-11,2019-09-07
1407067,,,Franklin Financial Network Inc.,unresolved,11,2018-03-16,2020-08-07,2018-03-16,2021-02-23
1407623,,,RETAIL OPPORTUNITY INVESTMENTS CORP,unresolved,20,2018-02-22,2022-10-26,2018-02-22,2023-05-14
1407878,,,"Digital Locations, Inc.",unresolved,11,2018-03-30,2022-08-08,2018-03-30,2023-02-24
1407973,,,"Sonendo, Inc.",unresolved,5,2021-12-09,2022-11-09,2021-12-09,2023-05-28
1408057,,,iCoreConnect Inc.,unresolved,17,2018-11-13,2022-11-14,2018-11-13,2023-06-02
1408278,,,"Synacor, Inc.",unresolved,13,2018-03-16,2021-03-31,2018-03-16,2021-10-17
1409175,,,"Motos America, Inc.",unresolved,11,2018-03-15,2021-06-16,2018-03-15,2022-01-02
1409446,,,NATE'S FOOD CO.,unresolved,7,2018-02-21,2022-10-17,2018-02-21,2023-05-05
1409775,,,"BBVA USA Bancshares, Inc.",unresolved,14,2018-02-28,2021-05-04,2018-02-28,2021-11-20
1409947,,,Ridgewood Energy W Fund LLC,unresolved,20,2018-03-09,2022-11-07,2018-03-09,2023-05-26
1409999,,,"Black Bird Biotech, Inc.",unresolved,12,2020-07-14,2022-11-14,2020-07-14,2023-06-02
1410939,,,"IVERIC bio, Inc.",unresolved,20,2018-03-05,2022-11-04,2018-03-05,2023-05-23
1411036,,,"CleanTech Biofuels, Inc.",unresolved,7,2018-05-14,2019-11-13,2018-05-14,2020-05-31
1411059,,,"KBS Real Estate Investment Trust II, Inc.",unresolved,20,2018-03-08,2022-11-09,2018-03-08,2023-05-28
1411494,,,"Apollo Asset Management, Inc.",unresolved,20,2018-02-12,2022-11-08,2018-02-12,2023-05-27
1411688,,,"Container Store Group, Inc.",unresolved,20,2018-02-07,2022-11-02,2018-02-07,2023-05-21
1411879,,,"INNOVUS PHARMACEUTICALS, INC.",unresolved,8,2018-04-02,2019-11-14,2018-04-02,2020-06-01
1411906,,,"Ampio Pharmaceuticals, Inc.",unresolved,20,2018-03-06,2022-11-14,2018-03-06,2023-06-02
1412270,,,Care.com Inc,unresolved,8,2018-02-27,2019-11-06,2018-02-27,2020-05-24
1412502,,,Sterling Real Estate Trust,unresolved,20,2018-03-15,2022-11-09,2018-03-15,2023-05-28
1412659,,,"Regenicin, Inc.",unresolved,10,2018-01-16,2022-05-23,2018-01-16,2022-12-09
1412665,,,"MidWestOne Financial Group, Inc.",unresolved,20,2018-03-01,2022-11-03,2018-03-01,2023-05-22
1412707,,,Level One Bancorp Inc,unresolved,16,2018-06-01,2022-03-11,2018-06-01,2022-09-27
1413263,,,"CHINA JO-JO DRUGSTORES, INC.",unresolved,14,2018-02-14,2021-06-29,2018-02-14,2022-01-15
1413488,,,"CANNABIS GLOBAL, INC.",unresolved,13,2018-01-26,2022-07-20,2018-01-26,2023-02-05
1413507,,,SRC Energy Inc.,unresolved,8,2018-02-21,2019-11-06,2018-02-21,2020-05-24
1413754,,,"MARIZYME, INC.",unresolved,17,2018-06-21,2022-11-14,2018-06-21,2023-06-02
1413837,,,First Foundation Inc.,unresolved,19,2018-03-16,2022-11-08,2018-03-16,2023-05-27
1413898,,,DallasNews Corp,unresolved,20,2018-03-16,2022-10-25,2018-03-16,2023-05-13
1414043,,,"Friendable, Inc.",unresolved,19,2018-05-21,2022-11-18,2018-05-21,2023-06-06
1414475,,,"Western Midstream Operating, LP",unresolved,20,2018-02-16,2022-11-02,2018-02-16,2023-05-21
1415301,,,"Del Frisco's Restaurant Group, Inc.",unresolved,7,2018-03-27,2019-08-05,2018-03-27,2020-02-21
1415684,,,MusclePharm Corp,unresolved,17,2018-04-02,2022-05-16,2018-04-02,2022-12-02
1416265,,,"PROSPER MARKETPLACE, INC",unresolved,20,2018-03-26,2022-11-10,2018-03-26,2023-05-29
1417398,,,"Hillenbrand, Inc.",unresolved,20,2018-01-31,2022-11-16,2018-01-31,2023-06-04
1417664,,,"Value Exchange International, Inc.",unresolved,20,2018-04-16,2022-11-10,2018-04-16,2023-05-29
1418091,,,"TWITTER, INC.",unresolved,19,2018-02-23,2022-07-26,2018-02-23,2023-02-11
1418100,,,Avaya Holdings Corp.,unresolved,18,2018-03-02,2022-05-10,2018-03-02,2022-11-26
1418372,,,"Salamander Innisbrook, LLC",unresolved,8,2018-04-26,2022-06-08,2018-04-26,2022-12-25
1418780,,,ColorStars Group,unresolved,14,2018-06-22,2019-11-14,2018-06-22,2020-06-01
1419051,,,"THERAPEUTIC SOLUTIONS INTERNATIONAL, INC.",unresolved,20,2018-04-17,2022-11-17,2018-04-17,2023-06-05
1419242,,,ATLANTIC POWER CORP,unresolved,14,2018-03-01,2021-05-06,2018-03-01,2021-11-22
1419600,,,Flexion Therapeutics Inc,unresolved,16,2018-03-08,2021-11-12,2018-03-08,2022-05-31
1420302,,,"LogMeIn, Inc.",unresolved,11,2018-02-20,2020-07-29,2018-02-20,2021-02-14
1420368,,,DLT Resolution Inc.,unresolved,16,2018-04-13,2021-11-15,2018-04-13,2022-06-03
1420811,,,"On Deck Capital, Inc.",unresolved,11,2018-03-02,2020-08-07,2018-03-02,2021-02-23
1421182,,,Billerud Americas Corp,unresolved,17,2018-03-08,2022-02-28,2018-03-08,2022-09-16
1421204,,,"Rebus Holdings, Inc.",unresolved,7,2019-05-22,2022-05-13,2019-05-22,2022-11-29
1421636,,,"C-Bond Systems, Inc",unresolved,18,2018-08-14,2022-11-14,2018-08-14,2023-06-02
1421819,,,"Hanjiao Group, Inc.",unresolved,13,2019-08-09,2022-12-30,2019-08-09,2023-07-18
1421907,,,Trident Brands Inc,unresolved,19,2018-03-14,2022-07-27,2018-03-14,2023-02-12
1422768,,,Almost Never Films Inc.,unresolved,17,2018-02-20,2022-03-02,2018-02-20,2022-09-18
1422841,,,AquaVenture Holdings Ltd,unresolved,9,2018-03-12,2020-03-06,2018-03-12,2020-09-22
1423325,,,"Incoming, Inc.",unresolved,6,2018-04-17,2019-05-20,2018-04-17,2019-12-06
1423579,,,"LegacyXChange, Inc.",unresolved,11,2020-12-23,2021-02-25,2020-12-23,2021-09-13
1423723,,,QHY GROUP,unresolved,11,2018-06-11,2021-11-05,2018-06-11,2022-05-24
1423774,,,ZUORA INC,unresolved,19,2018-06-13,2022-12-08,2018-06-13,2023-06-26
1423824,,,ALDER BIOPHARMACEUTICALS INC,unresolved,7,2018-02-26,2019-08-06,2018-02-26,2020-02-22
1424404,,,Wolverine Resources Corp.,unresolved,21,2018-01-23,2022-10-17,2018-01-23,2023-05-05
1424844,,,"SOUTHWEST IOWA RENEWABLE ENERGY, LLC",unresolved,20,2018-02-08,2022-12-09,2018-02-08,2023-06-27
1425203,,,Astro Aerospace Ltd.,unresolved,10,2018-03-29,2021-09-30,2018-03-29,2022-04-18
1425565,,,"Real Goods Solar, Inc.",unresolved,8,2018-04-02,2019-11-13,2018-04-02,2020-05-31
1426332,,,NGM BIOPHARMACEUTICALS INC,unresolved,15,2019-05-16,2022-11-03,2019-05-16,2023-05-22
1426506,,,SMG Industries Inc.,unresolved,20,2018-04-02,2022-11-14,2018-04-02,2023-06-02
1426945,,,"Echo Global Logistics, Inc.",unresolved,16,2018-02-27,2021-10-26,2018-02-27,2022-05-14
1428389,,,"Blox, Inc.",unresolved,13,2018-02-13,2021-07-16,2018-02-13,2022-02-01
1428522,,,"Radius Health, Inc.",unresolved,18,2018-03-01,2022-08-09,2018-03-01,2023-02-25
1428816,,,"Epoxy, Inc.",unresolved,7,2018-02-22,2019-01-22,2018-02-22,2019-08-10
1428875,,,TERMINIX GLOBAL HOLDINGS INC,unresolved,19,2018-02-28,2022-08-05,2018-02-28,2023-02-21
1429560,,,TREVENA INC,unresolved,19,2018-03-07,2022-11-09,2018-03-07,2023-05-28
1430259,,,Carey Watermark Investors Inc,unresolved,8,2018-03-27,2019-11-08,2018-03-27,2020-05-26
1430523,,,"VERUS INTERNATIONAL, INC.",unresolved,20,2018-03-26,2022-09-16,2018-03-26,2023-04-04
1431074,,,"Bergio International, Inc.",unresolved,20,2018-04-24,2022-11-08,2018-04-24,2023-05-27
1431695,,,Olo Inc.,unresolved,7,2021-05-12,2022-11-09,2021-05-12,2023-05-28
1431934,,,OWC Pharmaceutical Research Corp.,unresolved,7,2018-04-16,2019-11-13,2018-04-16,2020-05-31
1431959,,,META MATERIALS INC.,unresolved,18,2018-03-16,2022-11-09,2018-03-16,2023-05-28
1433714,,,"CASTLIGHT HEALTH, INC.",unresolved,16,2018-03-01,2021-11-03,2018-03-01,2022-05-22
1434070,,,RIDGEWOOD ENERGY Y FUND LLC,unresolved,20,2018-03-09,2022-11-07,2018-03-09,2023-05-26
1434418,,,CONSTELLATION PHARMACEUTICALS INC,unresolved,12,2018-08-14,2021-05-10,2018-08-14,2021-11-26
1434674,,,CHINA MEDIA INC.,unresolved,14,2018-02-08,2021-05-17,2018-02-08,2021-12-03
1434842,,,Forbes Energy Services Ltd.,unresolved,10,2018-04-02,2020-06-29,2018-04-02,2021-01-15
1434868,,,"Esperion Therapeutics, Inc.",unresolved,20,2018-02-20,2022-11-01,2018-02-20,2023-05-20
1435049,,,"CHINOOK THERAPEUTICS, INC.",unresolved,20,2018-03-01,2022-11-10,2018-03-01,2023-05-29
1435375,,,XG SCIENCES INC,unresolved,13,2018-04-02,2021-09-30,2018-04-02,2022-04-18
1435387,,,Discovery Oil & Gas Inc.,unresolved,18,2018-01-16,2022-12-06,2018-01-16,2023-06-24
1435508,,,"First Savings Financial Group, Inc.",unresolved,20,2018-02-09,2022-12-14,2018-02-09,2023-07-02
1436942,,,MEWBOURNE ENERGY PARTNERS 08-A LP,unresolved,12,2018-04-02,2020-11-16,2018-04-02,2021-06-04
1436975,,,"Lightstone Value Plus REIT II, Inc.",unresolved,20,2018-03-27,2022-11-14,2018-03-27,2023-06-02
1437106,,,"Ascent Capital Group, Inc.",unresolved,7,2018-03-05,2019-08-07,2018-03-05,2020-02-23
1437352,,,"EVERBRIDGE, INC.",unresolved,20,2018-03-12,2022-11-08,2018-03-12,2023-05-27
1437491,,,"RiskOn International, Inc.",unresolved,19,2018-02-09,2022-11-21,2018-02-09,2023-06-09
1437557,,,"LILIS ENERGY, INC.",unresolved,12,2018-03-09,2020-11-06,2018-03-09,2021-05-25
1438231,,,Old Digimarc CORP,unresolved,20,2018-02-22,2022-11-03,2018-02-22,2023-05-22
1438731,,,ALJ REGIONAL HOLDINGS INC,unresolved,19,2018-02-14,2022-08-11,2018-02-14,2023-02-27
1438901,,,"Auto Parts 4Less Group, Inc.",unresolved,23,2018-04-24,2022-09-14,2018-04-24,2023-04-02
1439095,,,MRC GLOBAL INC.,unresolved,20,2018-02-16,2022-11-09,2018-02-16,2023-05-28
1439299,,,"Consumer Capital Group, Inc.",unresolved,8,2018-05-17,2019-11-19,2018-05-17,2020-06-06
1439404,,,ZYNGA INC,unresolved,18,2018-02-20,2022-05-09,2018-02-20,2022-11-25
1440024,,,"Roadrunner Transportation Systems, Inc.",unresolved,13,2018-01-31,2020-03-30,2018-01-31,2020-10-16
1441693,,,"Pro Farm Group, Inc.",unresolved,18,2018-04-05,2022-05-13,2018-04-05,2022-11-29
1441769,,,DIRECTVIEW HOLDINGS INC,unresolved,10,2018-01-16,2019-11-14,2018-01-16,2020-06-01
1441849,,,CLOUD PEAK ENERGY INC.,unresolved,8,2018-02-16,2019-10-18,2018-02-16,2020-05-05
1442626,,,"Bluerock Residential Growth REIT, Inc.",unresolved,19,2018-03-13,2022-08-08,2018-03-13,2023-02-24
1442836,,,"Mersana Therapeutics, Inc.",unresolved,20,2018-03-28,2022-11-07,2018-03-28,2023-05-26
1442999,,,ALTEROLA BIOTECH INC.,unresolved,24,2018-08-06,2022-11-21,2018-08-06,2023-06-09
1443388,,,GREEN HYGIENICS HOLDINGS INC.,unresolved,13,2018-06-08,2022-05-02,2018-06-08,2022-11-18
1443611,,,SinglePoint Inc.,unresolved,18,2018-08-20,2022-11-14,2018-08-20,2023-06-02
1444307,,,ONCOSEC MEDICAL Inc,unresolved,12,2018-03-09,2022-12-15,2018-03-09,2023-07-03
1444363,,,"GAIN Capital Holdings, Inc.",unresolved,10,2018-03-14,2020-05-13,2018-03-14,2020-11-29
1444380,,,NEVRO CORP,unresolved,20,2018-02-22,2022-11-02,2018-02-22,2023-05-21
1445109,,,NewStream Energy Technologies Group Inc,unresolved,17,2018-03-16,2022-11-17,2018-03-16,2023-06-05
1445283,,,"KINETA, INC./DE",unresolved,20,2018-03-14,2022-11-14,2018-03-14,2023-06-02
1445499,,,IPI Legacy Liquidation Co,unresolved,7,2021-06-07,2022-11-14,2021-06-07,2023-06-02
1446371,,,"Strategic Realty Trust, Inc.",unresolved,20,2018-03-23,2022-11-14,2018-03-23,2023-06-02
1446687,,,"SILVER STAR PROPERTIES REIT, INC",unresolved,18,2018-04-02,2022-11-14,2018-04-02,2023-06-02
1447051,,,Territorial Bancorp Inc.,unresolved,20,2018-03-15,2022-11-10,2018-03-15,2023-05-29
1447599,,,"FITBIT, INC.",unresolved,12,2018-03-01,2020-11-04,2018-03-01,2021-05-23
1448056,,,"NEW RELIC, INC.",unresolved,20,2018-02-07,2022-11-09,2018-02-07,2023-05-28
1448558,,,"GROW CAPITAL, INC.",unresolved,16,2018-04-24,2021-05-24,2018-04-24,2021-12-10
1449447,,,"ENTEST GROUP, INC.",unresolved,7,2018-04-02,2020-01-21,2018-04-02,2020-08-08
1449488,,,CSI Compressco LP,unresolved,20,2018-03-02,2022-11-03,2018-03-02,2023-05-22
1449574,,,"Bravatek Solutions, Inc.",unresolved,7,2018-05-18,2019-11-15,2018-05-18,2020-06-02
1450307,,,CORPORATE UNIVERSE INC,unresolved,6,2021-07-29,2022-11-21,2021-07-29,2023-06-09
1450335,,,"Commonwealth Income & Growth Fund VII, LP",unresolved,19,2018-04-02,2022-12-01,2018-04-02,2023-06-19
1451448,,,"ESPORTS ENTERTAINMENT GROUP, INC.",unresolved,16,2018-10-15,2022-11-14,2018-10-15,2023-06-02
1451512,,,"Unrivaled Brands, Inc.",unresolved,20,2018-03-16,2022-11-14,2018-03-16,2023-06-02
1452804,,,"Retrieve Medical Holdings, Inc.",unresolved,6,2018-05-14,2022-12-19,2018-05-14,2023-07-07
1452857,,,STEEL PARTNERS HOLDINGS L.P.,unresolved,20,2018-03-09,2022-11-09,2018-03-09,2023-05-28
1452872,,,"ARC Group, Inc.",unresolved,9,2018-03-30,2021-08-30,2018-03-30,2022-03-18
1452936,,,"Pacific Oak Strategic Opportunity REIT, Inc.",unresolved,20,2018-03-09,2022-11-14,2018-03-09,2023-06-02
1452965,,,MINERVA SURGICAL INC,unresolved,5,2021-12-02,2022-11-14,2021-12-02,2023-06-02
1453814,,,"Medidata Solutions, Inc.",unresolved,7,2018-02-28,2019-08-06,2018-02-28,2020-02-22
1453818,,,HGR Liquidating Trust,unresolved,11,2018-03-30,2021-03-31,2018-03-30,2021-10-17
1454789,,,"Astria Therapeutics, Inc.",unresolved,14,2018-03-15,2022-03-10,2018-03-15,2022-09-26
1455741,,,"RIDGEWOOD ENERGY X FUND, LLC",unresolved,20,2018-03-09,2022-11-07,2018-03-09,2023-05-26
1455926,,,IRONCLAD ENCRYPTION Corp,unresolved,8,2018-04-17,2020-02-19,2018-04-17,2020-09-06
1456212,,,"BlackRidge Technology International, Inc.",unresolved,8,2018-04-02,2019-11-14,2018-04-02,2020-06-01
1456802,,,Century Cobalt Corp.,unresolved,5,2018-07-23,2022-05-16,2018-07-23,2022-12-02
1456857,,,"MJ Holdings, Inc.",unresolved,11,2018-07-27,2022-11-22,2018-07-27,2023-06-10
1457612,,,"GENOCEA BIOSCIENCES, INC.",unresolved,13,2018-02-16,2022-03-18,2018-02-16,2022-10-04
1457919,,,RIDGEWOOD ENERGY A-1 FUND LLC,unresolved,20,2018-03-09,2022-11-07,2018-03-09,2023-05-26
1458412,,,"CROSSFIRST BANKSHARES, INC.",unresolved,12,2019-11-12,2022-08-03,2019-11-12,2023-02-19
1458891,,,Noble Corp,unresolved,19,2018-02-23,2022-08-09,2018-02-23,2023-02-25
1459417,,,"2U, LLC",unresolved,20,2018-02-27,2022-11-07,2018-02-27,2023-05-26
1459482,,,"Chineseinvestors.com, Inc.",unresolved,10,2018-01-16,2020-04-14,2018-01-16,2020-10-31
1460602,,,Orgenesis Inc.,unresolved,20,2018-02-28,2022-11-10,2018-02-28,2023-05-29
1461119,,,CRH Medical Corp,unresolved,9,2019-03-13,2021-03-16,2019-03-13,2021-10-02
1461219,,,GRAHAM ALTERNATIVE INVESTMENT FUND I LLC,unresolved,20,2018-03-29,2022-11-14,2018-03-29,2023-06-02
1461237,,,GRAHAM ALTERNATIVE INVESTMENT FUND II LLC,unresolved,20,2018-03-29,2022-11-14,2018-03-29,2023-06-02
1461755,,,"Atlantic Capital Bancshares, Inc.",unresolved,16,2018-03-15,2021-11-05,2018-03-15,2022-05-24
1461993,,,"MELINTA THERAPEUTICS, INC. /NEW/",unresolved,8,2018-03-16,2019-11-12,2018-03-16,2020-05-30
1462047,,,PRIME GLOBAL CAPITAL GROUP Inc,unresolved,10,2018-01-30,2020-03-18,2018-01-30,2020-10-04
1462103,,,"MEWBOURNE ENERGY PARTNERS 09-A, L.P.",unresolved,20,2018-04-02,2022-11-14,2018-04-02,2023-06-02
1463172,,,"Zendesk, Inc.",unresolved,20,2018-02-22,2022-10-28,2018-02-22,2023-05-16
1463258,,,"Renewable Energy Group, Inc.",unresolved,18,2018-03-09,2022-05-05,2018-03-09,2022-11-21
1463361,,,"Unity Biotechnology, Inc.",unresolved,7,2018-08-09,2022-11-08,2018-08-09,2023-05-27
1463389,,,"ATEL 14, LLC",unresolved,18,2018-03-27,2022-11-14,2018-03-27,2023-06-02
1463833,,,"IDW MEDIA HOLDINGS, INC.",unresolved,6,2021-06-14,2022-09-14,2021-06-14,2023-04-02
1463913,,,US Alliance Corp,unresolved,20,2018-02-21,2022-11-14,2018-02-21,2023-06-02
1464865,,,"Accredited Solutions, Inc.",unresolved,12,2019-04-16,2022-11-22,2019-04-16,2023-06-10
1464963,,,"First Eagle Alternative Capital BDC, Inc.",unresolved,18,2018-03-06,2022-11-08,2018-03-06,2023-05-27
1465264,,,"HD SUPPLY, INC.",unresolved,12,2018-03-13,2020-12-04,2018-03-13,2021-06-22
1465872,,,VANTAGE DRILLING INTERNATIONAL,unresolved,20,2018-03-29,2022-11-10,2018-03-29,2023-05-29
1465885,,,Western Asset Mortgage Capital Corp,unresolved,18,2018-03-29,2022-11-09,2018-03-29,2023-05-28
1466225,,,"Resource Real Estate Opportunity REIT, Inc.",unresolved,9,2018-03-29,2020-11-10,2018-03-29,2021-05-29
1466301,,,"Clovis Oncology, Inc.",unresolved,20,2018-02-27,2022-11-09,2018-02-27,2023-05-28
1466538,,,COWEN INC.,unresolved,20,2018-03-06,2022-10-28,2018-03-06,2023-05-16
1467154,,,"NVN Liquidation, Inc.",unresolved,19,2018-03-27,2022-11-14,2018-03-27,2023-06-02
1467652,,,"Neos Therapeutics, Inc.",unresolved,12,2018-03-16,2020-11-09,2018-03-16,2021-05-28
1468010,,,"Steadfast Income REIT, Inc.",unresolved,8,2018-03-29,2019-11-08,2018-03-29,2020-05-26
1468639,,,"Vicapsys Life Sciences, Inc.",unresolved,6,2021-09-13,2022-03-16,2021-09-13,2022-10-02
1468666,,,SecureWorks Corp,unresolved,20,2018-03-28,2022-12-01,2018-03-28,2023-06-19
1468679,,,American CryoStem Corp,unresolved,20,2018-01-16,2022-08-22,2018-01-16,2023-03-10
1468910,,,Millburn Multi-Markets Fund L.P.,unresolved,16,2018-03-29,2022-11-14,2018-03-29,2023-06-02
1469038,,,X Metaverse Inc.,unresolved,8,2018-05-23,2020-05-07,2018-05-23,2020-11-23
1469372,,,MSG NETWORKS INC.,unresolved,14,2018-02-01,2021-05-07,2018-02-01,2021-11-23
1470099,,,"MOBILEIRON, INC.",unresolved,12,2018-03-12,2020-10-30,2018-03-12,2021-05-18
1470205,,,"County Bancorp, Inc.",unresolved,16,2018-03-15,2021-11-05,2018-03-15,2022-05-24
1472468,,,"XT Energy Group, Inc.",unresolved,10,2018-03-19,2020-07-17,2018-03-19,2021-02-02
1472595,,,R1 RCM Holdco Inc.,unresolved,18,2018-03-09,2022-05-09,2018-03-09,2022-11-25
1473078,,,Chesapeake Lodging Trust,unresolved,7,2018-02-15,2019-08-01,2018-02-15,2020-02-17
1473579,,,NANOMIX Corp,unresolved,20,2018-03-27,2022-11-14,2018-03-27,2023-06-02
1473597,,,"STR HOLDINGS, INC.",unresolved,8,2018-03-16,2019-11-14,2018-03-16,2020-06-01
1473844,,,"Stellar Bancorp, Inc.",unresolved,20,2018-03-23,2022-10-28,2018-03-23,2023-05-16
1474439,,,"Telenav, Inc.",unresolved,13,2018-02-08,2021-02-05,2018-02-08,2021-08-24
1474464,,,New York REIT Liquidating LLC,unresolved,6,2018-03-01,2021-08-05,2018-03-01,2022-02-21
1475115,,,"Eventbrite, Inc.",unresolved,17,2018-11-14,2022-11-03,2018-11-14,2023-05-22
1475348,,,Luther Burbank Corp,unresolved,19,2018-03-16,2022-11-04,2018-03-16,2023-05-23
1475430,,,JOSHUA GOLD RESOURCES INC,unresolved,5,2019-04-01,2021-11-12,2019-04-01,2022-05-31
1476963,,,"Scorpius Holdings, Inc.",unresolved,14,2018-03-02,2022-11-14,2018-03-02,2023-06-02
1477246,,,S&W Seed Co,unresolved,20,2018-02-08,2022-11-14,2018-02-08,2023-06-02
1478069,,,CONTRAFECT Corp,unresolved,20,2018-03-15,2022-11-14,2018-03-15,2023-06-02
1478121,,,Pfenex Inc.,unresolved,11,2018-03-15,2020-08-06,2018-03-15,2021-02-22
1479290,,,"Revance Therapeutics, Inc.",unresolved,20,2018-03-02,2022-11-08,2018-03-02,2023-05-27
1479915,,,CQENS Technologies Inc.,unresolved,20,2018-03-29,2022-11-14,2018-03-29,2023-06-02
1481512,,,"Ra Pharmaceuticals, Inc.",unresolved,9,2018-03-14,2020-02-27,2018-03-14,2020-09-14
1481646,,,"Accolade, Inc.",unresolved,10,2020-08-13,2022-10-06,2020-08-13,2023-04-24
1481832,,,PREFERRED APARTMENT COMMUNITIES INC,unresolved,18,2018-03-01,2022-05-09,2018-03-01,2022-11-25
1482075,,,"Citadel Exploration, Inc.",unresolved,8,2018-04-16,2019-11-19,2018-04-16,2020-06-06
1483195,,,Oritani Financial Corp,unresolved,8,2018-02-09,2019-11-12,2018-02-09,2020-05-30
1483510,,,"EXP OldCo Winddown, Inc.",unresolved,20,2018-04-04,2022-12-08,2018-04-04,2023-06-26
1484565,,,SOLENO THERAPEUTICS INC,unresolved,20,2018-04-02,2022-11-09,2018-04-02,2023-05-28
1485029,,,"New Asia Holdings, Inc.",unresolved,18,2018-04-17,2022-12-08,2018-04-17,2023-06-26
1485469,,,"Tower International, Inc.",unresolved,7,2018-02-28,2019-07-25,2018-02-28,2020-02-10
1487052,,,"LegacyTexas Financial Group, Inc.",unresolved,7,2018-02-08,2019-07-24,2018-02-08,2020-02-09
1487371,,,"GenMark Diagnostics, Inc.",unresolved,13,2018-02-27,2021-02-25,2018-02-27,2021-09-13
1487712,,,SUMISHO AIR LEASE CORP,unresolved,20,2018-02-22,2022-11-03,2018-02-22,2023-05-22
1487843,,,Yangtze River Port & Logistics Ltd,unresolved,8,2018-03-09,2019-11-12,2018-03-09,2020-05-30
1487931,,,FISION Corp,unresolved,16,2018-04-02,2021-11-23,2018-04-02,2022-06-11
1488419,,,"Sino Agro Food, Inc.",unresolved,13,2018-04-17,2022-05-17,2018-04-17,2022-12-03
1489096,,,"Thermon Group Holdings, Inc.",unresolved,20,2018-02-08,2022-11-03,2018-02-08,2023-05-22
1489136,,,SemGroup Corp,unresolved,8,2018-02-26,2019-11-07,2018-02-26,2020-05-25
1489367,,,"SQN Alternative Investment Fund III, L.P.",unresolved,8,2018-03-29,2019-11-14,2018-03-29,2020-06-01
1489588,,,"Home Bistro, Inc. /NV/",unresolved,14,2018-04-02,2022-09-14,2018-04-02,2023-04-02
1490054,,,"VERDE BIO HOLDINGS, INC.",unresolved,20,2018-03-26,2022-12-16,2018-03-26,2023-07-04
1490630,,,Rhino Resource Partners LP,unresolved,10,2018-03-26,2020-05-22,2018-03-26,2020-12-08
1490892,,,CoreSite Realty Corp,unresolved,16,2018-02-09,2021-10-29,2018-02-09,2022-05-17
1490927,,,Franklin BSP Lending Corp,unresolved,20,2018-03-22,2022-11-14,2018-03-22,2023-06-02
1491262,,,"Mewbourne Energy Partners 10-A, L.P.",unresolved,20,2018-04-02,2022-11-14,2018-04-02,2023-06-02
1491487,,,"Takung Art Co., Ltd",unresolved,19,2018-04-02,2022-11-21,2018-04-02,2023-06-09
1491829,,,ALPHA NETWORK ALLIANCE VENTURES INC.,unresolved,8,2018-08-20,2021-11-19,2018-08-20,2022-06-07
1492422,,,"Apellis Pharmaceuticals, Inc.",unresolved,20,2018-03-19,2022-11-07,2018-03-19,2023-05-26
1492426,,,Horizon Therapeutics Public Ltd Co,unresolved,20,2018-02-28,2022-11-02,2018-02-28,2023-05-21
1492633,,,Nielsen Holdings plc,unresolved,20,2018-02-08,2022-10-27,2018-02-08,2023-05-15
1492658,,,Wright Medical Group N.V.,unresolved,12,2018-02-28,2020-11-02,2018-02-28,2021-05-21
1492674,,,"T2 Biosystems, Inc.",unresolved,20,2018-03-19,2022-11-14,2018-03-19,2023-06-02
1492869,,,"SL GREEN OPERATING PARTNERSHIP, L.P.",unresolved,20,2018-02-23,2022-11-04,2018-02-23,2023-05-23
1492915,,,Standard AVB Financial Corp.,unresolved,14,2018-04-02,2021-05-14,2018-04-02,2021-11-30
1493212,,,Phoenix Life Sciences International Limited.,unresolved,8,2019-03-13,2020-04-10,2019-03-13,2020-10-27
1493566,,,"OTONOMY, INC.",unresolved,20,2018-03-08,2022-11-10,2018-03-08,2023-05-29
1493976,,,"Kilroy Realty, L.P.",unresolved,20,2018-02-13,2022-10-26,2018-02-13,2023-05-14
1494162,,,KinerjaPay Corp.,unresolved,5,2018-04-20,2020-10-07,2018-04-20,2021-04-25
1494319,,,Univar Solutions Inc.,unresolved,20,2018-02-28,2022-11-02,2018-02-28,2023-05-21
1494448,,,"EMERGENT CAPITAL, INC.",unresolved,11,2018-03-14,2020-10-15,2018-03-14,2021-05-03
1494650,,,"OptiNose, Inc.",unresolved,19,2018-03-13,2022-11-10,2018-03-13,2023-05-29
1494877,,,"DIGITAL REALTY TRUST, L.P.",unresolved,20,2018-03-01,2022-11-04,2018-03-01,2023-05-23
1495491,,,"Healthcare Realty Holdings, L.P.",unresolved,19,2018-02-20,2022-08-18,2018-02-20,2023-03-06
1495648,,,Blackwell 3D Construction Corp.,unresolved,23,2018-06-22,2022-10-20,2018-06-22,2023-05-08
1496048,,,Brookfield Property REIT Inc.,unresolved,15,2018-02-22,2021-08-06,2018-02-22,2022-02-22
1496264,,,"Hudson Pacific Properties, L.P.",unresolved,18,2018-02-16,2022-11-04,2018-02-16,2023-05-23
1496323,,,"IGM Biosciences, Inc.",unresolved,13,2019-11-07,2022-11-03,2019-11-07,2023-05-22
1496454,,,"CNL Healthcare Properties, Inc.",unresolved,20,2018-03-16,2022-11-14,2018-03-16,2023-06-02
1496671,,,"Calithera Biosciences, Inc.",unresolved,20,2018-03-08,2022-11-14,2018-03-08,2023-06-02
1496818,,,"STEALTH TECHNOLOGIES, INC.",unresolved,8,2018-08-03,2019-11-27,2018-08-03,2020-06-14
1496963,,,"Squarespace, Inc.",unresolved,6,2021-08-09,2022-11-08,2021-08-09,2023-05-27
1497504,,,PLx Pharma Winddown Corp.,unresolved,20,2018-03-23,2022-11-10,2018-03-23,2023-05-29
1498068,,,"American Renal Associates Holdings, Inc.",unresolved,12,2018-03-06,2020-11-06,2018-03-06,2021-05-25
1498122,,,Arista Financial Corp.,unresolved,8,2018-04-17,2019-11-19,2018-04-17,2020-06-06
1498232,,,"TripBorn, Inc.",unresolved,13,2018-02-12,2021-10-01,2018-02-12,2022-04-19
1498291,,,"Daniels Corporate Advisory Company, Inc.",unresolved,23,2018-07-16,2022-10-17,2018-07-16,2023-05-05
1498301,,,"Mahwah Bergen Retail Group, Inc.",unresolved,12,2018-03-05,2021-03-03,2018-03-05,2021-09-19
1498380,,,SAVICELL Corp,unresolved,8,2018-06-04,2019-11-25,2018-06-04,2020-06-12
1498542,,,"CIM INCOME NAV, INC.",unresolved,16,2018-03-30,2021-11-15,2018-03-30,2022-06-03
1498828,,,Howard Hughes Corp,unresolved,20,2018-02-26,2022-11-02,2018-02-26,2023-05-21
1499200,,,"Sabine Pass Liquefaction, LLC",unresolved,20,2018-02-21,2022-11-03,2018-02-21,2023-05-22
1499453,,,"Spirit of Texas Bancshares, Inc.",unresolved,16,2018-06-01,2022-03-07,2018-06-01,2022-09-23
1499717,,,"Staffing 360 Solutions, Inc.",unresolved,20,2018-03-29,2022-11-21,2018-03-29,2023-06-09
1499785,,,Tengjun Biotechnology Corp.,unresolved,20,2018-03-07,2022-11-14,2018-03-07,2023-06-02
1500122,,,"Noble Vici Group, Inc.",unresolved,14,2018-08-20,2021-11-22,2018-08-20,2022-06-10
1500123,,,Item 9 Labs Corp.,unresolved,13,2019-08-16,2022-08-15,2019-08-16,2023-03-03
1500242,,,UBI Blockchain Internet LTD-DE,unresolved,6,2018-01-16,2019-07-12,2018-01-16,2020-01-28
1500305,,,Sustainable Projects Group Inc.,unresolved,14,2019-09-13,2022-03-25,2019-09-13,2022-10-11
1501134,,,Invitae Corp,unresolved,20,2018-03-06,2022-11-08,2018-03-06,2023-05-27
1501257,,,"PURA NATURALS, INC.",unresolved,8,2018-04-16,2020-01-21,2018-04-16,2020-08-08
1501268,,,"Bnet Media Group, Inc.",unresolved,6,2018-05-08,2019-11-14,2018-05-08,2020-06-01
1501364,,,"United Financial Bancorp, Inc.",unresolved,7,2018-02-28,2019-08-02,2018-02-28,2020-02-18
1501570,,,"Veritex Holdings, Inc.",unresolved,20,2018-03-14,2022-11-04,2018-03-14,2023-05-23
1501729,,,FS Specialty Lending Fund,unresolved,14,2018-03-07,2022-05-10,2018-03-07,2022-11-26
1501756,,,"Adverum Biotechnologies, Inc.",unresolved,20,2018-03-06,2022-11-10,2018-03-06,2023-05-29
1502034,,,"GNC HOLDINGS, INC.",unresolved,11,2018-03-01,2020-08-10,2018-03-01,2021-02-26
1502152,,,GlobeStar Therapeutics Corp,unresolved,7,2018-01-16,2022-01-05,2018-01-16,2022-07-24
1502555,,,GOLDEN GLOBAL CORP.,unresolved,6,2018-09-27,2018-12-12,2018-09-27,2019-06-30
1502756,,,ZAYO GROUP LLC,unresolved,9,2018-02-08,2020-02-04,2018-02-08,2020-08-22
1503707,,,"NorthStar Healthcare Income, Inc.",unresolved,20,2018-04-02,2022-11-10,2018-04-02,2023-05-29
1504167,,,"TREX WIND-DOWN, INC.",unresolved,18,2018-04-26,2022-11-14,2018-04-26,2023-06-02
1505512,,,Regulus Therapeutics Inc.,unresolved,20,2018-03-08,2022-11-14,2018-03-08,2023-06-02
1505611,,,"DecisionPoint Systems, Inc.",unresolved,7,2021-05-17,2022-11-14,2021-05-17,2023-06-02
1506439,,,"SharpSpring, Inc.",unresolved,15,2018-03-15,2021-08-16,2018-03-15,2022-03-04
1506928,,,Avinger Inc,unresolved,20,2018-03-30,2022-11-09,2018-03-30,2023-05-28
1507181,,,Mountain High Acquisitions Corp.,unresolved,7,2018-02-07,2021-09-14,2018-02-07,2022-04-02
1507385,,,"VEREIT, Inc.",unresolved,16,2018-02-22,2021-10-29,2018-02-22,2022-05-17
1507563,,,"ESH Hospitality, Inc.",unresolved,14,2018-02-27,2021-05-10,2018-02-27,2021-11-26
1507615,,,ANDEAVOR LOGISTICS LP,unresolved,7,2018-02-21,2019-08-05,2018-02-21,2020-02-21
1508348,,,"AmeriCann, Inc.",unresolved,5,2020-05-14,2022-12-29,2020-05-14,2023-07-17
1508381,,,Bionik Laboratories Corp.,unresolved,20,2018-02-13,2022-11-09,2018-02-13,2023-05-28
1509228,,,SandRidge Mississippian Trust I,unresolved,7,2018-05-08,2021-03-24,2018-05-08,2021-10-10
1509570,,,"American Assets Trust, L.P.",unresolved,20,2018-02-16,2022-10-28,2018-02-16,2023-05-16
1509589,,,"CIVITAS RESOURCES, INC.",unresolved,20,2018-03-15,2022-10-31,2018-03-15,2023-05-19
1509786,,,Guskin Gold Corp.,unresolved,10,2018-05-08,2022-08-15,2018-05-08,2023-03-03
1509957,,,Can B Corp,unresolved,20,2018-04-06,2022-11-21,2018-04-06,2023-06-09
1510247,,,"LGBTQ Loyalty Holdings, Inc.",unresolved,12,2018-04-20,2022-12-09,2018-04-20,2023-06-27
1510487,,,Principia Biopharma Inc.,unresolved,8,2018-11-06,2020-08-06,2018-11-06,2021-02-22
1510518,,,Genufood Energy Enzymes Corp.,unresolved,9,2020-02-13,2022-08-12,2020-02-13,2023-02-28
1512077,,,Global Eagle Entertainment Inc.,unresolved,14,2018-01-31,2020-08-14,2018-01-31,2021-03-02
1512927,,,"China United Insurance Service, Inc.",unresolved,20,2018-03-15,2022-11-14,2018-03-15,2023-06-02
1512931,,,MONROE CAPITAL Corp,unresolved,8,2018-03-14,2022-03-03,2018-03-14,2022-09-19
1513403,,,Gala Pharmaceutical Inc.,unresolved,6,2018-04-06,2019-07-23,2018-04-06,2020-02-08
1513818,,,"Aravive, Inc.",unresolved,8,2018-03-06,2022-11-10,2018-03-06,2023-05-29
1513856,,,"Neurotrope, Inc.",unresolved,12,2018-03-06,2020-11-09,2018-03-06,2021-05-28
1514226,,,"Delta Tucker Holdings, Inc.",unresolved,7,2018-03-21,2019-08-14,2018-03-21,2020-03-01
1514732,,,"SAExploration Holdings, Inc.",unresolved,12,2018-03-16,2020-11-16,2018-03-16,2021-06-04
1514743,,,"IF Bancorp, Inc.",unresolved,20,2018-02-09,2022-11-10,2018-02-09,2023-05-29
1515740,,,PREMIER BIOMEDICAL INC,unresolved,9,2018-04-12,2020-05-15,2018-04-12,2020-12-01
1515816,,,"Plymouth Industrial REIT, Inc.",unresolved,20,2018-03-08,2022-11-03,2018-03-08,2023-05-22
1516805,,,"Moxian, Inc.",unresolved,6,2018-02-14,2021-08-13,2018-02-14,2022-03-01
1516887,,,"Wellness Center USA, Inc.",unresolved,20,2018-02-20,2022-08-15,2018-02-20,2023-03-03
1517006,,,"Gatos Silver, Inc.",unresolved,5,2020-12-09,2021-11-08,2020-12-09,2022-05-27
1517130,,,Pingtan Marine Enterprise Ltd.,unresolved,16,2018-03-14,2021-11-16,2018-03-14,2022-06-04
1517401,,,Peak Resorts Inc,unresolved,7,2018-03-08,2019-09-13,2018-03-08,2020-03-31
1517498,,,"Merion, Inc.",unresolved,19,2018-03-20,2022-09-23,2018-03-20,2023-04-11
1518336,,,Dream Homes & Development Corp.,unresolved,17,2018-04-17,2022-05-23,2018-04-17,2022-12-09
1518339,,,LG&E & KU Energy LLC,unresolved,14,2018-02-22,2021-05-06,2018-02-22,2021-11-22
1518403,,,"Alta Mesa Holdings, LP",unresolved,7,2018-03-29,2019-08-28,2018-03-29,2020-03-15
1518520,,,"Icagen, Inc.",unresolved,8,2018-04-17,2020-02-19,2018-04-17,2020-09-06
1518587,,,Aleris Corp,unresolved,9,2018-03-20,2020-03-18,2018-03-20,2020-10-04
1518720,,,"BIGtoken, Inc.",unresolved,14,2018-02-28,2021-11-15,2018-02-28,2022-06-03
1518832,,,"WPX ENERGY, INC.",unresolved,10,2018-02-22,2020-11-03,2018-02-22,2021-05-22
1519117,,,"ATEL 15, LLC",unresolved,18,2018-03-27,2022-11-14,2018-03-27,2023-06-02
1521168,,,SandRidge Permian Trust,unresolved,13,2018-05-08,2021-08-16,2018-05-08,2022-03-04
1521847,,,Amplify Energy Holdings LLC,unresolved,5,2018-03-12,2019-03-06,2018-03-12,2019-09-22
1521945,,,"Prospect Floating Rate & Alternative Income Fund, Inc.",unresolved,16,2018-04-02,2022-11-14,2018-04-02,2023-06-02
1522222,,,"CLS Holdings USA, Inc.",unresolved,18,2018-08-29,2022-10-13,2018-08-29,2023-05-01
1522327,,,Entegra Financial Corp.,unresolved,8,2018-03-16,2019-11-08,2018-03-16,2020-05-26
1522602,,,"CohBar, Inc.",unresolved,11,2018-04-02,2021-08-12,2018-04-02,2022-02-28
1522690,,,"GWG Holdings, Inc.",unresolved,14,2018-08-14,2021-11-19,2018-08-14,2022-06-07
1522860,,,"Acutus Medical, Inc.",unresolved,10,2020-09-18,2022-11-10,2020-09-18,2023-05-29
1523526,,,Sierra Income Corp,unresolved,16,2018-03-13,2021-11-15,2018-03-13,2022-06-03
1524223,,,"Manning & Napier, Inc.",unresolved,19,2018-03-16,2022-08-09,2018-03-16,2023-02-25
1524607,,,"MPT Operating Partnership, L.P.",unresolved,20,2018-03-01,2022-11-09,2018-03-01,2023-05-28
1524741,,,"U.S. SILICA HOLDINGS, INC.",unresolved,20,2018-02-21,2022-10-28,2018-02-21,2023-05-16
1524872,,,Thunder Energies Corp,unresolved,11,2018-04-02,2022-12-14,2018-04-02,2023-07-02
1524931,,,"CHUY'S HOLDINGS, INC.",unresolved,20,2018-03-15,2022-11-04,2018-03-15,2023-05-23
1525287,,,Sprague Resources LP,unresolved,19,2018-03-14,2022-08-04,2018-03-14,2023-02-20
1525759,,,FS KKR Capital Corp. II,unresolved,7,2018-03-09,2021-03-01,2018-03-09,2021-09-17
1525773,,,Intelsat S.A.,unresolved,8,2020-02-20,2021-11-05,2020-02-20,2022-05-24
1525852,,,"BOTS, Inc./PR",unresolved,7,2021-04-19,2021-12-15,2021-04-19,2022-07-03
1526689,,,"Generation NEXT Franchise Brands, Inc.",unresolved,7,2018-02-14,2019-10-16,2018-02-14,2020-05-03
1526952,,,"Wellesley Bancorp, Inc.",unresolved,10,2018-03-29,2020-05-08,2018-03-29,2020-11-24
1527096,,,Miromatrix Medical Inc.,unresolved,6,2021-08-12,2022-11-14,2021-08-12,2023-06-02
1527102,,,"Evergreen Sustainable Enterprises, Inc.",unresolved,18,2018-04-02,2022-11-14,2018-04-02,2023-06-02
1527190,,,"National CineMedia, LLC",unresolved,7,2018-03-14,2019-08-07,2018-03-14,2020-02-23
1527383,,,BankGuam Holding Co,unresolved,20,2018-06-29,2022-11-10,2018-06-29,2023-05-29
1527508,,,Pactiv Evergreen Inc.,unresolved,9,2020-11-12,2022-11-08,2020-11-12,2023-05-27
1527709,,,"Mid-Con Energy Partners, LP",unresolved,6,2018-02-28,2020-11-16,2018-02-28,2021-06-04
1527844,,,"Globe Photos, Inc.",unresolved,11,2018-03-02,2019-11-14,2018-03-02,2020-06-01
1528059,,,"VEREIT Operating Partnership, L.P.",unresolved,16,2018-02-22,2021-10-29,2018-02-22,2022-05-17
1528129,,,"Vital Energy, Inc.",unresolved,20,2018-02-15,2022-11-03,2018-02-15,2023-05-22
1528308,,,"IONIX TECHNOLOGY, INC.",unresolved,18,2018-02-14,2022-05-23,2018-02-14,2022-12-09
1528557,,,"Corindus Vascular Robotics, Inc.",unresolved,7,2018-03-19,2019-08-09,2018-03-19,2020-02-25
1528837,,,Sanchez Energy Corp,unresolved,8,2018-03-01,2019-11-08,2018-03-01,2020-05-26
1528930,,,"Franchise Group, Inc.",unresolved,20,2018-10-05,2022-11-03,2018-10-05,2023-05-22
1529463,,,"FTS International, Inc.",unresolved,16,2018-03-09,2021-11-05,2018-03-09,2022-05-24
1530163,,,"Samsara Luggage, Inc.",unresolved,12,2020-02-03,2022-11-14,2020-02-03,2023-06-02
1531048,,,"Inari Medical, Inc.",unresolved,10,2020-08-11,2022-11-02,2020-08-11,2023-05-21
1531978,,,"Paragon 28, Inc.",unresolved,5,2021-11-22,2022-11-10,2021-11-22,2023-05-29
1532158,,,"Rebel Group, Inc.",unresolved,6,2018-04-16,2020-07-17,2018-04-16,2021-02-02
1532346,,,"Atreca, Inc.",unresolved,6,2020-08-12,2022-11-10,2020-08-12,2023-05-29
1532595,,,Sincerity Applied Materials Holdings Corp.,unresolved,19,2018-04-17,2022-08-15,2018-04-17,2023-03-03
1532961,,,"NV5 Global, Inc.",unresolved,20,2018-03-13,2022-11-04,2018-03-13,2023-05-23
1533030,,,"Cryomass Technologies, Inc.",unresolved,15,2018-05-01,2022-11-10,2018-05-01,2023-05-29
1533106,,,"ARGENTUM 47, INC.",unresolved,12,2018-04-06,2020-11-12,2018-04-06,2021-05-31
1533758,,,Hughes Satellite Systems Corp,unresolved,20,2018-02-22,2022-11-03,2018-02-22,2023-05-22
1533932,,,"Worldpay, Inc.",unresolved,7,2018-02-28,2019-08-06,2018-02-28,2020-02-22
1534155,,,"Ameri Metro, Inc. (formerly Yellowwood)",unresolved,8,2018-08-09,2022-03-22,2018-08-09,2022-10-08
1534992,,,"Fiesta Restaurant Group, Inc.",unresolved,20,2018-02-26,2022-11-10,2018-02-26,2023-05-29
1535079,,,MCX Technologies Corp,unresolved,20,2018-03-29,2022-11-14,2018-03-29,2023-06-02
1535379,,,"Cloudera, Inc.",unresolved,15,2018-04-04,2021-09-02,2018-04-04,2022-03-21
1535635,,,Service Team Inc.,unresolved,8,2018-01-19,2020-01-24,2018-01-19,2020-08-11
1536089,,,VIRTUAL INTERACTIVE TECHNOLOGIES CORP.,unresolved,17,2019-01-04,2022-12-29,2019-01-04,2023-07-17
1536394,,,"U.S. Lighting Group, Inc.",unresolved,9,2020-11-16,2022-11-18,2020-11-16,2023-06-06
1536577,,,Medley LLC,unresolved,13,2018-03-29,2021-03-31,2018-03-29,2021-10-17
1537028,,,"Independence Contract Drilling, Inc.",unresolved,20,2018-02-26,2022-11-01,2018-02-26,2023-05-20
1537058,,,Whiting USA Trust II,unresolved,16,2018-03-22,2021-11-05,2018-03-22,2022-05-24
1537069,,,"ATEL Growth Capital Fund 8, LLC",unresolved,9,2018-03-27,2020-08-14,2018-03-27,2021-03-02
1537258,,,AIRBORNE WIRELESS NETWORK,unresolved,6,2018-01-09,2019-07-10,2018-01-09,2020-01-26
1537528,,,"J.E.M. CAPITAL, INC.",unresolved,9,2018-03-29,2020-06-26,2018-03-29,2021-01-12
1537561,,,"Arch Therapeutics, Inc.",unresolved,20,2018-02-01,2022-12-28,2018-02-01,2023-07-16
1537663,,,"Health-Right Discoveries, Inc.",unresolved,5,2018-04-17,2020-11-18,2018-04-17,2021-06-06
1537917,,,"TYME TECHNOLOGIES, INC.",unresolved,15,2018-02-07,2022-08-09,2018-02-07,2023-02-25
1538217,,,"SRAX, Inc.",unresolved,17,2018-04-02,2022-10-12,2018-04-02,2023-04-30
1538267,,,SandRidge Mississippian Trust II,unresolved,9,2018-05-08,2020-11-12,2018-05-08,2021-05-31
1538822,,,Pacific Coast Oil Trust,unresolved,7,2018-03-09,2019-08-01,2018-03-09,2020-02-17
1538927,,,"Forma Therapeutics Holdings, Inc.",unresolved,9,2020-08-13,2022-08-05,2020-08-13,2023-02-21
1538990,,,STORE CAPITAL LLC,unresolved,20,2018-02-23,2022-11-04,2018-02-23,2023-05-23
1539551,,,"SPORTS FIELD HOLDINGS, INC.",unresolved,8,2018-04-02,2019-11-19,2018-04-02,2020-06-06
1539778,,,RAYONT INC.,unresolved,12,2018-02-12,2022-12-29,2018-02-12,2023-07-17
1539894,,,"Atlas Financial Holdings, Inc.",unresolved,10,2018-04-03,2022-03-31,2018-04-03,2022-10-17
1540184,,,"Medallia, Inc.",unresolved,9,2019-09-12,2021-09-03,2019-09-12,2022-03-22
1540729,,,Foresight Energy LP,unresolved,10,2018-03-07,2020-05-15,2018-03-07,2020-12-01
1540755,,,"Anaplan, Inc.",unresolved,15,2018-12-10,2022-06-02,2018-12-10,2022-12-19
1540947,,,"EQM Midstream Partners, LP",unresolved,10,2018-02-15,2020-05-14,2018-02-15,2020-11-30
1541884,,,PROLUNG INC,unresolved,17,2018-04-17,2022-11-14,2018-04-17,2023-06-02
1542447,,,"RREEF Property Trust, Inc.",unresolved,20,2018-03-07,2022-11-14,2018-03-07,2023-06-02
1542574,,,Prosper Funding LLC,unresolved,19,2018-03-26,2022-11-10,2018-03-26,2023-05-29
1543916,,,"ForgeRock, Inc.",unresolved,5,2021-11-12,2022-11-10,2021-11-12,2023-05-29
1544190,,,"Shepherd's Finance, LLC",unresolved,20,2018-03-23,2022-11-09,2018-03-23,2023-05-28
1544238,,,"CARDAX, INC.",unresolved,11,2018-03-27,2021-05-14,2018-03-27,2021-11-30
1545654,,,"Alexander & Baldwin, Inc.",unresolved,20,2018-03-01,2022-11-04,2018-03-01,2023-05-23
1547638,,,Southcross Energy Partners LLC,unresolved,7,2018-03-01,2019-08-23,2018-03-01,2020-03-10
1548187,,,"Soliton, Inc.",unresolved,12,2019-03-01,2021-11-12,2019-03-01,2022-05-31
1548240,,,"Yew Bio-Pharm Group, Inc.",unresolved,16,2018-04-02,2021-11-15,2018-04-02,2022-06-03
1548309,,,"Sears Hometown Stores, Inc.",unresolved,7,2018-04-19,2019-09-19,2018-04-19,2020-04-06
1549848,,,Hi-Crush Inc.,unresolved,11,2018-02-20,2020-08-06,2018-02-20,2021-02-22
1549922,,,"Summit Midstream Partners, LP",unresolved,20,2018-02-26,2022-11-07,2018-02-26,2023-05-26
1550020,,,eWELLNESS HEALTHCARE Corp,unresolved,18,2018-03-28,2022-05-16,2018-03-28,2022-12-02
1550053,,,"Grand Perfecta, Inc.",unresolved,8,2018-03-14,2020-03-17,2018-03-14,2020-10-03
1550603,,,"MALVERN BANCORP, INC.",unresolved,20,2018-02-09,2022-12-27,2018-02-09,2023-07-15
1550695,,,Performant Healthcare Inc,unresolved,20,2018-03-14,2022-11-09,2018-03-14,2023-05-28
1550737,,,"Sector 5, Inc.",unresolved,8,2018-02-15,2018-11-19,2018-02-15,2019-06-07
1551206,,,Patagonia Gold Corp.,unresolved,10,2018-04-17,2020-11-18,2018-04-17,2021-06-06
1551693,,,"PROJECT SAGE OLDCO, INC.",unresolved,20,2018-03-13,2022-11-14,2018-03-13,2023-06-02
1551887,,,DUESENBERG TECHNOLOGIES INC.,unresolved,20,2018-02-13,2022-09-22,2018-02-13,2023-04-10
1551906,,,WEST COAST VENTURES GROUP CORP.,unresolved,11,2018-04-17,2020-08-19,2018-04-17,2021-03-07
1551986,,,"9 METERS BIOPHARMA, INC.",unresolved,11,2018-03-14,2022-03-23,2018-03-14,2022-10-09
1552189,,,"PANACEA LIFE SCIENCES HOLDINGS, INC.",unresolved,17,2018-04-02,2022-11-14,2018-04-02,2023-06-02
1552358,,,"CGS INTERNATIONAL, INC.",unresolved,18,2019-04-11,2022-09-16,2019-04-11,2023-04-04
1552451,,,"MyoKardia, Inc.",unresolved,12,2018-03-08,2020-11-05,2018-03-08,2021-05-24
1552493,,,CNH Industrial Capital LLC,unresolved,20,2018-03-02,2022-11-09,2018-03-02,2023-05-28
1552845,,,Natur International Corp.,unresolved,8,2018-03-28,2019-11-15,2018-03-28,2020-06-02
1553023,,,CyrusOne Holdco LLC,unresolved,17,2018-02-22,2022-02-17,2018-02-22,2022-09-05
1553404,,,Pacific Green Technologies Inc.,unresolved,13,2018-07-17,2022-11-21,2018-07-17,2023-06-09
1554054,,,AMPERICO LTD,unresolved,9,2019-12-26,2019-12-26,2019-12-26,2020-07-13
1554859,,,"Semler Scientific, Inc.",unresolved,20,2018-03-08,2022-11-04,2018-03-08,2023-05-23
1554906,,,Crown Baus Capital Corp.,unresolved,6,2022-04-05,2022-04-22,2022-04-05,2022-11-08
1555039,,,Front Yard Residential Corp,unresolved,12,2018-03-01,2020-11-04,2018-03-01,2021-05-23
1555074,,,Altisource Asset Management Corp,unresolved,13,2018-03-01,2022-03-31,2018-03-01,2022-10-17
1555082,,,EP Energy LLC,unresolved,9,2018-03-02,2020-03-25,2018-03-02,2020-10-11
1555972,,,STERLING CONSOLIDATED Corp,unresolved,19,2018-04-17,2022-08-23,2018-04-17,2023-03-11
1555995,,,"BIOSCIENCE NEUTRACEUTICALS, INC.",unresolved,8,2018-04-12,2020-03-30,2018-04-12,2020-10-16
1556148,,,"Infor, Inc.",unresolved,9,2018-03-19,2020-03-16,2018-03-19,2020-10-02
1556179,,,"Rocky Mountain Industrials, Inc.",unresolved,16,2018-10-03,2022-11-04,2018-10-03,2023-05-23
1556226,,,"CUR MEDIA, INC.",unresolved,7,2018-01-29,2018-08-20,2018-01-29,2019-03-08
1556263,,,"Syros Pharmaceuticals, Inc.",unresolved,20,2018-03-12,2022-11-14,2018-03-12,2023-06-02
1556266,,,"BAIYU Holdings, Inc.",unresolved,20,2018-04-16,2022-11-10,2018-04-16,2023-05-29
1556416,,,"BIOHEMP INTERNATIONAL, INC.",unresolved,8,2018-04-26,2019-07-15,2018-04-26,2020-01-31
1556898,,,"Techpoint, Inc.",unresolved,20,2018-03-14,2022-11-10,2018-03-14,2023-05-29
1557142,,,"Kadmon Holdings, Inc.",unresolved,16,2018-03-06,2021-11-04,2018-03-06,2022-05-23
1557883,,,"Dermira, Inc.",unresolved,8,2018-02-22,2019-11-05,2018-02-22,2020-05-23
1558235,,,CORPORATE PROPERTY ASSOCIATES 18 GLOBAL INC,unresolved,18,2018-03-12,2022-05-09,2018-03-12,2022-11-25
1558441,,,INDUSTRIAL PROPERTY TRUST,unresolved,10,2018-03-09,2020-05-12,2018-03-09,2020-11-28
1558465,,,"PETROGRESS, INC",unresolved,14,2018-03-29,2022-03-30,2018-03-29,2022-10-16
1558583,,,Arcimoto Inc,unresolved,20,2018-03-30,2022-11-14,2018-03-30,2023-06-02
1559157,,,"Sunstock, Inc.",unresolved,19,2018-05-17,2022-11-14,2018-05-17,2023-06-02
1559172,,,"DIEGO PELLICER WORLDWIDE, INC",unresolved,20,2018-04-17,2022-11-10,2018-04-17,2023-05-29
1559484,,,"Resource REIT, Inc.",unresolved,18,2018-03-29,2022-05-12,2018-03-29,2022-11-28
1559909,,,Harvest Capital Credit Corp,unresolved,10,2018-04-02,2021-03-12,2018-04-02,2021-09-28
1559998,,,"Gaucho Group Holdings, Inc.",unresolved,20,2018-03-30,2022-11-18,2018-03-30,2023-06-06
1560046,,,"SQN AIF IV, L.P.",unresolved,8,2018-04-02,2019-11-14,2018-04-02,2020-06-01
1560241,,,"G1 Therapeutics, Inc.",unresolved,15,2018-02-21,2022-11-02,2018-02-21,2023-05-21
1560452,,,Texas Republic Capital Corp,unresolved,20,2018-03-13,2022-11-10,2018-03-13,2023-05-29
1561164,,,"QualityTech, LP",unresolved,12,2018-02-28,2020-11-02,2018-02-28,2021-05-21
1561180,,,PETROTEQ ENERGY INC.,unresolved,6,2019-10-07,2022-01-19,2019-10-07,2022-08-07
1561387,,,"Benefytt Technologies, Inc.",unresolved,11,2018-03-01,2020-08-10,2018-03-01,2021-02-26
1561627,,,ExOne Co,unresolved,16,2018-03-15,2021-11-12,2018-03-15,2022-05-31
1561660,,,Pattern Energy Group Inc.,unresolved,9,2018-03-01,2020-03-02,2018-03-01,2020-09-18
1561680,,,"Tri Pointe Homes, Inc.",unresolved,20,2018-02-20,2022-10-27,2018-02-20,2023-05-15
1561743,,,"Kindred Biosciences, Inc.",unresolved,11,2018-03-01,2021-08-05,2018-03-01,2022-02-21
1561880,,,"Legacy Education Alliance, Inc.",unresolved,20,2018-04-02,2022-11-14,2018-04-02,2023-06-02
1563298,,,Energy & Water Development Corp,unresolved,8,2019-08-19,2022-04-14,2019-08-19,2022-10-31
1563463,,,"NUTRALIFE BIOSCIENCES, INC",unresolved,20,2018-04-17,2022-11-21,2018-04-17,2023-06-09
1563756,,,"Lightstone Value Plus REIT III, Inc.",unresolved,20,2018-03-26,2022-11-14,2018-03-26,2023-06-02
1563855,,,SOPHIRIS BIO INC.,unresolved,8,2018-03-21,2019-11-08,2018-03-21,2020-05-26
1563922,,,Greenbacker Renewable Energy Co LLC,unresolved,16,2018-03-08,2022-11-21,2018-03-08,2023-06-09
1564406,,,"Oak Street Health, Inc.",unresolved,10,2020-09-16,2022-11-07,2020-09-16,2023-05-26
1564618,,,"Independent Bank Group, Inc.",unresolved,20,2018-02-27,2022-10-25,2018-02-27,2023-05-13
1566011,,,PBF Holding Co LLC,unresolved,21,2018-02-23,2022-11-02,2018-02-23,2023-05-21
1566097,,,PBF Finance Corp,unresolved,20,2018-03-09,2022-11-02,2018-03-09,2023-05-21
1566373,,,"F-star Therapeutics, Inc.",unresolved,18,2018-02-20,2022-11-10,2018-02-20,2023-05-29
1566445,,,BRE Select Hotels Corp,unresolved,7,2018-04-02,2019-08-14,2018-04-02,2020-03-01
1566469,,,"NantHealth, Inc.",unresolved,20,2018-03-16,2022-11-04,2018-03-16,2023-05-23
1566895,,,"nCino OpCo, Inc.",unresolved,6,2020-09-10,2021-12-01,2020-09-10,2022-06-19
1566912,,,"Griffin-American Healthcare REIT III, Inc.",unresolved,15,2018-03-16,2021-08-16,2018-03-16,2022-03-04
1567098,,,Luckwel Pharmaceuticals Inc.,unresolved,8,2018-11-14,2021-09-09,2018-11-14,2022-03-28
1567345,,,"HEMISPHERE MEDIA GROUP, INC.",unresolved,19,2018-03-15,2022-08-08,2018-03-15,2023-02-24
1567388,,,NAMI Corp.,unresolved,16,2018-02-27,2022-06-17,2018-02-27,2023-01-03
1567514,,,"Intra-Cellular Therapies, Inc.",unresolved,20,2018-03-01,2022-11-03,2018-03-01,2023-05-22
1567771,,,BRIDGEWAY NATIONAL CORP.,unresolved,11,2018-12-17,2021-06-14,2018-12-17,2021-12-31
1567892,,,Keenova Therapeutics plc,unresolved,20,2018-02-27,2022-11-08,2018-02-27,2023-05-27
1567925,,,"Sila Realty Trust, Inc.",unresolved,13,2018-03-21,2022-11-10,2018-03-21,2023-05-29
1568079,,,PetroShare Corp.,unresolved,7,2018-03-29,2019-08-14,2018-03-29,2020-03-01
1568162,,,"Necessity Retail REIT, Inc.",unresolved,20,2018-03-19,2022-11-03,2018-03-19,2023-05-22
1568875,,,"Znergy, Inc.",unresolved,7,2018-06-06,2021-08-31,2018-06-06,2022-03-19
1569083,,,"MAKINGORG, INC.",unresolved,19,2018-04-17,2022-08-15,2018-04-17,2023-03-03
1569329,,,"Youngevity International, Inc.",unresolved,12,2018-03-30,2022-06-22,2018-03-30,2023-01-08
1569340,,,"Cell Source, Inc.",unresolved,5,2018-07-25,2022-04-15,2018-07-25,2022-11-01
1569568,,,Lord Global Corp,unresolved,10,2018-03-26,2020-06-22,2018-03-26,2021-01-08
1570279,,,Double Down Holdings Inc.,unresolved,9,2018-04-10,2020-10-09,2018-04-10,2021-04-27
1571329,,,Logan Ridge Finance Corp.,unresolved,20,2018-02-27,2022-11-08,2018-02-27,2023-05-27
1571371,,,"Summit Materials, LLC",unresolved,20,2018-02-14,2022-11-03,2018-02-14,2023-05-22
1571398,,,VECTA INC.,unresolved,19,2018-03-28,2022-11-14,2018-03-28,2023-06-02
1571498,,,"Epizyme, Inc.",unresolved,19,2018-03-13,2022-08-09,2018-03-13,2023-02-25
1571804,,,GREEN VISION BIOTECHNOLOGY CORP.,unresolved,20,2018-02-13,2022-08-22,2018-02-13,2023-03-10
1572384,,,Phoenix Rising Companies,unresolved,16,2018-05-16,2022-12-23,2018-05-16,2023-07-11
1572565,,,Indoor Harvest Corp,unresolved,18,2018-04-17,2022-11-14,2018-04-17,2023-06-02
1572702,,,"Atlas Growth Partners, L.P.",unresolved,15,2018-05-08,2021-08-16,2018-05-08,2022-03-04
1572758,,,"Cole Office & Industrial REIT (CCIT II), Inc.",unresolved,12,2018-03-30,2020-11-13,2018-03-30,2021-06-01
1572910,,,PHILLIPS 66 PARTNERS LP,unresolved,17,2018-02-23,2022-02-18,2018-02-23,2022-09-06
1573097,,,"HD Supply Holdings, Inc.",unresolved,12,2018-03-13,2020-12-04,2018-03-13,2021-06-22
1574135,,,"Pivotal Software, Inc.",unresolved,7,2018-06-14,2019-12-06,2018-06-14,2020-06-23
1574186,,,"Zero Gravity Solutions, Inc.",unresolved,8,2018-08-13,2021-08-10,2018-08-13,2022-02-26
1574291,,,CC Holdings GS V LLC,unresolved,15,2018-02-26,2021-11-05,2018-02-26,2022-05-24
1574540,,,"DOC DR Holdco, LLC",unresolved,20,2018-03-01,2022-11-04,2018-03-01,2023-05-23
1574596,,,New Home Co Inc.,unresolved,15,2018-02-14,2021-07-29,2018-02-14,2022-02-14
1574774,,,"BIOTELEMETRY, INC.",unresolved,12,2018-02-27,2020-10-29,2018-02-27,2021-05-17
1574815,,,"BMC STOCK HOLDINGS, INC.",unresolved,12,2018-03-01,2020-11-03,2018-03-01,2021-05-22
1574910,,,"RENAVOTIO, INC.",unresolved,15,2018-04-11,2021-08-09,2018-04-11,2022-02-25
1575048,,,"ATEL 16, LLC",unresolved,17,2018-03-27,2022-11-14,2018-03-27,2023-06-02
1575051,,,Sisecam Resources LP,unresolved,20,2018-03-09,2022-10-28,2018-03-09,2023-05-16
1575189,,,"Match Group Holdings II, LLC",unresolved,10,2018-03-01,2020-05-08,2018-03-01,2020-11-24
1575420,,,Bionovate Technologies Corp.,unresolved,5,2018-06-28,2019-12-11,2018-06-28,2020-06-28
1575434,,,"Vericity, Inc.",unresolved,14,2019-08-14,2022-11-14,2019-08-14,2023-06-02
1575659,,,"Rapid Therapeutic Science Laboratories, Inc.",unresolved,8,2019-01-15,2022-03-16,2019-01-15,2022-10-02
1575828,,,EXPRO GROUP HOLDINGS N.V.,unresolved,20,2018-02-27,2022-11-03,2018-02-27,2023-05-22
1576169,,,"Benefitfocus, Inc.",unresolved,20,2018-03-15,2022-11-09,2018-03-15,2023-05-28
1576263,,,"Mirati Therapeutics, Inc.",unresolved,20,2018-03-08,2022-11-08,2018-03-08,2023-05-27
1576724,,,Vilacto Bio Inc.,unresolved,6,2018-02-14,2019-07-10,2018-02-14,2020-01-26
1576914,,,MiX Telematics Ltd,unresolved,11,2020-07-23,2022-11-09,2020-07-23,2023-05-28
1577230,,,"Retail Opportunity Investments Partnership, LP",unresolved,20,2018-02-22,2022-10-26,2018-02-22,2023-05-14
1577368,,,"QTS Realty Trust, Inc.",unresolved,15,2018-02-28,2021-08-05,2018-02-28,2022-02-21
1577916,,,"Premier, Inc.",unresolved,20,2018-02-06,2022-11-01,2018-02-06,2023-05-20
1577966,,,"COPT DEFENSE PROPERTIES, L.P.",unresolved,13,2018-02-16,2021-02-12,2018-02-16,2021-08-31
1578620,,,Alcentra Capital Corp,unresolved,8,2018-03-14,2019-11-06,2018-03-14,2020-05-24
1578735,,,National General Holdings Corp.,unresolved,13,2018-02-26,2021-02-26,2018-02-26,2021-09-14
1578776,,,"PRUDENTIAL BANCORP, INC.",unresolved,18,2018-02-09,2022-05-16,2018-02-09,2022-12-02
1578845,,,Allergan plc,unresolved,10,2018-02-16,2020-05-07,2018-02-16,2020-11-23
1579010,,,"Life On Earth, Inc.",unresolved,18,2018-01-16,2022-04-19,2018-01-16,2022-11-05
1579252,,,"Jason Industries, Inc.",unresolved,10,2018-03-01,2020-06-10,2018-03-01,2020-12-27
1579412,,,FS Investment Corp III,unresolved,5,2018-03-09,2019-03-19,2018-03-09,2019-10-05
1579823,,,"NewAge, Inc.",unresolved,15,2018-04-17,2021-11-09,2018-04-17,2022-05-28
1579910,,,Resonant Inc,unresolved,16,2018-02-28,2022-03-14,2018-02-28,2022-09-30
1580063,,,"BIORA THERAPEUTICS, INC.",unresolved,10,2020-08-14,2022-11-14,2020-08-14,2023-06-02
1580156,,,Houghton Mifflin Harcourt Co,unresolved,17,2018-02-22,2022-02-24,2018-02-22,2022-09-12
1580608,,,Santander Consumer USA Holdings Inc.,unresolved,15,2018-02-28,2021-10-27,2018-02-28,2022-05-15
1580673,,,"Pacific Oak Strategic Opportunity REIT II, Inc.",unresolved,11,2018-03-09,2020-08-12,2018-03-09,2021-02-28
1580988,,,"Cole Credit Property Trust V, Inc.",unresolved,12,2018-03-30,2020-11-13,2018-03-30,2021-06-01
1581164,,,"Extended Stay America, Inc.",unresolved,14,2018-02-27,2021-05-10,2018-02-27,2021-11-26
1581545,,,"GL Brands, Inc.",unresolved,8,2018-02-21,2020-01-31,2018-02-21,2020-08-18
1581552,,,"Energy 11, L.P.",unresolved,14,2018-03-08,2022-03-16,2018-03-08,2022-10-02
1581776,,,"Mid-America Apartments, L.P.",unresolved,20,2018-02-23,2022-10-27,2018-02-23,2023-05-15
1581874,,,"Terra Secured Income Fund 5, LLC",unresolved,13,2018-03-07,2022-03-11,2018-03-07,2022-09-27
1582244,,,Corning Natural Gas Holding Corp,unresolved,18,2018-02-14,2022-05-12,2018-02-14,2022-11-28
1582249,,,"ACTAVIA LIFE SCIENCES, INC.",unresolved,16,2018-02-08,2022-08-22,2018-02-08,2023-03-10
1582341,,,"MyDx, Inc.",unresolved,8,2018-04-17,2019-11-19,2018-04-17,2020-06-06
1582568,,,PBF Logistics LP,unresolved,20,2018-02-23,2022-10-27,2018-02-23,2023-05-15
1582962,,,CANNA Corp,unresolved,7,2018-04-25,2020-05-14,2018-04-25,2020-11-30
1583077,,,"Hospitality Investors Trust, Inc.",unresolved,14,2018-03-27,2021-05-14,2018-03-27,2021-11-30
1583994,,,"DOC DR, LLC",unresolved,10,2018-03-01,2020-05-08,2018-03-01,2020-11-24
1584423,,,"APX Group Holdings, Inc.",unresolved,10,2018-03-07,2020-05-14,2018-03-07,2020-11-30
1584751,,,Talis Biomedical Corp,unresolved,8,2021-03-30,2022-11-03,2021-03-30,2023-05-22
1584754,,,ATECH (PARENT) RESOLUTION CORP.,unresolved,20,2018-02-14,2022-11-14,2018-02-14,2023-06-02
1584952,,,EP Energy Corp,unresolved,9,2018-03-02,2020-03-25,2018-03-02,2020-10-11
1585219,,,,unresolved,16,2018-03-16,2021-10-27,2018-03-16,2022-05-15
1585364,,,,unresolved,20,2018-03-01,2022-11-08,2018-03-01,2023-05-27
1585583,,,,unresolved,17,2018-03-15,2022-03-08,2018-03-15,2022-09-24
1585608,,,,unresolved,20,2018-04-09,2022-11-14,2018-04-09,2023-06-02
1585644,,,,unresolved,11,2018-02-28,2020-07-30,2018-02-28,2021-02-15
1585790,,,,unresolved,11,2018-02-28,2020-07-31,2018-02-28,2021-02-16
1586049,,,,unresolved,12,2018-02-27,2020-11-03,2018-02-27,2021-05-22
1586105,,,,unresolved,10,2018-03-16,2020-05-14,2018-03-16,2020-11-30
1586454,,,,unresolved,20,2018-03-20,2022-11-10,2018-03-20,2023-05-29
1586495,,,,unresolved,21,2018-02-09,2022-11-21,2018-02-09,2023-06-09
1586554,,,,unresolved,9,2020-11-10,2022-11-07,2020-11-10,2023-05-26
1587221,,,,unresolved,17,2018-03-12,2022-05-13,2018-03-12,2022-11-29
1587246,,,,unresolved,17,2018-03-23,2022-04-15,2018-03-23,2022-11-01
1588014,,,,unresolved,20,2018-04-17,2022-11-07,2018-04-17,2023-05-26
1588272,,,,unresolved,10,2020-05-15,2022-08-12,2020-05-15,2023-02-28
1588972,,,,unresolved,20,2018-03-02,2022-11-09,2018-03-02,2023-05-28
1589061,,,,unresolved,19,2018-03-29,2022-11-08,2018-03-29,2023-05-27
1589149,,,,unresolved,20,2018-04-17,2022-11-14,2018-04-17,2023-06-02
1589150,,,,unresolved,9,2018-05-14,2022-04-21,2018-05-14,2022-11-07
1589361,,,,unresolved,8,2018-04-17,2022-11-14,2018-04-17,2023-06-02
1590383,,,,unresolved,18,2018-04-02,2022-06-30,2018-04-02,2023-01-16
1590418,,,,unresolved,17,2018-04-02,2022-11-15,2018-04-02,2023-06-03
1590496,,,,unresolved,19,2018-03-19,2022-12-20,2018-03-19,2023-07-08
1590695,,,,unresolved,20,2018-04-03,2022-10-31,2018-04-03,2023-05-19
1590799,,,,unresolved,16,2018-03-23,2021-11-04,2018-03-23,2022-05-23
1591165,,,,unresolved,19,2018-03-30,2022-11-14,2018-03-30,2023-06-02
1591587,,,,unresolved,14,2019-08-28,2022-11-08,2019-08-28,2023-05-27
1591615,,,,unresolved,5,2018-07-16,2019-07-19,2018-07-16,2020-02-04
1591763,,,,unresolved,16,2018-02-20,2021-11-01,2018-02-20,2022-05-20
1591890,,,,unresolved,11,2018-03-26,2022-03-30,2018-03-26,2022-10-16
1591913,,,,unresolved,13,2018-04-17,2022-11-14,2018-04-17,2023-06-02
1591956,,,,unresolved,12,2018-03-21,2020-11-16,2018-03-21,2021-06-04
1592000,,,,unresolved,20,2018-02-21,2022-11-02,2018-02-21,2023-05-21
1592016,,,,unresolved,20,2018-03-22,2022-11-09,2018-03-22,2023-05-28
1592057,,,,unresolved,20,2018-02-22,2022-11-03,2018-02-22,2023-05-22
1592058,,,,unresolved,20,2018-03-14,2022-11-08,2018-03-14,2023-05-27
1592480,,,,unresolved,8,2018-02-23,2019-11-12,2018-02-23,2020-05-30
1592603,,,,unresolved,17,2018-11-19,2022-11-18,2018-11-19,2023-06-06
1592706,,,,unresolved,20,2018-02-08,2022-11-22,2018-02-08,2023-06-10
1592782,,,,unresolved,6,2018-02-13,2022-08-22,2018-02-13,2023-03-10
1593001,,,,unresolved,17,2018-02-16,2022-11-21,2018-02-16,2023-06-09
1593034,,,,unresolved,20,2018-02-27,2022-11-09,2018-02-27,2023-05-28
1593195,,,,unresolved,14,2018-03-16,2021-05-06,2018-03-16,2021-11-22
1593204,,,,unresolved,8,2021-03-22,2022-11-04,2021-03-22,2023-05-23
1593222,,,,unresolved,20,2018-03-01,2022-11-07,2018-03-01,2023-05-26
1593548,,,,unresolved,20,2018-03-14,2022-11-08,2018-03-14,2023-05-27
1593773,,,,unresolved,7,2021-05-10,2022-12-21,2021-05-10,2023-07-09
1593936,,,,unresolved,13,2018-03-22,2021-03-09,2018-03-22,2021-09-25
1594012,,,,unresolved,14,2018-03-01,2022-03-01,2018-03-01,2022-09-17
1594109,,,,unresolved,14,2018-02-28,2021-05-06,2018-02-28,2021-11-22
1594204,,,,unresolved,12,2018-04-11,2022-11-14,2018-04-11,2023-06-02
1594466,,,,unresolved,12,2018-02-28,2020-10-30,2018-02-28,2021-05-18
1594555,,,"HV Bancorp, Inc.",unresolved,19,2018-02-13,2022-11-14,2018-02-13,2023-06-02
1594686,,,WASHINGTON PRIME GROUP INC.,unresolved,15,2018-02-22,2021-08-09,2018-02-22,2022-02-25
1595585,,,"Tricida, Inc.",unresolved,18,2018-08-10,2022-11-14,2018-08-10,2023-06-02
1595627,,,"Inland Residential Properties Trust, Inc.",unresolved,5,2018-03-06,2019-03-29,2018-03-06,2019-10-15
1595893,,,"Turning Point Therapeutics, Inc.",unresolved,14,2019-05-31,2022-08-08,2019-05-31,2023-02-24
1596062,,,Q BioMed Inc.,unresolved,19,2018-02-28,2022-11-03,2018-02-28,2023-05-22
1596783,,,"Catalent, Inc.",unresolved,20,2018-02-05,2022-11-01,2018-02-05,2023-05-20
1596946,,,Quotient Ltd,unresolved,20,2018-02-06,2022-11-14,2018-02-06,2023-06-02
1597264,,,Blueprint Medicines Corp,unresolved,20,2018-02-21,2022-11-01,2018-02-21,2023-05-20
1597313,,,"ViewRay, Inc.",unresolved,20,2018-03-12,2022-11-02,2018-03-12,2023-05-21
1597553,,,"Sage Therapeutics, Inc.",unresolved,20,2018-02-22,2022-11-08,2018-02-22,2023-05-27
1597892,,,JRSIS HEALTH CARE Corp,unresolved,20,2018-04-17,2022-11-14,2018-04-17,2023-06-02
1598014,,,IHS Markit Ltd.,unresolved,17,2018-01-23,2022-01-24,2018-01-23,2022-08-12
1598674,,,Casper Sleep Inc.,unresolved,8,2020-03-19,2021-11-15,2020-03-19,2022-06-03
1598924,,,"Image Chain Group Limited, Inc.",unresolved,8,2018-04-17,2022-03-31,2018-04-17,2022-10-17
1599489,,,Veritiv Corp,unresolved,20,2018-03-01,2022-11-08,2018-03-01,2023-05-27
1599901,,,"Avidity Biosciences, Inc.",unresolved,10,2020-08-11,2022-11-08,2020-08-11,2023-05-27
1599947,,,"TerraForm Power NY Holdings, Inc.",unresolved,11,2018-03-07,2020-08-07,2018-03-07,2021-02-23
1600125,,,"Meridian Bancorp, Inc.",unresolved,16,2018-03-01,2021-11-09,2018-03-01,2022-05-28
1600132,,,"Bellerophon Therapeutics, Inc.",unresolved,20,2018-03-15,2022-11-14,2018-03-15,2023-06-02
1600422,,,"Superior Drilling Products, Inc.",unresolved,20,2018-03-23,2022-11-14,2018-03-23,2023-06-02
1600438,,,GMS Inc.,unresolved,20,2018-03-06,2022-12-08,2018-03-06,2023-06-26
1600470,,,Montage Resources Corp,unresolved,12,2018-03-02,2020-11-06,2018-03-02,2021-05-25
1601280,,,"MediXall Group, Inc.",unresolved,20,2018-03-01,2022-11-14,2018-03-01,2023-06-02
1601669,,,Watford Holdings Ltd.,unresolved,9,2019-05-10,2021-05-10,2019-05-10,2021-11-26
1602065,,,"VNOM Sub, Inc.",unresolved,17,2018-05-02,2022-11-08,2018-05-02,2023-05-27
1602078,,,Nemaura Medical Inc.,unresolved,9,2018-06-12,2022-11-14,2018-06-12,2023-06-02
1602706,,,KAOPU GROUP INC,unresolved,10,2018-07-09,2019-11-20,2018-07-09,2020-06-07
1603291,,,"EASTERN ENERGY GAS HOLDINGS, LLC",unresolved,20,2018-02-27,2022-11-07,2018-02-27,2023-05-26
1603480,,,TCW Direct Lending LLC,unresolved,15,2018-03-22,2022-11-10,2018-03-22,2023-05-29
1603756,,,"Axonics, Inc.",unresolved,17,2018-12-11,2022-11-09,2018-12-11,2023-05-28
1604477,,,SQZ Biotechnologies Co,unresolved,9,2020-12-10,2022-11-09,2020-12-10,2023-05-28
1604627,,,"KushCo Holdings, Inc.",unresolved,15,2018-01-16,2021-07-09,2018-01-16,2022-01-25
1604643,,,Evoqua Water Technologies Corp.,unresolved,20,2018-02-07,2022-11-16,2018-02-07,2023-06-04
1604738,,,Ashford Inc.,unresolved,20,2018-03-12,2022-11-09,2018-03-12,2023-05-28
1604950,,,scPharmaceuticals Inc.,unresolved,6,2018-03-21,2022-03-22,2018-03-21,2022-10-08
1605607,,,"Paramount Group, Inc.",unresolved,20,2018-02-15,2022-10-26,2018-02-15,2023-05-14
1605810,,,"Porter Holding International, Inc.",unresolved,17,2018-03-30,2022-05-16,2018-03-30,2022-12-02
1606180,,,"AAC Holdings, Inc.",unresolved,8,2018-02-23,2019-11-13,2018-02-23,2020-05-31
1606440,,,"Reliant Bancorp, Inc.",unresolved,16,2018-03-16,2021-11-05,2018-03-16,2022-05-24
1606645,,,Foamix Pharmaceuticals Ltd.,unresolved,9,2018-02-27,2020-03-12,2018-02-27,2020-09-28
1606698,,,"ALPINE 4 HOLDINGS, INC.",unresolved,19,2018-04-17,2022-08-12,2018-04-17,2023-02-28
1606745,,,"Liberty TripAdvisor Holdings, Inc.",unresolved,20,2018-02-21,2022-11-07,2018-02-21,2023-05-26
1607450,,,"ABV CONSULTING, INC.",unresolved,16,2018-03-19,2021-11-17,2018-03-19,2022-06-05
1607549,,,Applied BioSciences Corp.,unresolved,9,2018-02-14,2020-02-18,2018-02-14,2020-09-05
1607716,,,"Vivint Solar, Inc.",unresolved,11,2018-03-07,2020-08-05,2018-03-07,2021-02-21
1607939,,,"Udemy, Inc.",unresolved,5,2021-12-09,2022-11-02,2021-12-09,2023-05-21
1608249,,,"Zayo Group Holdings, Inc.",unresolved,9,2018-02-08,2020-02-04,2018-02-08,2020-08-22
1609139,,,"INNERSCOPE HEARING TECHNOLOGIES, INC.",unresolved,9,2018-04-17,2022-09-14,2018-04-17,2023-04-02
1609351,,,"Spark Therapeutics, Inc.",unresolved,7,2018-02-27,2019-11-07,2018-02-27,2020-05-25
1609471,,,"Watermark Lodging Trust, Inc.",unresolved,19,2018-03-27,2022-08-11,2018-03-27,2023-02-27
1609472,,,GH Capital Inc.,unresolved,9,2018-02-08,2020-08-04,2018-02-08,2021-02-20
1609702,,,"CDK Global, Inc.",unresolved,18,2018-01-30,2022-05-05,2018-01-30,2022-11-21
1609988,,,flooidCX Corp.,unresolved,20,2018-01-16,2022-10-24,2018-01-16,2023-05-12
1610092,,,"Diplomat Pharmacy, Inc.",unresolved,8,2018-03-01,2019-11-12,2018-03-01,2020-05-30
1610114,,,New Senior Investment Group Inc.,unresolved,15,2018-02-28,2021-07-30,2018-02-28,2022-02-15
1610418,,,CNX Midstream Partners LP,unresolved,11,2018-02-07,2020-07-30,2018-02-07,2021-02-15
1610466,,,"Shell Midstream Partners, L.P.",unresolved,19,2018-02-28,2022-07-28,2018-02-28,2023-02-13
1610618,,,"Cidara Therapeutics, Inc.",unresolved,20,2018-02-27,2022-11-03,2018-02-27,2023-05-22
1610911,,,"Washington Prime Group, L.P.",unresolved,15,2018-02-22,2021-08-09,2018-02-22,2022-02-25
1610950,,,"Syneos Health, Inc.",unresolved,20,2018-02-28,2022-11-04,2018-02-28,2023-05-23
1611110,,,MEDLEY MANAGEMENT INC.,unresolved,13,2018-03-29,2021-03-31,2018-03-29,2021-10-17
1611277,,,"Helix Technologies, Inc.",unresolved,12,2018-03-28,2020-11-13,2018-03-28,2021-06-01
1612851,,,"Palayan Resources, Inc.",unresolved,5,2018-07-02,2022-06-28,2018-07-02,2023-01-14
1613665,,,"Great Western Bancorp, Inc.",unresolved,16,2018-02-07,2021-11-24,2018-02-07,2022-06-12
1613859,,,"PRA Health Sciences, Inc.",unresolved,14,2018-02-22,2021-04-29,2018-02-22,2021-11-15
1614067,,,"Aridis Pharmaceuticals, Inc.",unresolved,18,2018-09-26,2022-11-21,2018-09-26,2023-06-09
1614184,,,Cadence Bancorporation,unresolved,15,2018-03-19,2021-08-05,2018-03-19,2022-02-21
1614466,,,Kibush Capital Corp,unresolved,16,2018-02-15,2021-09-24,2018-02-15,2022-04-12
1614556,,,Star Alliance International Corp.,unresolved,19,2018-10-05,2022-12-02,2018-10-05,2023-06-20
1614826,,,"Edge Data Solutions, Inc.",unresolved,18,2018-08-16,2022-11-14,2018-08-16,2023-06-02
1614976,,,"Cole Office & Industrial REIT (CCIT III), Inc.",unresolved,12,2018-03-30,2020-11-13,2018-03-30,2021-06-01
1615169,,,JIN WAN HONG INTERNATIONAL HOLDINGS Ltd,unresolved,8,2018-02-20,2019-09-17,2018-02-20,2020-04-04
1615222,,,"Moody National REIT II, Inc.",unresolved,20,2018-04-02,2022-11-14,2018-04-02,2023-06-02
1615346,,,Landmark Infrastructure Partners LP,unresolved,16,2018-02-15,2021-11-05,2018-02-15,2022-05-24
1615780,,,"Teardroppers, Inc.",unresolved,20,2018-04-17,2022-11-17,2018-04-17,2023-06-05
1615817,,,King Merger Sub II LLC,unresolved,7,2018-03-01,2019-08-07,2018-03-01,2020-02-23
1615999,,,"NEUROPATHIX, INC.",unresolved,16,2018-07-24,2022-05-23,2018-07-24,2022-12-09
1616093,,,Wells Fargo Real Estate Investment Corp.,unresolved,8,2018-03-02,2019-11-04,2018-03-02,2020-05-22
1616318,,,Vista Outdoor Inc.,unresolved,20,2018-02-08,2022-11-03,2018-02-08,2023-05-22
1616736,,,Alpha Investment Inc.,unresolved,10,2018-04-05,2022-08-08,2018-04-05,2023-02-24
1616741,,,"PATRIOT TRANSPORTATION HOLDING, INC.",unresolved,20,2018-02-09,2022-12-09,2018-02-09,2023-06-27
1616788,,,LEGACY VENTURES INTERNATIONAL INC.,unresolved,15,2019-04-29,2022-09-30,2019-04-29,2023-04-18
1617227,,,"J. Alexander's Holdings, Inc.",unresolved,15,2018-03-15,2021-08-17,2018-03-15,2022-03-05
1617351,,,"Mu Yan Technology Group Co., Ltd",unresolved,7,2020-11-13,2022-03-17,2020-11-13,2022-10-03
1617669,,,"Unique Fabricating, Inc.",unresolved,20,2018-03-08,2022-11-08,2018-03-08,2023-05-27
1617765,,,EVOME MEDICAL TECHNOLOGIES INC.,unresolved,6,2021-07-15,2022-10-17,2021-07-15,2023-05-05
1617896,,,Corporate Capital Trust II,unresolved,6,2018-03-02,2019-05-15,2018-03-02,2019-12-01
1617977,,,"Habit Restaurants, Inc.",unresolved,9,2018-03-01,2020-03-12,2018-03-01,2020-09-28
1618563,,,National Storage Affiliates Trust,unresolved,20,2018-02-27,2022-11-03,2018-02-27,2023-05-22
1618697,,,GUGGENHEIM CREDIT INCOME FUND,unresolved,17,2018-03-13,2022-11-14,2018-03-13,2023-06-02
1618921,,,"Walgreens Boots Alliance, Inc.",unresolved,20,2018-01-04,2022-10-13,2018-01-04,2023-05-01
1619250,,,Valeritas Holdings Inc.,unresolved,8,2018-02-28,2019-11-12,2018-02-28,2020-05-30
1619739,,,Hess Midstream Operations LP,unresolved,8,2018-03-13,2019-11-07,2018-03-13,2020-05-25
1619954,,,"Inovalon Holdings, Inc.",unresolved,16,2018-02-21,2021-11-09,2018-02-21,2022-05-28
1620179,,,"Exela Technologies, Inc.",unresolved,20,2018-03-16,2022-11-14,2018-03-16,2023-06-02
1620280,,,Uniti Group LLC,unresolved,20,2018-03-01,2022-11-07,2018-03-01,2023-05-26
1620602,,,Warner Chilcott Ltd,unresolved,10,2018-02-16,2020-05-07,2018-02-16,2020-11-23
1621199,,,UNION BRIDGE HOLDINGS LTD.,unresolved,12,2018-04-02,2020-10-30,2018-04-02,2021-05-18
1621227,,,Adaptimmune Therapeutics PLC,unresolved,19,2018-03-15,2022-11-08,2018-03-15,2023-05-27
1621443,,,"Zynerba Pharmaceuticals, Inc.",unresolved,8,2018-03-12,2022-03-01,2018-03-12,2022-09-17
1621563,,,"Summit Materials, Inc.",unresolved,20,2018-02-14,2022-11-03,2018-02-14,2023-05-22
1622057,,,Nascent Biotech Inc.,unresolved,6,2018-06-29,2022-06-15,2018-06-29,2023-01-01
1622231,,,BOATIM INC.,unresolved,16,2019-06-06,2022-01-19,2019-06-06,2022-08-07
1622353,,,"Jernigan Capital, Inc.",unresolved,12,2018-03-02,2020-11-09,2018-03-02,2021-05-28
1622408,,,Fritzy Tech Inc.,unresolved,17,2018-02-21,2022-02-11,2018-02-21,2022-08-30
1622879,,,"Medicine Man Technologies, Inc.",unresolved,20,2018-03-27,2022-11-10,2018-03-27,2023-05-29
1623360,,,Mirage Energy Corp,unresolved,12,2018-04-30,2022-01-21,2018-04-30,2022-08-09
1623590,,,Fintech Scion Ltd,unresolved,20,2018-04-17,2022-11-10,2018-04-17,2023-05-29
1623613,,,Mylan II B.V.,unresolved,12,2018-03-01,2020-11-06,2018-03-01,2021-05-25
1623715,,,"Imago BioSciences, Inc.",unresolved,6,2021-08-19,2022-11-09,2021-08-19,2023-05-28
1624658,,,"Allena Pharmaceuticals, Inc.",unresolved,18,2018-03-27,2022-08-15,2018-03-27,2023-03-03
1625288,,,"NEXIEN BIOPHARMA, INC.",unresolved,7,2018-09-28,2022-05-12,2018-09-28,2022-11-28
1625941,,,ARES INDUSTRIAL REAL ESTATE INCOME TRUST Inc.,unresolved,20,2018-03-09,2022-11-10,2018-03-09,2023-05-29
1626078,,,SavDen Group Corp.,unresolved,9,2018-01-16,2020-04-20,2018-01-16,2020-11-06
1626199,,,"ALPINE IMMUNE SCIENCES, INC.",unresolved,17,2018-03-28,2022-11-14,2018-03-28,2023-06-02
1626556,,,"AMERICAN EDUCATION CENTER, INC.",unresolved,6,2018-04-17,2021-05-24,2018-04-17,2021-12-10
1626745,,,"Fortune Valley Treasures, Inc.",unresolved,19,2018-05-21,2022-11-14,2018-05-21,2023-06-02
1626853,,,Majesco,unresolved,11,2018-02-07,2020-08-14,2018-02-07,2021-03-02
1626899,,,"Parkview Capital Credit, Inc.",unresolved,7,2018-04-02,2019-08-14,2018-04-02,2020-03-01
1627014,,,"Black Knight, Inc.",unresolved,20,2018-02-23,2022-11-03,2018-02-23,2023-05-22
1627041,,,VISIBER57 CORP.,unresolved,20,2018-01-16,2022-12-16,2018-01-16,2023-07-04
1627452,,,ME Renewable Power Corp,unresolved,13,2020-09-23,2022-05-23,2020-09-23,2022-12-09
1627606,,,DAVIDsTEA Inc.,unresolved,20,2018-04-19,2022-12-13,2018-04-19,2023-07-01
1627611,,,12 Retech Corp,unresolved,15,2018-08-20,2022-03-31,2018-08-20,2022-10-17
1627857,,,"Sailpoint Technologies Holdings, Inc.",unresolved,19,2018-03-19,2022-08-09,2018-03-19,2023-02-25
1628104,,,"XSport Global, Inc.",unresolved,8,2018-03-20,2019-09-25,2018-03-20,2020-04-12
1628228,,,"OPTILEAF, INC.",unresolved,13,2018-04-27,2021-12-28,2018-04-27,2022-07-16
1629137,,,"Global Blood Therapeutics, Inc.",unresolved,18,2018-02-27,2022-08-08,2018-02-27,2023-02-24
1629205,,,Innovation1 Biotech Inc.,unresolved,6,2019-04-15,2021-12-10,2019-04-15,2022-06-28
1629606,,,"Driven Deliveries, Inc.",unresolved,6,2018-06-15,2020-11-23,2018-06-15,2021-06-11
1629665,,,"MULIANG VIAGOO TECHNOLOGY, INC.",unresolved,20,2018-04-17,2022-11-21,2018-04-17,2023-06-09
1630031,,,Brixmor Operating Partnership LP,unresolved,20,2018-02-12,2022-11-01,2018-02-12,2023-05-20
1630856,,,Professional Holding Corp.,unresolved,12,2020-03-30,2022-11-09,2020-03-30,2023-05-28
1631256,,,"KBS Growth & Income REIT, Inc.",unresolved,17,2018-03-12,2022-11-10,2018-03-12,2023-05-29
1631650,,,"Aimmune Therapeutics, Inc.",unresolved,11,2018-02-20,2020-07-30,2018-02-20,2021-02-15
1631825,,,"Presidio, Inc.",unresolved,8,2018-02-08,2019-11-06,2018-02-08,2020-05-24
1632081,,,"MAKAMER HOLDINGS, INC.",unresolved,13,2018-08-14,2022-05-09,2018-08-14,2022-11-25
1632275,,,CAT9 Group Inc.,unresolved,14,2018-05-10,2021-11-22,2018-05-10,2022-06-10
1633070,,,Axcella Health Inc.,unresolved,8,2019-06-20,2022-11-01,2019-06-20,2023-05-20
1633651,,,"Tallgrass Energy, LP",unresolved,9,2018-02-13,2020-02-12,2018-02-13,2020-08-30
1633858,,,Audax Credit BDC Inc.,unresolved,20,2018-03-16,2022-11-14,2018-03-16,2023-06-02
1633931,,,"QXO Insulation, LLC",unresolved,20,2018-02-27,2022-11-01,2018-02-27,2023-05-20
1633932,,,ESSA Pharma Inc.,unresolved,6,2020-12-15,2022-12-13,2020-12-15,2023-07-01
1634038,,,"ProSight Global, Inc.",unresolved,9,2019-08-08,2021-08-09,2019-08-08,2022-02-25
1634379,,,"Metacrine, Inc.",unresolved,9,2020-11-12,2022-11-14,2020-11-12,2023-06-02
1634432,,,Strongbridge Biopharma plc,unresolved,14,2018-03-12,2021-08-05,2018-03-12,2022-02-21
1634447,,,"ISUN, INC.",unresolved,19,2018-03-29,2022-11-14,2018-03-29,2023-06-02
1634452,,,AB Private Credit Investors Corp,unresolved,19,2018-03-20,2022-11-15,2018-03-20,2023-06-03
1634997,,,"Avangrid, Inc.",unresolved,20,2018-03-26,2022-10-26,2018-03-26,2023-05-14
1635136,,,DUO WORLD INC,unresolved,20,2018-02-14,2022-11-16,2018-02-14,2023-06-04
1635261,,,MSB FINANCIAL CORP,unresolved,10,2018-03-02,2020-05-08,2018-03-02,2020-11-24
1635484,,,Cincinnati Bancorp,unresolved,8,2018-03-30,2019-11-14,2018-03-30,2020-06-01
1635650,,,Green Plains Partners LP,unresolved,20,2018-02-14,2022-11-03,2018-02-14,2023-05-22
1635718,,,Gannett Media Corp.,unresolved,8,2018-02-28,2019-11-05,2018-02-28,2020-05-23
1635748,,,"Zoompass Holdings, Inc.",unresolved,7,2019-06-13,2020-11-23,2019-06-13,2021-06-11
1635840,,,"Provident Bancorp, Inc.",unresolved,7,2018-03-15,2019-08-09,2018-03-15,2020-02-25
1635881,,,Exterran Corp,unresolved,19,2018-02-28,2022-08-09,2018-02-28,2023-02-25
1635965,,,4M Carbon Fiber Corp.,unresolved,9,2018-02-23,2019-11-19,2018-02-23,2020-06-06
1635984,,,"National Western Life Group, Inc.",unresolved,20,2018-03-01,2022-11-09,2018-03-01,2023-05-28
1636050,,,Sio Gene Therapies Inc.,unresolved,17,2018-02-09,2022-02-11,2018-02-09,2022-08-30
1636286,,,Altabancorp,unresolved,15,2018-03-15,2021-08-09,2018-03-15,2022-02-25
1636315,,,"Kite Realty Group, L.P.",unresolved,20,2018-02-20,2022-11-04,2018-02-20,2023-05-23
1636509,,,"Vitalibis, Inc.",unresolved,6,2019-03-28,2020-08-14,2019-03-28,2021-03-02
1637417,,,FS Investment Corp IV,unresolved,5,2018-03-09,2019-03-18,2018-03-09,2019-10-04
1637558,,,CONSOL Coal Resources LP,unresolved,12,2018-02-16,2020-11-05,2018-02-16,2021-05-24
1637655,,,Horizon Global Corp,unresolved,20,2018-03-01,2022-11-09,2018-03-01,2023-05-28
1637757,,,Clearway Energy LLC,unresolved,20,2018-03-01,2022-11-02,2018-03-01,2023-05-21
1637761,,,SeaSpine Holdings Corp,unresolved,20,2018-03-02,2022-11-03,2018-03-02,2023-05-22
1637866,,,"Deep Green Waste & Recycling, Inc.",unresolved,7,2020-07-30,2022-08-23,2020-07-30,2023-03-11
1637880,,,"Tri-State Generation & Transmission Association, Inc.",unresolved,20,2018-03-09,2022-11-14,2018-03-09,2023-06-02
1637913,,,Milacron Holdings Corp.,unresolved,8,2018-02-28,2019-11-12,2018-02-28,2020-05-30
1639234,,,China VTV Ltd,unresolved,6,2018-02-23,2020-10-21,2018-02-23,2021-05-09
1639315,,,OHI Healthcare Properties Limited Partnership,unresolved,12,2018-02-23,2020-11-03,2018-02-23,2021-05-22
1639327,,,Zhuoxun Hongtu Inc.,unresolved,5,2021-08-23,2022-08-22,2021-08-23,2023-03-10
1639836,,,"Original Source Music, Inc.",unresolved,9,2018-05-18,2020-11-16,2018-05-18,2021-06-04
1640455,,,"Jounce Therapeutics, Inc.",unresolved,19,2018-03-08,2022-11-10,2018-03-08,2023-05-29
1640982,,,"ATEL 17, LLC",unresolved,18,2018-03-27,2022-11-14,2018-03-27,2023-06-02
1641640,,,Nabriva Therapeutics plc,unresolved,20,2018-03-16,2022-11-10,2018-03-16,2023-05-29
1641751,,,BrewBilt Manufacturing Inc.,unresolved,18,2018-04-02,2022-11-14,2018-04-02,2023-06-02
1641991,,,"SPX FLOW, Inc.",unresolved,17,2018-02-06,2022-02-16,2018-02-06,2022-09-04
1642081,,,"Allegiance Bancshares, Inc.",unresolved,19,2018-03-09,2022-07-29,2018-03-09,2023-02-14
1642122,,,"Associated Capital Group, Inc.",unresolved,20,2018-03-09,2022-11-14,2018-03-09,2023-06-02
1642223,,,"QMC Systems, Inc.",unresolved,10,2018-01-17,2018-11-19,2018-01-17,2019-06-07
1642363,,,SEGUIN NATURAL HAIR PRODUCTS INC.,unresolved,5,2018-02-16,2022-12-13,2018-02-16,2023-07-01
1642375,,,"Guardion Health Sciences, Inc.",unresolved,20,2018-02-27,2022-11-14,2018-02-27,2023-06-02
1642453,,,"Daseke, Inc.",unresolved,20,2018-03-16,2022-11-09,2018-03-16,2023-05-28
1642545,,,"Shockwave Medical, Inc.",unresolved,15,2019-05-09,2022-11-07,2019-05-09,2023-05-26
1642985,,,Mobile Infrastructure Corp,unresolved,20,2018-06-22,2022-11-18,2018-06-22,2023-06-06
1643269,,,"Sumo Logic, Inc.",unresolved,9,2020-12-08,2022-12-06,2020-12-08,2023-06-24
1643301,,,"Avenir Wellness Solutions, Inc.",unresolved,20,2018-03-26,2022-11-21,2018-03-26,2023-06-09
1643319,,,Sleepaid Holding Co.,unresolved,8,2018-04-17,2019-11-19,2018-04-17,2020-06-06
1643542,,,Exsular Financial Group Inc.,unresolved,11,2018-07-02,2022-11-21,2018-07-02,2023-06-09
1643988,,,"Loop Media, Inc.",unresolved,19,2018-02-20,2022-12-20,2018-02-20,2023-07-08
1644406,,,"Hostess Brands, Inc.",unresolved,20,2018-02-28,2022-11-02,2018-02-28,2023-05-21
1644440,,,GCP Applied Technologies Inc.,unresolved,19,2018-02-28,2022-08-05,2018-02-28,2023-02-21
1644488,,,SHARING SERVICES GLOBAL Corp,unresolved,18,2018-07-30,2022-11-14,2018-07-30,2023-06-02
1644675,,,Mimecast Ltd,unresolved,16,2018-05-29,2022-02-03,2018-05-29,2022-08-22
1645026,,,PBF Energy Co LLC,unresolved,19,2018-05-03,2022-10-27,2018-05-03,2023-05-15
1645070,,,Sterling Check Corp.,unresolved,5,2021-11-10,2022-11-09,2021-11-10,2023-05-28
1645260,,,TODOS MEDICAL LTD.,unresolved,8,2021-04-21,2022-11-14,2021-04-21,2023-06-02
1645569,,,"DICE Therapeutics, Inc.",unresolved,5,2021-11-12,2022-11-09,2021-11-12,2023-05-28
1645842,,,Zymergen Inc.,unresolved,6,2021-05-27,2022-08-15,2021-05-27,2023-03-03
1646228,,,At Home Group Inc.,unresolved,14,2018-03-23,2021-06-04,2018-03-23,2021-12-21
1646587,,,NorthStar Realty Europe Corp.,unresolved,7,2018-03-13,2019-08-07,2018-03-13,2020-02-23
1647513,,,Noble Midstream Partners LP,unresolved,14,2018-02-20,2021-05-04,2018-02-20,2021-11-20
1647705,,,"Global Boatworks Holdings, Inc.",unresolved,12,2018-04-30,2021-01-11,2018-04-30,2021-07-30
1648365,,,"AGRI-FINTECH HOLDINGS, INC.",unresolved,20,2018-03-20,2022-11-14,2018-03-20,2023-06-02
1648383,,,"CNL Healthcare Properties II, Inc.",unresolved,8,2018-03-15,2019-11-14,2018-03-15,2020-06-01
1648428,,,"Sequential Brands Group, Inc.",unresolved,13,2018-03-16,2021-04-15,2018-03-16,2021-11-01
1648893,,,Nuvectra Corp,unresolved,7,2018-03-06,2019-07-31,2018-03-06,2020-02-16
1648903,,,"First Foods Group, Inc.",unresolved,20,2018-03-21,2022-11-21,2018-03-21,2023-06-09
1650445,,,Quorum Health Corp,unresolved,10,2018-03-15,2020-05-15,2018-03-15,2020-12-01
1650739,,,"Ajia Innogroup Holdings, Ltd.",unresolved,7,2020-11-23,2022-11-21,2020-11-23,2023-06-09
1650962,,,"Welbilt, Inc.",unresolved,18,2018-03-01,2022-05-10,2018-03-01,2022-11-26
1651052,,,Focus Financial Partners Inc.,unresolved,18,2018-08-28,2022-11-03,2018-08-28,2023-05-22
1651094,,,"Elevate Credit, Inc.",unresolved,20,2018-03-09,2022-11-09,2018-03-09,2023-05-28
1651235,,,"Acacia Communications, Inc.",unresolved,13,2018-02-22,2021-03-01,2018-02-22,2021-09-17
1651286,,,"Steadfast Apartment REIT III, Inc.",unresolved,8,2018-03-16,2019-11-08,2018-03-16,2020-05-26
1651311,,,Merus N.V.,unresolved,12,2020-03-16,2022-11-03,2020-03-16,2023-05-22
1651407,,,"Checkpoint Therapeutics, Inc.",unresolved,20,2018-03-16,2022-11-10,2018-03-16,2023-05-29
1651431,,,"Checkmate Pharmaceuticals, Inc.",unresolved,8,2020-09-18,2022-05-12,2020-09-18,2022-11-28
1651561,,,"Tabula Rasa HealthCare, Inc.",unresolved,20,2018-03-14,2022-11-04,2018-03-14,2023-05-23
1651944,,,"DermTech, Inc.",unresolved,13,2019-11-07,2022-11-03,2019-11-07,2023-05-22
1651958,,,EOS INC.,unresolved,20,2018-04-04,2022-11-14,2018-04-04,2023-06-02
1652106,,,"PB Bancorp, Inc.",unresolved,9,2018-02-12,2020-02-12,2018-02-12,2020-08-30
1652133,,,Oasis Midstream Partners LP,unresolved,16,2018-02-28,2021-11-04,2018-02-28,2022-05-23
1652724,,,"Lucira Health, Inc.",unresolved,8,2021-03-31,2022-11-14,2021-03-31,2023-06-02
1652926,,,"Resource Apartment REIT III, Inc.",unresolved,11,2018-05-10,2020-11-10,2018-05-10,2021-05-29
1653099,,,"VIGILANT DIVERSIFIED HOLDINGS, INC./NV",unresolved,10,2018-05-25,2020-04-27,2018-05-25,2020-11-13
1653247,,,Waitr Holdings Inc.,unresolved,19,2018-05-10,2022-11-09,2018-05-10,2023-05-28
1653710,,,APEX RESOURCES INC/NV,unresolved,6,2018-07-03,2020-01-23,2018-07-03,2020-08-10
1653876,,,MOMENTOUS HOLDINGS CORP.,unresolved,11,2018-01-17,2021-02-26,2018-01-17,2021-09-14
1654151,,,"Deciphera Pharmaceuticals, Inc.",unresolved,20,2018-03-28,2022-11-03,2018-03-28,2023-05-22
1654588,,,"PreCheck Health Services, Inc.",unresolved,8,2018-03-30,2019-11-19,2018-03-30,2020-06-06
1654948,,,"Hartman vREIT XXI, Inc.",unresolved,11,2018-04-02,2022-03-30,2018-04-02,2022-10-16
1655008,,,HAHA GENERATION CORP.,unresolved,7,2019-03-27,2021-11-19,2019-03-27,2022-06-07
1655020,,,"Extraction Oil & Gas, Inc.",unresolved,15,2018-02-27,2021-08-09,2018-02-27,2022-02-25
1655075,,,"Armstrong Flooring, Inc.",unresolved,17,2018-03-06,2022-03-09,2018-03-06,2022-09-25
1655887,,,Blue Owl Capital Corp II,unresolved,20,2018-03-05,2022-11-09,2018-03-05,2023-05-28
1655971,,,"Glacier Worldwide, Inc.",unresolved,8,2018-04-17,2022-10-20,2018-04-17,2023-05-08
1656328,,,"Sienna Biopharmaceuticals, Inc.",unresolved,8,2018-03-15,2019-11-12,2018-03-15,2020-05-30
1656501,,,"BorrowMoney.com, Inc.",unresolved,8,2018-01-16,2021-05-17,2018-01-16,2021-12-03
1656536,,,"Decibel Therapeutics, Inc.",unresolved,8,2021-03-29,2022-11-09,2021-03-29,2023-05-28
1656634,,,"Gritstone bio, Inc.",unresolved,17,2018-11-14,2022-11-03,2018-11-14,2023-05-22
1656936,,,MGM Growth Properties LLC,unresolved,18,2018-03-01,2022-04-21,2018-03-01,2022-11-07
1657045,,,NEXT-ChemX Corporation.,unresolved,12,2018-05-18,2022-11-21,2018-05-18,2023-06-09
1657312,,,Verona Pharma plc,unresolved,5,2021-02-25,2022-03-03,2021-02-25,2022-09-19
1658432,,,Medico International Inc.,unresolved,9,2018-02-26,2019-05-20,2018-02-26,2019-12-06
1658880,,,BARE METAL STANDARD INC.,unresolved,12,2018-09-26,2020-09-15,2018-09-26,2021-04-03
1659122,,,Rosehill Resources Inc.,unresolved,10,2018-04-17,2020-07-02,2018-04-17,2021-01-18
1659183,,,nDivision Inc.,unresolved,18,2018-02-06,2022-05-16,2018-02-06,2022-12-02
1659207,,,Fellazo Corp,unresolved,11,2019-07-22,2022-12-13,2019-07-22,2023-07-01
1659352,,,"Codiak BioSciences, Inc.",unresolved,9,2020-11-19,2022-11-03,2020-11-19,2023-05-22
1660156,,,Worldwide Specialty Chemicals Inc.,unresolved,7,2018-05-01,2018-11-14,2018-05-01,2019-06-02
1660690,,,"Versum Materials, Inc.",unresolved,7,2018-02-08,2019-08-06,2018-02-08,2020-02-22
1661039,,,"TPT GLOBAL TECH, INC.",unresolved,14,2019-04-11,2022-12-14,2019-04-11,2023-07-02
1661306,,,"Hancock Park Corporate Income, Inc.",unresolved,10,2018-03-30,2022-11-10,2018-03-30,2023-05-29
1661458,,,"Highlands REIT, Inc.",unresolved,20,2018-03-16,2022-11-10,2018-03-16,2023-05-29
1661460,,,"Poseida Therapeutics, Inc.",unresolved,10,2020-08-20,2022-11-10,2020-08-20,2023-05-29
1661920,,,Lonestar Resources US Inc.,unresolved,15,2018-03-29,2021-08-10,2018-03-29,2022-02-26
1662382,,,BRAIN SCIENTIFIC INC.,unresolved,11,2018-08-14,2022-11-14,2018-08-14,2023-06-02
1662524,,,"AKCEA THERAPEUTICS, INC.",unresolved,11,2018-02-28,2020-08-05,2018-02-28,2021-02-21
1662574,,,"Grom Social Enterprises, Inc.",unresolved,20,2018-04-17,2022-11-07,2018-04-17,2023-05-26
1663641,,,Ando Holdings Ltd.,unresolved,8,2018-02-14,2020-01-16,2018-02-14,2020-08-03
1664106,,,"LogicBio Therapeutics, Inc.",unresolved,14,2018-12-03,2022-11-14,2018-12-03,2023-06-02
1664127,,,"ALTITUDE INTERNATIONAL HOLDINGS, INC.",unresolved,20,2018-04-17,2022-10-31,2018-04-17,2023-05-19
1664740,,,MBC FUNDING II CORP.,unresolved,12,2020-03-17,2022-10-21,2020-03-17,2023-05-09
1664780,,,"RODIN INCOME TRUST, INC.",unresolved,17,2018-11-15,2022-11-14,2018-11-15,2023-06-02
1664998,,,"KnowBe4, Inc.",unresolved,7,2021-05-26,2022-11-14,2021-05-26,2023-06-02
1665598,,,"RC-1, Inc.",unresolved,14,2018-04-03,2021-06-04,2018-04-03,2021-12-21
1666267,,,"Arrestage International, Inc.",unresolved,6,2018-08-17,2019-11-15,2018-08-17,2020-06-02
1667161,,,"Randolph Bancorp, Inc.",unresolved,19,2018-03-16,2022-08-04,2018-03-16,2023-02-20
1667489,,,Liberated Syndication Inc.,unresolved,12,2018-03-26,2020-11-16,2018-03-26,2021-06-04
1667633,,,"Forty Seven, Inc.",unresolved,7,2018-08-13,2020-03-20,2018-08-13,2020-10-06
1667939,,,"FSB Bancorp, Inc.",unresolved,9,2018-03-30,2020-03-30,2018-03-30,2020-10-16
1668082,,,BYLOG GROUP CORP.,unresolved,6,2018-02-15,2022-02-22,2018-02-15,2022-09-10
1668105,,,Talend S.A.,unresolved,11,2019-02-28,2021-07-28,2019-02-28,2022-02-13
1668224,,,"HarborOne Bancorp, Inc./OLD",unresolved,7,2018-03-09,2019-08-09,2018-03-09,2020-02-25
1668340,,,"Bancorp 34, Inc.",unresolved,11,2018-03-14,2020-07-27,2018-03-14,2021-02-12
1668370,,,"Toughbuilt Industries, Inc",unresolved,17,2018-12-20,2022-11-14,2018-12-20,2023-06-02
1668428,,,FGL Holdings,unresolved,10,2018-03-15,2020-05-06,2018-03-15,2020-11-22
1668523,,,GSG GROUP INC.,unresolved,10,2019-04-16,2022-11-14,2019-04-16,2023-06-02
1668673,,,"PetIQ, Inc.",unresolved,20,2018-03-13,2022-11-09,2018-03-13,2023-05-28
1669400,,,"Veritas Farms, Inc.",unresolved,20,2018-04-23,2022-11-14,2018-04-23,2023-06-02
1669812,,,"LSC Communications, Inc.",unresolved,12,2018-02-22,2020-10-29,2018-02-22,2021-05-17
1670349,,,"U.S. WELL SERVICES HOLDINGS, LLC",unresolved,15,2019-03-14,2022-08-11,2019-03-14,2023-02-27
1670869,,,"Rocky Mountain High Brands, Inc.",unresolved,10,2018-05-18,2021-08-20,2018-05-18,2022-03-08
1671013,,,Cardtronics plc,unresolved,14,2018-03-01,2021-05-07,2018-03-01,2021-11-23
1671284,,,"NeueHealth, Inc.",unresolved,6,2021-08-11,2022-11-14,2021-08-11,2023-06-02
1672326,,,"Yuma Energy, Inc.",unresolved,7,2018-04-02,2019-11-14,2018-04-02,2020-06-01
1672773,,,"Arboretum Silverleaf Income Fund, L.P.",unresolved,20,2018-03-29,2022-11-14,2018-03-29,2023-06-02
1673772,,,"RAPT Therapeutics, Inc.",unresolved,9,2020-11-16,2022-11-10,2020-11-16,2023-05-29
1674365,,,Aptinyx Inc.,unresolved,12,2018-08-14,2022-03-23,2018-08-14,2022-10-09
1674760,,,Silver Capital Holdings LLC,unresolved,14,2018-02-23,2022-03-04,2018-02-23,2022-09-20
1675192,,,Ottawa Bancorp Inc,unresolved,10,2018-03-28,2020-05-15,2018-03-28,2020-12-01
1675442,,,JAKROO INC.,unresolved,7,2018-04-02,2019-08-14,2018-04-02,2020-03-01
1675634,,,"ShiftPixy, Inc.",unresolved,20,2018-01-22,2022-12-13,2018-01-22,2023-07-01
1675820,,,TiVo Corp,unresolved,10,2018-02-27,2020-05-06,2018-02-27,2020-11-22
1676479,,,"CapStar Financial Holdings, Inc.",unresolved,20,2018-03-08,2022-11-14,2018-03-08,2023-06-02
1676580,,,VISION ENERGY Corp,unresolved,17,2018-04-02,2022-10-28,2018-04-02,2023-05-16
1676667,,,"Carolina Trust BancShares, Inc.",unresolved,7,2018-03-27,2019-11-13,2018-03-27,2020-05-31
1676852,,,OMNIA WELLNESS INC.,unresolved,7,2021-07-30,2022-11-28,2021-07-30,2023-06-16
1678463,,,"Forterra, Inc.",unresolved,17,2018-03-07,2022-03-01,2018-03-07,2022-09-17
1678746,,,"BOOMER HOLDINGS, INC.",unresolved,10,2018-03-22,2020-12-16,2018-03-22,2021-07-04
1679063,,,"Chicken Soup for the Soul Entertainment, Inc.",unresolved,21,2018-03-30,2022-11-14,2018-03-30,2023-06-02
1679082,,,Myovant Sciences Ltd.,unresolved,20,2018-02-13,2022-10-26,2018-02-13,2023-05-14
1679363,,,"Morphic Holding, Inc.",unresolved,14,2019-08-13,2022-11-02,2019-08-13,2023-05-21
1679426,,,"AMERICATOWNE HOLDINGS, INC.",unresolved,5,2018-11-14,2019-11-04,2018-11-14,2020-05-22
1679826,,,Ping Identity Holding Corp.,unresolved,12,2019-11-13,2022-08-04,2019-11-13,2023-02-20
1680232,,,"Strategic Storage Trust IV, Inc.",unresolved,12,2018-03-16,2020-11-13,2018-03-16,2021-06-01
1680237,,,China King Spirit Group Ltd.,unresolved,6,2018-09-26,2022-11-01,2018-09-26,2023-05-20
1680379,,,"Sterling Bancorp, Inc.",unresolved,20,2018-03-28,2022-11-14,2018-03-28,2023-06-02
1680966,,,"Agora Holdings, Inc.",unresolved,6,2018-01-30,2018-11-19,2018-01-30,2019-06-07
1681169,,,Urban Edge Properties LP,unresolved,20,2018-02-14,2022-11-03,2018-02-14,2023-05-22
1681556,,,"GEX MANAGEMENT, INC.",unresolved,20,2018-04-10,2022-11-21,2018-04-10,2023-06-09
1681769,,,BRILLIANT N.E.V. CORP.,unresolved,5,2021-05-13,2022-10-31,2021-05-13,2023-05-19
1681903,,,"ICC Holdings, Inc.",unresolved,20,2018-04-02,2022-11-14,2018-04-02,2023-06-02
1681941,,,iFresh Inc,unresolved,13,2018-02-14,2021-02-22,2018-02-14,2021-09-10
1682325,,,GTY Technology Holdings Inc.,unresolved,16,2018-03-16,2022-05-13,2018-03-16,2022-11-29
1682593,,,"Community Savings Bancorp, Inc.",unresolved,8,2018-02-14,2019-11-14,2018-02-14,2020-06-01
1683131,,,Forza Innovations Inc,unresolved,13,2018-05-02,2022-10-13,2018-05-02,2023-05-01
1683252,,,TOKEN COMMUNITIES LTD.,unresolved,11,2018-02-15,2022-11-21,2018-02-15,2023-06-09
1684506,,,Folkup Development Inc.,unresolved,5,2019-10-15,2022-04-12,2019-10-15,2022-10-29
1684508,,,"Cannis, Inc.",unresolved,5,2018-10-19,2020-08-25,2018-10-19,2021-03-13
1684682,,,"CNL Strategic Capital, LLC",unresolved,12,2019-08-08,2022-11-14,2019-08-08,2023-06-02
1685071,,,Dova Pharmaceuticals Inc.,unresolved,8,2018-02-16,2019-11-12,2018-02-16,2020-05-30
1685237,,,TEMIR CORP.,unresolved,7,2018-06-27,2022-07-20,2018-06-27,2023-02-05
1685570,,,"Nanovation Microtech, Inc.",unresolved,13,2018-08-09,2021-07-08,2018-08-09,2022-01-24
1685715,,,Jagged Peak Energy Inc.,unresolved,8,2018-03-23,2019-11-07,2018-03-23,2020-05-25
1686850,,,"Motus GI Holdings, Inc.",unresolved,20,2018-03-28,2022-11-14,2018-03-28,2023-06-02
1687221,,,"REV Group, Inc.",unresolved,20,2018-03-07,2022-12-14,2018-03-07,2023-07-02
1687926,,,"ZEUUS, INC.",unresolved,14,2018-01-17,2021-05-18,2018-01-17,2021-12-04
1687999,,,"EMR Technology Solutions, Inc.",unresolved,13,2018-03-30,2021-09-07,2018-03-30,2022-03-26
1688016,,,"Phillips Edison Grocery Center REIT III, Inc.",unresolved,6,2018-05-16,2019-08-08,2018-05-16,2020-02-24
1688476,,,NEXTIER OILFIELD SOLUTIONS INC.,unresolved,20,2018-03-01,2022-10-26,2018-03-01,2023-05-14
1688852,,,Safehold Inc. /MD,unresolved,15,2018-04-26,2022-11-02,2018-04-26,2023-05-21
1688941,,,"Foundation Building Materials, Inc.",unresolved,12,2018-02-27,2020-11-03,2018-02-27,2021-05-22
1689084,,,Qrons Inc.,unresolved,6,2018-03-02,2021-11-15,2018-03-02,2022-06-03
1689657,,,"Bruker Cellular Analysis, Inc.",unresolved,10,2020-08-25,2022-11-08,2020-08-25,2023-05-27
1689731,,,"Southern States Bancshares, Inc.",unresolved,6,2021-09-24,2022-11-10,2021-09-24,2023-05-29
1689813,,,Biohaven Pharmaceutical Holding Co Ltd.,unresolved,16,2018-03-06,2022-08-05,2018-03-06,2023-02-21
1689923,,,"Alteryx, Inc.",unresolved,20,2018-03-08,2022-11-02,2018-03-08,2023-05-21
1690384,,,"BioCrude Technologies USA, Inc.",unresolved,20,2018-03-27,2022-11-04,2018-03-27,2023-05-23
1690536,,,"FS Credit Real Estate Income Trust, Inc.",unresolved,5,2018-03-22,2022-11-14,2018-03-22,2023-06-02
1690622,,,XTribe P.L.C.,unresolved,7,2018-04-02,2019-10-15,2018-04-02,2020-05-02
1690666,,,Xperi Corp,unresolved,10,2018-02-23,2020-05-06,2018-02-23,2020-11-22
1690769,,,"Alta Mesa Resources, Inc. /DE",unresolved,9,2018-03-29,2020-03-05,2018-03-29,2020-09-21
1690881,,,"ASV HOLDINGS, INC.",unresolved,7,2018-03-22,2019-07-31,2018-03-22,2020-02-16
1691077,,,"EVmo, Inc.",unresolved,13,2019-12-23,2022-11-18,2019-12-23,2023-06-06
1691299,,,MGM Growth Properties Operating Partnership LP,unresolved,18,2018-03-01,2022-04-21,2018-03-01,2022-11-07
1691337,,,PCSB Financial Corp,unresolved,20,2018-02-09,2022-11-04,2018-02-09,2023-05-23
1691507,,,"Community First Bancshares, Inc.",unresolved,11,2018-02-12,2020-11-13,2018-02-12,2021-06-01
1691936,,,"STRYVE FOODS, INC.",unresolved,5,2021-11-19,2022-11-14,2021-11-19,2023-06-02
1692412,,,Playa Hotels & Resorts N.V.,unresolved,20,2018-03-01,2022-11-03,2018-03-01,2023-05-22
1692951,,,"Cottonwood Communities, Inc.",unresolved,9,2019-11-13,2022-11-09,2019-11-13,2023-05-28
1693317,,,"Cheniere Corpus Christi Holdings, LLC",unresolved,20,2018-02-21,2022-11-03,2018-02-21,2023-05-22
1693415,,,"Translate Bio, Inc.",unresolved,8,2018-08-09,2021-08-05,2018-08-09,2022-02-21
1693690,,,Veroni Brands Corp.,unresolved,14,2018-03-30,2022-12-16,2018-03-30,2023-07-04
1693696,,,UNITED CAPITAL CONSULTANTS INC.,unresolved,5,2019-04-15,2022-03-31,2019-04-15,2022-10-17
1694187,,,"Neon Therapeutics, Inc.",unresolved,8,2018-08-06,2020-05-01,2018-08-06,2020-11-17
1694665,,,"Evelo Biosciences, Inc.",unresolved,19,2018-05-31,2022-11-14,2018-05-31,2023-06-02
1695357,,,"Provention Bio, Inc.",unresolved,13,2018-08-13,2022-11-03,2018-08-13,2023-05-22
1695963,,,Korth Direct Mortgage Inc.,unresolved,18,2018-04-02,2022-11-14,2018-04-02,2023-06-02
1696088,,,"ENERGY RESOURCES 12, L.P.",unresolved,15,2018-02-26,2022-11-14,2018-02-26,2023-06-02
1696195,,,KINETIC GROUP INC.,unresolved,7,2018-05-01,2021-09-27,2018-05-01,2022-04-15
1697412,,,Migom Global Corp.,unresolved,14,2018-08-13,2022-11-01,2018-08-13,2023-05-20
1697532,,,"Applied Therapeutics, Inc.",unresolved,14,2019-06-21,2022-11-09,2019-06-21,2023-05-28
1697730,,,"QUANTUM BUSINESS STRATEGIES, INC.",unresolved,8,2018-09-17,2019-08-15,2018-09-17,2020-03-02
1697834,,,"Stem Holdings, Inc.",unresolved,12,2019-01-14,2022-08-15,2019-01-14,2023-03-03
1697935,,,"MAPTELLIGENT, INC.",unresolved,20,2018-04-02,2022-11-14,2018-04-02,2023-06-02
1698113,,,"ID Auto, Inc.",unresolved,8,2021-03-09,2022-11-09,2021-03-09,2023-05-28
1698702,,,ARION GROUP CORP.,unresolved,15,2018-05-08,2022-12-15,2018-05-08,2023-07-03
1699018,,,"Eagle Financial Bancorp, Inc.",unresolved,10,2018-03-23,2020-05-08,2018-03-23,2020-11-24
1699126,,,Ciclet Holdings Inc.,unresolved,17,2020-12-02,2022-05-02,2020-12-02,2022-11-18
1699838,,,"Confluent, Inc.",unresolved,6,2021-08-05,2022-11-02,2021-08-05,2023-05-21
1700175,,,"Heritage NOLA Bancorp, Inc.",unresolved,10,2018-03-30,2020-05-15,2018-03-30,2020-12-01
1700357,,,Crank Media Inc,unresolved,6,2019-11-15,2022-05-10,2019-11-15,2022-11-26
1701040,,,CISION LTD.,unresolved,8,2018-03-13,2019-11-08,2018-03-13,2020-05-26
1701051,,,"WideOpenWest, Inc.",unresolved,20,2018-03-14,2022-11-03,2018-03-14,2023-05-22
1701114,,,"Blue Apron Holdings, Inc.",unresolved,20,2018-02-22,2022-11-07,2018-02-22,2023-05-26
1701724,,,Flat Rock Capital Corp.,unresolved,10,2018-03-15,2020-11-13,2018-03-15,2021-06-01
1701732,,,Altair Engineering Inc.,unresolved,20,2018-03-21,2022-11-04,2018-03-21,2023-05-23
1701859,,,TGS International Ltd.,unresolved,13,2018-01-12,2021-05-14,2018-01-12,2021-11-30
1702494,,,"AEP Transmission Company, LLC",unresolved,20,2018-02-23,2022-10-27,2018-02-23,2023-05-15
1702510,,,"Carlyle Credit Solutions, Inc.",unresolved,19,2018-03-01,2022-11-14,2018-03-01,2023-06-02
1703181,,,"Spirit Realty, L.P.",unresolved,13,2018-02-23,2021-02-19,2018-02-23,2021-09-07
1703489,,,PDL Community Bancorp,unresolved,16,2018-04-02,2021-11-15,2018-04-02,2022-06-03
1703497,,,"YogaWorks, Inc.",unresolved,8,2018-04-03,2019-11-14,2018-04-03,2020-06-01
1703785,,,STR Sub Inc.,unresolved,18,2018-03-16,2022-11-08,2018-03-16,2023-05-27
1704235,,,Quintana Energy Services Inc.,unresolved,10,2018-03-30,2020-05-13,2018-03-30,2020-11-29
1704596,,,"EVO Payments, Inc.",unresolved,18,2018-08-10,2022-11-02,2018-08-10,2023-05-21
1704760,,,"American Virtual Cloud Technologies, Inc.",unresolved,13,2018-06-28,2022-11-14,2018-06-28,2023-06-02
1704795,,,"Bantec, Inc.",unresolved,19,2018-02-14,2022-08-15,2018-02-14,2023-03-03
1705338,,,Spark Networks SE,unresolved,8,2021-03-31,2022-11-09,2021-03-31,2023-05-28
1705682,,,Venator Materials PLC,unresolved,14,2018-02-23,2021-05-06,2018-02-23,2021-11-22
1705873,,,Berry Corp (bry),unresolved,18,2018-08-23,2022-11-03,2018-08-23,2023-05-22
1706509,,,Cosmos Group Holdings Inc.,unresolved,20,2018-03-23,2022-11-01,2018-03-23,2023-05-20
1706573,,,"Tribus Enterprises, Inc.",unresolved,12,2018-06-29,2021-11-10,2018-06-29,2022-05-29
1707092,,,Delphi Technologies PLC,unresolved,11,2018-02-26,2020-08-05,2018-02-26,2021-02-21
1707178,,,CorePoint Lodging Inc.,unresolved,15,2018-06-22,2021-11-08,2018-06-22,2022-05-27
1707258,,,Amesite Inc.,unresolved,5,2019-09-30,2020-09-16,2019-09-30,2021-04-04
1708176,,,Hall of Fame Resort & Entertainment Co,unresolved,9,2020-11-05,2022-11-14,2020-11-05,2023-06-02
1708301,,,BP Midstream Partners LP,unresolved,17,2018-03-22,2022-03-11,2018-03-22,2022-09-27
1708331,,,"Virpax Pharmaceuticals, Inc.",unresolved,7,2021-03-31,2022-11-09,2021-03-31,2023-05-28
1708405,,,Tremont Mortgage Trust,unresolved,6,2020-05-04,2021-07-27,2020-05-04,2022-02-12
1708410,,,SIMPLICITY ESPORTS & GAMING Co,unresolved,16,2019-01-22,2022-11-09,2019-01-22,2023-05-28
1708493,,,"Harpoon Therapeutics, Inc.",unresolved,16,2019-03-14,2022-11-14,2019-03-14,2023-06-02
1708715,,,Seneca Financial Corp.,unresolved,11,2018-04-02,2020-08-14,2018-04-02,2021-03-02
1709017,,,"FFBW, Inc.",unresolved,9,2018-03-29,2020-03-25,2018-03-29,2020-10-11
1709401,,,"Rubius Therapeutics, Inc.",unresolved,18,2018-08-31,2022-11-09,2018-08-31,2023-05-28
1709542,,,"Electronic Servitor Publication Network, Inc.",unresolved,10,2018-12-20,2021-11-15,2018-12-20,2022-06-03
1710583,,,"Switch, Inc.",unresolved,20,2018-04-02,2022-11-09,2018-04-02,2023-05-28
1711291,,,CURO Group Holdings Corp.,unresolved,20,2018-03-13,2022-11-03,2018-03-13,2023-05-22
1711799,,,"Nuveen Global Cities REIT, Inc.",unresolved,14,2019-03-28,2022-11-14,2019-03-28,2023-06-02
1711933,,,"Akoya Biosciences, Inc.",unresolved,7,2021-05-19,2022-11-08,2021-05-19,2023-05-27
1712543,,,Andover National Corp,unresolved,11,2019-03-15,2022-05-25,2019-03-15,2022-12-11
1712923,,,"GreenSky, Inc.",unresolved,15,2018-08-10,2022-03-11,2018-08-10,2022-09-27
1713407,,,BROOKFIELD REAL ESTATE INCOME TRUST INC.,unresolved,11,2019-03-22,2022-11-14,2019-03-22,2023-06-02
1713832,,,"HC LIQUIDATING, INC.",unresolved,18,2018-08-14,2022-11-14,2018-08-14,2023-06-02
1713909,,,"Water Now, Inc.",unresolved,12,2018-04-02,2021-04-08,2018-04-02,2021-10-25
1713952,,,"Vivint Smart Home, Inc.",unresolved,13,2018-03-28,2022-11-09,2018-03-28,2023-05-28
1714379,,,"FACT, Inc.",unresolved,6,2018-11-30,2021-12-29,2018-11-30,2022-07-17
1714798,,,Prevail Therapeutics Inc.,unresolved,6,2019-08-14,2020-11-13,2019-08-14,2021-06-01
1714973,,,Kinder Morgan Canada Ltd,unresolved,8,2018-02-20,2019-10-24,2018-02-20,2020-05-11
1715611,,,BODY & MIND INC.,unresolved,15,2018-10-29,2022-06-21,2018-10-29,2023-01-07
1715629,,,"Rangers Sub I, LLC",unresolved,15,2018-03-02,2021-08-06,2018-03-02,2022-02-22
1715768,,,"Transphorm, Inc.",unresolved,10,2020-05-14,2022-11-14,2020-05-14,2023-06-02
1715819,,,"Electromedical Technologies, Inc",unresolved,8,2021-03-30,2022-11-14,2021-03-30,2023-06-02
1715933,,,TCW Direct Lending VII LLC,unresolved,6,2019-03-19,2020-11-09,2019-03-19,2021-05-28
1716188,,,"SSB Bancorp, Inc.",unresolved,12,2018-04-17,2020-11-13,2018-04-17,2021-06-01
1716324,,,Regnum Corp.,unresolved,12,2019-05-14,2022-04-15,2019-05-14,2022-11-01
1716558,,,"American Homes 4 Rent, L.P.",unresolved,20,2018-02-23,2022-11-04,2018-02-23,2023-05-23
1716697,,,First Choice Bancorp,unresolved,13,2018-06-12,2021-05-10,2018-06-12,2021-11-26
1717310,,,"Venture Lending & Leasing IX, Inc.",unresolved,7,2018-11-09,2022-11-14,2018-11-09,2023-06-02
1717556,,,"Vinco Ventures, Inc.",unresolved,18,2018-04-24,2022-05-23,2018-04-24,2022-12-09
1718108,,,"Surface Oncology, Inc.",unresolved,17,2018-05-29,2022-08-03,2018-05-29,2023-02-19
1718852,,,"Prometheus Biosciences, Inc.",unresolved,5,2021-05-13,2022-11-09,2021-05-13,2023-05-28
1719395,,,"Eargo, Inc.",unresolved,9,2020-11-20,2022-11-07,2020-11-20,2023-05-26
1719435,,,"ASSISTED 4 LIVING, INC.",unresolved,12,2019-04-22,2021-11-15,2019-04-22,2022-06-03
1719489,,,"Kaleyra, Inc.",unresolved,13,2019-12-11,2022-11-07,2019-12-11,2023-05-26
1720201,,,iPic Entertainment Inc.,unresolved,7,2018-03-13,2019-05-20,2018-03-13,2019-12-06
1720286,,,INTERNET SCIENCES INC.,unresolved,11,2019-05-31,2022-11-21,2019-05-31,2023-06-09
1720725,,,"Oyster Point Pharma, Inc.",unresolved,12,2020-02-27,2022-11-10,2020-02-27,2023-05-29
1720821,,,PAE Inc,unresolved,8,2020-03-11,2021-11-04,2020-03-11,2022-05-23
1721386,,,Landsea Homes Corp,unresolved,18,2018-08-13,2022-11-03,2018-08-13,2023-05-22
1721741,,,"Lazydays Holdings, Inc.",unresolved,19,2018-05-11,2022-11-04,2018-05-11,2023-05-23
1721781,,,AEP Texas Inc.,unresolved,20,2018-02-23,2022-10-27,2018-02-23,2023-05-15
1721947,,,Jamf Holding Corp.,unresolved,10,2020-09-02,2022-11-09,2020-09-02,2023-05-28
1722271,,,"Akouos, Inc.",unresolved,10,2020-08-13,2022-11-14,2020-08-13,2023-06-02
1722287,,,Covia Holdings Corp,unresolved,11,2018-05-24,2020-11-09,2018-05-24,2021-05-28
1722438,,,"Doma Holdings, Inc.",unresolved,5,2021-11-10,2022-11-10,2021-11-10,2023-05-29
1722964,,,"Y-mAbs Therapeutics, Inc.",unresolved,17,2018-11-13,2022-11-07,2018-11-13,2023-05-26
1722992,,,SMTA Liquidating Trust,unresolved,9,2018-06-21,2021-03-26,2018-06-21,2021-10-12
1723083,,,Victory Commercial Management Inc.,unresolved,8,2019-05-14,2020-11-13,2019-05-14,2021-06-01
1723089,,,ChampionX Corp,unresolved,19,2018-06-04,2022-10-26,2018-06-04,2023-05-14
1723580,,,"BurgerFi International, Inc.",unresolved,8,2021-04-29,2022-11-16,2021-04-29,2023-06-04
1723648,,,"LiveVox Holdings, Inc.",unresolved,7,2021-05-17,2022-11-08,2021-05-17,2023-05-27
1723866,,,"Select Interior Concepts, Inc.",unresolved,13,2018-09-06,2021-08-09,2018-09-06,2022-02-25
1724344,,,Entasis Therapeutics Holdings Inc.,unresolved,6,2018-11-14,2022-03-03,2018-11-14,2022-09-19
1724570,,,DATTO HOLDING CORP.,unresolved,7,2020-11-23,2022-05-09,2020-11-23,2022-11-25
1724670,,,Perspecta Inc.,unresolved,12,2018-06-29,2021-02-05,2018-06-29,2021-08-24
1724979,,,Rain Oncology Inc.,unresolved,7,2021-05-25,2022-11-10,2021-05-25,2023-05-29
1725057,,,"Dayforce, Inc.",unresolved,19,2018-05-24,2022-11-02,2018-05-24,2023-05-21
1725134,,,"Digital Media Solutions, Inc.",unresolved,15,2018-05-11,2022-11-09,2018-05-11,2023-05-28
1725516,,,"RENEWABLE INNOVATIONS, INC.",unresolved,19,2018-04-23,2022-10-04,2018-04-23,2023-04-22
1725526,,,HighPoint Resources Corp,unresolved,12,2018-05-08,2021-02-24,2018-05-08,2021-09-12
1725579,,,"Pluralsight, Inc.",unresolved,11,2018-08-01,2021-02-26,2018-08-01,2021-09-14
1725872,,,"BM Technologies, Inc.",unresolved,13,2019-05-15,2022-11-15,2019-05-15,2023-06-03
1726822,,,Adorbs Inc,unresolved,6,2018-11-09,2022-10-21,2018-11-09,2023-05-09
1729750,,,"Kubient, Inc.",unresolved,10,2020-09-24,2022-11-14,2020-09-24,2023-06-02
1730346,,,"Charah Solutions, Inc.",unresolved,18,2018-08-14,2022-11-15,2018-08-14,2023-06-03
1730732,,,3FORCES INC.,unresolved,13,2019-11-14,2022-11-14,2019-11-14,2023-06-02
1731176,,,Tottenham Acquisition I Ltd,unresolved,8,2019-03-15,2020-11-03,2019-03-15,2021-05-22
1731289,,,Nikola Corp,unresolved,10,2020-08-04,2022-11-03,2020-08-04,2023-05-22
1731727,,,"LMP Automotive Holdings, Inc.",unresolved,8,2020-02-25,2021-11-16,2020-02-25,2022-06-04
1731831,,,"Eidos Therapeutics, Inc.",unresolved,10,2018-08-07,2020-10-29,2018-08-07,2021-05-17
1732845,,,WestRock Co,unresolved,17,2018-11-16,2022-11-18,2018-11-16,2023-06-06
1733186,,,"Arriver Holdco, Inc.",unresolved,15,2018-07-27,2022-02-17,2018-07-27,2022-09-05
1733413,,,"TFF Pharmaceuticals, Inc.",unresolved,5,2019-12-09,2022-11-14,2019-12-09,2023-06-02
1734875,,,"Mid-Southern Bancorp, Inc.",unresolved,19,2018-06-28,2022-11-10,2018-06-28,2023-05-29
1735092,,,"Gofba, Inc.",unresolved,5,2020-04-14,2022-04-04,2020-04-14,2022-10-21
1735184,,,Retail Value Inc.,unresolved,17,2018-08-10,2022-10-28,2018-08-10,2023-05-16
1736865,,,"Golden Developing Solutions, Inc.",unresolved,7,2021-03-02,2022-05-16,2021-03-02,2022-12-02
1737193,,,Aphoenity International Holdings Inc.,unresolved,11,2020-05-12,2022-11-21,2020-05-12,2023-06-09
1737204,,,"Riviera Resources, Inc.",unresolved,9,2018-08-24,2020-11-02,2018-08-24,2021-05-21
1737372,,,"Sysorex, Inc.",unresolved,16,2018-11-16,2022-11-14,2018-11-16,2023-06-02
1739426,,,RVL Pharmaceuticals plc,unresolved,17,2018-11-08,2022-11-10,2018-11-08,2023-05-29
1739614,,,"Inhibrx, Inc.",unresolved,9,2020-11-13,2022-11-07,2020-11-13,2023-05-26
1739936,,,MOMENTIVE GLOBAL INC.,unresolved,17,2018-11-13,2022-11-03,2018-11-13,2023-05-22
1739942,,,SolarWinds Corp,unresolved,17,2018-11-27,2022-11-08,2018-11-27,2023-05-27
1740547,,,Urovant Sciences Ltd.,unresolved,10,2018-11-13,2021-02-12,2018-11-13,2021-08-31
1740695,,,"Lux Amber, Corp.",unresolved,6,2020-09-21,2021-12-17,2020-09-21,2022-07-05
1741231,,,"Tattooed Chef, Inc.",unresolved,10,2019-03-26,2022-11-17,2019-03-26,2023-06-05
1741830,,,"Kronos Bio, Inc.",unresolved,9,2020-11-18,2022-11-08,2020-11-18,2023-05-27
1742089,,,"CBM BANCORP, INC.",unresolved,13,2018-09-20,2021-08-13,2018-09-20,2022-03-01
1742313,,,Monroe Capital Income Plus Corp,unresolved,11,2019-03-13,2022-08-12,2019-03-13,2023-02-28
1742924,,,Livent Corp.,unresolved,17,2018-11-06,2022-11-03,2018-11-06,2023-05-22
1743415,,,SCP Private Credit Income BDC LLC,unresolved,5,2019-02-21,2022-03-01,2019-02-21,2022-09-17
1743907,,,"Sun Country Airlines Holdings, LLC",unresolved,7,2021-05-06,2022-11-02,2021-05-06,2023-05-21
1744659,,,"Akero Therapeutics, Inc.",unresolved,14,2019-08-12,2022-11-04,2019-08-12,2023-05-23
1744894,,,"Sirius International Insurance Group, Ltd.",unresolved,9,2018-11-16,2020-11-09,2018-11-16,2021-05-28
1745032,,,"Lodging Fund REIT III, Inc.",unresolved,9,2019-11-13,2022-08-11,2019-11-13,2023-02-27
1745041,,,"IAA, Inc.",unresolved,14,2019-08-13,2022-11-09,2019-08-13,2023-05-28
1745317,,,"Velodyne Lidar, Inc.",unresolved,10,2019-08-12,2022-11-09,2019-08-12,2023-05-28
1745797,,,MNRL Sub Inc.,unresolved,15,2019-05-20,2022-11-03,2019-05-20,2023-05-22
1745931,,,JS BEAUTY LAND NETWORK TECHNOLOGY INC,unresolved,8,2019-11-15,2021-11-15,2019-11-15,2022-06-03
1746214,,,BIOPLUS LIFE CORP.,unresolved,9,2020-05-26,2022-11-28,2020-05-26,2023-06-16
1746278,,,"GoLogiq, Inc.",unresolved,6,2020-05-05,2022-08-15,2020-05-05,2023-03-03
1746563,,,"Diamond Wellness Holdings, Inc.",unresolved,6,2019-08-19,2020-11-20,2019-08-19,2021-06-08
1747009,,,Midstream Co LLC,unresolved,17,2018-12-03,2022-11-02,2018-12-03,2023-05-21
1747748,,,Qualtrics International Inc.,unresolved,8,2021-03-09,2022-11-03,2021-03-09,2023-05-22
1748773,,,RATTLER MIDSTREAM LP,unresolved,13,2019-08-09,2022-08-03,2019-08-09,2023-02-19
1748907,,,Orchard Therapeutics plc,unresolved,12,2020-02-27,2022-11-14,2020-02-27,2023-06-02
1749704,,,"AGILITI, INC. \DE",unresolved,8,2019-03-08,2022-11-10,2019-03-08,2023-05-29
1749849,,,Organic Agricultural Co Ltd,unresolved,14,2019-10-02,2022-11-21,2019-10-02,2023-06-09
1750019,,,TCR2 THERAPEUTICS INC.,unresolved,5,2019-03-29,2022-11-08,2019-03-29,2023-05-27
1750153,,,Canoo Inc.,unresolved,5,2020-03-16,2022-03-01,2020-03-16,2022-09-17
1751143,,,"ATLAS TECHNICAL CONSULTANTS, INC.",unresolved,12,2020-03-16,2022-11-09,2020-03-16,2023-05-28
1751299,,,"Kaleido Biosciences, Inc.",unresolved,6,2019-05-02,2022-04-01,2019-05-02,2022-10-18
1751692,,,"1895 Bancorp of Wisconsin, Inc.",unresolved,10,2018-12-21,2021-03-31,2018-12-21,2021-10-17
1751700,,,"TEB Bancorp, Inc.",unresolved,13,2019-03-28,2022-02-09,2019-03-28,2022-08-28
1752036,,,California BanCorp,unresolved,12,2020-04-14,2022-11-10,2020-04-14,2023-05-29
1752039,,,"POSITIVE PHYSICIANS HOLDINGS, INC.",unresolved,7,2019-04-24,2020-08-14,2019-04-24,2021-03-02
1752474,,,KLDiscovery Inc.,unresolved,13,2019-04-01,2022-11-10,2019-04-01,2023-05-29
1752836,,,"COVETRUS, INC.",unresolved,15,2019-03-29,2022-08-04,2019-03-29,2023-02-20
1753706,,,"Whole Earth Brands, Inc.",unresolved,11,2020-03-30,2022-11-09,2020-03-30,2023-05-28
1753886,,,Stonemor Inc.,unresolved,11,2020-04-07,2022-08-12,2020-04-07,2023-02-28
1753931,,,"Shengda Network Technology, Inc.",unresolved,10,2020-01-21,2022-11-21,2020-01-21,2023-06-09
1754820,,,"Desktop Metal, Inc.",unresolved,8,2021-03-15,2022-11-09,2021-03-15,2023-05-28
1755755,,,"VINEBROOK HOMES TRUST, INC.",unresolved,6,2021-08-11,2022-11-14,2021-08-11,2023-06-02
1756497,,,Change Healthcare Inc.,unresolved,11,2019-08-14,2022-08-04,2019-08-14,2023-02-20
1756640,,,Wiseman Global Ltd,unresolved,6,2020-05-12,2021-05-17,2020-05-12,2021-12-03
1756701,,,"LINKBANCORP, Inc.",unresolved,6,2021-10-18,2022-11-10,2021-10-18,2023-05-29
1757932,,,"Romeo Power, Inc.",unresolved,7,2021-04-15,2022-08-08,2021-04-15,2023-02-24
1758057,,,"Luminar Technologies, Inc./DE",unresolved,8,2021-04-14,2022-11-04,2021-04-14,2023-05-23
1759008,,,"CarLotz, Inc.",unresolved,8,2021-03-15,2022-11-08,2021-03-15,2023-05-27
1760173,,,"SURGALIGN HOLDINGS, INC.",unresolved,15,2019-05-07,2022-11-02,2019-05-07,2023-05-21
1760717,,,SciPlay Corp,unresolved,15,2019-05-29,2022-11-09,2019-05-29,2023-05-28
1761940,,,Diamond S Shipping Inc.,unresolved,9,2019-05-15,2021-05-10,2019-05-15,2021-11-26
1762322,,,"SHIFT TECHNOLOGIES, INC.",unresolved,9,2020-03-25,2022-11-09,2020-03-25,2023-05-28
1762359,,,"Acreage Holdings, Inc.",unresolved,12,2020-05-29,2022-11-09,2020-05-29,2023-05-28
1764925,,,"Slack Technologies, Inc.",unresolved,8,2019-09-05,2021-06-03,2019-09-05,2021-12-20
1765651,,,Pacific Sports Exchange Inc.,unresolved,13,2019-11-27,2022-11-30,2019-11-27,2023-06-18
1766037,,,"NMF SLF I, Inc.",unresolved,12,2020-03-27,2022-11-14,2020-03-27,2023-06-02
1766267,,,Synergy Empire Ltd,unresolved,10,2020-08-03,2022-11-10,2020-08-03,2023-05-29
1766352,,,"Carrier EQ, LLC",unresolved,11,2019-08-21,2022-01-24,2019-08-21,2022-08-12
1766363,,,"Endeavor Group Holdings, Inc.",unresolved,7,2021-06-02,2022-11-10,2021-06-02,2023-05-29
1766526,,,"Tectonic Financial, Inc.",unresolved,15,2019-06-24,2022-11-14,2019-06-24,2023-06-02
1766682,,,CCF Holdings LLC,unresolved,6,2019-08-13,2020-11-13,2019-08-13,2021-06-01
1768012,,,"Golden Nugget Online Gaming, Inc.",unresolved,7,2020-08-14,2022-03-15,2020-08-14,2022-10-01
1769267,,,First Seacoast Bancorp,unresolved,15,2019-06-26,2022-11-14,2019-06-26,2023-06-02
1769617,,,"HarborOne Bancorp, Inc.",unresolved,13,2019-11-07,2022-11-08,2019-11-07,2023-05-27
1769725,,,"Eureka Homestead Bancorp, Inc.",unresolved,13,2019-06-25,2022-05-10,2019-06-25,2022-11-26
1769804,,,"Augmedix, Inc.",unresolved,8,2021-03-31,2022-11-18,2021-03-31,2023-06-06
1770141,,,"UpHealth, Inc.",unresolved,8,2020-08-07,2022-12-29,2020-08-07,2023-07-17
1771917,,,"Karuna Therapeutics, Inc.",unresolved,6,2019-08-08,2022-08-08,2019-08-08,2023-02-24
1772695,,,Sunnova Energy International Inc.,unresolved,14,2019-08-19,2022-10-27,2019-08-19,2023-05-15
1772704,,,Goldman Sachs Private Middle Market Credit II LLC,unresolved,9,2019-08-01,2022-05-10,2019-08-01,2022-11-26
1772757,,,DraftKings Holdings Inc.,unresolved,7,2020-08-14,2022-02-18,2020-08-14,2022-09-06
1774155,,,BTRS Holdings Inc.,unresolved,8,2021-03-24,2022-11-07,2021-03-24,2023-05-26
1775625,,,"SmileDirectClub, Inc.",unresolved,13,2019-11-14,2022-11-07,2019-11-14,2023-05-26
1776048,,,Ameramex International Inc,unresolved,15,2019-07-09,2022-11-23,2019-07-09,2023-06-11
1776932,,,"MedMen Enterprises, Inc.",unresolved,9,2020-12-07,2022-11-03,2020-12-07,2023-05-22
1778784,,,"Provident Bancorp, Inc. /MD/",unresolved,12,2019-11-08,2022-08-12,2019-11-08,2023-02-28
1779020,,,"Danimer Scientific, Inc.",unresolved,8,2021-03-30,2022-11-08,2021-03-30,2023-05-27
1779523,,,"Muzinich BDC, Inc.",unresolved,6,2021-05-14,2022-11-10,2021-05-14,2023-05-29
1780097,,,"Baudax Bio, Inc.",unresolved,12,2020-02-13,2022-11-08,2020-02-13,2023-05-27
1781405,,,"Odyssey Semiconductor Technologies, Inc.",unresolved,11,2020-06-26,2022-11-10,2020-06-26,2023-05-29
1781870,,,"New Mountain Guardian III BDC, L.L.C.",unresolved,13,2019-11-13,2022-11-10,2019-11-13,2023-05-29
1782754,,,AZEK Co Inc.,unresolved,10,2020-08-14,2022-11-29,2020-08-14,2023-06-17
1783032,,,"Elevation Oncology, Inc.",unresolved,6,2021-08-12,2022-11-03,2021-08-12,2023-05-22
1783400,,,"US Ecology, Inc.",unresolved,11,2019-11-04,2022-04-29,2019-11-04,2022-11-15
1783875,,,4Front Ventures Corp.,unresolved,8,2021-04-07,2022-11-14,2021-04-07,2023-06-02
1784567,,,"Harbor Custom Development, Inc.",unresolved,9,2020-11-16,2022-11-14,2020-11-16,2023-06-02
1784797,,,Broadmark Realty Capital Inc.,unresolved,13,2019-12-02,2022-11-07,2019-12-02,2023-05-26
1784851,,,"Shapeways Holdings, Inc.",unresolved,7,2020-03-26,2022-11-14,2020-03-26,2023-06-02
1785173,,,"89bio, Inc.",unresolved,6,2019-12-18,2021-05-14,2019-12-18,2021-11-30
1786255,,,"Icosavax, Inc.",unresolved,6,2021-09-13,2022-11-14,2021-09-13,2023-06-02
1787005,,,"Cincinnati Bancorp, Inc.",unresolved,12,2020-03-30,2022-11-14,2020-03-30,2023-06-02
1787384,,,"FFBW, Inc. /MD/",unresolved,9,2020-03-26,2022-03-24,2020-03-26,2022-10-10
1788717,,,F45 Training Holdings Inc.,unresolved,6,2021-08-30,2022-11-14,2021-08-30,2023-06-02
1789330,,,"MJ Harvest, Inc.",unresolved,12,2020-01-21,2022-11-01,2020-01-21,2023-05-20
1790625,,,"AgileThought, Inc.",unresolved,5,2021-11-15,2022-11-14,2021-11-15,2023-06-02
1790665,,,Greenrose Holding Co Inc.,unresolved,7,2021-06-02,2022-11-15,2021-06-02,2023-06-03
1790982,,,Arconic Corp,unresolved,12,2020-03-30,2022-11-01,2020-03-30,2023-05-20
1791091,,,"SOC Telemed, Inc.",unresolved,5,2021-03-30,2022-03-31,2021-03-30,2022-10-17
1791325,,,Freedom Internet Group Inc.,unresolved,11,2020-03-20,2022-09-19,2020-03-20,2023-04-07
1792509,,,TriplePoint Private Venture Credit Inc.,unresolved,6,2020-08-13,2022-11-03,2020-08-13,2023-05-22
1793294,,,"PPD, Inc.",unresolved,8,2020-03-05,2021-10-28,2020-03-05,2022-05-16
1794621,,,"Quanergy Systems, Inc.",unresolved,6,2020-05-11,2022-11-14,2020-05-11,2023-06-02
1794905,,,"Cyxtera Technologies, Inc.",unresolved,5,2021-11-15,2022-11-08,2021-11-15,2023-05-27
1795938,,,Creations Inc,unresolved,9,2020-11-13,2022-11-21,2020-11-13,2023-06-09
1796129,,,"Vincerx Pharma, Inc.",unresolved,9,2020-09-23,2022-11-10,2020-09-23,2023-05-29
1796160,,,QMIS TBS Capital Group Corp.,unresolved,6,2021-08-16,2022-11-14,2021-08-16,2023-06-02
1797336,,,"Old Ayala, Inc",unresolved,10,2020-06-22,2022-11-03,2020-06-22,2023-05-22
1797762,,,"Kenongwo Group US, Inc.",unresolved,10,2020-10-02,2022-11-21,2020-10-02,2023-06-09
1797768,,,Kinnate Biopharma Inc.,unresolved,7,2021-03-29,2022-08-11,2021-03-29,2023-02-27
1798270,,,Assure Holdings Corp.,unresolved,8,2021-03-30,2022-11-14,2021-03-30,2023-06-02
1799208,,,"Dun & Bradstreet Holdings, Inc.",unresolved,10,2020-08-06,2022-11-03,2020-08-06,2023-05-22
1799332,,,GAN Ltd,unresolved,8,2021-03-31,2022-11-14,2021-03-31,2023-06-02
1800199,,,"iCap Vault 1, LLC",unresolved,5,2021-03-31,2022-03-24,2021-03-31,2022-10-10
1800347,,,"E2open Parent Holdings, Inc.",unresolved,7,2021-05-20,2022-10-11,2021-05-20,2023-04-29
1800682,,,"Cano Health, Inc.",unresolved,6,2021-08-16,2022-11-09,2021-08-16,2023-05-28
1801075,,,American National Group Inc,unresolved,6,2020-08-05,2022-05-05,2020-08-05,2022-11-21
1801754,,,"Trean Insurance Group, Inc.",unresolved,10,2020-08-28,2022-11-08,2020-08-28,2023-05-27
1801777,,,Applied Molecular Transport Inc.,unresolved,10,2020-08-11,2022-11-07,2020-08-11,2023-05-26
1802457,,,"Origin Materials, Inc.",unresolved,8,2021-03-05,2022-11-03,2021-03-05,2023-05-22
1802546,,,"KONA GOLD BEVERAGE, INC.",unresolved,8,2021-04-15,2022-11-14,2021-04-15,2023-06-02
1802749,,,"Lightning eMotors, Inc.",unresolved,8,2020-08-14,2022-11-07,2020-08-14,2023-05-26
1803498,,,Blackstone Private Credit Fund,unresolved,8,2021-03-05,2022-11-14,2021-03-05,2023-06-02
1804591,,,Chrome Holding Co.,unresolved,7,2021-03-24,2022-11-07,2021-03-24,2023-05-26
1805024,,,Amergent Hospitality Group Inc.,unresolved,10,2020-08-19,2022-12-13,2020-08-19,2023-07-01
1805387,,,"Cerevel Therapeutics Holdings, Inc.",unresolved,8,2021-03-24,2022-11-08,2021-03-24,2023-05-27
1805890,,,Fusion Pharmaceuticals Inc.,unresolved,10,2020-08-11,2022-11-08,2020-08-11,2023-05-27
1806931,,,"Rayonier, L.P.",unresolved,10,2020-08-10,2022-11-04,2020-08-10,2023-05-23
1807707,,,"AppHarvest, Inc.",unresolved,7,2021-05-17,2022-11-07,2021-05-17,2023-05-26
1807846,,,MONEYLION INC.,unresolved,6,2021-03-25,2022-11-10,2021-03-25,2023-05-29
1808158,,,Repare Therapeutics Inc.,unresolved,8,2020-08-13,2022-11-09,2020-08-13,2023-05-28
1808220,,,"GoHealth, Inc.",unresolved,10,2020-08-20,2022-11-14,2020-08-20,2023-06-02
1808665,,,"Assertio Holdings, Inc.",unresolved,10,2020-08-10,2022-11-08,2020-08-10,2023-05-27
1808865,,,"iTeos Therapeutics, Inc.",unresolved,10,2020-09-01,2022-11-10,2020-09-01,2023-05-29
1810140,,,Polished.com Inc.,unresolved,8,2020-08-20,2022-05-16,2020-08-20,2022-12-02
1810739,,,"Radius Global Infrastructure, Inc.",unresolved,9,2020-11-16,2022-11-08,2020-11-16,2023-05-27
1811109,,,"Applied UV, Inc.",unresolved,9,2020-11-16,2022-11-14,2020-11-16,2023-06-02
1811856,,,"View, Inc.",unresolved,7,2021-05-17,2022-11-08,2021-05-17,2023-05-27
1812554,,,Blue Owl Credit Income Corp.,unresolved,5,2021-03-16,2022-11-10,2021-03-16,2023-05-29
1813914,,,"CareMax, Inc.",unresolved,7,2021-03-04,2022-11-09,2021-03-04,2023-05-28
1814329,,,"Astra Space, Inc.",unresolved,6,2021-08-13,2022-11-09,2021-08-13,2023-05-28
1814974,,,"BBX Capital, Inc.",unresolved,9,2020-11-09,2022-11-09,2020-11-09,2023-05-28
1815632,,,"Tego Cyber, Inc.",unresolved,9,2020-11-13,2022-11-21,2020-11-13,2023-06-09
1815849,,,"ATI Physical Therapy, Inc.",unresolved,6,2021-08-16,2022-11-08,2021-08-16,2023-05-27
1816233,,,"Sharecare, Inc.",unresolved,5,2021-11-10,2022-11-10,2021-11-10,2023-05-29
1816613,,,Markforged Holding Corp,unresolved,6,2021-08-12,2022-11-09,2021-08-12,2023-05-28
1816906,,,"Gaming Technologies, Inc.",unresolved,8,2021-04-15,2022-11-22,2021-04-15,2023-06-10
1819035,,,"Metromile, LLC",unresolved,6,2021-03-31,2022-05-10,2021-03-31,2022-11-26
1819113,,,"Science 37 Holdings, Inc.",unresolved,5,2021-08-27,2022-11-10,2021-08-27,2023-05-29
1819394,,,"Matterport, Inc./DE",unresolved,6,2021-03-12,2022-11-10,2021-03-12,2023-05-29
1819584,,,Volta Inc.,unresolved,6,2021-08-13,2022-11-14,2021-08-13,2023-06-02
1819615,,,Clever Leaves Holdings Inc.,unresolved,8,2021-03-30,2022-11-09,2021-03-30,2023-05-28
1819663,,,Coeptis Therapeutics Inc.,unresolved,7,2021-05-17,2022-11-08,2021-05-17,2023-05-27
1819881,,,Paya Holdings Inc.,unresolved,8,2021-03-08,2022-11-04,2021-03-08,2023-05-23
1820630,,,Proterra Inc,unresolved,6,2021-08-13,2022-11-03,2021-08-13,2023-05-22
1820877,,,Apartment Income REIT Corp.,unresolved,8,2021-03-15,2022-11-07,2021-03-15,2023-05-26
1820878,,,Aimco OP L.P.,unresolved,8,2021-03-12,2022-11-07,2021-03-12,2023-05-26
1821160,,,Guild Holdings Co,unresolved,9,2020-12-04,2022-11-07,2020-12-04,2023-05-26
1821323,,,"Sigilon Therapeutics, Inc.",unresolved,8,2021-03-18,2022-11-10,2021-03-18,2023-05-29
1821393,,,"Aaron's Company, Inc.",unresolved,8,2021-02-23,2022-10-24,2021-02-23,2023-05-12
1821850,,,Sunlight Financial Holdings Inc.,unresolved,5,2021-11-15,2022-11-14,2021-11-15,2023-06-02
1822250,,,ContextLogic Inc.,unresolved,8,2021-03-25,2022-11-09,2021-03-25,2023-05-28
1823365,,,"Generations Bancorp NY, Inc.",unresolved,9,2020-12-23,2022-11-04,2020-12-23,2023-05-23
1823593,,,TuSimple Holdings Inc.,unresolved,6,2021-05-11,2022-08-08,2021-05-11,2023-02-24
1823766,,,Archaea Energy Inc.,unresolved,5,2021-11-15,2022-11-10,2021-11-15,2023-05-29
1823882,,,Airspan Networks Holdings Inc.,unresolved,5,2021-11-12,2022-11-09,2021-11-12,2023-05-28
1824734,,,"Berkshire Grey, Inc.",unresolved,5,2021-11-12,2022-11-14,2021-11-12,2023-06-02
1825480,,,"Poshmark, Inc.",unresolved,8,2021-03-23,2022-11-10,2021-03-23,2023-05-29
1826018,,,"ROVER GROUP, INC.",unresolved,5,2021-11-10,2022-11-10,2021-11-10,2023-05-29
1827506,,,"Tourmaline Bio, Inc.",unresolved,7,2021-06-14,2022-11-10,2021-06-14,2023-05-29
1827821,,,"Forge Global Holdings, Inc.",unresolved,5,2021-03-23,2022-11-14,2021-03-23,2023-06-02
1828182,,,"Signify Health, Inc.",unresolved,8,2021-03-25,2022-11-08,2021-03-25,2023-05-27
1828376,,,William Penn Bancorporation,unresolved,8,2021-03-01,2022-11-03,2021-03-01,2023-05-22
1828522,,,"eFFECTOR Therapeutics, Inc.",unresolved,5,2021-03-29,2022-11-07,2021-03-29,2023-05-26
1828672,,,"Boxed, Inc.",unresolved,5,2021-11-10,2022-11-09,2021-11-10,2023-05-28
1828723,,,"Altus Power, Inc.",unresolved,6,2021-08-13,2022-11-14,2021-08-13,2023-06-02
1829966,,,"EBET, Inc.",unresolved,6,2021-05-17,2022-08-15,2021-05-17,2023-03-03
1830197,,,Home Point Capital Inc.,unresolved,8,2021-03-12,2022-11-14,2021-03-12,2023-06-02
1830210,,,"Benson Hill, Inc.",unresolved,5,2021-11-15,2022-11-14,2021-11-15,2023-06-02
1831617,,,"Diversey Holdings, Ltd.",unresolved,7,2021-05-14,2022-11-03,2021-05-14,2023-05-22
1832168,,,"Longboard Pharmaceuticals, Inc.",unresolved,7,2021-05-10,2022-11-03,2021-05-10,2023-05-22
1833908,,,"Alfi, Inc.",unresolved,6,2021-06-10,2022-08-15,2021-06-10,2023-03-03
1834045,,,"Vintage Wine Estates, Inc.",unresolved,6,2021-10-13,2022-11-09,2021-10-13,2023-05-28
1834494,,,"MeridianLink, Inc.",unresolved,6,2021-09-07,2022-11-07,2021-09-07,2023-05-26
1834585,,,JOANN Inc.,unresolved,8,2021-04-01,2022-12-12,2021-04-01,2023-06-30
1835256,,,"Duckhorn Portfolio, Inc.",unresolved,7,2021-06-07,2022-12-07,2021-06-07,2023-06-25
1835378,,,Innovid Corp.,unresolved,5,2021-03-29,2022-11-14,2021-03-29,2023-06-02
1835591,,,Vizio Holding Corp.,unresolved,7,2021-05-12,2022-11-09,2021-05-12,2023-05-28
1835681,,,"POWERSCHOOL HOLDINGS, INC.",unresolved,6,2021-09-09,2022-11-08,2021-09-09,2023-05-27
1836176,,,Fathom Digital Manufacturing Corp,unresolved,5,2021-11-10,2022-11-14,2021-11-10,2023-06-02
1837412,,,"SomaLogic, Inc.",unresolved,5,2021-11-15,2022-11-15,2021-11-15,2023-06-03
1837686,,,"Vimeo, Inc.",unresolved,7,2021-05-10,2022-11-03,2021-05-10,2023-05-22
1838128,,,Lowell Farms Inc.,unresolved,7,2021-05-17,2022-11-14,2021-05-17,2023-06-02
1839439,,,"PAYCOR HCM, INC.",unresolved,6,2021-09-02,2022-11-04,2021-09-02,2023-05-23
1840574,,,"Verve Therapeutics, Inc.",unresolved,6,2021-08-12,2022-11-07,2021-08-12,2023-05-26
1841804,,,"INSTRUCTURE HOLDINGS, INC.",unresolved,6,2021-08-18,2022-11-02,2021-08-18,2023-05-21
1842718,,,INTEGRAL AD SCIENCE HOLDING CORP.,unresolved,6,2021-08-12,2022-11-10,2021-08-12,2023-05-29
1844224,,,FREYR Battery,unresolved,6,2021-08-12,2022-11-14,2021-08-12,2023-06-02
1844280,,,"Thorne Healthtech, Inc.",unresolved,5,2021-11-10,2022-11-10,2021-11-10,2023-05-29
1845022,,,"Couchbase, Inc.",unresolved,6,2021-09-10,2022-12-12,2021-09-10,2023-06-30
1845337,,,"Day One Biopharmaceuticals, Inc.",unresolved,5,2021-08-10,2022-11-07,2021-08-10,2023-05-26
1846017,,,Blue Foundry Bancorp,unresolved,7,2021-06-17,2022-11-10,2021-06-17,2023-05-29
1846510,,,Soho House & Co Inc.,unresolved,6,2021-08-26,2022-11-16,2021-08-26,2023-06-04
1847903,,,Centessa Pharmaceuticals plc,unresolved,6,2021-08-16,2022-11-10,2021-08-16,2023-05-29
1849670,,,"PB Bankshares, Inc.",unresolved,7,2021-06-25,2022-11-10,2021-06-25,2023-05-29
1850079,,,Telesis Bio Inc.,unresolved,6,2021-08-11,2022-11-09,2021-08-11,2023-05-28
1850398,,,"TC Bancshares, Inc.",unresolved,7,2021-06-25,2022-11-10,2021-06-25,2023-05-29
1850838,,,"Omega Therapeutics, Inc.",unresolved,6,2021-09-10,2022-11-08,2021-09-10,2023-05-27
1851194,,,"Ventyx Biosciences, Inc.",unresolved,5,2021-11-18,2022-11-04,2021-11-18,2023-05-23
1851277,,,Carlyle Secured Lending III,unresolved,5,2021-11-12,2022-11-14,2021-11-12,2023-06-02
1851657,,,"Vaxxinity, Inc.",unresolved,5,2021-12-23,2022-11-10,2021-12-23,2023-05-29
1852117,,,Rockley Photonics Holdings Ltd,unresolved,6,2021-08-16,2022-11-10,2021-08-16,2023-05-29
1854401,,,Bridge Investment Group Holdings Inc.,unresolved,6,2021-08-17,2022-11-09,2021-08-17,2023-05-28
1854583,,,"Collective Audience, Inc.",unresolved,5,2021-09-20,2022-11-14,2021-09-20,2023-06-02
1856028,,,"Stronghold Digital Mining, Inc.",unresolved,5,2021-11-30,2022-11-10,2021-11-30,2023-05-29
1856236,,,"European Wax Center, Inc.",unresolved,6,2021-09-14,2022-11-03,2021-09-14,2023-05-22
1856430,,,Snap One Holdings Corp.,unresolved,6,2021-08-27,2022-11-10,2021-08-27,2023-05-29
1856608,,,"Sovos Brands, Inc.",unresolved,5,2021-11-09,2022-11-02,2021-11-09,2023-05-21
1857951,,,Weber Inc.,unresolved,6,2021-09-16,2022-12-14,2021-09-16,2023-07-02
1858257,,,"AvidXchange Holdings, Inc.",unresolved,5,2021-11-18,2022-11-04,2021-11-18,2023-05-23
1859285,,,HireRight Holdings Corp,unresolved,5,2021-11-19,2022-11-04,2021-11-19,2023-05-23
1860782,,,"2seventy bio, Inc.",unresolved,5,2021-12-01,2022-11-07,2021-12-01,2023-05-26
1861449,,,"Bird Global, Inc.",unresolved,5,2021-11-15,2022-11-18,2021-11-15,2023-06-06
1861522,,,KIDPIK CORP.,unresolved,5,2021-12-22,2022-11-15,2021-12-22,2023-06-03
1863105,,,"EngageSmart, Inc.",unresolved,5,2021-11-10,2022-11-03,2021-11-10,2023-05-22
1864448,,,Wejo Group Ltd,unresolved,5,2021-11-26,2022-11-21,2021-11-26,2023-06-09
1865187,,,"Aris Water Solutions, Inc.",unresolved,5,2021-11-10,2022-11-10,2021-11-10,2023-05-29
1868778,,,Informatica Inc.,unresolved,5,2021-12-09,2022-11-10,2021-12-09,2023-05-29
1868912,,,"Enfusion, Inc.",unresolved,5,2021-12-03,2022-11-10,2021-12-03,2023-05-29
1871149,,,"Real Good Food Company, Inc.",unresolved,5,2021-12-17,2022-11-14,2021-12-17,2023-06-02
1872356,,,"Molekule Group, Inc.",unresolved,5,2022-01-07,2022-11-14,2022-01-07,2023-06-02
1874944,,,"Vacasa, Inc.",unresolved,5,2021-11-17,2022-11-10,2021-11-17,2023-05-29
1876945,,,Gold Flora Corp.,unresolved,5,2021-11-15,2022-11-14,2021-11-15,2023-06-02
1879103,,,"CFSB Bancorp, Inc. /MA/",unresolved,5,2021-12-22,2022-11-09,2021-12-22,2023-05-28
1000045,,,OLD MARKET CAPITAL Corp,unresolved,20,2018-02-09,2022-11-14,2018-02-09,2023-06-02
1000229,,,CORE LABORATORIES N V,unresolved,20,2018-02-12,2022-10-28,2018-02-12,2023-05-16
1000232,,,KENTUCKY BANCSHARES INC /KY/,unresolved,14,2018-03-16,2021-05-11,2018-03-16,2021-11-27
1000298,,,IMPAC MORTGAGE HOLDINGS INC,unresolved,20,2018-03-16,2022-11-14,2018-03-16,2023-06-02
1000683,,,BLONDER TONGUE LABORATORIES INC,unresolved,20,2018-04-02,2022-11-04,2018-04-02,2023-05-23
1001039,,,TWDC Enterprises 18 Corp.,unresolved,5,2018-02-06,2019-02-05,2018-02-06,2019-08-24
1001082,,,DISH Network CORP,unresolved,20,2018-02-21,2022-11-02,2018-02-21,2023-05-21
100122,,,TUCSON ELECTRIC POWER CO,unresolved,18,2018-02-15,2022-10-28,2018-02-15,2023-05-16
1001258,,,ASTA FUNDING INC,unresolved,12,2018-10-12,2020-08-14,2018-10-12,2021-03-02
1001463,,,"Acacia Diversified Holdings, Inc.",unresolved,11,2018-04-02,2020-08-19,2018-04-02,2021-03-07
1001902,,,INTEVAC INC,unresolved,20,2018-02-14,2022-11-03,2018-02-14,2023-05-22
1002135,,,WESTELL TECHNOLOGIES INC,unresolved,14,2018-02-09,2021-05-21,2018-02-09,2021-12-07
1002517,,,"Nuance Communications, Inc.",unresolved,17,2018-02-09,2022-02-07,2018-02-09,2022-08-26
1002771,,,"Integrated Cannabis Solutions, Inc.",unresolved,5,2021-08-12,2022-11-15,2021-08-12,2023-06-03
1003201,,,"MMA Capital Holdings, LLC",unresolved,15,2018-03-16,2021-08-06,2018-03-16,2022-02-22
1003410,,,DUKE REALTY Ltd PARTNERSHIP/,unresolved,19,2018-02-16,2022-08-08,2018-02-16,2023-02-24
1004036,,,TANGER PROPERTIES LTD PARTNERSHIP /NC/,unresolved,20,2018-02-22,2022-11-04,2018-02-22,2023-05-23
1004155,,,SOUTHERN CO GAS,unresolved,20,2018-02-21,2022-10-27,2018-02-21,2023-05-15
1005011,,,"GRAPHIC PACKAGING INTERNATIONAL, LLC",unresolved,13,2018-04-25,2021-04-27,2018-04-25,2021-11-13
1005201,,,"Assertio Therapeutics, Inc",unresolved,10,2018-03-01,2020-05-11,2018-03-01,2020-11-27
1005276,,,MOHEGAN TRIBAL GAMING AUTHORITY,unresolved,20,2018-02-14,2022-12-21,2018-02-14,2023-07-09
1005409,,,DIME COMMUNITY BANCSHARES INC,unresolved,12,2018-03-14,2020-11-06,2018-03-14,2021-05-25
100548,,,UGI UTILITIES INC,unresolved,7,2018-02-06,2019-08-06,2018-02-06,2020-02-22
100625,,,SIERRA MONITOR CORP /CA/,unresolved,6,2018-04-02,2019-05-15,2018-04-02,2019-12-01
1006269,,,LORAL SPACE & COMMUNICATIONS INC.,unresolved,16,2018-03-15,2021-11-09,2018-03-15,2022-05-28
1006840,,,"Cang Bao Tian Xia International Art Trade Center, Inc.",unresolved,10,2019-11-14,2022-05-16,2019-11-14,2022-12-02
100716,,,UNICO AMERICAN CORP,unresolved,19,2018-04-02,2022-09-27,2018-04-02,2023-04-15
1007330,,,"PRGX GLOBAL, INC.",unresolved,12,2018-03-13,2020-11-06,2018-03-13,2021-05-25
100790,,,UNION CARBIDE CORP /NEW/,unresolved,20,2018-02-15,2022-10-21,2018-02-15,2023-05-09
1008579,,,HIGHLANDS BANKSHARES INC /VA/,unresolved,7,2018-05-14,2019-11-14,2018-05-14,2020-06-01
1008586,,,STREAMLINE HEALTH SOLUTIONS INC.,unresolved,20,2018-04-25,2022-12-15,2018-04-25,2023-07-03
1008654,,,TUPPERWARE BRANDS CORP,unresolved,20,2018-02-27,2022-11-02,2018-02-27,2023-05-21
1008848,,,"Acorda Therapeutics, Inc.",unresolved,20,2018-03-01,2022-11-14,2018-03-01,2023-06-02
1009672,,,CARBO CERAMICS INC,unresolved,9,2018-03-08,2020-05-15,2018-03-08,2020-12-01
1010612,,,SYKES ENTERPRISES INC,unresolved,15,2018-03-01,2021-08-09,2018-03-01,2022-02-25
1011395,,,Geospatial Corp,unresolved,7,2018-04-16,2019-11-18,2018-04-16,2020-06-05
1011432,,,"CYNERGISTEK, INC",unresolved,19,2018-03-28,2022-08-15,2018-03-28,2023-03-03
1011452,,,"Medical Information Technology, Inc.",unresolved,7,2018-01-31,2020-10-26,2018-01-31,2021-05-14
1011570,,,KNOLL INC,unresolved,14,2018-02-27,2021-05-07,2018-02-27,2021-11-23
1011659,,,MUFG Americas Holdings Corp,unresolved,15,2018-03-02,2021-08-06,2018-03-02,2022-02-22
1011662,,,GLOBAL DIGITAL SOLUTIONS INC,unresolved,27,2018-05-31,2022-12-15,2018-05-31,2023-07-03
1012100,,,SEALED AIR CORP/DE,unresolved,20,2018-02-21,2022-11-01,2018-02-21,2023-05-20
1012477,,,AVADEL PHARMACEUTICALS PLC,unresolved,18,2018-03-16,2022-05-09,2018-03-16,2022-11-25
1012493,,,FERRELLGAS PARTNERS FINANCE CORP,unresolved,20,2018-03-08,2022-12-09,2018-03-08,2023-06-27
1012620,,,GENESEE & WYOMING INC,unresolved,8,2018-02-28,2019-11-06,2018-02-28,2020-05-24
1012771,,,FBL FINANCIAL GROUP INC,unresolved,14,2018-03-01,2021-05-06,2018-03-01,2021-11-22
1013462,,,ANSYS INC,unresolved,20,2018-02-22,2022-11-02,2018-02-22,2023-05-21
1013606,,,ENDOLOGIX INC /DE/,unresolved,11,2018-03-13,2020-08-07,2018-03-13,2021-02-23
1014111,,,"GlassBridge Enterprises, Inc.",unresolved,9,2018-04-02,2022-03-31,2018-04-02,2022-10-17
1015155,,,CHARLES & COLVARD LTD,unresolved,19,2018-03-09,2022-11-04,2018-03-09,2023-05-23
1015780,,,E TRADE FINANCIAL CORP,unresolved,11,2018-02-21,2020-08-05,2018-02-21,2021-02-21
1016125,,,ULTIMATE SOFTWARE GROUP INC,unresolved,6,2018-02-26,2019-05-01,2018-02-26,2019-11-17
1016169,,,"ANTARES PHARMA, INC.",unresolved,18,2018-03-13,2022-05-10,2018-03-13,2022-11-26
1016708,,,"RenovaCare, Inc.",unresolved,5,2018-11-19,2022-03-30,2018-11-19,2022-10-16
1017110,,,GENETHERA INC,unresolved,18,2018-03-28,2022-04-14,2018-03-28,2022-10-31
1017480,,,HIBBETT INC,unresolved,20,2018-03-30,2022-12-06,2018-03-30,2023-06-24
1017491,,,"SEELOS THERAPEUTICS, INC.",unresolved,8,2018-03-01,2021-03-11,2018-03-01,2021-09-27
1017673,,,DOVER MOTORSPORTS LLC,unresolved,14,2018-02-27,2021-11-01,2018-02-27,2022-05-20
101778,,,MARATHON OIL CORP,unresolved,20,2018-02-22,2022-11-03,2018-02-22,2023-05-22
1018254,,,UNITED DOMINION REALTY L P,unresolved,13,2018-02-20,2021-02-18,2018-02-20,2021-09-06
101830,,,SPRINT LLC,unresolved,9,2018-02-06,2020-01-27,2018-02-06,2020-08-14
1018399,,,ENTERPRISE BANCORP INC /MA/,unresolved,20,2018-03-13,2022-11-04,2018-03-13,2023-05-23
1019671,,,SEACHANGE INTERNATIONAL INC,unresolved,20,2018-04-16,2022-12-14,2018-04-16,2023-07-02
1019695,,,ARQULE INC,unresolved,8,2018-03-05,2019-10-30,2018-03-05,2020-05-17
1019737,,,NAVIGANT CONSULTING INC,unresolved,7,2018-02-23,2019-08-02,2018-02-23,2020-02-18
1019787,,,PURADYN FILTER TECHNOLOGIES INC,unresolved,9,2018-04-10,2020-04-15,2018-04-10,2020-11-01
1021096,,,"Troika Media Group, Inc.",unresolved,7,2021-06-03,2022-11-14,2021-06-03,2023-06-02
1021162,,,TRIUMPH GROUP INC,unresolved,20,2018-02-07,2022-11-08,2018-02-07,2023-05-27
1021270,,,"BBQ HOLDINGS, INC.",unresolved,19,2018-03-05,2022-08-11,2018-03-05,2023-02-27
1021435,,,hopTo Inc.,unresolved,20,2018-04-17,2022-11-14,2018-04-17,2023-06-02
1021604,,,ON TRACK INNOVATIONS LTD,unresolved,18,2018-03-29,2022-05-23,2018-03-29,2022-12-09
1022344,,,SIMON PROPERTY GROUP L P,unresolved,20,2018-02-23,2022-11-03,2018-02-23,2023-05-22
1022646,,,ULTRA PETROLEUM CORP,unresolved,11,2018-02-28,2020-08-07,2018-02-28,2021-02-23
1023364,,,"AutoWeb, Inc.",unresolved,19,2018-03-15,2022-08-11,2018-03-15,2023-02-27
1023844,,,NATIONAL HOLDINGS CORP,unresolved,13,2018-02-14,2021-02-16,2018-02-14,2021-09-04
1024095,,,"Carnegie Development, Inc",unresolved,8,2019-08-22,2022-03-31,2019-08-22,2022-10-17
1024725,,,TENNECO INC,unresolved,20,2018-02-28,2022-10-31,2018-02-28,2023-05-19
1025362,,,Golden Queen Mining Consolidated Ltd.,unresolved,6,2018-03-27,2019-05-07,2018-03-27,2019-11-23
10254,,,EARTHSTONE ENERGY INC,unresolved,20,2018-03-15,2022-11-02,2018-03-15,2023-05-21
1025953,,,"NOVATION COMPANIES, INC.",unresolved,13,2018-04-10,2021-08-11,2018-04-10,2022-02-27
1028918,,,PACIFIC PREMIER BANCORP INC,unresolved,20,2018-02-28,2022-11-04,2018-02-28,2023-05-23
1028954,,,SB ONE BANCORP,unresolved,10,2018-03-15,2020-05-11,2018-03-15,2020-11-27
1029125,,,"Panbela Therapeutics, Inc.",unresolved,18,2018-03-21,2022-11-10,2018-03-21,2023-05-29
1029142,,,DYNAVAX TECHNOLOGIES CORP,unresolved,20,2018-03-08,2022-11-03,2018-03-08,2023-05-22
1029730,,,LADENBURG THALMANN FINANCIAL SERVICES INC.,unresolved,9,2018-03-16,2020-03-13,2018-03-16,2020-09-29
1029744,,,SONIC FOUNDRY INC,unresolved,21,2018-01-12,2022-12-08,2018-01-12,2023-06-26
1029800,,,URSTADT BIDDLE PROPERTIES INC,unresolved,20,2018-01-12,2022-09-08,2018-01-12,2023-03-27
1029831,,,HILLMAN COMPANIES INC,unresolved,15,2018-03-21,2021-07-29,2018-03-21,2022-02-14
1031029,,,"Startek, Inc.",unresolved,19,2018-03-16,2022-11-08,2018-03-16,2023-05-27
1031623,,,GULF ISLAND FABRICATION INC,unresolved,20,2018-03-09,2022-11-09,2018-03-09,2023-05-28
1033012,,,FLAGSTAR BANCORP INC,unresolved,20,2018-03-12,2022-11-08,2018-03-12,2023-05-27
1033128,,,FIRST INDUSTRIAL LP,unresolved,20,2018-02-27,2022-10-21,2018-02-27,2023-05-09
1033905,,,LUMINEX CORP,unresolved,14,2018-02-26,2021-05-05,2018-02-26,2021-11-21
1034563,,,ICAHN ENTERPRISES HOLDINGS L.P.,unresolved,16,2018-03-01,2021-11-02,2018-03-01,2022-05-21
1034592,,,OMNICOMM SYSTEMS INC,unresolved,7,2018-04-02,2019-08-14,2018-04-02,2020-03-01
1034594,,,BAY BANKS OF VIRGINIA INC,unresolved,12,2018-04-09,2020-11-06,2018-04-09,2021-05-25
1035216,,,SOUTH JERSEY GAS Co,unresolved,20,2018-02-26,2022-11-03,2018-02-26,2023-05-22
1035688,,,SELECT MEDICAL CORP,unresolved,7,2018-02-22,2019-08-01,2018-02-22,2020-02-17
1035976,,,"FNCB Bancorp, Inc.",unresolved,20,2018-03-09,2022-11-04,2018-03-09,2023-05-23
1036188,,,QAD INC,unresolved,15,2018-04-16,2021-09-09,2018-04-16,2022-03-28
103682,,,VIRGINIA ELECTRIC & POWER CO,unresolved,20,2018-02-27,2022-11-04,2018-02-27,2023-05-23
1036848,,,Mega Matrix Corp.,unresolved,20,2018-03-08,2022-11-14,2018-03-08,2023-06-02
1037016,,,NII HOLDINGS INC,unresolved,7,2018-03-15,2019-11-05,2018-03-15,2020-05-23
1037390,,,"INDUS REALTY TRUST, INC.",unresolved,20,2018-02-08,2022-11-08,2018-02-08,2023-05-27
1037676,,,"ARCH RESOURCES, INC.",unresolved,20,2018-02-23,2022-10-27,2018-02-23,2023-05-15
1038133,,,HESKA CORP,unresolved,20,2018-03-09,2022-11-08,2018-03-09,2023-05-27
1038357,,,PIONEER NATURAL RESOURCES CO,unresolved,20,2018-02-20,2022-10-28,2018-02-20,2023-05-16
1038509,,,PRUCO LIFE INSURANCE OF NEW JERSEY,unresolved,19,2018-03-08,2022-11-10,2018-03-08,2023-05-29
103872,,,"VOLT INFORMATION SCIENCES, INC.",unresolved,18,2018-01-12,2022-03-15,2018-01-12,2022-10-01
1039101,,,"L3 TECHNOLOGIES, INC.",unresolved,6,2018-02-22,2019-05-01,2018-02-22,2019-11-17
1039466,,,NovAccess Global Inc.,unresolved,19,2018-02-12,2022-08-15,2018-02-12,2023-03-03
1040593,,,CARRIZO OIL & GAS INC,unresolved,8,2018-02-28,2019-11-05,2018-02-28,2020-05-23
1040719,,,DITECH HOLDING Corp,unresolved,5,2018-04-16,2019-04-16,2018-04-16,2019-11-02
1040765,,,VORNADO REALTY LP,unresolved,20,2018-02-12,2022-10-31,2018-02-12,2023-05-19
1040850,,,"AGRITEK HOLDINGS, INC.",unresolved,5,2018-04-17,2021-03-03,2018-04-17,2021-09-19
1041550,,,HOPFED BANCORP INC,unresolved,6,2018-03-15,2019-05-09,2018-03-15,2019-11-25
1042074,,,"CymaBay Therapeutics, Inc.",unresolved,20,2018-03-15,2022-11-14,2018-03-15,2023-06-02
1042642,,,DISH DBS CORP,unresolved,20,2018-03-30,2022-11-10,2018-03-30,2023-05-29
1042773,,,CENTERPOINT ENERGY RESOURCES CORP,unresolved,20,2018-02-22,2022-11-01,2018-02-22,2023-05-20
1043121,,,BOSTON PROPERTIES LTD PARTNERSHIP,unresolved,20,2018-02-28,2022-11-04,2018-02-28,2023-05-23
1043156,,,STAR BUFFET INC,unresolved,8,2018-04-26,2019-12-17,2018-04-26,2020-07-04
1043565,,,POTOMAC FUTURES FUND LP,unresolved,8,2018-03-28,2020-08-11,2018-03-28,2021-02-27
1043604,,,JUNIPER NETWORKS INC,unresolved,20,2018-02-23,2022-10-28,2018-02-23,2023-05-16
1043894,,,WOLF ENERGY SERVICES INC.,unresolved,20,2018-04-12,2022-11-14,2018-04-12,2023-06-02
1043951,,,CAMPBELL FUND TRUST,unresolved,12,2018-03-29,2022-03-25,2018-03-29,2022-10-11
1044378,,,BIOCEPT INC,unresolved,20,2018-03-28,2022-11-21,2018-03-28,2023-06-09
1045309,,,W R GRACE & CO,unresolved,15,2018-02-22,2021-08-02,2018-02-22,2022-02-18
1045425,,,RAIT Financial Trust,unresolved,7,2018-03-16,2019-11-07,2018-03-16,2020-05-25
1045610,,,"Prologis, L.P.",unresolved,9,2018-02-15,2022-02-09,2018-02-15,2022-08-28
1046203,,,GUARANTY FEDERAL BANCSHARES INC,unresolved,17,2018-03-30,2022-03-11,2018-03-30,2022-09-27
1046327,,,REALNETWORKS INC,unresolved,20,2018-02-27,2022-11-09,2018-02-27,2023-05-28
1046995,,,EMAGIN CORP,unresolved,20,2018-03-30,2022-11-10,2018-03-30,2023-05-29
1047122,,,RAYTHEON CO/,unresolved,9,2018-02-14,2020-02-12,2018-02-14,2020-08-30
1047166,,,UNITED RENTALS NORTH AMERICA INC,unresolved,20,2018-01-24,2022-10-26,2018-01-24,2023-05-14
1047884,,,ANWORTH MORTGAGE ASSET CORP,unresolved,13,2018-02-28,2021-02-26,2018-02-28,2021-09-14
104819,,,WASHINGTON GAS LIGHT CO,unresolved,12,2018-02-08,2021-04-30,2018-02-08,2021-11-16
1048789,,,FelCor Lodging LP,unresolved,15,2018-03-02,2021-08-06,2018-03-02,2022-02-22
1049011,,,KID CASTLE EDUCATIONAL CORP,unresolved,12,2020-06-15,2022-11-21,2020-06-15,2023-06-09
1049782,,,BROOKLINE BANCORP INC,unresolved,20,2018-02-28,2022-11-04,2018-02-28,2023-05-23
1050825,,,STEELCASE INC,unresolved,20,2018-04-10,2022-12-21,2018-04-10,2023-07-09
1051251,,,J CREW GROUP INC,unresolved,8,2018-03-27,2019-12-02,2018-03-27,2020-06-19
1051343,,,COMMUNITY WEST BANCSHARES /,unresolved,20,2018-03-02,2022-11-14,2018-03-02,2023-06-02
1052054,,,"Symbolic Logic, Inc.",unresolved,19,2018-04-02,2022-08-12,2018-04-02,2023-02-28
1052100,,,WADDELL & REED FINANCIAL INC,unresolved,14,2018-02-23,2021-04-29,2018-02-23,2021-11-15
1052595,,,Red Lion Hotels CORP,unresolved,12,2018-04-02,2020-11-05,2018-04-02,2021-05-24
1053059,,,ESSEX PORTFOLIO LP,unresolved,20,2018-02-22,2022-10-27,2018-02-22,2023-05-15
1053352,,,HERITAGE COMMERCE CORP,unresolved,20,2018-03-16,2022-11-04,2018-03-16,2023-05-23
1053584,,,MACATAWA BANK CORP,unresolved,20,2018-02-15,2022-10-27,2018-02-15,2023-05-15
1054274,,,"Adynxx, Inc.",unresolved,6,2018-03-02,2019-04-23,2018-03-02,2019-11-09
1054721,,,BSQUARE CORP /WA,unresolved,20,2018-02-22,2022-11-10,2018-02-22,2023-05-29
1055454,,,SCHOOL SPECIALTY INC,unresolved,9,2018-03-15,2020-04-07,2018-03-15,2020-10-24
1056087,,,MCCLATCHY CO,unresolved,11,2018-03-12,2020-08-17,2018-03-12,2021-03-05
1056386,,,Internap Corp,unresolved,9,2018-03-15,2020-05-08,2018-03-15,2020-11-24
1056757,,,SEYCHELLE ENVIRONMENTAL TECHNOLOGIES INC /CA,unresolved,10,2018-01-12,2020-05-28,2018-01-12,2020-12-14
1057083,,,PC TEL INC,unresolved,20,2018-03-16,2022-11-09,2018-03-16,2023-05-28
1058057,,,MARVELL TECHNOLOGY GROUP LTD,unresolved,13,2018-03-29,2021-03-16,2018-03-29,2021-10-02
1058330,,,"Rogue One, Inc.",unresolved,9,2019-03-21,2021-08-25,2019-03-21,2022-03-13
1058867,,,GUARANTY BANCSHARES INC /TX/,unresolved,20,2018-03-16,2022-11-04,2018-03-16,2023-05-23
1059262,,,SP Plus Corp,unresolved,20,2018-02-22,2022-11-03,2018-02-22,2023-05-22
1059784,,,GENEREX BIOTECHNOLOGY CORP,unresolved,12,2018-03-16,2021-06-21,2018-03-16,2022-01-07
1060219,,,"SALISBURY BANCORP, INC.",unresolved,20,2018-03-15,2022-11-04,2018-03-15,2023-05-23
1060224,,,LIFE STORAGE LP,unresolved,20,2018-02-27,2022-11-03,2018-02-27,2023-05-22
1060349,,,"GAMCO INVESTORS, INC. ET AL",unresolved,19,2018-03-09,2022-08-02,2018-03-09,2023-02-18
1060386,,,"BRANDYWINE OPERATING PARTNERSHIP, L.P.",unresolved,20,2018-02-23,2022-10-28,2018-02-23,2023-05-16
1060736,,,Seagen Inc.,unresolved,20,2018-02-15,2022-10-27,2018-02-15,2023-05-15
1061027,,,"Viracta Therapeutics, Inc.",unresolved,18,2018-03-09,2022-11-10,2018-03-09,2023-05-29
1061937,,,HOST HOTELS & RESORTS L.P.,unresolved,20,2018-02-27,2022-11-04,2018-02-27,2023-05-23
1062128,,,"Manuka, Inc.",unresolved,16,2019-04-15,2022-11-14,2019-04-15,2023-06-02
1062720,,,"Enviro-serve, Inc.",unresolved,5,2018-09-19,2018-09-25,2018-09-19,2019-04-13
1063104,,,PROTEO INC,unresolved,10,2018-04-27,2020-06-05,2018-04-27,2020-12-22
1063197,,,"CurAegis Technologies, Inc.",unresolved,6,2018-03-16,2020-11-13,2018-03-16,2021-06-01
1063344,,,HERSHA HOSPITALITY TRUST,unresolved,20,2018-02-23,2022-11-01,2018-02-23,2023-05-20
1063489,,,SUNBURST ACQUISITIONS V INC,unresolved,5,2018-04-17,2019-04-16,2018-04-17,2019-11-02
1063537,,,RiceBran Technologies,unresolved,20,2018-03-16,2022-11-03,2018-03-16,2023-05-22
1064722,,,GIVEMEPOWER CORP,unresolved,12,2020-06-01,2022-11-14,2020-06-01,2023-06-02
1065201,,,AMERINST INSURANCE GROUP LTD,unresolved,18,2018-03-29,2022-08-15,2018-03-29,2023-03-03
1065332,,,NIC INC,unresolved,13,2018-02-22,2021-02-25,2018-02-22,2021-09-13
1065837,,,SKECHERS USA INC,unresolved,20,2018-03-01,2022-11-04,2018-03-01,2023-05-23
1066247,,,REGENCY CENTERS LP,unresolved,20,2018-02-27,2022-11-04,2018-02-27,2023-05-23
1066605,,,HEIDRICK & STRUGGLES INTERNATIONAL INC,unresolved,20,2018-03-13,2022-10-24,2018-03-13,2023-05-12
1066656,,,Ceres Classic L.P.,unresolved,9,2018-03-28,2022-11-10,2018-03-28,2023-05-29
1067063,,,"Veris Residential, L.P.",unresolved,20,2018-02-21,2022-11-02,2018-02-21,2023-05-21
1067837,,,"AUDACY, INC.",unresolved,20,2018-03-16,2022-11-09,2018-03-16,2023-05-28
1067873,,,AS-IP TECH INC,unresolved,18,2018-02-05,2022-11-14,2018-02-05,2023-06-02
1068148,,,PARK OHIO INDUSTRIES INC/OH,unresolved,20,2018-03-21,2022-11-08,2018-03-21,2023-05-27
1068875,,,"AVANTAX, INC.",unresolved,20,2018-03-01,2022-11-01,2018-03-01,2023-05-20
1069308,,,Acer Therapeutics Inc.,unresolved,20,2018-03-07,2022-11-14,2018-03-07,2023-06-02
1069996,,,FedNat Holding Co,unresolved,18,2018-03-13,2022-05-18,2018-03-13,2022-12-04
1070154,,,STERLING BANCORP,unresolved,16,2018-03-01,2021-10-29,2018-03-01,2022-05-17
1070336,,,ACHILLION PHARMACEUTICALS INC,unresolved,8,2018-02-22,2019-11-07,2018-02-22,2020-05-25
1071993,,,CONTANGO OIL & GAS CO,unresolved,16,2018-03-09,2021-11-15,2018-03-09,2022-06-03
1073349,,,BOTTOMLINE TECHNOLOGIES INC,unresolved,18,2018-02-08,2022-05-10,2018-02-08,2022-11-26
1073429,,,"U.S. CONCRETE, INC.",unresolved,15,2018-03-01,2021-08-05,2018-03-01,2022-02-21
1073475,,,CITIZENS FIRST CORP,unresolved,6,2018-03-13,2019-05-09,2018-03-13,2019-11-25
1075607,,,TC PIPELINES LP,unresolved,12,2018-02-26,2021-02-24,2018-02-26,2021-09-12
1075857,,,VIEW SYSTEMS INC,unresolved,13,2018-04-17,2022-07-13,2018-04-17,2023-01-29
1076682,,,"POLARITYTE, INC.",unresolved,17,2018-01-30,2022-11-10,2018-01-30,2023-05-29
1077771,,,UMPQUA HOLDINGS CORP,unresolved,20,2018-02-23,2022-10-31,2018-02-23,2023-05-19
1078037,,,"REMEDENT, INC.",unresolved,13,2018-02-14,2021-02-16,2018-02-14,2021-09-04
1078099,,,"Meet Group, Inc.",unresolved,11,2018-03-16,2020-08-07,2018-03-16,2021-02-23
1078207,,,BOWFLEX INC.,unresolved,19,2018-03-06,2022-11-09,2018-03-06,2023-05-28
107832,,,WISCONSIN POWER & LIGHT CO,unresolved,20,2018-02-23,2022-11-08,2018-02-23,2023-05-27
107833,,,WISCONSIN PUBLIC SERVICE CORP,unresolved,20,2018-02-28,2022-11-03,2018-02-28,2023-05-22
1078799,,,"Marijuana Co of America, Inc.",unresolved,18,2018-04-17,2022-11-21,2018-04-17,2023-06-09
1079297,,,"Progreen US, Inc.",unresolved,5,2018-03-26,2019-03-25,2018-03-26,2019-10-11
1080029,,,"Dougherty's Pharmacy, Inc.",unresolved,6,2018-03-29,2019-05-20,2018-03-29,2019-12-06
1080056,,,"THESTREET, INC.",unresolved,6,2018-03-13,2019-08-06,2018-03-13,2020-02-22
1080319,,,"Elys BMG Group, Inc.",unresolved,19,2018-03-30,2022-11-14,2018-03-30,2023-06-02
1080709,,,ARENA PHARMACEUTICALS INC,unresolved,17,2018-03-14,2022-02-23,2018-03-14,2022-09-11
1081316,,,BERKSHIRE HATHAWAY ENERGY CO,unresolved,20,2018-02-26,2022-11-07,2018-02-26,2023-05-26
1082038,,,DURECT CORP,unresolved,20,2018-03-08,2022-11-03,2018-03-08,2023-05-22
1082506,,,"Forest Investments, Inc.",unresolved,12,2018-02-09,2020-11-16,2018-02-09,2021-06-04
1082923,,,STAMPS.COM INC,unresolved,15,2018-02-28,2021-08-06,2018-02-28,2022-02-22
1083643,,,"FAUQUIER BANKSHARES, INC.",unresolved,13,2018-03-29,2021-03-26,2018-03-29,2021-10-12
1083706,,,ENXNET INC,unresolved,6,2018-02-12,2019-06-28,2018-02-12,2020-01-14
1083922,,,"AuraSource, Inc.",unresolved,15,2018-02-05,2022-11-17,2018-02-05,2023-06-05
1084067,,,WNC HOUSING TAX CREDIT FUND VI LP SERIES 7,unresolved,6,2018-02-14,2019-06-26,2018-02-14,2020-01-12
1084133,,,"Real Brands, Inc.",unresolved,5,2021-11-15,2022-11-18,2021-11-15,2023-06-06
1084332,,,SALON MEDIA GROUP INC,unresolved,7,2018-02-08,2019-08-13,2018-02-08,2020-02-29
1084384,,,PARETEUM Corp,unresolved,14,2018-03-30,2021-08-27,2018-03-30,2022-03-15
1084551,,,Community Redevelopment Inc.,unresolved,6,2021-08-16,2022-12-16,2021-08-16,2023-07-04
1084577,,,CYREN Ltd.,unresolved,16,2019-03-28,2022-11-14,2019-03-28,2023-06-02
1084580,,,Jefferies Group LLC,unresolved,20,2018-01-26,2022-10-07,2018-01-26,2023-04-25
1085392,,,PUGET ENERGY INC /WA,unresolved,20,2018-03-02,2022-11-03,2018-03-02,2023-05-22
1085869,,,PERFICIENT INC,unresolved,20,2018-03-01,2022-10-27,2018-03-01,2023-05-15
1087022,,,ALR TECHNOLOGIES INC.,unresolved,11,2018-02-02,2022-08-15,2018-02-02,2023-03-03
1087423,,,RED HAT INC,unresolved,7,2018-01-08,2019-06-28,2018-01-08,2020-01-14
1087456,,,UNITED BANCSHARES INC/OH,unresolved,17,2018-04-26,2022-11-08,2018-04-26,2023-05-27
108772,,,XEROX CORP,unresolved,20,2018-02-23,2022-11-02,2018-02-23,2023-05-21
1088638,,,"MASTERMIND, INC.",unresolved,24,2018-01-12,2022-08-22,2018-01-12,2023-03-10
1089143,,,COLLECTORS UNIVERSE INC,unresolved,13,2018-02-07,2021-02-12,2018-02-07,2021-08-31
1089297,,,NOVAGANT CORP,unresolved,10,2021-05-17,2022-11-14,2021-05-17,2023-06-02
1089319,,,"FREESTONE RESOURCES, INC.",unresolved,6,2018-02-09,2019-05-20,2018-02-09,2019-12-06
1089511,,,ALASKA COMMUNICATIONS SYSTEMS GROUP INC,unresolved,14,2018-03-16,2021-05-07,2018-03-16,2021-11-23
1089531,,,"KINGOLD JEWELRY, INC.",unresolved,8,2018-03-15,2019-11-12,2018-03-15,2020-05-30
1089748,,,HUNTSMAN INTERNATIONAL LLC,unresolved,20,2018-02-23,2022-11-04,2018-02-23,2023-05-23
1089819,,,Cleco Corporate Holdings LLC,unresolved,20,2018-02-21,2022-11-07,2018-02-21,2023-05-26
1090061,,,OMNOVA SOLUTIONS INC,unresolved,10,2018-02-02,2020-03-30,2018-02-02,2020-10-16
1090908,,,"DETERMINE, INC.",unresolved,5,2018-02-09,2019-02-19,2018-02-09,2019-09-07
1091748,,,"Argo Group International Holdings, Inc.",unresolved,20,2018-02-27,2022-11-09,2018-02-27,2023-05-28
1091883,,,CIRCOR INTERNATIONAL INC,unresolved,20,2018-03-01,2022-11-14,2018-03-01,2023-06-02
1091907,,,"WORLD WRESTLING ENTERTAINMENT, LLC",unresolved,20,2018-02-08,2022-11-02,2018-02-08,2023-05-21
1091983,,,FOREVERGREEN WORLDWIDE CORP,unresolved,5,2018-04-18,2020-03-04,2018-04-18,2020-09-20
1092289,,,TRANSATLANTIC PETROLEUM LTD.,unresolved,12,2018-03-21,2020-11-19,2018-03-21,2021-06-07
1092570,,,FULLNET COMMUNICATIONS INC,unresolved,20,2018-04-02,2022-11-10,2018-04-02,2023-05-29
1092662,,,"CHEMBIO DIAGNOSTICS, INC.",unresolved,20,2018-03-08,2022-11-03,2018-03-08,2023-05-22
1093082,,,HUTTIG BUILDING PRODUCTS INC,unresolved,18,2018-03-07,2022-08-05,2018-03-07,2023-02-21
1093636,,,"Saxon Capital Group, Inc./DE",unresolved,5,2021-11-15,2022-10-28,2021-11-15,2023-05-16
1094093,,,PROGRESS ENERGY INC,unresolved,20,2018-02-21,2022-11-04,2018-02-21,2023-05-23
1094392,,,RUDOLPH TECHNOLOGIES INC,unresolved,8,2018-02-16,2019-11-07,2018-02-16,2020-05-25
1094739,,,FINISAR CORP,unresolved,7,2018-03-08,2019-09-04,2018-03-08,2020-03-22
1094810,,,MUTUALFIRST FINANCIAL INC,unresolved,9,2018-03-15,2020-03-12,2018-03-15,2020-09-28
1095130,,,"IOTACOMM, INC.",unresolved,10,2018-01-16,2021-04-30,2018-01-16,2021-11-16
1095315,,,PFSWEB INC,unresolved,20,2018-03-16,2022-11-09,2018-03-16,2023-05-28
1095996,,,WILLIAM LYON HOMES,unresolved,8,2018-02-22,2019-11-08,2018-02-22,2020-05-26
1096376,,,NUTRI SYSTEM INC /DE/,unresolved,5,2018-02-28,2019-02-26,2018-02-28,2019-09-14
1096934,,,"ENTERPRISE DIVERSIFIED, INC.",unresolved,15,2018-03-30,2022-05-13,2018-03-30,2022-11-29
1096950,,,"ADVANCED CONTAINER TECHNOLOGIES, INC.",unresolved,20,2018-04-02,2022-11-14,2018-04-02,2023-06-02
1097396,,,CERES TACTICAL GLOBAL L.P.,unresolved,8,2018-05-10,2020-11-12,2018-05-10,2021-05-31
1098296,,,MIDAMERICAN FUNDING LLC,unresolved,20,2018-02-26,2022-11-07,2018-02-26,2023-05-26
1098880,,,IntelGenx Technologies Corp.,unresolved,20,2018-03-29,2022-11-10,2018-03-29,2023-05-29
1098996,,,ORANCO INC,unresolved,10,2018-09-28,2022-01-04,2018-09-28,2022-07-23
1099941,,,"MVC CAPITAL, INC.",unresolved,12,2018-01-16,2020-09-09,2018-01-16,2021-03-28
110019,,,NORTHWEST PIPELINE LLC,unresolved,11,2018-02-22,2022-02-28,2018-02-22,2022-09-16
1100397,,,"Ayala Pharmaceuticals, Inc.",unresolved,17,2018-03-12,2022-09-13,2018-03-12,2023-04-01
1100412,,,ARRAY BIOPHARMA INC,unresolved,6,2018-02-06,2019-05-07,2018-02-06,2019-11-23
1100441,,,"RTI SURGICAL, INC.",unresolved,5,2018-03-02,2019-03-05,2018-03-02,2019-09-21
1100778,,,Rokk3r Inc.,unresolved,8,2018-01-12,2019-11-19,2018-01-12,2020-06-06
1101396,,,"DELTA APPAREL, INC",unresolved,20,2018-02-05,2022-11-21,2018-02-05,2023-06-09
1101680,,,DZS INC.,unresolved,20,2018-04-04,2022-11-01,2018-04-04,2023-05-20
1102112,,,PACWEST BANCORP,unresolved,20,2018-03-01,2022-11-08,2018-03-01,2023-05-27
1102266,,,CenterState Bank Corp,unresolved,10,2018-02-28,2020-04-30,2018-02-28,2020-11-16
1102392,,,"Royal Energy Resources, Inc.",unresolved,8,2018-04-17,2019-11-13,2018-04-17,2020-05-31
1102432,,,"VIKING ENERGY GROUP, INC.",unresolved,20,2018-04-17,2022-11-14,2018-04-17,2023-06-02
1102934,,,"CMC Materials, Inc.",unresolved,18,2018-02-07,2022-05-05,2018-02-07,2022-11-21
1103021,,,BIODELIVERY SCIENCES INTERNATIONAL INC,unresolved,17,2018-03-15,2022-03-09,2018-03-15,2022-09-25
1103090,,,"REFLECT SCIENTIFIC, INC.",unresolved,15,2018-04-02,2022-11-09,2018-04-02,2023-05-28
1103640,,,"OMPHALOS, CORP",unresolved,11,2018-03-29,2020-08-13,2018-03-29,2021-03-01
1104280,,,SANGUI BIOTECH INTERNATIONAL INC,unresolved,19,2018-02-13,2022-11-10,2018-02-13,2023-05-29
1104855,,,"Support.com, Inc.",unresolved,15,2018-03-22,2021-08-13,2018-03-22,2022-03-01
1106838,,,"Sonnet BioTherapeutics Holdings, Inc.",unresolved,14,2018-03-30,2022-12-15,2018-03-30,2023-07-03
1108236,,,AMERICAN RIVER BANKSHARES,unresolved,14,2018-02-28,2021-05-06,2018-02-28,2021-11-22
1108320,,,SMTC CORP,unresolved,13,2018-03-08,2021-03-17,2018-03-08,2021-10-03
1108630,,,Live Current Media Inc.,unresolved,16,2018-08-14,2022-11-21,2018-08-14,2023-06-09
1108645,,,Correlate Energy Corp.,unresolved,13,2018-03-30,2022-11-10,2018-03-30,2023-05-29
1108827,,,"QEP RESOURCES, INC.",unresolved,13,2018-02-28,2021-02-24,2018-02-28,2021-09-12
1108967,,,"Orbital Infrastructure Group, Inc.",unresolved,20,2018-03-14,2022-11-14,2018-03-14,2023-06-02
1109189,,,"BASIC ENERGY SERVICES, INC.",unresolved,14,2018-02-28,2021-05-17,2018-02-28,2021-12-03
1109448,,,ALLIANCEBERNSTEIN L.P.,unresolved,20,2018-02-13,2022-10-28,2018-02-13,2023-05-16
1109486,,,Endexx Corp,unresolved,6,2021-05-24,2022-08-15,2021-05-24,2023-03-03
1109546,,,PACIFIC MERCANTILE BANCORP,unresolved,9,2018-03-02,2021-08-13,2018-03-02,2022-03-01
1110805,,,NuStar Energy L.P.,unresolved,20,2018-02-28,2022-11-08,2018-02-28,2023-05-27
1112920,,,GLOBALSCAPE INC,unresolved,13,2018-06-14,2020-08-10,2018-06-14,2021-02-26
1113148,,,"INFINITY PHARMACEUTICALS, INC.",unresolved,20,2018-03-15,2022-11-14,2018-03-15,2023-06-02
1113256,,,"MERITOR, INC.",unresolved,19,2018-02-01,2022-08-02,2018-02-01,2023-02-18
1113481,,,MEDICINES CO /DE,unresolved,8,2018-03-01,2019-10-30,2018-03-01,2020-05-17
1113513,,,"MobileSmith, Inc.",unresolved,19,2018-03-29,2022-08-12,2018-03-29,2023-02-28
1115055,,,PINNACLE FINANCIAL PARTNERS INC,unresolved,20,2018-02-28,2022-11-04,2018-02-28,2023-05-23
1115128,,,Quotient Technology Inc.,unresolved,20,2018-02-16,2022-11-09,2018-02-16,2023-05-28
1115836,,,Belmond Ltd.,unresolved,5,2018-03-01,2019-02-28,2018-03-01,2019-09-16
1117480,,,CHIMERIX INC,unresolved,20,2018-03-01,2022-11-03,2018-03-01,2023-05-22
1118004,,,BANCPLUS CORP,unresolved,11,2020-05-11,2022-11-10,2020-05-11,2023-05-29
1118237,,,MBT FINANCIAL CORP,unresolved,7,2018-03-09,2019-08-09,2018-03-09,2020-02-25
1118417,,,"MODEL N, INC.",unresolved,20,2018-02-07,2022-11-18,2018-02-07,2023-06-06
1119897,,,PCT LTD,unresolved,20,2018-04-17,2022-11-14,2018-04-17,2023-06-02
11199,,,"Amcor Flexibles North America, Inc.",unresolved,6,2018-02-23,2019-04-26,2018-02-23,2019-11-12
1121142,,,Maxar Technologies Inc.,unresolved,16,2019-03-01,2022-11-03,2019-03-01,2023-05-22
1121702,,,"YIELD10 BIOSCIENCE, INC.",unresolved,11,2018-03-12,2022-11-14,2018-03-12,2023-06-02
1122063,,,"FTE Networks, Inc.",unresolved,6,2018-04-18,2020-11-05,2018-04-18,2021-05-24
1122388,,,ELLIE MAE INC,unresolved,5,2018-03-01,2019-03-01,2018-03-01,2019-09-17
1123852,,,NORTHERN STATES POWER CO,unresolved,20,2018-02-26,2022-10-27,2018-02-26,2023-05-15
1124610,,,VMWARE LLC,unresolved,20,2018-03-29,2022-12-02,2018-03-29,2023-06-20
1124804,,,Veradigm Inc.,unresolved,20,2018-02-26,2022-11-07,2018-02-26,2023-05-26
1124941,,,"QXO BUILDING PRODUCTS, INC.",unresolved,19,2018-02-09,2022-11-04,2018-02-09,2023-05-23
1125264,,,ATEL CAPITAL EQUIPMENT FUND IX LLC,unresolved,7,2018-03-27,2019-08-14,2018-03-27,2020-03-01
1125699,,,DAIS Corp,unresolved,20,2018-04-02,2022-11-21,2018-04-02,2023-06-09
1125920,,,SHUTTERFLY INC,unresolved,7,2018-02-20,2019-08-07,2018-02-20,2020-02-23
1126234,,,"LUMOS PHARMA, INC.",unresolved,20,2018-03-05,2022-11-14,2018-03-05,2023-06-02
1126961,,,GRANDSOUTH BANCORPORATION,unresolved,7,2021-05-17,2022-11-14,2021-05-17,2023-06-02
1126975,,,"Magellan Midstream Partners, L.P.",unresolved,20,2018-02-16,2022-10-27,2018-02-16,2023-05-15
1127703,,,PROASSURANCE CORP,unresolved,20,2018-02-21,2022-11-08,2018-02-21,2023-05-27
1127993,,,"GALAXY NEXT GENERATION, INC.",unresolved,18,2018-04-17,2022-11-14,2018-04-17,2023-06-02
1128353,,,ENERTECK CORP,unresolved,20,2018-04-17,2022-11-14,2018-04-17,2023-06-02
1129096,,,INFITECH VENTURES INC,unresolved,8,2018-03-19,2020-06-15,2018-03-19,2021-01-01
1129260,,,"VOCERA COMMUNICATIONS, INC.",unresolved,17,2018-03-05,2022-02-22,2018-03-05,2022-09-10
1130758,,,AEI INCOME & GROWTH FUND 24 LLC,unresolved,12,2019-05-14,2022-03-31,2019-05-14,2022-10-17
1131227,,,Hercules Sub LLC,unresolved,10,2018-02-28,2020-07-29,2018-02-28,2021-02-14
1131324,,,GENOMIC HEALTH INC,unresolved,8,2018-03-14,2019-10-30,2018-03-14,2020-05-17
1131554,,,SYNCHRONOSS TECHNOLOGIES INC,unresolved,23,2018-07-02,2022-11-08,2018-07-02,2023-05-27
1133470,,,CALAVO GROWERS INC,unresolved,20,2018-03-09,2022-12-20,2018-03-09,2023-07-08
1135185,,,ATLAS AIR WORLDWIDE HOLDINGS INC,unresolved,20,2018-02-22,2022-11-03,2018-02-22,2023-05-22
1135657,,,"Eco-Stim Energy Solutions, Inc.",unresolved,5,2018-03-19,2019-05-10,2018-03-19,2019-11-26
1135971,,,PEPCO HOLDINGS LLC,unresolved,20,2018-02-09,2022-11-03,2018-02-09,2023-05-22
1136174,,,"Ontrak, Inc.",unresolved,20,2018-03-07,2022-11-21,2018-03-07,2023-06-09
1136294,,,"NOS4-1, Inc.",unresolved,21,2018-01-31,2022-11-14,2018-01-31,2023-06-02
1136352,,,Crestwood Equity Partners LP,unresolved,20,2018-02-26,2022-11-03,2018-02-26,2023-05-22
1137547,,,UNITED SECURITY BANCSHARES,unresolved,20,2018-03-02,2022-11-07,2018-03-02,2023-05-26
1138639,,,Infinera Corp,unresolved,20,2018-02-28,2022-11-02,2018-02-28,2023-05-21
1138724,,,"Global Arena Holding, Inc.",unresolved,20,2018-05-04,2022-11-21,2018-05-04,2023-06-09
1138776,,,"Aevi Genomic Medicine, LLC",unresolved,5,2018-03-13,2019-08-13,2018-03-13,2020-02-29
1138978,,,"Novo Integrated Sciences, Inc.",unresolved,19,2018-01-12,2022-07-14,2018-01-12,2023-01-30
1139812,,,MB FINANCIAL INC /MD,unresolved,5,2018-02-26,2019-03-01,2018-02-26,2019-09-17
1141788,,,HEALTH DISCOVERY CORP,unresolved,6,2020-05-12,2021-11-15,2020-05-12,2022-06-03
1141807,,,1ST CONSTITUTION BANCORP,unresolved,16,2018-03-19,2021-11-09,2018-03-19,2022-05-28
1142412,,,MISSION BROADCASTING INC,unresolved,9,2018-03-23,2020-03-30,2018-03-23,2020-10-16
1142596,,,NUVASIVE INC,unresolved,20,2018-02-26,2022-11-09,2018-02-26,2023-05-28
1142790,,,"TAURIGA SCIENCES, INC.",unresolved,15,2018-02-12,2022-02-16,2018-02-12,2022-09-04
1143238,,,Triton Emission Solutions Inc.,unresolved,10,2018-04-02,2020-05-11,2018-04-02,2020-11-27
1144169,,,"ECO INNOVATION GROUP, INC.",unresolved,7,2021-04-15,2022-08-22,2021-04-15,2023-03-10
1144519,,,BUNGELTD,unresolved,20,2018-02-23,2022-10-26,2018-02-23,2023-05-14
1144546,,,"HFactor, Inc.",unresolved,16,2019-04-15,2022-11-21,2019-04-15,2023-06-09
1145057,,,"FORESCOUT TECHNOLOGIES, INC",unresolved,11,2018-02-22,2020-08-05,2018-02-22,2021-02-21
1145765,,,GLOBAL MACRO TRUST,unresolved,15,2018-03-29,2022-11-14,2018-03-29,2023-06-02
1156174,,,LAKE AREA CORN PROCESSORS LLC,unresolved,20,2018-03-02,2022-11-14,2018-03-02,2023-06-02
1156388,,,BIG 5 SPORTING GOODS Corp,unresolved,20,2018-02-28,2022-11-02,2018-02-28,2023-05-21
1156445,,,WNC HOUSING TAX CREDIT FUND VI LP SERIES 9,unresolved,6,2018-02-14,2019-06-26,2018-02-14,2020-01-12
1157762,,,CHINA AUTOMOTIVE SYSTEMS INC/2,unresolved,20,2018-03-29,2022-11-14,2018-03-29,2023-06-02
1157806,,,ENCANA CORP,unresolved,8,2018-02-26,2019-11-04,2018-02-26,2020-05-22
1157817,,,"SITO MOBILE, LTD.",unresolved,8,2018-04-02,2020-02-11,2018-04-02,2020-08-29
1158420,,,Green Giant Inc.,unresolved,20,2018-01-03,2022-08-15,2018-01-03,2023-03-03
1158659,,,PSEG POWER LLC,unresolved,16,2018-02-26,2021-11-02,2018-02-26,2022-05-21
1158863,,,"WAGEWORKS, INC.",unresolved,7,2019-03-18,2019-08-08,2019-03-18,2020-02-24
1159167,,,IROBOT CORP,unresolved,20,2018-02-16,2022-11-10,2018-02-16,2023-05-29
1159275,,,KIWA BIO-TECH PRODUCTS GROUP CORP,unresolved,9,2018-03-30,2020-05-29,2018-03-30,2020-12-15
1159281,,,AlerisLife Inc.,unresolved,20,2018-03-21,2022-11-02,2018-03-21,2023-05-21
1160661,,,SOUTHERN POWER CO,unresolved,20,2018-02-21,2022-10-27,2018-02-21,2023-05-15
1160951,,,"DUCK CREEK TECHNOLOGIES, INC.",unresolved,9,2020-11-03,2022-10-28,2020-11-03,2023-05-16
1160958,,,INPHI Corp,unresolved,13,2018-02-28,2021-02-25,2018-02-28,2021-09-13
1161154,,,"Energy Transfer Operating, L.P.",unresolved,11,2018-02-23,2021-02-19,2018-02-23,2021-09-07
1161364,,,MEDIACOM BROADBAND LLC,unresolved,8,2018-03-02,2019-11-06,2018-03-02,2020-05-24
1161366,,,MEDIACOM BROADBAND CORP,unresolved,8,2018-03-02,2019-11-06,2018-03-02,2020-05-24
1161582,,,"GROWLIFE, INC.",unresolved,20,2018-03-28,2022-11-21,2018-03-28,2023-06-09
1162112,,,"RigNet, Inc.",unresolved,13,2018-03-06,2021-03-15,2018-03-06,2021-10-01
1162283,,,MORGAN GROUP HOLDING CO,unresolved,12,2020-04-02,2022-11-14,2020-04-02,2023-06-02
1162461,,,CUTERA INC,unresolved,20,2018-03-26,2022-11-09,2018-03-26,2023-05-28
1162556,,,DOVER DOWNS GAMING & ENTERTAINMENT INC,unresolved,5,2018-03-01,2019-03-21,2018-03-01,2019-10-07
1163302,,,UNITED STATES STEEL CORP,unresolved,20,2018-02-21,2022-10-28,2018-02-21,2023-05-16
1164256,,,"DAYBREAK OIL & GAS, INC.",unresolved,20,2018-01-12,2022-10-28,2018-01-12,2023-05-16
1164888,,,"Kyto Technology & Life Science, Inc.",unresolved,5,2019-07-31,2022-02-22,2019-07-31,2022-09-10
1165639,,,EARTH LIFE SCIENCES INC,unresolved,6,2020-03-17,2022-04-15,2020-03-17,2022-11-01
1166126,,,"Old COPPER Company, Inc.",unresolved,12,2018-03-19,2020-12-10,2018-03-19,2021-06-28
1166388,,,VERINT SYSTEMS INC,unresolved,20,2018-03-29,2022-12-07,2018-03-29,2023-06-25
1167609,,,BRIGHTHOUSE LIFE INSURANCE Co OF NY,unresolved,19,2018-03-23,2022-08-09,2018-03-23,2023-02-25
1168054,,,CIMAREX ENERGY CO,unresolved,15,2018-02-23,2021-08-06,2018-02-23,2022-02-22
1168081,,,Desert Hawk Gold Corp.,unresolved,14,2018-08-28,2022-11-14,2018-08-28,2023-06-02
1168165,,,CONSTELLATION ENERGY GENERATION LLC,unresolved,20,2018-02-09,2022-11-08,2018-02-09,2023-05-27
1169055,,,Noble Finance Co,unresolved,20,2018-02-23,2022-11-03,2018-02-23,2023-05-22
1169245,,,PhaseBio Pharmaceuticals Inc,unresolved,15,2019-03-26,2022-08-12,2019-03-26,2023-02-28
1169445,,,"TruBridge, Inc.",unresolved,20,2018-03-14,2022-11-07,2018-03-14,2023-05-26
1169652,,,CHANNELADVISOR CORP,unresolved,20,2018-02-13,2022-11-07,2018-02-13,2023-05-26
1169987,,,"HTG MOLECULAR DIAGNOSTICS, INC",unresolved,20,2018-03-23,2022-11-10,2018-03-23,2023-05-29
1169988,,,"BOINGO WIRELESS, INC.",unresolved,13,2018-03-12,2021-05-10,2018-03-12,2021-11-26
1171662,,,TRIPLE-S MANAGEMENT CORP,unresolved,16,2018-03-07,2021-11-04,2018-03-07,2022-05-23
1171825,,,CIT GROUP INC,unresolved,16,2018-02-23,2021-11-05,2018-02-23,2022-05-24
1172222,,,HAWAIIAN HOLDINGS INC,unresolved,20,2018-02-13,2022-10-31,2018-02-13,2023-05-19
1172631,,,"Sunworks, Inc.",unresolved,20,2018-03-28,2022-11-08,2018-03-28,2023-05-27
1172706,,,"UNIROYAL GLOBAL ENGINEERED PRODUCTS, INC.",unresolved,18,2018-03-19,2022-05-13,2018-03-19,2022-11-29
1173281,,,"NeuBase Therapeutics, Inc.",unresolved,9,2018-02-14,2022-12-21,2018-02-14,2023-07-09
1173431,,,TD AMERITRADE HOLDING CORP,unresolved,11,2018-02-08,2020-08-06,2018-02-08,2021-02-22
1175483,,,Drive Shack Inc.,unresolved,20,2018-03-14,2022-11-21,2018-03-14,2023-06-09
1175505,,,"FIVE PRIME THERAPEUTICS, INC.",unresolved,13,2018-02-27,2021-03-22,2018-02-27,2021-10-08
1176373,,,TIER REIT INC,unresolved,6,2018-02-12,2019-05-09,2018-02-12,2019-11-25
1178377,,,EMARINE GLOBAL INC.,unresolved,9,2018-04-17,2020-05-14,2018-04-17,2020-11-30
1178711,,,"Paratek Pharmaceuticals, Inc.",unresolved,20,2018-03-06,2022-11-03,2018-03-06,2023-05-22
1178727,,,COMSovereign Holding Corp.,unresolved,18,2018-03-23,2022-12-15,2018-03-23,2023-07-03
1178879,,,"AMICUS THERAPEUTICS, INC.",unresolved,20,2018-03-01,2022-11-07,2018-03-01,2023-05-26
1179060,,,"EnLink Midstream Partners, LP",unresolved,12,2018-02-21,2020-11-05,2018-02-21,2021-05-24
1180145,,,Cardiovascular Systems Inc,unresolved,20,2018-02-09,2022-11-03,2018-02-09,2023-05-22
1181749,,,"Granite Falls Energy, LLC",unresolved,20,2018-01-30,2022-09-14,2018-01-30,2023-04-02
1182737,,,DAKOTA TERRITORY RESOURCE CORP,unresolved,5,2019-02-14,2021-02-11,2019-02-14,2021-08-30
1183082,,,GENESIS FINANCIAL INC,unresolved,5,2018-02-14,2020-08-13,2018-02-14,2021-03-01
1183765,,,"Molecular Templates, Inc.",unresolved,20,2018-03-30,2022-11-10,2018-03-30,2023-05-29
1185198,,,AEI INCOME & GROWTH FUND 25 LLC,unresolved,15,2019-03-29,2022-11-14,2019-03-29,2023-06-02
1186258,,,ATEL CAPITAL EQUIPMENT FUND X LLC,unresolved,14,2018-03-27,2021-11-15,2018-03-27,2022-06-03
1193311,,,ONCOR ELECTRIC DELIVERY CO LLC,unresolved,20,2018-02-23,2022-11-03,2018-02-23,2023-05-22
1195734,,,POTBELLY CORP,unresolved,20,2018-02-28,2022-11-03,2018-02-28,2023-05-22
1196298,,,,unresolved,20,2018-02-26,2022-11-15,2018-02-26,2023-06-03
1196501,,,,unresolved,13,2018-02-27,2021-02-26,2018-02-27,2021-09-14
1198415,,,,unresolved,5,2018-04-02,2022-03-31,2018-04-02,2022-10-17
1200375,,,,unresolved,20,2018-03-15,2022-11-04,2018-03-15,2023-05-23
1201792,,,,unresolved,20,2018-02-27,2022-11-08,2018-02-27,2023-05-27
12040,,,,unresolved,19,2018-02-13,2022-08-16,2018-02-13,2023-03-04
1205181,,,,unresolved,20,2018-04-18,2022-11-18,2018-04-18,2023-06-06
1205922,,,,unresolved,10,2018-08-14,2022-03-31,2018-08-14,2022-10-17
1206264,,,,unresolved,20,2018-03-01,2022-11-09,2018-03-01,2023-05-28
1206942,,,,unresolved,16,2018-03-15,2021-12-30,2018-03-15,2022-07-18
1207074,,,,unresolved,13,2018-02-08,2021-02-09,2018-02-08,2021-08-28
1209028,,,,unresolved,14,2018-02-16,2022-08-15,2018-02-16,2023-03-03
1209709,,,,unresolved,14,2018-03-28,2022-11-10,2018-03-28,2023-05-29
1210677,,,,unresolved,6,2021-08-12,2022-11-08,2021-08-12,2023-05-27
1210708,,,,unresolved,20,2018-03-01,2022-11-10,2018-03-01,2023-05-29
1211351,,,,unresolved,9,2018-04-17,2020-06-09,2018-04-17,2020-12-26
1211583,,,,unresolved,10,2018-03-28,2022-11-14,2018-03-28,2023-06-02
1211805,,,,unresolved,16,2018-03-21,2022-11-14,2018-03-21,2023-06-02
1212458,,,,unresolved,15,2018-02-23,2021-07-30,2018-02-23,2022-02-15
1212545,,,,unresolved,20,2018-02-26,2022-11-01,2018-02-26,2023-05-20
1213037,,,,unresolved,20,2018-02-26,2022-11-03,2018-02-26,2023-05-22
1213660,,,,unresolved,19,2018-03-30,2022-11-21,2018-03-30,2023-06-09
1213809,,,,unresolved,16,2019-03-27,2022-11-10,2019-03-27,2023-05-29
1214816,,,,unresolved,19,2018-02-28,2022-10-26,2018-02-28,2023-05-14
1216752,,,,unresolved,6,2018-05-14,2019-08-13,2018-05-14,2020-02-29
1217234,,,,unresolved,20,2018-03-22,2022-11-03,2018-03-22,2023-05-22
1218683,,,,unresolved,20,2018-03-29,2022-11-14,2018-03-29,2023-06-02
1219601,,,,unresolved,20,2018-02-26,2022-11-01,2018-02-26,2023-05-20
1220754,,,,unresolved,20,2018-03-09,2022-11-08,2018-03-09,2023-05-27
12208,,,,unresolved,20,2018-04-16,2022-10-28,2018-04-16,2023-05-16
1222840,,,,unresolved,11,2018-02-14,2021-08-04,2018-02-14,2022-02-20
1223389,,,,unresolved,20,2018-04-05,2022-12-06,2018-04-05,2023-06-24
1223533,,,,unresolved,8,2018-05-09,2019-11-14,2018-05-09,2020-06-01
12239,,,,unresolved,9,2018-03-30,2022-03-28,2018-03-30,2022-10-14
1224133,,,,unresolved,20,2018-03-14,2022-11-04,2018-03-14,2023-05-23
1224608,,,,unresolved,20,2018-02-23,2022-11-04,2018-02-23,2023-05-23
1225307,,,,unresolved,11,2018-03-01,2020-10-28,2018-03-01,2021-05-16
1226616,,,,unresolved,5,2018-02-13,2022-02-16,2018-02-13,2022-09-04
1227025,,,,unresolved,19,2018-03-09,2022-07-26,2018-03-09,2023-02-11
1227265,,,,unresolved,14,2018-03-28,2022-11-10,2018-03-28,2023-05-29
1227500,,,,unresolved,20,2018-03-16,2022-11-08,2018-03-16,2023-05-27
1227636,,,,unresolved,18,2018-08-14,2022-11-08,2018-08-14,2023-05-27
1227654,,,,unresolved,14,2018-02-27,2022-12-14,2018-02-27,2023-07-02
1228454,,,,unresolved,20,2018-03-06,2022-11-03,2018-03-06,2023-05-22
1228627,,,,unresolved,10,2018-03-09,2022-11-04,2018-03-09,2023-05-23
1230058,,,,unresolved,17,2018-03-29,2022-11-14,2018-03-29,2023-06-02
1230245,,,,unresolved,20,2018-02-26,2022-11-01,2018-02-26,2023-05-20
1230524,,,,unresolved,5,2021-06-14,2022-12-14,2021-06-14,2023-07-02
1232524,,,,unresolved,20,2018-02-27,2022-11-09,2018-02-27,2023-05-28
1232582,,,,unresolved,20,2018-03-14,2022-11-07,2018-03-14,2023-05-26
1234006,,,,unresolved,20,2018-02-14,2022-11-07,2018-02-14,2023-05-26
1235010,,,,unresolved,11,2018-02-26,2020-08-10,2018-02-26,2021-02-26
1236997,,,COUNTERPATH CORP,unresolved,12,2018-03-13,2020-12-14,2018-03-13,2021-07-02
1237746,,,"Endurance International Group Holdings, Inc.",unresolved,12,2018-02-22,2020-11-09,2018-02-22,2021-05-28
1239188,,,GENERAL STEEL HOLDINGS INC,unresolved,11,2018-12-04,2019-08-14,2018-12-04,2020-03-01
1239819,,,LUNA INNOVATIONS INC,unresolved,20,2018-03-21,2022-11-10,2018-03-21,2023-05-29
12400,,,BLACK HILLS POWER INC,unresolved,12,2018-02-27,2020-11-03,2018-02-27,2021-05-22
1245791,,,"GI DYNAMICS, INC.",unresolved,13,2018-03-28,2021-03-12,2018-03-28,2021-09-28
1251769,,,"Apollo Endosurgery, Inc.",unresolved,20,2018-03-01,2022-11-01,2018-03-01,2023-05-20
1252849,,,"COLUMBIA PROPERTY TRUST, INC.",unresolved,16,2018-02-15,2021-10-27,2018-02-15,2022-05-15
1253176,,,VAPOTHERM INC,unresolved,16,2019-03-22,2022-11-02,2019-03-22,2023-05-21
1253317,,,OLD LINE BANCSHARES INC,unresolved,8,2018-03-09,2019-11-08,2018-03-09,2020-05-26
1253347,,,COMMONWEALTH INCOME & GROWTH FUND V,unresolved,20,2018-04-02,2022-11-29,2018-04-02,2023-06-17
1255474,,,Whiting Holdings LLC,unresolved,18,2018-02-22,2022-05-04,2018-02-22,2022-11-20
1259515,,,CONTROL4 CORP,unresolved,6,2018-02-15,2019-05-10,2018-02-15,2019-11-26
1260968,,,MARLIN BUSINESS SERVICES CORP,unresolved,16,2018-03-09,2021-10-29,2018-03-09,2022-05-17
1260990,,,"Oncternal Therapeutics, Inc.",unresolved,15,2018-03-13,2022-03-10,2018-03-13,2022-09-26
1261249,,,AGILE THERAPEUTICS INC,unresolved,19,2018-03-12,2022-11-07,2018-03-12,2023-05-26
1263762,,,"SELECT BANCORP, INC.",unresolved,14,2018-03-16,2021-08-06,2018-03-16,2022-02-22
1263872,,,TRANSAKT LTD.,unresolved,7,2018-04-11,2019-08-14,2018-04-11,2020-03-01
1264587,,,STEMLINE THERAPEUTICS INC,unresolved,10,2018-03-16,2020-05-11,2018-03-16,2020-11-27
1265107,,,MONITRONICS INTERNATIONAL INC,unresolved,13,2018-03-07,2021-03-19,2018-03-07,2021-10-05
1265572,,,KONA GRILL INC,unresolved,5,2018-03-22,2019-04-16,2018-03-22,2019-11-02
1267425,,,BF Garden Tax Credit Fund V L.P.,unresolved,6,2018-02-13,2019-06-20,2018-02-13,2020-01-06
1267602,,,ALIMERA SCIENCES INC,unresolved,20,2018-03-02,2022-11-14,2018-03-02,2023-06-02
1267813,,,"MARINUS PHARMACEUTICALS, INC.",unresolved,19,2018-03-07,2022-11-07,2018-03-07,2023-05-26
1269021,,,PORTOLA PHARMACEUTICALS INC,unresolved,9,2018-03-01,2020-02-28,2018-03-01,2020-09-15
1270073,,,"INTERCEPT PHARMACEUTICALS, INC.",unresolved,20,2018-02-28,2022-11-01,2018-02-28,2023-05-20
1270200,,,VIASPACE Inc.,unresolved,6,2018-04-02,2019-06-10,2018-04-02,2019-12-27
1271214,,,"Intersect ENT, Inc.",unresolved,18,2018-02-28,2022-05-04,2018-02-28,2022-11-20
1271833,,,CCO HOLDINGS LLC,unresolved,20,2018-02-13,2022-10-28,2018-02-13,2023-05-16
1271834,,,CCO HOLDINGS CAPITAL CORP,unresolved,20,2018-02-13,2022-10-28,2018-02-13,2023-05-16
1272830,,,VONAGE HOLDINGS CORP,unresolved,18,2018-02-27,2022-05-05,2018-02-27,2022-11-21
1273636,,,APPLIED GENETIC TECHNOLOGIES CORP,unresolved,17,2018-02-09,2022-11-21,2018-02-09,2023-06-09
1273931,,,MONEYGRAM INTERNATIONAL INC,unresolved,20,2018-03-16,2022-11-08,2018-03-16,2023-05-27
1274032,,,"Simply, Inc.",unresolved,17,2018-03-08,2022-04-22,2018-03-08,2022-11-08
1274173,,,Janus Henderson Group Ltd.,unresolved,20,2018-02-27,2022-10-31,2018-02-27,2023-05-19
1274792,,,MERRIMACK PHARMACEUTICALS INC,unresolved,12,2018-03-12,2022-11-03,2018-03-12,2023-05-22
1277998,,,MANUFACTURED HOUSING PROPERTIES INC.,unresolved,19,2018-05-14,2022-11-14,2018-05-14,2023-06-02
1279363,,,"WELLCARE HEALTH PLANS, INC.",unresolved,8,2018-02-16,2019-10-30,2018-02-16,2020-05-17
1279695,,,UNIVERSAL BIOSENSORS INC,unresolved,20,2018-02-23,2022-10-27,2018-02-23,2023-05-15
1280600,,,ACCELERON PHARMA INC,unresolved,15,2018-02-27,2021-11-04,2018-02-27,2022-05-23
1281774,,,TOWN SPORTS INTERNATIONAL HOLDINGS INC,unresolved,10,2018-02-28,2020-09-04,2018-02-28,2021-03-23
1281845,,,"Unique Logistics International, Inc.",unresolved,6,2021-08-31,2022-10-12,2021-08-31,2023-04-30
1282266,,,"WINDSTREAM HOLDINGS, INC.",unresolved,11,2018-02-28,2020-07-30,2018-02-28,2021-02-15
1282723,,,MEWBOURNE ENERGY PARTNERS 05-A LP,unresolved,12,2018-04-02,2020-11-16,2018-04-02,2021-06-04
1282977,,,GREENHILL & CO INC,unresolved,20,2018-02-28,2022-11-08,2018-02-28,2023-05-27
1283140,,,HOLLY ENERGY PARTNERS LP,unresolved,20,2018-02-21,2022-11-07,2018-02-21,2023-05-26
1283630,,,AMERICAN CAMPUS COMMUNITIES INC,unresolved,18,2018-03-01,2022-05-05,2018-03-01,2022-11-21
1284450,,,"China Carbon Graphite Group, Inc.",unresolved,16,2018-04-02,2021-11-15,2018-04-02,2022-06-03
1285543,,,"Zerify, Inc.",unresolved,20,2018-03-30,2022-11-21,2018-03-30,2023-06-09
1286131,,,STONEMOR PARTNERS LP,unresolved,9,2018-01-25,2019-11-08,2018-01-25,2020-05-26
1286225,,,"RealPage, Inc.",unresolved,13,2018-03-01,2021-03-01,2018-03-01,2021-09-17
1286459,,,ALL FOR ONE MEDIA CORP.,unresolved,8,2018-01-16,2022-12-29,2018-01-16,2023-07-17
1286964,,,"Heron Lake BioEnergy, LLC",unresolved,16,2018-01-29,2021-09-14,2018-01-29,2022-04-02
1287808,,,"Hill International, Inc.",unresolved,22,2018-06-22,2022-11-14,2018-06-22,2023-06-02
1288359,,,OTELCO INC.,unresolved,13,2018-03-13,2021-03-16,2018-03-13,2021-10-02
1288750,,,Timberline Resources Corp,unresolved,11,2020-01-10,2022-12-29,2020-01-10,2023-07-17
1289237,,,"U. S. Premium Beef, LLC",unresolved,20,2018-03-14,2022-11-07,2018-03-14,2023-05-26
1289496,,,"CBA Florida, Inc.",unresolved,5,2018-04-02,2019-04-01,2018-04-02,2019-10-18
1289636,,,PROFIRE ENERGY INC,unresolved,20,2018-03-07,2022-11-02,2018-03-07,2023-05-21
1289790,,,Macquarie Infrastructure Corp,unresolved,15,2018-02-21,2021-08-03,2018-02-21,2022-02-19
1289850,,,"NeuroMetrix, Inc.",unresolved,20,2018-02-08,2022-10-20,2018-02-08,2023-05-08
1290149,,,"Sierra Oncology, Inc.",unresolved,5,2020-08-06,2022-05-06,2020-08-06,2022-11-22
1290476,,,Village Bank & Trust Financial Corp.,unresolved,18,2018-03-30,2022-11-10,2018-03-30,2023-05-29
1293282,,,TechTarget Holdings Inc.,unresolved,20,2018-03-13,2022-11-09,2018-03-13,2023-05-28
1293310,,,"HUMANIGEN, INC",unresolved,12,2018-03-27,2022-11-14,2018-03-27,2023-06-02
1293971,,,"bluebird bio, Inc.",unresolved,19,2018-02-21,2022-11-07,2018-02-21,2023-05-26
1295560,,,INTREorg SYSTEMS INC.,unresolved,11,2018-07-10,2018-10-09,2018-07-10,2019-04-27
1295961,,,QUANTUM ENERGY INC.,unresolved,13,2019-01-14,2022-10-07,2019-01-14,2023-04-25
1296205,,,ZAGG Inc,unresolved,12,2018-03-15,2020-11-09,2018-03-15,2021-05-28
1296435,,,Neenah Inc,unresolved,18,2018-02-23,2022-05-04,2018-02-23,2022-11-20
1296884,,,"Lightstone Value Plus REIT I, Inc.",unresolved,20,2018-03-12,2022-11-14,2018-03-12,2023-06-02
1297667,,,"ATEL Capital Equipment Fund XI, LLC",unresolved,6,2018-03-27,2019-05-13,2018-03-27,2019-11-29
1297704,,,OHA Investment Corp,unresolved,8,2018-03-26,2019-11-12,2018-03-26,2020-05-30
1299139,,,TearLab Corp,unresolved,10,2018-03-05,2020-06-26,2018-03-05,2021-01-12
1300485,,,"CubeSmart, L.P.",unresolved,20,2018-02-16,2022-10-28,2018-02-16,2023-05-16
1300524,,,AMERICAN INTERNATIONAL HOLDINGS CORP.,unresolved,12,2020-06-26,2022-11-16,2020-06-26,2023-06-04
1300699,,,"Athenex, Inc.",unresolved,20,2018-03-26,2022-11-03,2018-03-26,2023-05-22
1300734,,,"SHINECO, INC.",unresolved,20,2018-02-12,2022-11-14,2018-02-12,2023-06-02
1300938,,,"ABCO Energy, Inc.",unresolved,20,2018-04-17,2022-11-21,2018-04-17,2023-06-09
1301501,,,"Achaogen, Inc.",unresolved,5,2018-02-27,2019-04-01,2018-02-27,2019-10-18
1301838,,,"Premier Product Group, Inc.",unresolved,6,2019-02-25,2020-11-24,2019-02-25,2021-06-12
1301991,,,"SmartMetric, Inc.",unresolved,20,2018-02-09,2022-11-21,2018-02-09,2023-06-09
1302028,,,"Manitex International, Inc.",unresolved,21,2018-04-03,2022-11-03,2018-04-03,2023-05-22
1302350,,,JMP GROUP LLC,unresolved,16,2018-03-28,2021-11-12,2018-03-28,2022-05-31
1302573,,,OncoMed Pharmaceuticals Inc,unresolved,5,2018-03-09,2019-03-07,2018-03-09,2019-09-23
1302946,,,TWO RIVERS WATER & FARMING Co,unresolved,7,2018-04-09,2019-11-25,2018-04-09,2020-06-12
1303313,,,"LHC Group, Inc",unresolved,20,2018-03-01,2022-11-03,2018-03-01,2023-05-22
1303652,,,Tableau Software Inc,unresolved,7,2018-02-26,2019-07-31,2018-02-26,2020-02-16
1303942,,,BankFinancial CORP,unresolved,20,2018-02-23,2022-10-28,2018-02-23,2023-05-16
1304280,,,Novelis Inc.,unresolved,20,2018-02-01,2022-11-08,2018-02-01,2023-05-27
1304421,,,"Consolidated Communications Holdings, Inc.",unresolved,20,2018-03-01,2022-11-07,2018-03-01,2023-05-26
1304464,,,Crestwood Midstream Partners LP,unresolved,20,2018-02-26,2022-11-03,2018-02-26,2023-05-22
1304730,,,HQDA ELDERLY LIFE NETWORK CORP.,unresolved,14,2018-02-20,2022-07-19,2018-02-20,2023-02-04
1304741,,,Cannagistics Inc.,unresolved,20,2018-03-30,2022-08-04,2018-03-30,2023-02-20
1305168,,,"ARC DOCUMENT SOLUTIONS, INC.",unresolved,20,2018-03-05,2022-11-03,2018-03-05,2023-05-22
1305253,,,"Eiger BioPharmaceuticals, Inc.",unresolved,20,2018-03-09,2022-11-03,2018-03-09,2023-05-22
1305323,,,Zovio Inc,unresolved,20,2018-02-21,2022-11-21,2018-02-21,2023-06-09
1305773,,,Conformis Inc,unresolved,20,2018-03-09,2022-11-02,2018-03-09,2023-05-21
1306035,,,YUS INTERNATIONAL GROUP Ltd,unresolved,5,2019-04-09,2019-06-07,2019-04-09,2019-12-24
1308161,,,"TWENTY-FIRST CENTURY FOX, INC.",unresolved,5,2018-02-08,2019-02-06,2018-02-08,2019-08-25
1308569,,,MAJOR LEAGUE FOOTBALL INC,unresolved,21,2018-04-25,2022-12-20,2018-04-25,2023-07-08
1308606,,,"SPIRIT REALTY CAPITAL, INC.",unresolved,20,2018-02-23,2022-11-08,2018-02-23,2023-05-27
1309057,,,"China Health Industries Holdings, Inc.",unresolved,20,2018-02-09,2022-11-04,2018-02-09,2023-05-23
1309442,,,InsPro Technologies Corp,unresolved,8,2018-03-30,2019-11-12,2018-03-30,2020-05-30
1310114,,,"CONCENTRIX SREV, INC.",unresolved,17,2018-03-02,2022-02-23,2018-03-02,2022-09-11
1310383,,,"Summit Healthcare REIT, Inc",unresolved,20,2018-03-16,2022-11-14,2018-03-16,2023-06-02
1310527,,,TELIX QSAM INC.,unresolved,20,2018-04-09,2022-11-14,2018-04-09,2023-06-02
1311241,,,INTERMOLECULAR INC,unresolved,7,2018-03-02,2019-08-08,2018-03-02,2020-02-24
1311538,,,Castle Brands Inc,unresolved,7,2018-02-09,2019-08-09,2018-02-09,2020-02-25
1312109,,,Silvergate Capital Corp,unresolved,13,2019-12-04,2022-11-07,2019-12-04,2023-05-26
1313275,,,BRIGHTCOVE INC,unresolved,20,2018-02-28,2022-11-02,2018-02-28,2023-05-21
1314152,,,"JLL Income Property Trust, Inc.",unresolved,20,2018-03-08,2022-11-10,2018-03-08,2023-05-29
1314223,,,"Amber Road, Inc.",unresolved,6,2018-03-09,2019-05-10,2018-03-09,2019-11-26
1314772,,,"Summer Infant, Inc.",unresolved,18,2018-02-20,2022-05-16,2018-02-20,2022-12-02
1315061,,,Ridgewood Energy O Fund LLC,unresolved,20,2018-03-09,2022-11-07,2018-03-09,2023-05-26
1315255,,,"GTT Communications, Inc.",unresolved,10,2018-03-01,2020-05-08,2018-03-01,2020-11-24
1316016,,,AQUANTIA CORP,unresolved,7,2018-03-07,2019-08-08,2018-03-07,2020-02-24
1316517,,,"Kandi Technologies Group, Inc.",unresolved,20,2018-03-16,2022-11-08,2018-03-16,2023-05-27
1316644,,,"AeroGrow International, Inc.",unresolved,13,2018-02-13,2021-02-16,2018-02-13,2021-09-04
1316898,,,"JAMBA, INC.",unresolved,7,2018-02-12,2018-08-13,2018-02-12,2019-03-01
1316944,,,Federal Home Loan Bank of San Francisco,unresolved,20,2018-03-09,2022-11-04,2018-03-09,2023-05-23
1317630,,,ITC Holdings Corp.,unresolved,20,2018-02-15,2022-10-28,2018-02-15,2023-05-16
1317839,,,Umatrin Holding Ltd,unresolved,16,2018-05-11,2021-12-30,2018-05-11,2022-07-18
1318084,,,"Core-Mark Holding Company, LLC",unresolved,15,2018-03-01,2021-08-05,2018-03-01,2022-02-21
1318568,,,Everi Holdings Inc.,unresolved,20,2018-03-16,2022-11-08,2018-03-16,2023-05-27
1318641,,,"Statera Biopharma, Inc.",unresolved,20,2018-03-06,2022-11-14,2018-03-06,2023-06-02
1318742,,,NCL CORP Ltd.,unresolved,20,2018-02-27,2022-11-08,2018-02-27,2023-05-27
1319229,,,TransMontaigne Partners LLC,unresolved,20,2018-03-15,2022-11-10,2018-03-15,2023-05-29
1320414,,,SELECT MEDICAL HOLDINGS CORP,unresolved,20,2018-02-22,2022-11-03,2018-02-22,2023-05-22
1320695,,,"TreeHouse Foods, Inc.",unresolved,20,2018-02-20,2022-11-07,2018-02-20,2023-05-26
1321228,,,"WNC Housing Tax Credit Fund VI, L.P., Series 13",unresolved,11,2018-06-27,2020-11-10,2018-06-27,2021-05-29
1321646,,,Kraton Corp,unresolved,16,2018-02-21,2021-10-28,2018-02-21,2022-05-16
1321828,,,Data Call Technologies,unresolved,20,2018-03-08,2022-11-04,2018-03-08,2023-05-23
1322439,,,Eagle Bulk Shipping Inc.,unresolved,20,2018-03-12,2022-11-07,2018-03-12,2023-05-26
1322505,,,"ALBIREO PHARMA, INC.",unresolved,20,2018-03-27,2022-11-08,2018-03-27,2023-05-27
1323648,,,Community Bankers Trust Corp,unresolved,16,2018-03-15,2021-11-12,2018-03-15,2022-05-31
13239,,,HEXION INC.,unresolved,16,2018-03-02,2021-11-12,2018-03-02,2022-05-31
1324189,,,Orchids Paper Products CO /DE,unresolved,5,2018-03-16,2019-04-05,2018-03-16,2019-10-22
1324272,,,"Ruths Hospitality Group, Inc.",unresolved,20,2018-03-16,2022-11-04,2018-03-16,2023-05-23
1325676,,,Ceres Tactical Commodity L.P.,unresolved,18,2018-03-28,2022-11-10,2018-03-28,2023-05-29
1325740,,,"Advanced BioEnergy, LLC",unresolved,9,2018-02-05,2020-02-14,2018-02-05,2020-09-01
1325814,,,Federal Home Loan Bank of Des Moines,unresolved,20,2018-03-12,2022-11-10,2018-03-12,2023-05-29
1325878,,,Federal Home Loan Bank of Topeka,unresolved,20,2018-03-15,2022-11-10,2018-03-15,2023-05-29
1325879,,,"AVEO PHARMACEUTICALS, INC.",unresolved,20,2018-03-13,2022-11-07,2018-03-13,2023-05-26
1326003,,,BlackRock Capital Investment Corp,unresolved,16,2018-03-07,2022-11-03,2018-03-07,2023-05-22
1326089,,,Sundance Energy Inc.,unresolved,5,2020-05-15,2021-03-31,2020-05-15,2021-10-17
1326141,,,Lazard Group LLC,unresolved,20,2018-02-27,2022-10-31,2018-02-27,2023-05-19
1326321,,,AEI Income & Growth Fund 26 LLC,unresolved,14,2018-03-30,2022-03-31,2018-03-30,2022-10-17
1326428,,,"Pressburg, LLC",unresolved,8,2018-02-27,2019-11-06,2018-02-27,2020-05-24
1326771,,,Federal Home Loan Bank of Cincinnati,unresolved,20,2018-03-15,2022-11-10,2018-03-15,2023-05-29
1327318,,,"TrueCar, Inc.",unresolved,20,2018-03-01,2022-11-09,2018-03-01,2023-05-28
1328143,,,Adamas Pharmaceuticals Inc,unresolved,14,2018-02-22,2021-11-10,2018-02-22,2022-05-29
1329842,,,Federal Home Loan Bank of New York,unresolved,20,2018-03-22,2022-11-10,2018-03-22,2023-05-29
1330399,,,Federal Home Loan Bank of Pittsburgh,unresolved,20,2018-03-08,2022-11-08,2018-03-08,2023-05-27
1330436,,,Liquidia Technologies Inc,unresolved,10,2018-08-14,2020-11-06,2018-08-14,2021-05-25
1331451,,,Federal Home Loan Bank of Chicago,unresolved,19,2018-03-09,2022-11-08,2018-03-09,2023-05-27
1331463,,,Federal Home Loan Bank of Boston,unresolved,20,2018-03-16,2022-11-10,2018-03-16,2023-05-29
1331465,,,Federal Home Loan Bank of Atlanta,unresolved,20,2018-03-08,2022-11-04,2018-03-08,2023-05-23
1331754,,,Federal Home Loan Bank of Indianapolis,unresolved,20,2018-03-09,2022-11-10,2018-03-09,2023-05-29
1331757,,,Federal Home Loan Bank of Dallas,unresolved,20,2018-03-22,2022-11-10,2018-03-22,2023-05-29
1333835,,,Casa Systems Inc,unresolved,20,2018-03-07,2022-11-09,2018-03-07,2023-05-28
1334589,,,Plyzer Technologies Inc.,unresolved,5,2018-02-16,2020-04-06,2018-02-16,2020-10-23
1335112,,,"LOGIQ, INC.",unresolved,16,2018-05-15,2022-11-14,2018-05-15,2023-06-02
1336047,,,"Boardwalk Pipeline Partners, LP",unresolved,20,2018-02-15,2022-10-31,2018-02-15,2023-05-19
1337553,,,AERIE PHARMACEUTICALS INC,unresolved,20,2018-03-01,2022-11-04,2018-03-01,2023-05-23
1337619,,,"ENVESTNET, INC.",unresolved,20,2018-02-28,2022-11-09,2018-02-28,2023-05-28
1338065,,,"DCP Midstream, LP",unresolved,20,2018-02-26,2022-11-03,2018-02-26,2023-05-22
1338474,,,RIDGEWOOD ENERGY Q FUND LLC,unresolved,20,2018-03-09,2022-11-07,2018-03-09,2023-05-26
1338749,,,POTLATCHDELTIC CORP,unresolved,20,2018-02-16,2022-10-28,2018-02-16,2023-05-16
1339469,,,"CHIASMA, INC",unresolved,9,2018-03-20,2021-05-05,2018-03-20,2021-11-21
1339605,,,"H&E Equipment Services, Inc.",unresolved,20,2018-02-22,2022-10-27,2018-02-22,2023-05-15
1339947,,,Viacom Inc.,unresolved,8,2018-02-08,2019-11-14,2018-02-08,2020-06-01
1340122,,,"Calumet Specialty Products Partners, L.P.",unresolved,20,2018-04-02,2022-11-09,2018-04-02,2023-05-28
1340127,,,Carbonite Inc,unresolved,8,2018-03-12,2019-11-12,2018-03-12,2020-05-30
1340652,,,"ChemoCentryx, Inc.",unresolved,19,2018-03-12,2022-08-08,2018-03-12,2023-02-24
1341141,,,"CatchMark Timber Trust, Inc.",unresolved,19,2018-03-01,2022-08-04,2018-03-01,2023-02-20
1341318,,,"LAKE SHORE BANCORP, INC.",unresolved,20,2018-03-28,2022-11-14,2018-03-28,2023-06-02
1341726,,,"GULFSLOPE ENERGY, INC.",unresolved,5,2018-12-31,2022-12-29,2018-12-31,2023-07-17
1342287,,,General Finance CORP,unresolved,14,2018-02-06,2021-05-05,2018-02-06,2021-11-21
1343034,,,TWO RIVER BANCORP,unresolved,8,2018-03-15,2019-11-08,2018-03-15,2020-05-26
1343465,,,Sun Pacific Holding Corp.,unresolved,20,2018-04-02,2022-11-14,2018-04-02,2023-06-02
1345122,,,Compass Group Diversified Holdings LLC,unresolved,20,2018-02-28,2022-11-03,2018-02-28,2023-05-22
1346302,,,XERIS PHARMACEUTICALS INC,unresolved,13,2018-08-14,2021-08-05,2018-08-14,2022-02-21
1346655,,,"CMG HOLDINGS GROUP, INC.",unresolved,11,2020-05-15,2022-11-15,2020-05-15,2023-06-03
1346980,,,"Chaparral Energy, Inc.",unresolved,11,2018-03-29,2020-08-17,2018-03-29,2021-03-05
1347652,,,"CorEnergy Infrastructure Trust, Inc.",unresolved,20,2018-02-28,2022-11-10,2018-02-28,2023-05-29
1348036,,,"AVALARA, INC.",unresolved,17,2018-08-10,2022-08-09,2018-08-10,2023-02-25
1348911,,,"KalVista Pharmaceuticals, Inc.",unresolved,19,2018-03-16,2022-12-08,2018-03-16,2023-06-26
1349437,,,TOWERSTREAM CORP,unresolved,5,2018-04-02,2019-04-01,2018-04-02,2019-10-18
1349929,,,"Vyant Bio, Inc.",unresolved,20,2018-04-02,2022-11-14,2018-04-02,2023-06-02
1350073,,,"Iconic Brands, Inc.",unresolved,16,2019-04-16,2022-12-02,2019-04-16,2023-06-20
1350381,,,INNERWORKINGS INC,unresolved,11,2018-03-16,2020-08-06,2018-03-16,2021-02-22
1350420,,,"Lincolnway Energy, LLC",unresolved,18,2018-02-09,2022-05-19,2018-02-09,2022-12-05
1350421,,,HK EBUS Corp,unresolved,5,2018-01-16,2019-02-05,2018-01-16,2019-08-24
1351051,,,"Genesis Healthcare, Inc.",unresolved,13,2018-03-16,2021-03-16,2018-03-16,2021-10-02
1351285,,,ROSETTA STONE INC,unresolved,11,2018-03-07,2020-08-06,2018-03-07,2021-02-22
1351288,,,GW PHARMACEUTICALS PLC,unresolved,10,2018-11-29,2021-05-03,2018-11-29,2021-11-19
1351573,,,"Pure Harvest Corporate Group, Inc.",unresolved,8,2018-04-09,2019-11-27,2018-04-09,2020-06-14
1351901,,,Commonwealth Income & Growth Fund VI,unresolved,20,2018-04-02,2022-11-29,2018-04-02,2023-06-17
1352081,,,Cardinal Ethanol LLC,unresolved,20,2018-02-06,2022-12-01,2018-02-06,2023-06-19
1352190,,,RIDGEWOOD ENERGY S FUND LLC,unresolved,20,2018-03-09,2022-11-07,2018-03-09,2023-05-26
1353282,,,MANAGED FUTURES PREMIER WARRINGTON L.P.,unresolved,15,2018-03-27,2022-11-10,2018-03-27,2023-05-29
1353283,,,SPLUNK INC,unresolved,20,2018-03-30,2022-12-01,2018-03-30,2023-06-19
1353406,,,RedHawk Holdings Corp.,unresolved,14,2018-02-14,2021-05-24,2018-02-14,2021-12-10
1353487,,,"BBHC, INC.",unresolved,8,2018-04-16,2019-11-19,2018-04-16,2020-06-06
1353499,,,Max Sound Corp,unresolved,10,2018-08-14,2022-08-31,2018-08-14,2023-03-19
1353538,,,"Appgate, Inc.",unresolved,7,2018-06-28,2022-08-11,2018-06-28,2023-02-27
1353722,,,"Mewbourne Energy Partners 06-A, L.P.",unresolved,8,2018-04-02,2019-11-14,2018-04-02,2020-06-01
1353970,,,China XD Plastics Co Ltd,unresolved,13,2018-03-16,2021-11-15,2018-03-16,2022-06-03
1354327,,,"PGT Innovations, Inc.",unresolved,20,2018-03-14,2022-11-10,2018-03-14,2023-05-29
1354730,,,Invesco DB G10 Currency Harvest Fund,unresolved,5,2018-02-28,2021-11-05,2018-02-28,2022-05-24
1355001,,,Anywhere Real Estate Group LLC,unresolved,20,2018-02-27,2022-11-03,2018-02-27,2023-05-22
1355250,,,Innovation Pharmaceuticals Inc.,unresolved,13,2018-02-07,2022-09-28,2018-02-07,2023-04-16
1355677,,,Mexus Gold US,unresolved,20,2018-02-16,2022-11-21,2018-02-16,2023-06-09
1355754,,,INSTRUCTURE INC,unresolved,9,2018-02-15,2020-02-28,2018-02-15,2020-09-15
1356104,,,"Mellanox Technologies, Ltd.",unresolved,9,2018-02-16,2020-02-20,2018-02-16,2020-09-07
1356949,,,Houston Wire & Cable CO,unresolved,14,2018-03-16,2021-05-17,2018-03-16,2021-12-03
1357204,,,"DUNKIN' BRANDS GROUP, INC.",unresolved,12,2018-02-26,2020-11-05,2018-02-26,2021-05-24
13573,,,BOWL AMERICA INC,unresolved,14,2018-02-13,2021-05-11,2018-02-13,2021-11-27
1357369,,,American Campus Communities Operating Partnership LP,unresolved,13,2018-03-01,2021-02-26,2018-03-01,2021-09-14
1357878,,,"REGENEREX PHARMA, INC.",unresolved,8,2019-07-23,2022-06-28,2019-07-23,2023-01-14
1358071,,,CONCHO RESOURCES INC,unresolved,12,2018-02-21,2020-10-27,2018-02-21,2021-05-15
1358356,,,"LIMESTONE BANCORP, INC.",unresolved,20,2018-02-28,2022-10-28,2018-02-28,2023-05-16
1358403,,,"BELLICUM PHARMACEUTICALS, INC",unresolved,20,2018-03-13,2022-11-10,2018-03-13,2023-05-29
1358651,,,Neiman Marcus Group LTD LLC,unresolved,6,2018-03-09,2019-06-11,2018-03-09,2019-12-28
1358762,,,REATA PHARMACEUTICALS INC,unresolved,20,2018-03-02,2022-11-08,2018-03-02,2023-05-27
1359687,,,"SOUTH 8 ENERGY, LLC",unresolved,20,2018-02-14,2022-12-29,2018-02-14,2023-07-17
1359841,,,Hanesbrands Inc.,unresolved,20,2018-02-09,2022-11-09,2018-02-09,2023-05-28
1360530,,,"Vitamin Shoppe, Inc.",unresolved,8,2018-02-27,2019-11-06,2018-02-27,2020-05-24
1360886,,,"OSIRIS THERAPEUTICS, INC.",unresolved,5,2018-03-28,2019-03-15,2018-03-28,2019-10-01
1361025,,,DCP Holding CO,unresolved,6,2018-03-30,2019-05-13,2018-03-30,2019-11-29
1361937,,,Harvest Oil & Gas Corp.,unresolved,9,2018-04-02,2020-04-14,2018-04-02,2020-10-31
1361983,,,ORBCOMM Inc.,unresolved,15,2018-03-01,2021-08-03,2018-03-01,2022-02-19
1362703,,,"THERALINK TECHNOLOGIES, INC.",unresolved,16,2018-05-31,2022-12-29,2018-05-31,2023-07-17
1362705,,,Evolve Transition Infrastructure LP,unresolved,20,2018-03-12,2022-11-14,2018-03-12,2023-06-02
1363829,,,Enstar Group LTD,unresolved,20,2018-02-28,2022-11-03,2018-02-28,2023-05-22
1363958,,,"WESTERN CAPITAL RESOURCES, INC.",unresolved,18,2018-03-29,2022-05-13,2018-03-29,2022-11-29
1364099,,,"Innophos Holdings, Inc.",unresolved,8,2018-03-01,2019-11-06,2018-03-01,2020-05-24
1364397,,,RIDGEWOOD ENERGY T FUND LLC,unresolved,20,2018-03-09,2022-11-07,2018-03-09,2023-05-26
1364742,,,"BlackRock Finance, Inc.",unresolved,20,2018-02-28,2022-11-04,2018-02-28,2023-05-23
1364885,,,"Spirit AeroSystems Holdings, Inc.",unresolved,20,2018-02-09,2022-11-03,2018-02-09,2023-05-22
1365038,,,LEAF GROUP LTD.,unresolved,14,2018-03-01,2021-05-06,2018-03-01,2021-11-22
1365101,,,Primo Water Holdings LLC,unresolved,8,2018-03-07,2019-11-06,2018-03-07,2020-05-24
1365357,,,"ZZLL INFORMATION TECHNOLOGY, INC",unresolved,18,2018-05-01,2022-11-14,2018-05-01,2023-06-02
1365916,,,"AMYRIS, INC.",unresolved,20,2018-04-17,2022-11-08,2018-04-17,2023-05-27
1366246,,,GLU MOBILE INC,unresolved,13,2018-03-09,2021-02-26,2018-03-09,2021-09-14
1366340,,,"FINJAN HOLDINGS, INC.",unresolved,6,2018-03-14,2020-03-04,2018-03-14,2020-09-20
1366527,,,"Carbon Black, Inc.",unresolved,6,2018-06-07,2019-08-01,2018-06-07,2020-02-17
1366561,,,SMARTSHEET INC,unresolved,19,2018-06-12,2022-12-08,2018-06-12,2023-06-26
1366744,,,HOMELAND ENERGY SOLUTIONS LLC,unresolved,18,2018-03-02,2022-05-16,2018-03-02,2022-12-02
1367064,,,"Archrock Partners, L.P.",unresolved,9,2018-02-22,2020-02-21,2018-02-22,2020-09-08
1367306,,,Invesco DB Multi-Sector Commodity Trust,unresolved,37,2018-02-28,2022-11-04,2018-02-28,2023-05-23
1367920,,,"CONCERT PHARMACEUTICALS, INC.",unresolved,20,2018-03-01,2022-11-07,2018-03-01,2023-05-26
1368148,,,"ATHERSYS, INC / NEW",unresolved,11,2018-03-15,2022-03-15,2018-03-15,2022-10-01
1368275,,,W&E Source Corp.,unresolved,20,2018-02-14,2022-11-14,2018-02-14,2023-06-02
1368308,,,"Highpower International, Inc.",unresolved,7,2018-04-04,2019-08-13,2018-04-04,2020-02-29
1368365,,,"REMARK HOLDINGS, INC.",unresolved,20,2018-04-02,2022-11-14,2018-04-02,2023-06-02
1368637,,,Petrolia Energy Corp,unresolved,17,2018-04-17,2022-12-09,2018-04-17,2023-06-27
1368757,,,"GTJ REIT, INC.",unresolved,20,2018-03-29,2022-11-09,2018-03-29,2023-05-28
1370702,,,"ON Semiconductor Connectivity Solutions, Inc.",unresolved,6,2018-02-28,2019-04-30,2018-02-28,2019-11-16
1370880,,,"Mandiant, Inc.",unresolved,19,2018-02-23,2022-08-04,2018-02-23,2023-02-20
1371217,,,ReShape Weightloss Inc.,unresolved,13,2018-04-02,2021-05-17,2018-04-02,2021-12-03
1371451,,,HIGHWATER ETHANOL LLC,unresolved,20,2018-01-24,2022-09-13,2018-01-24,2023-04-01
1371571,,,Invesco DB US Dollar Index Trust,unresolved,13,2018-02-28,2022-11-04,2018-02-28,2023-05-23
1372020,,,Great Lakes Dredge & Dock CORP,unresolved,20,2018-03-01,2022-11-01,2018-03-01,2023-05-20
1372183,,,NextPlay Technologies Inc.,unresolved,20,2018-01-18,2022-10-24,2018-01-18,2023-05-12
1372184,,,"REIC Holdings, Inc.",unresolved,8,2018-05-04,2021-09-17,2018-05-04,2022-04-05
1372414,,,"AEROHIVE NETWORKS, INC",unresolved,7,2018-02-23,2019-07-30,2018-02-23,2020-02-15
1373707,,,TETRAPHASE PHARMACEUTICALS INC,unresolved,10,2018-03-06,2020-05-07,2018-03-06,2020-11-23
1374535,,,Altra Industrial Motion Corp.,unresolved,20,2018-02-23,2022-11-03,2018-02-23,2023-05-22
1377848,,,"ICON LEASING FUND TWELVE, LLC",unresolved,6,2018-03-30,2020-03-17,2018-03-30,2020-10-03
1380509,,,"HFF, Inc.",unresolved,6,2018-02-28,2019-05-07,2018-02-28,2019-11-23
14195,,,BRIGGS & STRATTON CORP,unresolved,10,2018-02-05,2020-05-08,2018-02-05,2020-11-24
15357,,,CHASE GENERAL CORP,unresolved,20,2018-02-12,2022-11-14,2018-02-12,2023-06-02
16099,,,LUB LIQUIDATING TRUST,unresolved,18,2018-01-29,2022-04-21,2018-01-29,2022-11-07
17797,,,"DUKE ENERGY PROGRESS, LLC.",unresolved,20,2018-02-21,2022-11-04,2018-02-21,2023-05-23
18172,,,A. M. Castle & Co.,unresolved,13,2018-03-15,2021-03-04,2018-03-15,2021-09-20
18349,,,SYNOVUS FINANCIAL CORP,unresolved,20,2018-02-28,2022-11-02,2018-02-28,2023-05-21
18672,,,CLECO POWER LLC,unresolved,20,2018-02-21,2022-11-07,2018-02-21,2023-05-26
19411,,,MAGELLAN HEALTH INC,unresolved,16,2018-03-01,2021-11-05,2018-03-01,2022-05-24
19446,,,CANTEL MEDICAL LLC,unresolved,14,2018-03-08,2021-05-28,2018-03-08,2021-12-14
19612,,,TCF FINANCIAL CORP,unresolved,14,2018-02-28,2021-05-07,2018-02-28,2021-11-23
202584,,,"SYSTEM ENERGY RESOURCES, INC",unresolved,20,2018-02-26,2022-11-03,2018-02-26,2023-05-22
20290,,,"Duke Energy Ohio, Inc.",unresolved,20,2018-02-21,2022-11-04,2018-02-21,2023-05-23
202947,,,CAPITAL PROPERTIES INC /RI/,unresolved,20,2018-03-19,2022-10-28,2018-03-19,2023-05-16
2034,,,ACETO CORP,unresolved,5,2018-02-02,2019-02-20,2018-02-02,2019-09-08
203527,,,VARIAN MEDICAL SYSTEMS INC,unresolved,13,2018-02-07,2021-02-09,2018-02-07,2021-08-28
20520,,,"Frontier Communications Parent, Inc.",unresolved,20,2018-03-01,2022-11-02,2018-03-01,2023-05-21
205402,,,GRAYBAR ELECTRIC CO INC,unresolved,20,2018-03-09,2022-10-24,2018-03-09,2023-05-12
20629,,,CSS INDUSTRIES INC,unresolved,9,2018-02-07,2020-02-14,2018-02-07,2020-09-01
21510,,,COHERENT INC,unresolved,18,2018-02-07,2022-05-11,2018-02-07,2022-11-27
216877,,,PISMO COAST VILLAGE INC,unresolved,20,2018-02-14,2022-12-15,2018-02-14,2023-07-03
2178,,,"ADAMS RESOURCES & ENERGY, INC.",unresolved,20,2018-03-12,2022-11-10,2018-03-12,2023-05-29
225211,,,Touchpoint Group Holdings Inc.,unresolved,20,2018-04-02,2022-11-18,2018-04-02,2023-06-06
225628,,,"PASSUR Aerospace, Inc.",unresolved,20,2018-02-13,2022-09-12,2018-02-13,2023-03-31
225648,,,COVANTA HOLDING CORP,unresolved,16,2018-02-26,2021-10-28,2018-02-26,2022-05-16
22606,,,COMMONWEALTH EDISON Co,unresolved,20,2018-02-09,2022-11-03,2018-02-09,2023-05-22
22767,,,TEXAS NEW MEXICO POWER CO,unresolved,20,2018-03-01,2022-11-04,2018-03-01,2023-05-23
22872,,,"Advanzeon Solutions, Inc.",unresolved,13,2018-05-18,2021-10-08,2018-05-18,2022-04-26
23111,,,COMPUTER TASK GROUP INC,unresolved,20,2018-03-14,2022-11-08,2018-03-14,2023-05-27
23632,,,CONSOLIDATED EDISON CO OF NEW YORK INC,unresolved,20,2018-02-15,2022-11-03,2018-02-15,2023-05-22
24104,,,CONTINENTAL MATERIALS CORP,unresolved,10,2018-03-29,2020-05-11,2018-03-29,2020-11-27
24491,,,COOPER TIRE & RUBBER CO,unresolved,14,2018-02-20,2021-05-03,2018-02-20,2021-11-19
25598,,,ONEMAIN FINANCE CORP,unresolved,20,2018-02-21,2022-10-28,2018-02-21,2023-05-16
26076,,,CUBIC CORP /DE/,unresolved,14,2018-02-06,2021-05-05,2018-02-06,2021-11-21
27430,,,DAYTON POWER & LIGHT CO,unresolved,20,2018-02-27,2022-11-04,2018-02-27,2023-05-23
276209,,,CONNECTICUT WATER SERVICE INC / CT,unresolved,7,2018-03-15,2019-08-08,2018-03-15,2020-02-24
276283,,,EVANS & SUTHERLAND COMPUTER CORP,unresolved,9,2018-03-13,2020-03-30,2018-03-13,2020-10-16
27673,,,DEERE JOHN CAPITAL CORP,unresolved,20,2018-03-01,2022-12-15,2018-03-01,2023-07-03
277058,,,NEVADA GOLD & CASINOS INC,unresolved,5,2018-03-19,2019-03-18,2018-03-19,2019-10-04
277638,,,DAVEY TREE EXPERT CO,unresolved,20,2018-03-16,2022-11-08,2018-03-16,2023-05-27
278130,,,PIER 1 IMPORTS INC/DE,unresolved,9,2018-01-03,2020-01-06,2018-01-03,2020-07-24
27879,,,DELMARVA POWER & LIGHT CO /DE/,unresolved,20,2018-02-09,2022-11-03,2018-02-09,2023-05-22
28385,,,DTE Electric Co,unresolved,20,2018-02-16,2022-10-27,2018-02-16,2023-05-15
28412,,,COMERICA INC,unresolved,20,2018-02-15,2022-10-28,2018-02-15,2023-05-16
29669,,,RR Donnelley & Sons Co,unresolved,17,2018-02-28,2022-02-24,2018-02-28,2022-09-12
29915,,,DOW CHEMICAL CO /DE/,unresolved,20,2018-02-15,2022-10-21,2018-02-15,2023-05-09
30371,,,"Duke Energy Carolinas, LLC",unresolved,20,2018-02-21,2022-11-04,2018-02-21,2023-05-23
30831,,,DYNASIL CORP OF AMERICA,unresolved,8,2018-02-13,2019-12-26,2018-02-13,2020-07-13
310826,,,PROTECTIVE LIFE INSURANCE CO,unresolved,17,2018-03-21,2022-03-18,2018-03-21,2022-10-04
3116,,,AKORN INC,unresolved,11,2018-02-28,2020-08-07,2018-02-28,2021-02-23
311817,,,HMG COURTLAND PROPERTIES INC,unresolved,13,2018-03-29,2021-11-12,2018-03-29,2022-05-31
313151,,,SADDLEBROOK RESORTS INC,unresolved,14,2018-04-16,2021-08-12,2018-04-16,2022-02-28
3146,,,SPIRE ALABAMA INC,unresolved,20,2018-02-01,2022-11-16,2018-02-01,2023-06-04
315131,,,PHX MINERALS INC.,unresolved,20,2018-02-08,2022-12-13,2018-02-08,2023-07-01
315256,,,PUBLIC SERVICE CO OF NEW HAMPSHIRE,unresolved,20,2018-02-26,2022-11-04,2018-02-26,2023-05-23
3153,,,ALABAMA POWER CO,unresolved,20,2018-02-21,2022-10-27,2018-02-21,2023-05-15
315449,,,UQM TECHNOLOGIES INC,unresolved,6,2018-03-20,2019-05-14,2018-03-20,2019-11-30
315849,,,SOUTHWEST GEORGIA FINANCIAL CORP,unresolved,9,2018-03-30,2020-03-30,2018-03-30,2020-10-16
315858,,,Bluegreen Vacations Holding Corp,unresolved,20,2018-03-09,2022-11-03,2018-03-09,2023-05-22
316253,,,ENZO BIOCHEM INC,unresolved,20,2018-03-12,2022-12-12,2018-03-12,2023-06-30
316300,,,EXCO RESOURCES INC,unresolved,5,2018-03-15,2019-03-18,2018-03-15,2019-10-04
316736,,,FIELDPOINT PETROLEUM CORP,unresolved,6,2018-04-02,2019-05-15,2018-04-02,2019-12-01
317187,,,PPL ELECTRIC UTILITIES CORP,unresolved,20,2018-02-22,2022-11-04,2018-02-22,2023-05-23
317340,,,MIKROS SYSTEMS CORP,unresolved,12,2018-04-02,2020-11-16,2018-04-02,2021-06-04
318996,,,KEY ENERGY SERVICES INC,unresolved,12,2018-02-28,2020-11-16,2018-02-28,2021-06-04
319458,,,Enservco Corp,unresolved,20,2018-03-22,2022-12-23,2018-03-22,2023-07-11
319687,,,"UNITED AIRLINES, INC.",unresolved,20,2018-02-22,2022-10-19,2018-02-22,2023-05-07
31978,,,EL PASO ELECTRIC CO /TX/,unresolved,10,2018-02-28,2020-05-08,2018-02-28,2020-11-24
319815,,,MAXWELL TECHNOLOGIES INC,unresolved,6,2018-02-16,2019-05-01,2018-02-16,2019-11-17
320340,,,CoreCard Corp,unresolved,20,2018-03-15,2022-11-02,2018-03-15,2023-05-21
320575,,,PIONEER ENERGY SERVICES LLC,unresolved,15,2018-02-16,2021-08-06,2018-02-16,2022-02-22
32567,,,EMERGE HEALTH INTERNATIONAL INC,unresolved,13,2019-02-22,2021-09-30,2019-02-22,2022-04-18
33619,,,ESTERLINE TECHNOLOGIES CORP,unresolved,5,2018-03-30,2019-02-05,2018-03-30,2019-08-24
34088,,,EXXON MOBIL CORP,unresolved,20,2018-02-28,2022-11-02,2018-02-28,2023-05-21
350403,,,"PHI Group, Inc./DE",unresolved,7,2018-02-23,2019-08-09,2018-02-23,2020-02-25
350737,,,OCEAN BIO CHEM INC,unresolved,19,2018-03-30,2022-08-04,2018-03-30,2023-02-20
350797,,,"Mirror Merger Sub 2, LLC",unresolved,12,2018-03-09,2020-12-22,2018-03-09,2021-07-10
350868,,,"ITERIS, INC.",unresolved,20,2018-02-07,2022-11-08,2018-02-07,2023-05-27
351817,,,"SILVERBOW RESOURCES, INC.",unresolved,20,2018-03-01,2022-11-03,2018-03-01,2023-05-22
351834,,,SunOpta Inc.,unresolved,20,2018-03-01,2022-11-10,2018-03-01,2023-05-29
35214,,,FERRO CORP,unresolved,17,2018-02-28,2022-03-01,2018-02-28,2022-09-17
352736,,,Everlake Life Insurance Co,unresolved,9,2018-03-05,2020-02-28,2018-03-05,2020-09-15
352998,,,"Teligent, Inc.",unresolved,15,2018-03-19,2021-08-16,2018-03-19,2022-03-04
353020,,,Aegion Corp,unresolved,14,2018-03-01,2021-05-10,2018-03-01,2021-11-26
353569,,,QUIDEL CORP /DE/,unresolved,18,2018-02-27,2022-05-05,2018-02-27,2022-11-21
354908,,,"Teledyne FLIR, LLC",unresolved,14,2018-02-23,2021-05-06,2018-02-23,2021-11-22
355019,,,FONAR CORP,unresolved,20,2018-02-13,2022-11-14,2018-02-13,2023-06-02
355379,,,MIDWEST HOLDING INC.,unresolved,20,2018-04-16,2022-11-14,2018-04-16,2023-06-02
355429,,,PROTECTIVE LIFE CORP,unresolved,8,2018-03-02,2019-11-12,2018-03-02,2020-05-30
356130,,,EMC INSURANCE GROUP INC,unresolved,6,2018-03-05,2019-08-08,2018-03-05,2020-02-24
356590,,,"GLOBAL TECH INDUSTRIES GROUP, INC.",unresolved,18,2018-05-15,2022-11-14,2018-05-15,2023-06-02
36047,,,"CORELOGIC, INC.",unresolved,14,2018-02-27,2021-05-07,2018-02-27,2021-11-23
36506,,,MACKINAC FINANCIAL CORP /MI/,unresolved,12,2018-05-14,2021-08-11,2018-05-14,2022-02-27
37634,,,FLORIDA POWER & LIGHT CO,unresolved,20,2018-02-16,2022-11-03,2018-02-16,2023-05-22
37637,,,"DUKE ENERGY FLORIDA, LLC",unresolved,20,2018-02-21,2022-11-04,2018-02-21,2023-05-23
38009,,,FORD MOTOR CREDIT CO LLC,unresolved,15,2018-04-26,2022-10-27,2018-04-26,2023-05-15
38723,,,1st FRANKLIN FINANCIAL CORP,unresolved,6,2018-03-30,2022-11-14,2018-03-30,2023-06-02
39899,,,TEGNA INC,unresolved,20,2018-03-01,2022-11-09,2018-03-01,2023-05-28
40730,,,Motors Liquidation Co,unresolved,13,2018-02-13,2021-02-12,2018-02-13,2021-08-31
40888,,,"AEROJET ROCKETDYNE HOLDINGS, INC.",unresolved,20,2018-02-21,2022-11-01,2018-02-21,2023-05-20
4187,,,"RECYCLING ASSET HOLDINGS, INC.",unresolved,8,2018-03-26,2019-11-13,2018-03-26,2020-05-31
42316,,,GOLDFIELD CORP,unresolved,12,2018-03-14,2020-11-04,2018-03-14,2021-05-23
4447,,,HESS CORP,unresolved,20,2018-02-21,2022-11-03,2018-02-21,2023-05-22
4515,,,"AMERICAN AIRLINES, INC.",unresolved,20,2018-02-21,2022-10-20,2018-02-21,2023-05-08
45876,,,ENVIRI LLC,unresolved,20,2018-02-22,2022-11-01,2018-02-22,2023-05-20
45947,,,TALCOTT RESOLUTION LIFE INSURANCE CO,unresolved,6,2018-03-01,2019-05-03,2018-03-01,2019-11-19
46207,,,HAWAIIAN ELECTRIC CO INC,unresolved,20,2018-03-01,2022-11-07,2018-03-01,2023-05-26
47129,,,HERTZ CORP,unresolved,20,2018-02-27,2022-10-27,2018-02-27,2023-05-15
47307,,,CRAWFORD UNITED Corp,unresolved,19,2018-05-15,2022-11-09,2018-05-15,2023-05-28
47518,,,"Hill-Rom Holdings, Inc.",unresolved,16,2018-01-26,2021-11-12,2018-01-26,2022-05-31
48039,,,HollyFrontier Corp,unresolved,17,2018-02-21,2022-02-23,2018-02-21,2022-09-11
48732,,,CENTERPOINT ENERGY HOUSTON ELECTRIC LLC,unresolved,20,2018-02-22,2022-11-01,2018-02-22,2023-05-20
4904,,,AMERICAN ELECTRIC POWER CO INC,unresolved,20,2018-02-23,2022-10-27,2018-02-23,2023-05-15
49615,,,ID SYSTEMS INC,unresolved,7,2018-03-30,2019-08-14,2018-03-30,2020-03-01
49648,,,IDAHO POWER CO,unresolved,20,2018-02-22,2022-11-03,2018-02-22,2023-05-22
4969,,,AMERICAN EXPRESS CREDIT CORP,unresolved,16,2018-03-01,2021-10-28,2018-03-01,2022-05-16
49728,,,IEC ELECTRONICS CORP,unresolved,15,2018-02-07,2021-08-12,2018-02-07,2022-02-28
50172,,,INDIANA MICHIGAN POWER CO,unresolved,20,2018-02-23,2022-10-27,2018-02-23,2023-05-15
51548,,,INTERNATIONAL SPEEDWAY CORP,unresolved,8,2018-01-26,2019-10-03,2018-01-26,2020-04-20
51644,,,"INTERPUBLIC GROUP OF COMPANIES, INC.",unresolved,20,2018-02-26,2022-10-26,2018-02-26,2023-05-14
52428,,,AMERIPRISE CERTIFICATE CO,unresolved,20,2018-02-23,2022-11-02,2018-02-23,2023-05-21
52485,,,INTERSTATE POWER & LIGHT CO,unresolved,20,2018-02-23,2022-11-08,2018-02-23,2023-05-27
52795,,,ANIXTER INTERNATIONAL INC,unresolved,10,2018-02-22,2020-04-28,2018-02-22,2020-11-14
54381,,,KAMAN Corp,unresolved,20,2018-02-27,2022-11-01,2018-02-27,2023-05-20
54476,,,"EVERGY METRO, INC.",unresolved,20,2018-02-21,2022-11-04,2018-02-21,2023-05-23
54480,,,KANSAS CITY SOUTHERN,unresolved,20,2018-01-26,2022-10-27,2018-01-26,2023-05-15
54507,,,"EVERGY KANSAS CENTRAL, INC.",unresolved,20,2018-02-21,2022-11-04,2018-02-21,2023-05-23
55067,,,KELLANOVA,unresolved,20,2018-02-20,2022-11-03,2018-02-20,2023-05-22
55387,,,KENTUCKY UTILITIES CO,unresolved,20,2018-02-22,2022-11-04,2018-02-22,2023-05-23
55772,,,KIMBALL INTERNATIONAL INC,unresolved,20,2018-02-01,2022-11-04,2018-02-01,2023-05-23
57183,,,SPIRE MISSOURI INC,unresolved,20,2018-02-01,2022-11-16,2018-02-01,2023-06-04
57725,,,LANNETT CO INC,unresolved,20,2018-02-08,2022-11-03,2018-02-08,2023-05-22
59440,,,VECTOR GROUP LTD,unresolved,20,2018-03-01,2022-11-02,2018-03-01,2023-05-21
59860,,,GOLDRICH MINING CO,unresolved,7,2018-04-16,2020-11-04,2018-04-16,2021-05-23
60549,,,LOUISVILLE GAS & ELECTRIC CO /KY/,unresolved,20,2018-02-22,2022-11-04,2018-02-22,2023-05-23
60977,,,LYDALL INC /DE/,unresolved,15,2018-02-21,2021-07-28,2018-02-21,2022-02-13
61339,,,MADISON GAS & ELECTRIC CO,unresolved,20,2018-02-23,2022-11-03,2018-02-23,2023-05-22
61398,,,TELLURIAN INC. /DE/,unresolved,11,2019-05-08,2022-05-04,2019-05-08,2022-11-20
6494,,,ANDREA ELECTRONICS CORP,unresolved,20,2018-03-26,2022-11-14,2018-03-26,2023-06-02
65011,,,"Hawkeye Acquisition, Inc.",unresolved,16,2018-02-08,2021-11-12,2018-02-08,2022-05-31
65596,,,,unresolved,20,2018-04-13,2022-11-14,2018-04-13,2023-06-02
65759,,,,unresolved,20,2018-02-08,2022-10-11,2018-02-08,2023-04-29
65770,,,,unresolved,20,2018-02-23,2022-10-28,2018-02-23,2023-05-16
65984,,,,unresolved,20,2018-02-26,2022-11-03,2018-02-26,2023-05-22
66004,,,,unresolved,20,2018-03-09,2022-10-28,2018-03-09,2023-05-16
66382,,,,unresolved,20,2018-01-10,2022-10-12,2018-01-10,2023-04-30
66418,,,,unresolved,20,2018-02-12,2022-11-09,2018-02-12,2023-05-28
66570,,,,unresolved,20,2018-02-22,2022-10-27,2018-02-22,2023-05-15
66600,,,,unresolved,16,2018-04-25,2022-11-22,2018-04-25,2023-06-10
66740,,,,unresolved,20,2018-02-08,2022-10-25,2018-02-08,2023-05-13
66756,,,,unresolved,20,2018-02-15,2022-11-09,2018-02-15,2023-05-28
66901,,,,unresolved,20,2018-02-26,2022-11-03,2018-02-26,2023-05-22
66904,,,,unresolved,20,2018-02-21,2022-10-27,2018-02-21,2023-05-15
67215,,,,unresolved,19,2018-05-24,2022-11-23,2018-05-24,2023-06-11
67347,,,,unresolved,20,2018-01-31,2022-11-03,2018-01-31,2023-05-22
67625,,,,unresolved,17,2018-02-07,2022-02-04,2018-02-07,2022-08-23
6769,,,,unresolved,20,2018-02-23,2022-11-03,2018-02-23,2023-05-22
67716,,,,unresolved,20,2018-02-23,2022-11-03,2018-02-23,2023-05-22
67887,,,,unresolved,20,2018-01-26,2022-11-14,2018-01-26,2023-06-02
6845,,,,unresolved,21,2018-01-11,2022-12-29,2018-01-11,2023-07-17
68505,,,,unresolved,20,2018-02-16,2022-11-03,2018-02-16,2023-05-22
68622,,,,unresolved,20,2018-03-12,2022-11-03,2018-03-12,2023-05-22
68709,,,,unresolved,13,2018-02-05,2021-02-09,2018-02-05,2021-08-28
6879,,,,unresolved,20,2018-02-23,2022-10-27,2018-02-23,2023-05-15
6885,,,,unresolved,8,2018-04-10,2019-12-12,2018-04-10,2020-06-29
69422,,,,unresolved,20,2018-02-02,2022-11-14,2018-02-02,2023-06-02
69488,,,,unresolved,20,2018-03-09,2022-10-27,2018-03-09,2023-05-15
6951,,,,unresolved,20,2018-02-22,2022-12-16,2018-02-22,2023-07-04
6955,,,,unresolved,21,2018-01-08,2022-12-22,2018-01-08,2023-07-10
69633,,,,unresolved,20,2018-02-08,2022-11-07,2018-02-08,2023-05-26
69733,,,,unresolved,20,2018-02-02,2022-11-03,2018-02-02,2023-05-22
69891,,,,unresolved,20,2018-03-08,2022-12-08,2018-03-08,2023-06-26
700564,,,,unresolved,18,2018-05-08,2022-11-09,2018-05-08,2023-05-28
700565,,,,unresolved,20,2018-03-02,2022-11-08,2018-03-02,2023-05-27
700764,,,,unresolved,20,2018-03-29,2022-11-14,2018-03-29,2023-06-02
700841,,,,unresolved,20,2018-03-08,2022-11-10,2018-03-08,2023-05-29
700923,,,,unresolved,20,2018-03-07,2022-10-26,2018-03-07,2023-05-14
701288,,,,unresolved,18,2018-02-27,2022-11-08,2018-02-27,2023-05-27
701347,,,,unresolved,20,2018-02-28,2022-10-27,2018-02-28,2023-05-15
701374,,,,unresolved,20,2018-02-20,2022-11-10,2018-02-20,2023-05-29
70145,,,,unresolved,20,2018-02-02,2022-11-18,2018-02-02,2023-06-06
701719,,,,unresolved,20,2018-03-21,2022-11-02,2018-03-21,2023-05-21
701869,,,,unresolved,16,2018-03-26,2021-11-09,2018-03-26,2022-05-28
701985,,,,unresolved,20,2018-03-23,2022-11-30,2018-03-23,2023-06-18
702165,,,,unresolved,20,2018-02-05,2022-10-26,2018-02-05,2023-05-14
702325,,,,unresolved,16,2018-02-28,2021-10-27,2018-02-28,2022-05-15
702513,,,,unresolved,15,2018-03-09,2021-08-06,2018-03-09,2022-02-22
70318,,,,unresolved,20,2018-02-26,2022-10-28,2018-02-26,2023-05-16
703351,,,,unresolved,20,2018-02-02,2022-11-02,2018-02-02,2023-05-21
703361,,,,unresolved,5,2018-02-06,2019-02-06,2018-02-06,2019-08-25
703604,,,,unresolved,20,2018-02-22,2022-11-03,2018-02-22,2023-05-22
7039,,,,unresolved,18,2018-03-12,2022-05-05,2018-03-12,2022-11-21
704051,,,"LEGG MASON, INC.",unresolved,11,2018-02-05,2020-07-31,2018-02-05,2021-02-16
70415,,,GP STRATEGIES CORP,unresolved,15,2018-03-01,2021-08-09,2018-03-01,2022-02-25
704172,,,PHI GROUP INC,unresolved,17,2018-02-20,2022-05-23,2018-02-20,2022-12-09
704366,,,"WOD Retail Solutions, Inc.",unresolved,8,2018-05-24,2020-04-16,2018-05-24,2020-11-02
704415,,,"TIVITY HEALTH, INC.",unresolved,18,2018-02-28,2022-05-05,2018-02-28,2022-11-21
704562,,,"Avid Bioservices, Inc.",unresolved,20,2018-03-12,2022-12-06,2018-03-12,2023-06-24
706688,,,AARON'S INC,unresolved,11,2018-03-01,2020-07-29,2018-03-01,2021-02-14
707388,,,"STAR OPERATING COMPANIES, INC.",unresolved,20,2018-02-28,2022-11-14,2018-02-28,2023-06-02
707511,,,REGENERX BIOPHARMACEUTICALS INC,unresolved,5,2018-03-29,2022-03-30,2018-03-29,2022-10-16
707886,,,UNITED COMMUNITY FINANCIAL CORP,unresolved,8,2018-03-14,2019-11-08,2018-03-14,2020-05-26
708818,,,"NEXTGEN HEALTHCARE, INC.",unresolved,20,2018-01-26,2022-10-25,2018-01-26,2023-05-13
708819,,,MCDERMOTT INTERNATIONAL INC,unresolved,9,2018-02-21,2020-05-08,2018-02-21,2020-11-24
711772,,,CAMBRIDGE BANCORP,unresolved,20,2018-03-21,2022-11-03,2018-03-21,2023-05-22
71180,,,NEVADA POWER CO,unresolved,20,2018-02-26,2022-11-07,2018-02-26,2023-05-26
713425,,,"LOGILITY SUPPLY CHAIN SOLUTIONS, INC",unresolved,20,2018-03-09,2022-12-02,2018-03-09,2023-06-20
713671,,,DNB FINANCIAL CORP /PA/,unresolved,8,2018-03-15,2019-11-01,2018-03-15,2020-05-19
714284,,,"SORL Auto Parts, Inc.",unresolved,9,2018-04-02,2020-06-08,2018-04-02,2020-12-25
715788,,,"EVIO, INC.",unresolved,12,2018-01-17,2020-09-09,2018-01-17,2021-03-28
715812,,,BIOSYNERGY INC,unresolved,17,2018-03-19,2022-03-23,2018-03-19,2022-10-09
716006,,,Yellow Corp,unresolved,20,2018-02-15,2022-11-02,2018-02-15,2023-05-21
716133,,,CINCINNATI BELL INC,unresolved,20,2018-02-26,2022-11-03,2018-02-26,2023-05-22
716605,,,PENNS WOODS BANCORP INC,unresolved,20,2018-03-13,2022-11-09,2018-03-13,2023-05-28
716688,,,MICROWAVE FILTER CO INC /NY/,unresolved,7,2018-02-13,2019-08-13,2018-02-13,2020-02-29
718877,,,"Activision Blizzard, Inc.",unresolved,20,2018-02-27,2022-11-07,2018-02-27,2023-05-26
719209,,,ISRAMCO INC,unresolved,7,2018-03-13,2019-08-09,2018-03-13,2020-02-25
719274,,,"GRESHAM WORLDWIDE, INC.",unresolved,20,2018-02-12,2022-11-23,2018-02-12,2023-06-11
719494,,,"Inrad Optics, Inc.",unresolved,20,2018-04-02,2022-11-14,2018-04-02,2023-06-02
719739,,,SVB FINANCIAL GROUP,unresolved,20,2018-02-28,2022-11-07,2018-02-28,2023-05-26
721447,,,CCA INDUSTRIES INC,unresolved,5,2018-02-28,2019-02-28,2018-02-28,2019-09-16
721683,,,TOTAL SYSTEM SERVICES INC,unresolved,7,2018-02-23,2019-07-31,2018-02-23,2020-02-16
72207,,,NOBLE ENERGY INC,unresolved,11,2018-02-20,2020-08-03,2018-02-20,2021-02-19
722723,,,"HANGER, INC.",unresolved,20,2018-01-19,2022-08-08,2018-01-19,2023-02-24
722830,,,IMMUNOMEDICS INC,unresolved,10,2018-02-08,2020-08-05,2018-02-08,2021-02-21
72333,,,NORDSTROM INC,unresolved,20,2018-03-19,2022-12-02,2018-03-19,2023-06-20
724571,,,FREDS INC,unresolved,6,2018-05-04,2019-06-18,2018-05-04,2020-01-04
724742,,,Trinity Place Holdings Inc.,unresolved,20,2018-03-15,2022-11-14,2018-03-15,2023-06-02
725929,,,"B2Digital, Inc.",unresolved,12,2019-11-20,2022-11-14,2019-11-20,2023-06-02
726513,,,TRIBUNE MEDIA CO,unresolved,7,2018-03-01,2019-08-09,2018-03-01,2020-02-25
726514,,,ELECTRO SCIENTIFIC INDUSTRIES INC,unresolved,5,2018-02-06,2019-01-30,2018-02-06,2019-08-18
726516,,,"Direct Investment Holdings Group, Inc.",unresolved,6,2018-03-29,2022-11-14,2018-03-29,2023-06-02
726865,,,LINCOLN NATIONAL LIFE INSURANCE CO /IN/,unresolved,20,2018-03-13,2022-11-07,2018-03-13,2023-05-26
727207,,,"Accelerate Diagnostics, Inc",unresolved,20,2018-03-01,2022-11-14,2018-03-01,2023-06-02
727538,,,OFFSHORE PETROLEUM INVESTMENT PARTNERSHIP,unresolved,20,2018-02-23,2022-11-03,2018-02-23,2023-05-22
727634,,,iSign Solutions Inc.,unresolved,20,2018-04-02,2022-11-14,2018-04-02,2023-06-02
727892,,,RIVERSOURCE LIFE INSURANCE CO,unresolved,20,2018-02-22,2022-11-02,2018-02-22,2023-05-21
727920,,,Equitable Financial Life Insurance Co,unresolved,20,2018-04-11,2022-11-03,2018-04-11,2023-05-22
728391,,,"IPALCO ENTERPRISES, INC.",unresolved,19,2018-02-27,2022-11-04,2018-02-27,2023-05-23
728447,,,"EVO Transportation & Energy Services, Inc.",unresolved,17,2018-04-17,2022-06-30,2018-04-17,2023-01-16
7286,,,ARIZONA PUBLIC SERVICE CO,unresolved,20,2018-02-23,2022-11-03,2018-02-23,2023-05-22
72909,,,NORTHERN STATES POWER CO /WI/,unresolved,20,2018-02-26,2022-10-27,2018-02-26,2023-05-15
73020,,,NORTHWEST NATURAL GAS CO,unresolved,20,2018-02-23,2022-11-08,2018-02-23,2023-05-27
730255,,,CalAmp Corp.,unresolved,20,2018-05-10,2022-12-20,2018-05-10,2023-07-08
73088,,,NORTHWESTERN CORP,unresolved,20,2018-02-13,2022-10-25,2018-02-13,2023-05-13
731245,,,PRESIDENTIAL REALTY CORP/DE/,unresolved,6,2021-09-21,2022-11-14,2021-09-21,2023-06-02
731288,,,PACCAR FINANCIAL CORP,unresolved,20,2018-02-21,2022-10-28,2018-02-21,2023-05-16
732834,,,"CONTINENTAL RESOURCES, INC",unresolved,20,2018-02-21,2022-11-02,2018-02-21,2023-05-21
733076,,,BRIGHTHOUSE LIFE INSURANCE Co,unresolved,20,2018-03-22,2022-11-10,2018-03-22,2023-05-29
7332,,,SOUTHWESTERN ENERGY CO,unresolved,15,2018-03-01,2022-10-27,2018-03-01,2023-05-15
733337,,,"PwrCor, Inc.",unresolved,16,2018-03-30,2021-11-15,2018-03-30,2022-06-03
737207,,,"Adhera Therapeutics, Inc.",unresolved,20,2018-04-17,2022-11-14,2018-04-17,2023-06-02
73887,,,Bristow Group Inc,unresolved,8,2018-02-08,2019-12-27,2018-02-08,2020-07-14
73986,,,OHIO POWER CO,unresolved,20,2018-02-23,2022-10-27,2018-02-23,2023-05-15
740663,,,FIRST OF LONG ISLAND CORP,unresolved,20,2018-03-16,2022-11-03,2018-03-16,2023-05-22
740971,,,OLD POINT FINANCIAL CORP,unresolved,20,2018-03-16,2022-11-14,2018-03-16,2023-06-02
74145,,,OKLAHOMA GAS & ELECTRIC CO,unresolved,20,2018-02-22,2022-11-03,2018-02-22,2023-05-22
741516,,,AMERICAN NATIONAL BANKSHARES INC.,unresolved,20,2018-03-09,2022-11-08,2018-03-09,2023-05-27
742112,,,INVACARE HOLDINGS Corp,unresolved,20,2018-03-09,2022-11-07,2018-03-09,2023-05-26
742126,,,"US Ecology Holdings, Inc.",unresolved,7,2018-02-26,2019-08-05,2018-02-26,2020-02-21
743238,,,"SHYFT GROUP, INC.",unresolved,20,2018-03-01,2022-10-27,2018-03-01,2023-05-15
743316,,,MAXIM INTEGRATED PRODUCTS INC,unresolved,15,2018-01-26,2021-08-20,2018-01-26,2022-03-08
743758,,,"AiAdvertising, Inc.",unresolved,19,2018-05-15,2022-11-14,2018-05-15,2023-06-02
743988,,,XILINX INC,unresolved,17,2018-01-26,2022-01-27,2018-01-26,2022-08-15
745543,,,"PETRO USA, INC.",unresolved,20,2018-07-09,2022-11-15,2018-07-09,2023-06-03
745981,,,MIDSOUTH BANCORP INC,unresolved,7,2018-03-16,2019-08-09,2018-03-16,2020-02-25
748790,,,"Global Clean Energy Holdings, Inc.",unresolved,8,2020-10-06,2022-11-14,2020-10-06,2023-06-02
749038,,,"CCUR Holdings, Inc.",unresolved,9,2018-05-04,2021-02-16,2018-05-04,2021-09-04
74925,,,ORIGINAL SIXTEEN TO ONE MINE INC /CA/,unresolved,17,2018-04-25,2022-08-19,2018-04-25,2023-03-07
749660,,,ICAD INC,unresolved,19,2018-03-30,2022-11-14,2018-03-30,2023-06-02
750556,,,SUNTRUST BANKS INC,unresolved,8,2018-02-23,2019-10-31,2018-02-23,2020-05-18
75208,,,OVERSEAS SHIPHOLDING GROUP INC,unresolved,20,2018-03-12,2022-11-03,2018-03-12,2023-05-22
752294,,,ELECTRONIC SYSTEMS TECHNOLOGY INC,unresolved,20,2018-02-23,2022-10-28,2018-02-23,2023-05-16
75340,,,P&F INDUSTRIES INC,unresolved,20,2018-03-29,2022-11-14,2018-03-29,2023-06-02
754737,,,SCANA CORP,unresolved,5,2018-02-23,2019-02-28,2018-02-23,2019-09-16
75488,,,PACIFIC GAS & ELECTRIC Co,unresolved,20,2018-02-09,2022-10-27,2018-02-09,2023-05-15
75594,,,PACIFICORP /OR/,unresolved,20,2018-02-26,2022-11-07,2018-02-26,2023-05-26
75679,,,"GCI, LLC",unresolved,12,2018-02-28,2020-11-05,2018-02-28,2021-05-24
757011,,,USG CORP,unresolved,5,2018-02-14,2019-02-14,2018-02-14,2019-09-02
758743,,,VIDEO DISPLAY CORP,unresolved,20,2018-01-16,2022-10-17,2018-01-16,2023-05-05
758938,,,QUALSTAR CORP,unresolved,9,2018-03-16,2020-03-19,2018-03-16,2020-10-05
76063,,,"PANHANDLE EASTERN PIPE LINE COMPANY, LP",unresolved,5,2018-02-23,2022-02-18,2018-02-23,2022-09-06
76149,,,PARADISE INC,unresolved,7,2018-04-02,2019-08-19,2018-04-02,2020-03-06
76321,,,PARKER DRILLING CO /DE/,unresolved,9,2018-02-21,2020-03-04,2018-02-21,2020-09-20
764195,,,VBI Vaccines Inc/BC,unresolved,19,2018-02-26,2022-11-10,2018-02-26,2023-05-29
764579,,,CAS MEDICAL SYSTEMS INC,unresolved,5,2018-03-26,2019-03-25,2018-03-26,2019-10-11
764764,,,CATERPILLAR FINANCIAL SERVICES CORP,unresolved,20,2018-02-15,2022-11-02,2018-02-15,2023-05-21
764897,,,"Broad Street Realty, Inc.",unresolved,17,2018-04-02,2022-11-14,2018-04-02,2023-06-02
766701,,,CAPSTEAD MORTGAGE CORP,unresolved,15,2018-02-20,2021-08-03,2018-02-20,2022-02-19
768411,,,CYBEROPTICS CORP,unresolved,19,2018-03-09,2022-08-11,2018-03-09,2023-02-27
768710,,,RELIV INTERNATIONAL INC,unresolved,12,2018-03-29,2020-11-13,2018-03-29,2021-06-01
768835,,,FORMER BL STORES INC,unresolved,20,2018-04-03,2022-12-07,2018-04-03,2023-06-25
77159,,,"BAYTEX ENERGY USA, INC.",unresolved,20,2018-03-02,2022-11-03,2018-03-02,2023-05-22
77281,,,PENNSYLVANIA REAL ESTATE INVESTMENT TRUST,unresolved,20,2018-02-16,2022-11-08,2018-02-16,2023-05-27
773141,,,"SEKISUI HOUSE U.S., INC.",unresolved,20,2018-02-01,2022-10-27,2018-02-01,2023-05-15
773318,,,VERITEC INC,unresolved,16,2018-02-14,2022-11-02,2018-02-14,2023-05-21
773910,,,ANADARKO PETROLEUM CORP,unresolved,7,2018-02-15,2019-07-30,2018-02-15,2020-02-15
774569,,,CORTLAND BANCORP INC,unresolved,15,2018-03-22,2021-08-05,2018-03-22,2022-02-21
775368,,,ALLEGHANY CORP /DE,unresolved,18,2018-02-21,2022-08-04,2018-02-21,2023-02-20
777917,,,PRUCO LIFE INSURANCE CO,unresolved,20,2018-03-08,2022-11-10,2018-03-08,2023-05-29
77877,,,"PDC ENERGY, INC.",unresolved,20,2018-02-27,2022-11-02,2018-02-27,2023-05-21
778946,,,BLUEGREEN VACATIONS CORP,unresolved,14,2018-03-07,2021-05-10,2018-03-07,2021-11-26
78100,,,PECO ENERGY CO,unresolved,20,2018-02-09,2022-11-03,2018-02-09,2023-05-22
781902,,,INTERNATIONAL BALER CORP,unresolved,18,2018-01-26,2022-03-14,2018-01-26,2022-09-30
783005,,,EMMIS CORP,unresolved,10,2018-01-11,2020-05-14,2018-01-11,2020-11-30
783280,,,DUKE REALTY CORP,unresolved,19,2018-02-16,2022-08-08,2018-02-16,2023-02-24
784011,,,POPE RESOURCES LTD PARTNERSHIP,unresolved,10,2018-03-02,2020-05-06,2018-03-02,2020-11-22
78460,,,PIEDMONT NATURAL GAS CO INC,unresolved,20,2018-02-21,2022-11-04,2018-02-21,2023-05-23
787250,,,DPL LLC,unresolved,20,2018-02-27,2022-11-04,2018-02-27,2023-05-23
788816,,,OGLETHORPE POWER CORP,unresolved,20,2018-03-29,2022-11-10,2018-03-29,2023-05-29
790652,,,IMAGING DIAGNOSTIC SYSTEMS INC /FL/,unresolved,17,2018-11-14,2022-11-14,2018-11-14,2023-06-02
790703,,,TECH DATA CORP,unresolved,10,2018-03-22,2020-06-03,2018-03-22,2020-12-20
791908,,,XOMA Royalty Corp,unresolved,20,2018-03-07,2022-11-03,2018-03-07,2023-05-22
791915,,,CYPRESS SEMICONDUCTOR CORP /DE/,unresolved,9,2018-02-26,2020-02-21,2018-02-26,2020-09-08
792935,,,ETHEMA HEALTH Corp,unresolved,20,2018-04-17,2022-11-14,2018-04-17,2023-06-02
792977,,,"AMAG PHARMACEUTICALS, INC.",unresolved,12,2018-03-01,2020-11-06,2018-03-01,2021-05-25
793547,,,NAVIGATORS GROUP INC,unresolved,6,2018-02-22,2019-05-09,2018-02-22,2019-11-25
794172,,,MERIDIAN BIOSCIENCE INC,unresolved,20,2018-02-07,2022-11-22,2018-02-07,2023-06-10
794323,,,"Level 3 Parent, LLC",unresolved,19,2018-03-01,2022-11-03,2018-03-01,2023-05-22
794619,,,AMERICAN WOODMARK CORP,unresolved,20,2018-03-12,2022-11-22,2018-03-12,2023-06-10
795212,,,Kaspien Holdings Inc.,unresolved,20,2018-05-04,2022-12-13,2018-05-04,2023-07-01
79732,,,POTOMAC ELECTRIC POWER CO,unresolved,20,2018-02-09,2022-11-03,2018-02-09,2023-05-22
799698,,,LadRx Corp,unresolved,8,2018-03-16,2022-03-23,2018-03-16,2022-10-09
800240,,,ODP Corp,unresolved,20,2018-02-28,2022-11-02,2018-02-28,2023-05-21
802681,,,BRYN MAWR BANK CORP,unresolved,16,2018-03-01,2021-11-04,2018-03-01,2022-05-23
803649,,,EQC Liquidating Trust,unresolved,20,2018-02-15,2022-10-26,2018-02-15,2023-05-14
804269,,,"General Motors Financial Company, Inc.",unresolved,20,2018-02-06,2022-10-25,2018-02-06,2023-05-13
804753,,,CERNER Corp,unresolved,18,2018-02-12,2022-05-03,2018-02-12,2022-11-19
805022,,,"BUCKEYE PARTNERS, L.P.",unresolved,8,2018-02-23,2019-11-01,2018-02-23,2020-05-19
805729,,,China Senior Living Industry International Holding Corp,unresolved,5,2018-10-05,2018-11-15,2018-10-05,2019-06-03
806279,,,CODORUS VALLEY BANCORP INC,unresolved,20,2018-03-13,2022-11-07,2018-03-13,2023-05-26
806592,,,"SUNWIN STEVIA INTERNATIONAL, INC.",unresolved,19,2018-03-16,2022-09-19,2018-03-16,2023-04-07
807707,,,VOXX International Corp,unresolved,20,2018-01-09,2022-10-11,2018-01-09,2023-04-29
808326,,,EMCORE CORP,unresolved,20,2018-02-06,2022-12-28,2018-02-06,2023-07-16
808362,,,Baker Hughes Holdings LLC,unresolved,20,2018-02-23,2022-10-20,2018-02-23,2023-05-08
808450,,,NAVISTAR INTERNATIONAL CORP,unresolved,14,2018-03-08,2021-06-08,2018-03-08,2021-12-25
808461,,,"GRIZZLY MERGER SUB 1, LLC",unresolved,12,2018-02-28,2020-11-05,2018-02-28,2021-05-24
809248,,,"CARROLS RESTAURANT GROUP, INC.",unresolved,20,2018-03-12,2022-11-10,2018-03-12,2023-05-29
809933,,,ECOLOGY & ENVIRONMENT INC,unresolved,8,2018-03-13,2019-12-17,2018-03-13,2020-07-04
81018,,,PUBLIC SERVICE CO OF COLORADO,unresolved,20,2018-02-23,2022-10-27,2018-02-23,2023-05-15
81020,,,"Duke Energy Indiana, LLC",unresolved,20,2018-02-21,2022-11-04,2018-02-21,2023-05-23
81027,,,PUBLIC SERVICE CO OF OKLAHOMA,unresolved,20,2018-02-23,2022-10-27,2018-02-23,2023-05-15
81033,,,PUBLIC SERVICE ELECTRIC & GAS CO,unresolved,20,2018-02-26,2022-10-31,2018-02-26,2023-05-19
810509,,,"NAVIDEA BIOPHARMACEUTICALS, INC.",unresolved,14,2018-03-15,2022-11-14,2018-03-15,2023-06-02
81061,,,PUBLIX SUPER MARKETS INC,unresolved,20,2018-03-01,2022-11-01,2018-03-01,2023-05-20
81100,,,PUGET SOUND ENERGY INC,unresolved,20,2018-03-02,2022-11-03,2018-03-02,2023-05-22
811212,,,"ThermoGenesis Holdings, Inc.",unresolved,19,2018-05-14,2022-11-10,2018-05-14,2023-05-29
811240,,,"BIOLASE, INC",unresolved,20,2018-03-14,2022-11-10,2018-03-14,2023-05-29
811532,,,CEDAR FAIR L P,unresolved,20,2018-02-23,2022-11-02,2018-02-23,2023-05-21
81157,,,PGI INC,unresolved,10,2018-05-11,2022-11-14,2018-05-11,2023-06-02
811808,,,"SUMMIT FINANCIAL GROUP, INC.",unresolved,20,2018-03-02,2022-11-04,2018-03-02,2023-05-23
811831,,,NORTHEAST BANCORP /ME/,unresolved,6,2018-02-09,2019-05-08,2018-02-09,2019-11-24
812128,,,SANDERSON FARMS INC,unresolved,18,2018-02-21,2022-05-27,2018-02-21,2022-12-13
812149,,,Regional Brands Inc.,unresolved,8,2018-03-30,2019-11-08,2018-03-30,2020-05-26
812233,,,OWENS-ILLINOIS GROUP INC,unresolved,8,2018-02-14,2019-10-29,2018-02-14,2020-05-16
812306,,,PROCYON CORP,unresolved,20,2018-02-14,2022-11-14,2018-02-14,2023-06-02
812348,,,CENTURY BANCORP INC,unresolved,16,2018-03-15,2021-11-05,2018-03-15,2022-05-24
813828,,,Paramount Global,unresolved,20,2018-02-20,2022-11-02,2018-02-20,2023-05-21
813920,,,CEC ENTERTAINMENT INC,unresolved,9,2018-03-28,2020-03-12,2018-03-28,2020-09-28
814184,,,TCF FINANCIAL CORP,unresolved,7,2018-02-23,2019-07-31,2018-02-23,2020-02-16
814549,,,EBIX INC,unresolved,20,2018-03-01,2022-11-09,2018-03-01,2023-05-28
815094,,,ABIOMED INC,unresolved,20,2018-02-06,2022-11-03,2018-02-06,2023-05-22
815917,,,JONES FINANCIAL COMPANIES LLLP,unresolved,18,2018-03-15,2022-11-14,2018-03-15,2023-06-02
816284,,,CELGENE CORP /DE/,unresolved,8,2018-02-07,2019-10-31,2018-02-07,2020-05-18
818677,,,SECURITY FEDERAL CORP,unresolved,18,2018-03-20,2022-11-14,2018-03-20,2023-06-02
819050,,,"Fresh Tracks Therapeutics, Inc.",unresolved,20,2018-03-15,2022-11-14,2018-03-15,2023-06-02
8192,,,ATLANTIC CITY ELECTRIC CO,unresolved,20,2018-02-09,2022-11-03,2018-02-09,2023-05-22
819220,,,MULTI COLOR Corp,unresolved,6,2018-02-09,2019-05-28,2018-02-09,2019-12-14
819689,,,MICRON SOLUTIONS INC /DE/,unresolved,9,2018-03-26,2020-03-30,2018-03-26,2020-10-16
819913,,,HALLMARK FINANCIAL SERVICES INC,unresolved,20,2018-03-14,2022-11-14,2018-03-14,2023-06-02
820081,,,CAMBREX CORP,unresolved,8,2018-02-08,2019-10-31,2018-02-08,2020-05-18
820608,,,QUANTRX BIOMEDICAL CORP,unresolved,15,2018-04-17,2022-08-22,2018-04-17,2023-03-10
821127,,,BOSTON PRIVATE FINANCIAL HOLDINGS INC,unresolved,14,2018-02-28,2021-05-05,2018-02-28,2021-11-21
82166,,,RAVEN INDUSTRIES INC,unresolved,15,2018-03-23,2021-08-25,2018-03-23,2022-03-13
822662,,,FIDELITY SOUTHERN CORP,unresolved,6,2018-03-16,2019-05-03,2018-03-16,2019-11-19
822746,,,"AMERICAN NOBLE GAS, INC.",unresolved,8,2018-04-02,2022-11-17,2018-04-02,2023-06-05
822997,,,"YBCC, Inc.",unresolved,6,2018-04-13,2019-06-11,2018-04-13,2019-12-28
823094,,,SOTHEBYS,unresolved,8,2018-03-01,2019-11-12,2018-03-01,2020-05-30
823546,,,"ROCKETFUEL BLOCKCHAIN, INC.",unresolved,6,2021-02-16,2022-11-14,2021-02-16,2023-06-02
824410,,,SANDY SPRING BANCORP INC,unresolved,20,2018-02-23,2022-11-04,2018-02-23,2023-05-23
825322,,,"MPHASE TECHNOLOGIES, INC.",unresolved,24,2018-05-15,2022-06-17,2018-05-15,2023-01-03
825788,,,DIVALL INSURED INCOME PROPERTIES 2 LIMITED PARTNERSHIP,unresolved,18,2018-03-23,2022-11-14,2018-03-23,2023-06-02
827809,,,NOVELION THERAPEUTICS INC.,unresolved,6,2018-03-16,2019-05-07,2018-03-16,2019-11-23
827871,,,"EAGLE PHARMACEUTICALS, INC.",unresolved,20,2018-02-26,2022-11-09,2018-02-26,2023-05-28
828916,,,WEINGARTEN REALTY INVESTORS /TX/,unresolved,12,2018-02-28,2021-08-02,2018-02-28,2022-02-18
829325,,,"SPYR, Inc.",unresolved,16,2018-04-02,2022-04-15,2018-04-02,2022-11-01
830122,,,"VIDLER WATER RESOURCES, INC.",unresolved,14,2018-03-02,2022-05-13,2018-03-02,2022-11-29
830524,,,CHASE CORP,unresolved,20,2018-01-09,2022-11-10,2018-01-09,2023-05-29
830656,,,PRESSURE BIOSCIENCES INC,unresolved,20,2018-04-02,2022-11-21,2018-04-02,2023-06-09
831355,,,LKA GOLD Inc /DE/,unresolved,5,2018-08-20,2020-01-30,2018-08-20,2020-08-17
831489,,,SCORES HOLDING CO INC,unresolved,12,2019-05-02,2022-10-19,2019-05-02,2023-05-07
831547,,,SPECTRUM PHARMACEUTICALS INC,unresolved,20,2018-03-07,2022-11-14,2018-03-07,2023-06-02
832090,,,PARTNERS BANCORP,unresolved,14,2019-08-09,2022-11-10,2019-08-09,2023-05-29
83246,,,HSBC USA INC /MD/,unresolved,20,2018-02-20,2022-10-25,2018-02-20,2023-05-13
832488,,,"MAM SOFTWARE GROUP, INC.",unresolved,7,2018-02-08,2019-09-30,2018-02-08,2020-04-17
8328,,,"Applied Minerals, Inc.",unresolved,20,2018-04-17,2022-11-30,2018-04-17,2023-06-18
834071,,,TOYOTA MOTOR CREDIT CORP,unresolved,20,2018-02-13,2022-11-03,2018-02-13,2023-05-22
834285,,,REPUBLIC FIRST BANCORP INC,unresolved,19,2018-03-14,2022-12-12,2018-03-14,2023-06-30
835887,,,PROGENICS PHARMACEUTICALS INC,unresolved,10,2018-03-08,2020-05-07,2018-03-08,2020-11-23
836147,,,MIDDLEFIELD BANC CORP,unresolved,15,2018-05-09,2022-11-14,2018-05-09,2023-06-02
836809,,,"AFTERMASTER, INC.",unresolved,10,2018-02-14,2020-07-06,2018-02-14,2021-01-22
837010,,,VOYA RETIREMENT INSURANCE & ANNUITY Co,unresolved,18,2018-03-15,2022-11-10,2018-03-15,2023-05-29
837342,,,CORDIA CORP,unresolved,5,2021-08-16,2022-10-17,2021-08-16,2023-05-05
837852,,,"IDEANOMICS, INC.",unresolved,20,2018-03-30,2022-11-09,2018-03-30,2023-05-28
84129,,,"NEW RITE AID, LLC",unresolved,20,2018-01-11,2022-10-05,2018-01-11,2023-04-23
842183,,,RPT Realty,unresolved,20,2018-02-23,2022-11-03,2018-02-23,2023-05-22
842518,,,EVANS BANCORP INC,unresolved,20,2018-03-01,2022-10-28,2018-03-01,2023-05-16
844143,,,Centric Brands Inc.,unresolved,8,2018-04-02,2019-11-14,2018-04-02,2020-06-01
844161,,,Apex Global Brands Inc.,unresolved,12,2018-04-19,2020-12-15,2018-04-19,2021-07-03
845698,,,GRANT PARK FUTURES FUND LIMITED PARTNERSHIP,unresolved,14,2018-03-05,2022-03-14,2018-03-05,2022-09-30
846901,,,LAKELAND BANCORP INC,unresolved,20,2018-02-28,2022-11-08,2018-02-28,2023-05-27
847464,,,"SPRING PHARMACEUTICAL GROUP, INC.",unresolved,5,2018-02-14,2019-02-14,2018-02-14,2019-09-02
849636,,,RespireRx Pharmaceuticals Inc.,unresolved,8,2018-04-17,2022-04-15,2018-04-17,2022-11-01
850033,,,BP PRUDHOE BAY ROYALTY TRUST,unresolved,19,2018-03-01,2022-11-09,2018-03-01,2023-05-28
850209,,,"FOOT LOCKER, INC.",unresolved,20,2018-03-29,2022-12-07,2018-03-29,2023-06-25
850261,,,"Sorrento Therapeutics, Inc.",unresolved,20,2018-03-16,2022-11-08,2018-03-16,2023-05-27
850460,,,ENCORE WIRE CORP,unresolved,20,2018-02-26,2022-10-27,2018-02-26,2023-05-15
850971,,,Fovea Jewelry Holdings Ltd.,unresolved,8,2020-08-14,2022-05-16,2020-08-14,2022-12-02
851726,,,Santa Fe Gold CORP,unresolved,7,2018-03-26,2022-11-14,2018-03-26,2023-06-02
852772,,,DENNY'S Corp,unresolved,20,2018-02-26,2022-11-02,2018-02-26,2023-05-21
854800,,,"Tingo Group, Inc.",unresolved,18,2018-04-13,2022-11-14,2018-04-13,2023-06-02
855612,,,ZIX CORP,unresolved,16,2018-03-07,2021-11-09,2018-03-07,2022-05-28
855654,,,"ImmunoGen, Inc.",unresolved,17,2018-03-07,2022-11-04,2018-03-07,2023-05-23
855787,,,"TRULEUM, INC.",unresolved,11,2019-04-15,2022-11-21,2019-04-15,2023-06-09
855874,,,COMMUNITY FINANCIAL CORP /MD/,unresolved,20,2018-03-12,2022-11-07,2018-03-12,2023-05-26
857737,,,"ICONIX BRAND GROUP, INC.",unresolved,14,2018-03-14,2021-05-13,2018-03-14,2021-11-29
858339,,,"CAESARS HOLDINGS, INC.",unresolved,8,2018-03-08,2020-05-11,2018-03-08,2020-11-27
858470,,,Coterra Energy Inc.,unresolved,20,2018-03-01,2022-11-04,2018-03-01,2023-05-23
858655,,,HAYNES INTERNATIONAL INC,unresolved,20,2018-02-01,2022-11-17,2018-02-01,2023-06-05
858800,,,EMCLAIRE FINANCIAL CORP,unresolved,20,2018-03-21,2022-11-10,2018-03-21,2023-05-29
859163,,,AVX Corp,unresolved,9,2018-02-08,2020-02-05,2018-02-08,2020-08-23
859598,,,SEACOR HOLDINGS INC /NEW/,unresolved,13,2018-03-01,2021-02-25,2018-03-01,2021-09-13
859737,,,HOLOGIC INC,unresolved,20,2018-02-08,2022-11-15,2018-02-08,2023-06-03
860131,,,Wave Sync Corp.,unresolved,9,2018-04-16,2022-07-06,2018-04-16,2023-01-22
860543,,,Jacksam Corp,unresolved,17,2018-11-05,2022-11-15,2018-11-05,2023-06-03
86115,,,SAFEGUARD SCIENTIFICS INC,unresolved,19,2018-04-26,2022-11-04,2018-04-26,2023-05-23
861441,,,LOCORR FUTURES PORTFOLIO FUND L.P.,unresolved,7,2018-03-20,2022-03-31,2018-03-20,2022-10-17
861838,,,"Aceragen, Inc.",unresolved,10,2018-03-07,2022-03-31,2018-03-07,2022-10-17
861878,,,STERICYCLE INC,unresolved,20,2018-02-26,2022-11-03,2018-02-26,2023-05-22
86264,,,Carbon Energy Corp,unresolved,11,2018-04-02,2020-08-14,2018-04-02,2021-03-02
864270,,,AMERICAN HONDA FINANCE CORP,unresolved,20,2018-02-08,2022-11-10,2018-02-08,2023-05-29
864509,,,COMMAND SECURITY CORP,unresolved,5,2018-02-05,2019-02-13,2018-02-05,2019-09-01
865058,,,NATIONAL SECURITY GROUP INC,unresolved,18,2018-03-16,2022-05-16,2018-03-16,2022-12-02
86521,,,SAN DIEGO GAS & ELECTRIC CO,unresolved,20,2018-02-27,2022-11-03,2018-02-27,2023-05-22
866368,,,"PS BUSINESS PARKS, INC./MD",unresolved,20,2018-02-26,2022-11-08,2018-02-26,2023-05-27
866609,,,ION GEOPHYSICAL CORP,unresolved,16,2018-02-08,2021-11-03,2018-02-08,2022-05-22
867028,,,"FOMO WORLDWIDE, INC.",unresolved,18,2018-04-18,2022-07-11,2018-04-18,2023-01-27
867374,,,ELECTRONICS FOR IMAGING INC,unresolved,6,2018-03-16,2019-05-07,2018-03-16,2019-11-23
86759,,,SANTA FE FINANCIAL CORP,unresolved,13,2018-02-02,2021-01-29,2018-02-02,2021-08-17
867665,,,ABRAXAS PETROLEUM CORP,unresolved,20,2018-03-16,2022-11-14,2018-03-16,2023-06-02
867773,,,SUNPOWER CORP,unresolved,20,2018-02-15,2022-11-08,2018-02-15,2023-05-27
868082,,,EVERFLOW EASTERN PARTNERS LP,unresolved,20,2018-03-27,2022-11-10,2018-03-27,2023-05-29
868271,,,SEVERN BANCORP INC,unresolved,15,2018-03-29,2021-08-16,2018-03-29,2022-03-04
869495,,,DEEP WELL OIL & GAS INC,unresolved,10,2018-02-20,2020-01-13,2018-02-20,2020-07-31
869531,,,Advantego Corp,unresolved,6,2018-08-14,2022-10-20,2018-08-14,2023-05-08
870385,,,CAROLINA FINANCIAL CORP,unresolved,9,2018-03-16,2020-03-02,2018-03-16,2020-09-18
87047,,,SB PARTNERS,unresolved,20,2018-03-28,2022-11-14,2018-03-28,2023-06-02
870826,,,"Legacy IMBDS, Inc.",unresolved,20,2018-04-10,2022-12-13,2018-04-10,2023-07-01
872248,,,PETROQUEST ENERGY INC,unresolved,6,2018-03-08,2019-05-15,2018-03-08,2019-12-01
874292,,,ADDVANTAGE TECHNOLOGIES GROUP INC,unresolved,20,2018-02-13,2022-11-14,2018-02-13,2023-06-02
874710,,,ALLIED HEALTHCARE PRODUCTS INC,unresolved,19,2018-02-14,2022-10-07,2018-02-14,2023-04-25
874977,,,State Auto Financial CORP,unresolved,16,2018-02-28,2021-11-04,2018-02-28,2022-05-23
875622,,,BIOSPECIFICS TECHNOLOGIES CORP,unresolved,12,2018-03-14,2020-11-09,2018-03-14,2021-05-28
876378,,,"ASENSUS SURGICAL, INC.",unresolved,20,2018-03-08,2022-11-10,2018-03-08,2023-05-29
877422,,,SpartanNash Co,unresolved,20,2018-02-26,2022-11-10,2018-02-26,2023-05-29
877890,,,CITRIX SYSTEMS INC,unresolved,19,2018-02-16,2022-07-26,2018-02-16,2023-02-11
878004,,,CHUGACH ELECTRIC ASSOCIATION INC,unresolved,12,2018-03-21,2020-11-16,2018-03-21,2021-06-04
878526,,,NATUS MEDICAL INC,unresolved,18,2018-03-01,2022-05-06,2018-03-01,2022-11-22
878726,,,TUESDAY MORNING CORP/DE,unresolved,20,2018-02-01,2022-11-22,2018-02-01,2023-06-10
878828,,,WIRELESS TELECOM GROUP INC,unresolved,20,2018-03-12,2022-11-14,2018-03-12,2023-06-02
879682,,,"VIVEVE MEDICAL, INC.",unresolved,20,2018-03-16,2022-11-10,2018-03-16,2023-05-29
880432,,,MISONIX INC,unresolved,15,2018-02-06,2021-09-02,2018-02-06,2022-03-21
881453,,,FORTITUDE LIFE INSURANCE & ANNUITY CO,unresolved,20,2018-03-08,2022-11-10,2018-03-08,2023-05-29
881524,,,VIVUS INC,unresolved,10,2018-03-14,2020-05-06,2018-03-14,2020-11-22
882104,,,"PDL BIOPHARMA, INC.",unresolved,13,2018-03-16,2021-03-29,2018-03-16,2021-10-15
882800,,,"Pacific Ventures Group, Inc.",unresolved,20,2018-04-02,2022-11-22,2018-04-02,2023-06-10
883902,,,"Cornerstone Building Brands, Inc.",unresolved,19,2018-03-08,2022-11-10,2018-03-08,2023-05-29
883943,,,CHRISTOPHER & BANKS CORP,unresolved,12,2018-03-09,2020-12-14,2018-03-09,2021-07-02
883945,,,USA TRUCK INC,unresolved,19,2018-02-28,2022-08-08,2018-02-28,2023-02-24
883980,,,FIRST DATA CORP,unresolved,7,2018-02-21,2019-07-25,2018-02-21,2020-02-10
884217,,,TAILORED BRANDS INC,unresolved,10,2018-03-30,2020-07-27,2018-03-30,2021-02-12
884363,,,"EVOLUTIONARY GENOMICS, INC.",unresolved,20,2018-03-05,2022-10-21,2018-03-05,2023-05-09
884650,,,INFINITE GROUP INC,unresolved,20,2019-07-03,2022-11-17,2019-07-03,2023-06-05
884713,,,Primo Water Corp /CN/,unresolved,20,2018-02-28,2022-11-10,2018-02-28,2023-05-29
884940,,,STEIN MART INC,unresolved,10,2018-05-04,2020-07-16,2018-05-04,2021-02-01
885074,,,Aeon Global Health Corp.,unresolved,7,2018-01-26,2019-10-15,2018-01-26,2020-05-02
885568,,,OLD DOMINION ELECTRIC COOPERATIVE,unresolved,20,2018-03-14,2022-11-08,2018-03-14,2023-05-27
88572,,,SECURITY LAND & DEVELOPMENT CORP,unresolved,5,2018-01-11,2019-08-14,2018-01-11,2020-03-01
885975,,,CINEMARK USA INC /TX,unresolved,20,2018-03-02,2022-11-04,2018-03-02,2023-05-23
886158,,,"20230930-DK-Butterfly-1, Inc.",unresolved,19,2018-05-02,2022-09-30,2018-05-02,2023-04-18
8868,,,AVON PRODUCTS INC,unresolved,20,2018-02-22,2022-11-10,2018-02-22,2023-05-29
886835,,,SUPERIOR ENERGY SERVICES INC,unresolved,20,2018-02-22,2022-11-02,2018-02-22,2023-05-21
887226,,,PERCEPTRON INC/MI,unresolved,12,2018-02-05,2020-11-16,2018-02-05,2021-06-04
887247,,,DMK PHARMACEUTICALS Corp,unresolved,20,2018-03-16,2022-11-14,2018-03-16,2023-06-02
887730,,,KEMET CORP,unresolved,10,2018-02-01,2020-05-28,2018-02-01,2020-12-14
88790,,,INTRICON CORP,unresolved,18,2018-03-13,2022-05-09,2018-03-13,2022-11-25
887919,,,PREMIER FINANCIAL BANCORP INC,unresolved,15,2018-03-16,2021-08-12,2018-03-16,2022-02-28
887921,,,REVLON INC /DE/,unresolved,20,2018-03-15,2022-11-08,2018-03-15,2023-05-27
888471,,,NESTOR PARTNERS,unresolved,16,2018-03-29,2022-11-14,2018-03-29,2023-06-02
889123,,,REDWOOD MORTGAGE INVESTORS VIII,unresolved,18,2018-04-02,2022-11-14,2018-04-02,2023-06-02
890066,,,GLEN BURNIE BANCORP,unresolved,20,2018-04-02,2022-11-10,2018-04-02,2023-05-29
890319,,,TAUBMAN CENTERS INC,unresolved,12,2018-02-27,2020-11-09,2018-02-27,2021-05-28
890447,,,Vertex Energy Inc.,unresolved,20,2018-03-07,2022-11-08,2018-03-07,2023-05-27
890491,,,BARNES & NOBLE INC,unresolved,6,2018-03-01,2019-06-19,2018-03-01,2020-01-05
890547,,,REVLON CONSUMER PRODUCTS CORP,unresolved,20,2018-03-16,2022-11-08,2018-03-16,2023-05-27
891024,,,"PATTERSON COMPANIES, INC.",unresolved,20,2018-03-07,2022-12-01,2018-03-07,2023-06-19
891293,,,CTI BIOPHARMA CORP,unresolved,13,2018-03-07,2022-11-07,2018-03-07,2023-05-26
89140,,,SERVOTRONICS INC /DE/,unresolved,20,2018-03-23,2022-11-14,2018-03-23,2023-06-02
892222,,,"CRAFT BREW ALLIANCE, INC.",unresolved,11,2018-03-07,2020-08-05,2018-03-07,2021-02-21
892482,,,Qumu Corp,unresolved,20,2018-03-23,2022-11-10,2018-03-23,2023-05-29
892537,,,MANTECH INTERNATIONAL CORP,unresolved,19,2018-02-23,2022-08-03,2018-02-23,2023-02-19
892553,,,CHART INDUSTRIES INC,unresolved,20,2018-02-22,2022-10-28,2018-02-22,2023-05-16
893691,,,MASONITE INTERNATIONAL CORP,unresolved,20,2018-02-27,2022-11-08,2018-02-27,2023-05-27
894081,,,"Air Transport Services Group, Inc.",unresolved,20,2018-03-01,2022-11-09,2018-03-01,2023-05-28
894245,,,AEI NET LEASE INCOME & GROWTH FUND XX LIMITED PARTNERSHIP,unresolved,6,2019-05-14,2020-11-12,2019-05-14,2021-05-31
895051,,,"CASI Pharmaceuticals, Inc (DE)",unresolved,20,2018-03-29,2022-11-14,2018-03-29,2023-06-02
895665,,,"Clearday, Inc.",unresolved,20,2018-03-23,2022-11-21,2018-03-23,2023-06-09
896262,,,AMEDISYS INC,unresolved,20,2018-02-28,2022-10-27,2018-02-28,2023-05-15
896429,,,"CANTALOUPE, INC.",unresolved,19,2018-02-09,2022-11-09,2018-02-09,2023-05-28
896747,,,AMERICAN BIO MEDICA CORP,unresolved,20,2018-04-12,2022-11-16,2018-04-12,2023-06-04
896841,,,"AVID TECHNOLOGY, INC.",unresolved,20,2018-03-16,2022-11-08,2018-03-16,2023-05-27
896985,,,Destination Maternity Corp,unresolved,7,2018-04-19,2019-09-17,2018-04-19,2020-04-04
897429,,,"CHICO'S FAS, INC.",unresolved,19,2018-03-13,2022-11-23,2018-03-13,2023-06-11
898770,,,SHARPS COMPLIANCE CORP,unresolved,18,2018-01-31,2022-05-12,2018-01-31,2022-11-28
899045,,,LAMAR MEDIA CORP/DE,unresolved,20,2018-02-27,2022-11-04,2018-02-27,2023-05-23
899394,,,"HARBOR DIVERSIFIED, INC.",unresolved,12,2020-07-10,2022-11-21,2020-07-10,2023-06-09
899749,,,"HRTI, LLC",unresolved,17,2018-05-03,2022-05-05,2018-05-03,2022-11-21
899866,,,"ALEXION PHARMACEUTICALS, INC.",unresolved,14,2018-02-08,2021-04-30,2018-02-08,2021-11-16
90144,,,SIERRA PACIFIC POWER CO,unresolved,20,2018-02-26,2022-11-07,2018-02-26,2023-05-26
902274,,,LIBBEY INC,unresolved,11,2018-03-01,2020-08-10,2018-03-01,2021-02-26
902739,,,"NBCUniversal Media, LLC",unresolved,9,2018-01-31,2020-01-30,2018-01-31,2020-08-17
904163,,,AMERICAN NATIONAL INSURANCE CO,unresolved,9,2018-02-28,2020-05-08,2018-02-28,2020-11-24
904979,,,SHILOH INDUSTRIES INC,unresolved,12,2018-01-05,2020-09-09,2018-01-05,2021-03-28
906780,,,EMPIRE RESORTS INC,unresolved,8,2018-03-19,2019-11-07,2018-03-19,2020-05-25
908598,,,"ATRM Holdings, Inc.",unresolved,10,2018-03-23,2019-08-14,2018-03-23,2020-03-01
910267,,,TITAN PHARMACEUTICALS INC,unresolved,17,2018-04-02,2022-11-14,2018-04-02,2023-06-02
910467,,,CAMPBELL STRATEGIC ALLOCATION FUND LP,unresolved,13,2018-03-29,2022-03-25,2018-03-29,2022-10-11
910679,,,WVS FINANCIAL CORP,unresolved,14,2018-02-12,2022-05-13,2018-02-12,2022-11-29
911109,,,MOBILE MINI INC,unresolved,10,2018-02-05,2020-05-06,2018-02-05,2020-11-22
911649,,,STANDARD DIVERSIFIED INC.,unresolved,10,2018-03-12,2020-05-04,2018-03-12,2020-11-20
912463,,,GUESS INC,unresolved,20,2018-03-29,2022-12-02,2018-03-29,2023-06-20
912603,,,"RADIUS RECYCLING, INC.",unresolved,20,2018-01-09,2022-10-24,2018-01-09,2023-05-12
912752,,,"Sinclair Broadcast Group, LLC",unresolved,20,2018-03-01,2022-11-09,2018-03-01,2023-05-28
914025,,,PLANTRONICS INC /CA/,unresolved,19,2018-01-30,2022-08-11,2018-01-30,2023-02-27
914712,,,Steel Connect LLC,unresolved,20,2018-03-15,2022-12-14,2018-03-15,2023-07-02
914748,,,EVEREST REINSURANCE HOLDINGS INC,unresolved,15,2018-03-30,2022-05-12,2018-03-30,2022-11-28
915140,,,CBL & ASSOCIATES LIMITED PARTNERSHIP,unresolved,16,2018-03-01,2021-11-15,2018-03-01,2022-06-03
915358,,,SIGMATRON INTERNATIONAL INC,unresolved,20,2018-03-14,2022-12-12,2018-03-14,2023-06-30
915778,,,DSP GROUP INC /DE/,unresolved,16,2018-03-16,2021-11-09,2018-03-16,2022-05-28
916457,,,CALPINE CORP,unresolved,11,2018-02-16,2020-08-13,2018-02-16,2021-03-01
916529,,,AROTECH CORP,unresolved,8,2018-03-15,2019-11-07,2018-03-15,2020-05-25
917470,,,OLYMPIC STEEL INC,unresolved,20,2018-03-02,2022-11-04,2018-03-02,2023-05-23
917491,,,FARO TECHNOLOGIES INC,unresolved,20,2018-02-21,2022-11-02,2018-02-21,2023-05-21
918160,,,Cleveland-Cliffs Steel Holding Corp,unresolved,9,2018-02-15,2020-02-20,2018-02-15,2020-09-07
918580,,,Gaming Partners International CORP,unresolved,5,2018-03-23,2019-03-26,2018-03-23,2019-10-12
91882,,,"DOMINION ENERGY SOUTH CAROLINA, INC.",unresolved,18,2018-02-23,2022-11-04,2018-02-23,2023-05-23
919175,,,"Sugarmade, Inc.",unresolved,17,2018-03-19,2022-05-23,2018-03-19,2022-12-09
91928,,,SOUTH JERSEY INDUSTRIES INC,unresolved,20,2018-02-26,2022-11-03,2018-02-26,2023-05-22
919956,,,"Diversicare Healthcare Services, Inc.",unresolved,16,2018-03-01,2021-11-09,2018-03-01,2022-05-28
920112,,,HEARTLAND FINANCIAL USA INC,unresolved,17,2018-02-28,2022-11-07,2018-02-28,2023-05-26
920424,,,VIRTU ITG HOLDINGS LLC,unresolved,5,2018-03-01,2019-03-14,2018-03-01,2019-09-30
920448,,,BROADVISION INC,unresolved,8,2018-04-02,2019-11-19,2018-04-02,2020-06-06
920465,,,LA JOLLA PHARMACEUTICAL CO,unresolved,11,2020-03-02,2022-08-15,2020-03-02,2023-03-03
92108,,,SOUTHERN CALIFORNIA GAS CO,unresolved,20,2018-02-27,2022-11-03,2018-02-27,2023-05-22
921112,,,LIBERTY PROPERTY TRUST,unresolved,8,2018-03-01,2019-11-06,2018-03-01,2020-05-24
921113,,,LIBERTY PROPERTY LIMITED PARTNERSHIP,unresolved,8,2018-03-01,2019-11-06,2018-03-01,2020-05-24
92116,,,Golden State Water CO,unresolved,20,2018-02-26,2022-11-07,2018-02-26,2023-05-26
921183,,,HMN FINANCIAL INC,unresolved,15,2018-05-04,2022-11-02,2018-05-04,2023-05-21
922247,,,"Cyclo Therapeutics, Inc.",unresolved,20,2018-04-16,2022-11-10,2018-04-16,2023-05-29
922330,,,REGI U S INC,unresolved,5,2018-08-13,2020-04-24,2018-08-13,2020-11-10
922359,,,FERRELLGAS L P,unresolved,20,2018-03-08,2022-12-09,2018-03-08,2023-06-27
922360,,,FERRELLGAS FINANCE CORP,unresolved,20,2018-03-08,2022-12-09,2018-03-08,2023-06-27
922612,,,SCHMITT INDUSTRIES INC,unresolved,19,2018-01-11,2022-10-13,2018-01-11,2023-05-01
923139,,,FLUSHING FINANCIAL CORP,unresolved,20,2018-03-01,2022-11-08,2018-03-01,2023-05-27
923571,,,US XPRESS ENTERPRISES INC,unresolved,18,2018-08-09,2022-11-03,2018-08-09,2023-05-22
92416,,,SOUTHWEST GAS CORP,unresolved,20,2018-02-28,2022-11-09,2018-02-28,2023-05-28
924717,,,SURMODICS INC,unresolved,20,2018-02-08,2022-11-23,2018-02-08,2023-06-11
92487,,,SOUTHWESTERN ELECTRIC POWER CO,unresolved,20,2018-02-23,2022-10-27,2018-02-23,2023-05-15
924901,,,"Veris Residential, Inc.",unresolved,20,2018-02-21,2022-11-02,2018-02-21,2023-05-21
92521,,,SOUTHWESTERN PUBLIC SERVICE CO,unresolved,18,2018-02-23,2022-04-28,2018-02-23,2022-11-14
925645,,,CENTRAL EUROPEAN MEDIA ENTERPRISES LTD,unresolved,11,2018-02-08,2020-07-21,2018-02-08,2021-02-06
925660,,,FLEXPOINT SENSOR SYSTEMS INC,unresolved,20,2018-04-17,2022-11-14,2018-04-17,2023-06-02
925661,,,"SECTOR 10, Inc.",unresolved,8,2018-06-14,2022-06-15,2018-06-14,2023-01-01
926660,,,"Apartment Income REIT, L.P.",unresolved,20,2018-03-01,2022-11-07,2018-03-01,2023-05-26
92679,,,SPARTON CORP,unresolved,5,2018-02-06,2019-02-06,2018-02-06,2019-08-25
927355,,,TESSCO TECHNOLOGIES INC,unresolved,20,2018-02-02,2022-10-28,2018-02-02,2023-05-16
927720,,,SPANISH BROADCASTING SYSTEM INC,unresolved,10,2018-05-23,2020-07-06,2018-05-23,2021-01-22
927761,,,MYMETICS CORP,unresolved,7,2018-03-29,2022-03-31,2018-03-29,2022-10-17
928022,,,Callon Petroleum Co,unresolved,20,2018-02-28,2022-11-03,2018-02-28,2023-05-22
928576,,,MIDAMERICAN ENERGY CO,unresolved,20,2018-02-26,2022-11-07,2018-02-26,2023-05-26
928953,,,PILLARSTONE CAPITAL REIT,unresolved,17,2018-09-18,2022-08-12,2018-09-18,2023-02-28
929545,,,"CONDOR HOSPITALITY TRUST, INC.",unresolved,17,2018-03-19,2022-02-04,2018-03-19,2022-08-23
929940,,,ASPENTECH Corp,unresolved,18,2018-01-24,2022-04-27,2018-01-24,2022-11-13
930775,,,ENCISION INC,unresolved,20,2018-02-12,2022-11-14,2018-02-12,2023-06-02
930810,,,RECKSON OPERATING PARTNERSHIP LP,unresolved,5,2018-03-23,2019-03-28,2018-03-23,2019-10-14
931059,,,"Rennova Health, Inc.",unresolved,20,2018-04-24,2022-11-14,2018-04-24,2023-06-02
931336,,,DEAN FOODS CO,unresolved,9,2018-02-26,2020-03-20,2018-02-26,2020-10-06
931584,,,UNIVERSAL STAINLESS & ALLOY PRODUCTS INC,unresolved,20,2018-02-23,2022-10-28,2018-02-23,2023-05-16
931755,,,AEI INCOME & GROWTH FUND XXI LTD PARTNERSHIP,unresolved,5,2018-03-30,2019-03-29,2018-03-30,2019-10-15
931799,,,"GlyEco, Inc.",unresolved,6,2018-04-02,2019-05-15,2018-04-02,2019-12-01
93205,,,"LIVING 3D HOLDINGS, INC.",unresolved,8,2018-04-17,2019-11-14,2018-04-17,2020-06-01
932628,,,AMERIGAS PARTNERS LP,unresolved,7,2018-02-06,2019-08-06,2018-02-06,2020-02-22
933136,,,"Maverick Merger Sub 2, LLC",unresolved,20,2018-03-02,2022-10-26,2018-03-02,2023-05-14
933141,,,IBERIABANK CORP,unresolved,10,2018-02-23,2020-05-08,2018-02-23,2020-11-24
933738,,,ENGLOBAL CORP,unresolved,20,2018-03-15,2022-11-08,2018-03-15,2023-05-27
934543,,,AMERICAN CHURCH MORTGAGE CO,unresolved,19,2018-03-30,2022-08-15,2018-03-30,2023-03-03
9346,,,Protective Insurance Corp,unresolved,14,2018-03-13,2021-05-06,2018-03-13,2021-11-22
934612,,,"BURLINGTON NORTHERN SANTA FE, LLC",unresolved,20,2018-02-26,2022-11-07,2018-02-26,2023-05-26
934648,,,SPEEDWAY MOTORSPORTS LLC,unresolved,7,2018-03-12,2019-08-01,2018-03-12,2020-02-17
934796,,,NETWORK CN INC,unresolved,5,2019-04-01,2022-12-23,2019-04-01,2023-07-11
935494,,,NATIONAL INSTRUMENTS CORP,unresolved,20,2018-02-22,2022-10-28,2018-02-22,2023-05-16
936446,,,Amerinac Holding Corp.,unresolved,10,2018-03-28,2020-05-15,2018-03-28,2020-12-01
93676,,,STARRETT L S CO,unresolved,20,2018-02-01,2022-11-03,2018-02-01,2023-05-22
937556,,,MASIMO CORP,unresolved,20,2018-02-28,2022-11-09,2018-02-28,2023-05-28
937834,,,METROPOLITAN LIFE INSURANCE CO,unresolved,20,2018-03-20,2022-11-08,2018-03-20,2023-05-27
937941,,,"PCM, INC.",unresolved,7,2018-03-15,2019-08-08,2018-03-15,2020-02-24
941685,,,IMAGEWARE SYSTEMS INC,unresolved,18,2018-03-19,2022-05-23,2018-03-19,2022-12-09
941713,,,HIGHWOODS REALTY LTD PARTNERSHIP,unresolved,20,2018-02-06,2022-10-25,2018-02-06,2023-05-13
943184,,,"Ever-Glory International Group, Inc.",unresolved,20,2018-03-28,2022-11-15,2018-03-28,2023-06-03
943861,,,GOODRICH PETROLEUM CORP,unresolved,16,2018-03-02,2021-11-08,2018-03-02,2022-05-27
944130,,,"MINISTRY PARTNERS INVESTMENT COMPANY, LLC",unresolved,20,2018-03-29,2022-11-10,2018-03-29,2023-05-29
944314,,,"LIFE STORAGE, INC.",unresolved,20,2018-02-27,2022-11-03,2018-02-27,2023-05-22
944480,,,GSE SYSTEMS INC,unresolved,20,2018-03-16,2022-11-14,2018-03-16,2023-06-02
944696,,,"Capital Financial Holdings, Inc",unresolved,6,2018-04-18,2019-05-16,2018-04-18,2019-12-02
944792,,,UNITED BANCSHARES INC /PA,unresolved,15,2018-12-03,2022-11-08,2018-12-03,2023-05-27
945384,,,CICERO INC,unresolved,11,2018-03-30,2020-08-13,2018-03-30,2021-03-01
945617,,,"American Cannabis Company, Inc.",unresolved,20,2018-12-26,2022-11-21,2018-12-26,2023-06-09
945764,,,DENBURY INC,unresolved,20,2018-02-28,2022-11-03,2018-02-28,2023-05-22
945828,,,AMERITYRE CORP,unresolved,19,2018-02-14,2022-09-19,2018-02-14,2023-04-07
945989,,,ASTEA INTERNATIONAL INC,unresolved,8,2018-03-29,2019-11-14,2018-03-29,2020-06-01
946155,,,TIAA REAL ESTATE ACCOUNT,unresolved,20,2018-03-15,2022-11-04,2018-03-15,2023-05-23
946454,,,FG Group Holdings Inc.,unresolved,20,2018-03-15,2022-11-08,2018-03-15,2023-05-27
9466,,,BALTIMORE GAS & ELECTRIC CO,unresolved,20,2018-02-09,2022-11-03,2018-02-09,2023-05-22
946647,,,PREMIER FINANCIAL CORP,unresolved,20,2018-02-28,2022-11-07,2018-02-28,2023-05-26
946822,,,"Aly Energy Services, Inc.",unresolved,8,2018-04-02,2019-11-13,2018-04-02,2020-05-31
947559,,,FIRST BANCSHARES INC /MS/,unresolved,18,2018-05-10,2022-11-09,2018-05-10,2023-05-28
949039,,,"DIAMOND OFFSHORE DRILLING, INC.",unresolved,20,2018-02-13,2022-11-08,2018-02-13,2023-05-27
949158,,,CRAY INC,unresolved,7,2018-02-15,2019-08-02,2018-02-15,2020-02-18
949852,,,THANKSGIVING COFFEE CO INC,unresolved,10,2018-05-11,2020-12-18,2018-05-11,2021-07-06
95552,,,SUPERIOR INDUSTRIES INTERNATIONAL INC,unresolved,20,2018-03-15,2022-11-03,2018-03-15,2023-05-22
96271,,,TAMPA ELECTRIC CO,unresolved,20,2018-02-12,2022-11-14,2018-02-12,2023-06-02
96699,,,TECHNICAL COMMUNICATIONS CORP,unresolved,20,2018-02-13,2022-12-22,2018-02-13,2023-07-10
96793,,,SUNLINK HEALTH SYSTEMS INC,unresolved,20,2018-02-14,2022-11-14,2018-02-14,2023-06-02
96885,,,TEL INSTRUMENT ELECTRONICS CORP,unresolved,20,2018-02-14,2022-11-14,2018-02-14,2023-06-02
97517,,,TEXAS PACIFIC LAND TRUST,unresolved,12,2018-02-28,2020-11-05,2018-02-28,2021-05-24
98246,,,TIFFANY & CO,unresolved,12,2018-03-16,2020-11-24,2018-03-16,2021-06-12
98338,,,TSR INC,unresolved,20,2018-01-09,2022-10-11,2018-01-09,2023-04-29
98752,,,TOROTEL INC,unresolved,11,2018-03-13,2020-09-11,2018-03-13,2021-03-30
99106,,,TRANS LUX Corp,unresolved,20,2018-03-30,2022-11-10,2018-03-30,2023-05-29
99250,,,"TRANSCONTINENTAL GAS PIPE LINE COMPANY, LLC",unresolved,20,2018-02-22,2022-10-31,2018-02-22,2023-05-19
9984,,,BARNES GROUP INC,unresolved,20,2018-02-20,2022-10-28,2018-02-20,2023-05-16
